t,Vv,Vm,H
0.0,-12.5,0.0,15.0
0.01,-10.980329293426834,1.093154442247396,15.00106251208461
0.02,-11.360659206800934,1.1504283064620695,15.002564289483148
0.03,-11.408365364984858,1.1564199442806131,15.004100205390403
0.04,-11.41219854069975,1.1570184261722702,15.005639455181996
0.05,-11.410929243660215,1.1570056622705882,15.007178656561502
0.06,-11.40905579249584,1.1569221296648,15.008717423565322
0.07,-11.407092781044724,1.1568294794173952,15.010255710624731
0.08,-11.405098911707757,1.156734747807096,15.011793511039887
0.09,-11.403080931544354,1.1566387403053742,15.01333082254309
0.1,-11.401039584095086,1.1565415449595662,15.014867643078354
0.11,-11.398974944988563,1.1564431687073944,15.016403971056219
0.12,-11.396887024972724,1.1563436108937342,15.017939804667813
0.13,-11.394775818534026,1.1562428662624529,15.019475138610128
0.14,-11.392641328519899,1.1561409375546656,15.021009975651522
0.15,-11.390483554466039,1.1560378244996954,15.022544315629593
0.16,-11.388302471458067,1.1559335125732504,15.02407814983001
0.17,-11.38609809222418,1.1558280091954651,15.025611482704731
0.18,-11.38387041676438,1.1557213143663398,15.027144314253754
0.19,-11.381619422216557,1.1556134153323245,15.028676636945521
0.2,-11.379345102619585,1.155504308768021,15.030208448816234
0.21,-11.377047476900854,1.1553940052320153,15.031739756101222
0.22,-11.37472651942582,1.1552824895540859,15.033270551929363
0.23,-11.37238223085369,1.155169762339641,15.034800836087927
0.24,-11.37001460420308,1.1550558196099148,15.036330606429352
0.25,-11.367623631690194,1.1549406569047123,15.037859860602882
0.26,-11.365209323240855,1.1548242786448386,15.03938859744272
0.27,-11.362771670212325,1.1547066799393586,15.040916814540637
0.28,-11.36031066502888,1.1545878564324215,15.042444509559795
0.29,-11.357826302774468,1.1544678051019448,15.04397168034132
0.3,-11.355318579522375,1.1543465192274662,15.045498325953679
0.31,-11.352787490607064,1.154223994850423,15.047024444548772
0.32,-11.350233031012914,1.1541002293209257,15.048550033844206
0.33,-11.347655196019618,1.1539752188851538,15.050075091923945
0.34,-11.345053984270775,1.1538489646708006,15.051599617308735
0.35000000000000003,-11.342429393336776,1.1537214662481814,15.053123608379977
0.36,-11.339781417630858,1.153592718606126,15.054647063109124
0.37,-11.3371100532724,1.1534627192093216,15.056169979689162
0.38,-11.334415298491388,1.1533314616035353,15.057692356362473
0.39,-11.331697152228207,1.1531989380154701,15.059214191388056
0.4,-11.328955609557829,1.1530651478490432,15.060735482934465
0.41000000000000003,-11.326190667296366,1.1529300872752681,15.06225622921099
0.42,-11.32340231947463,1.1527937546627636,15.063776428382612
0.43,-11.320590556022157,1.1526561516160647,15.065296078549066
0.44,-11.31775537626479,1.1525172723260024,15.06681517795957
0.45,-11.314896775705954,1.1523771139992993,15.068333724802537
0.46,-11.312014752861133,1.1522356720265778,15.069851717232932
0.47000000000000003,-11.309109318092071,1.1520929346558222,15.071369153274194
0.48,-11.306180461562697,1.151948902313177,15.072886031174017
0.49,-11.303228181126117,1.1518035707886392,15.07440234909472
0.5,-11.300252473151778,1.151656936491974,15.075918105185927
0.51,-11.297253314201049,1.1515090041073475,15.077433297427694
0.52,-11.294230709675004,1.1513597662717543,15.078947924046957
0.53,-11.291184654503972,1.15120921999612,15.080461983181015
0.54,-11.288115143618285,1.1510573622913698,15.081975472967171
0.55,-11.28502220362062,1.1509041782527547,15.08348839137804
0.56,-11.281905820033174,1.150749668430699,15.08500073659984
0.5700000000000001,-11.278765991141402,1.1505938285738733,15.086512506752427
0.58,-11.275602716084618,1.1504366541097106,15.088023699951219
0.59,-11.272415963452454,1.1502781496590593,15.089534314169944
0.6,-11.26920573482159,1.150118309915869,15.091044347535323
0.61,-11.265972028613088,1.1499571305237177,15.092553798159443
0.62,-11.262714839131943,1.1497946083648485,15.094062664135295
0.63,-11.25943418619888,1.1496307324712292,15.095570943467619
0.64,-11.256130073558744,1.1494654968207971,15.097078634216752
0.65,-11.25280249580316,1.149298898207609,15.098585734474701
0.66,-11.249451448140602,1.149130932956324,15.100092242282267
0.67,-11.246076913534106,1.1489616005864236,15.101598155622103
0.68,-11.242678897049426,1.148790894850814,15.103103472581813
0.6900000000000001,-11.239257395565636,1.1486188116382985,15.104608191210126
0.7000000000000001,-11.235812396249582,1.1484453485872324,15.106112309455543
0.71,-11.232343896779446,1.148270501442468,15.107615825375042
0.72,-11.228851892744414,1.1480942663251668,15.10911873700404
0.73,-11.225336387477057,1.1479166373263863,15.110621042323492
0.74,-11.2217973862664,1.1477376080363277,15.112122739303134
0.75,-11.218234882325632,1.1475571751366238,15.113623825981888
0.76,-11.21464887425021,1.147375333886198,15.115124300357788
0.77,-11.211039362602435,1.1471920785604695,15.116624160309986
0.78,-11.207406345096294,1.1470074048591334,15.118123403889792
0.79,-11.203749820468719,1.146821307970368,15.119622029086688
0.8,-11.200069785542802,1.1466337833261362,15.121120033866516
0.81,-11.19636622716973,1.1464448276286177,15.122617416071948
0.8200000000000001,-11.192639147954301,1.1462544355733035,15.12411417374024
0.8300000000000001,-11.188888544688202,1.146062602596157,15.125610304836847
0.84,-11.185114416163842,1.1458693235226807,15.127105807290299
0.85,-11.181316766992499,1.1456745914029196,15.128600678921732
0.86,-11.177495591417781,1.1454784024503075,15.130094917743625
0.87,-11.173650887635551,1.1452807516723646,15.131588521695521
0.88,-11.169782652561237,1.145081634180235,15.133081488666125
0.89,-11.165890881008515,1.1448810452551537,15.134573816460708
0.9,-11.161975572274322,1.1446789798155332,15.13606550306252
0.91,-11.158036723876434,1.1444754329237699,15.13755654638418
0.92,-11.154074335453942,1.14427039832704,15.139046944182553
0.93,-11.150088407256856,1.1440638693937466,15.140536694169649
0.9400000000000001,-11.146078934582045,1.1438558425632608,15.142025794421153
0.9500000000000001,-11.142045915271979,1.1436463126966685,15.143514242825848
0.96,-11.13798934716913,1.143435274655056,15.14500203727251
0.97,-11.13390922811597,1.1432227232995096,15.146489175649924
0.98,-11.12980555595497,1.1430086534911155,15.147975655846865
0.99,-11.125678330313445,1.1427930566336735,15.149461475255725
1.0,-11.121527548992628,1.1425759276681497,15.150946631776753
1.01,-11.117353209339836,1.142357262414757,15.15243112343644
1.02,-11.113155309346183,1.1421370554466619,15.153914948082221
1.03,-11.10893384700278,1.14191530133703,15.155398103561543
1.04,-11.104688820300737,1.1416919946590274,15.156880587721844
1.05,-11.100420227231169,1.1414671299858206,15.158362398410564
1.06,-11.096128066287967,1.1412406965676969,15.159843532558277
1.07,-11.091812335180755,1.1410126919579011,15.161323988525744
1.08,-11.087473031920627,1.1407831105180566,15.162803764123966
1.09,-11.08311015452646,1.1405519465273952,15.164282857149754
1.1,-11.078723701017129,1.1403191942651487,15.165761265399919
1.11,-11.07431366941151,1.140084848010549,15.167238986671272
1.12,-11.069880057884827,1.1398488974802725,15.16871601793743
1.1300000000000001,-11.06542286430265,1.1396113414272775,15.170192357802367
1.1400000000000001,-11.06094208678711,1.1393721711177025,15.171668003519262
1.1500000000000001,-11.056437723359833,1.1391313807504155,15.173142952870426
1.16,-11.051909772044006,1.1388889644789397,15.174617203629989
1.17,-11.047358230864365,1.1386449164114538,15.1760907535639
1.18,-11.0427830978472,1.1383992306107915,15.177563600429924
1.19,-11.038184370802416,1.138151898565012,15.179035741539904
1.2,-11.033562047669134,1.1379029131985812,15.180507174453938
1.21,-11.028916126578872,1.1376522696054043,15.181977897107227
1.22,-11.02424660552734,1.1373999612398558,15.183447907150901
1.23,-11.0195534825092,1.1371459814808311,15.184917202222696
1.24,-11.014836755518077,1.136890323631746,15.186385779946951
1.25,-11.01009642254655,1.136632980920538,15.187853637934609
1.26,-11.005332481586157,1.1363739464996643,15.189320773783216
1.27,-11.000544930077433,1.1361132131401241,15.190787185074358
1.28,-10.995733765601322,1.1358507736161345,15.192252869376885
1.29,-10.990898986501001,1.135586621051099,15.193717824249806
1.3,-10.986040590656067,1.1353207482355987,15.195182047236584
1.31,-10.981158575937432,1.1350531478804828,15.19664553586724
1.32,-10.976252940207317,1.1347838126168692,15.198108287658373
1.33,-10.971323681319264,1.134512734996144,15.199570300113145
1.34,-10.966370797118122,1.1342399074899614,15.201031570721284
1.35,-10.961394284252945,1.1339653241425913,15.202492097101834
1.36,-10.956394139143988,1.1336889792249478,15.203951876886872
1.37,-10.951370360669255,1.133410863495171,15.205410907398468
1.3800000000000001,-10.946322946362772,1.1331309694902676,15.206869186105822
1.3900000000000001,-10.941251893730195,1.132849289694909,15.20832671046707
1.4000000000000001,-10.936157200248816,1.1325658165414298,15.209783477929278
1.41,-10.931038863367553,1.1322805424098294,15.211239485928456
1.42,-10.92589688050696,1.1319934596277712,15.212694731889536
1.43,-10.920731249426813,1.131704560657861,15.214149213289375
1.44,-10.915541968157799,1.1314138380628487,15.215602927645035
1.45,-10.910329033578416,1.1311212837805829,15.217055872269972
1.46,-10.905092443100383,1.1308268899826952,15.21850804456279
1.47,-10.899832194114552,1.130530648792301,15.219959441912314
1.48,-10.894548283990902,1.130232552284001,15.22141006169759
1.49,-10.889240710078544,1.1299325924838803,15.222859901287878
1.5,-10.883909469705719,1.129630761369508,15.224308958042666
1.51,-10.878554559950425,1.1293270502183024,15.22575722929804
1.52,-10.873175977461884,1.1290214491003472,15.227204712356103
1.53,-10.86777371991418,1.1287139510080422,15.228651404571238
1.54,-10.862347784468428,1.128404547487254,15.230097303258841
1.55,-10.856898168258848,1.128093230018214,15.231542405724172
1.56,-10.851424868392758,1.1277799900155194,15.232986709262349
1.57,-10.845927881950592,1.1274648188281324,15.234430211158356
1.58,-10.840407205985876,1.12714770773938,15.235872908687039
1.59,-10.834862836585005,1.1268286479213216,15.237314799084281
1.6,-10.829294766568454,1.1265076303231845,15.238755879476553
1.61,-10.823702995456648,1.1261846461550318,15.240196147186372
1.62,-10.818087519722424,1.1258596864146901,15.241635599433527
1.6300000000000001,-10.81244833577746,1.1255327420326888,15.24307423342662
1.6400000000000001,-10.806785439972284,1.1252038038722585,15.244512046363065
1.6500000000000001,-10.801098828596253,1.1248728627293332,15.245949035429085
1.6600000000000001,-10.795388497877576,1.1245399093325483,15.24738519779972
1.67,-10.789654443561782,1.1242049344282021,15.24882053062208
1.68,-10.78389665837255,1.123867929292032,15.250255030914525
1.69,-10.778115140337128,1.123528884051198,15.251688695897252
1.7,-10.772309885101496,1.1231877892331896,15.253121522687136
1.71,-10.766480888225898,1.1228446353031518,15.254553508388893
1.72,-10.760628145184844,1.1224994126638859,15.255984650095073
1.73,-10.754751651367108,1.122152111655849,15.25741494488606
1.74,-10.748851402075731,1.1218027225571547,15.258844389830077
1.75,-10.742927392747779,1.1214512355576716,15.260272981977714
1.76,-10.73697962318566,1.1210976402603317,15.261700718256579
1.77,-10.731008085782342,1.1207419270688763,15.263127595764447
1.78,-10.725012775915957,1.1203840859627756,15.264553611510475
1.79,-10.718993688909487,1.1200241068555497,15.265978762490898
1.8,-10.712950820030775,1.1196619795947689,15.267403045689019
1.81,-10.70688416449253,1.119297693962054,15.268826458075218
1.82,-10.700793717452315,1.118931239673076,15.270248996606952
1.83,-10.694679474012556,1.1185626063775556,15.27167065822875
1.84,-10.688541430722335,1.118191779532514,15.27309143971574
1.85,-10.682379581654615,1.1178187511815711,15.274511338082371
1.86,-10.67619392180963,1.1174435106028566,15.275930350227807
1.87,-10.669984446161909,1.1170660469276565,15.277348473035214
1.8800000000000001,-10.663751149636216,1.1166863492065515,15.278765703374281
1.8900000000000001,-10.657494027107541,1.1163044064094183,15.280182038101206
1.9000000000000001,-10.651213073401106,1.1159202074254289,15.281597474058701
1.9100000000000001,-10.644908283292361,1.1155337410630504,15.283012008076
1.92,-10.638579651506987,1.115144996050046,15.284425636968843
1.93,-10.632227169965441,1.114753961119027,15.285838357510944
1.94,-10.62585081295098,1.114360625467967,15.287250166280337
1.95,-10.619450588929707,1.1139649771512574,15.2886610601962
1.96,-10.613026491007973,1.1135670046179396,15.290071036005621
1.97,-10.606578512155794,1.1131666962390379,15.291480090441306
1.98,-10.600106645206846,1.1127640403075607,15.292888220221583
1.99,-10.593610882858476,1.112359025038499,15.294295422050393
2.0,-10.58709121767169,1.1119516385688266,15.295701692617296
2.0100000000000002,-10.580547642071162,1.1115418689575014,15.297107028597473
2.02,-10.573980148345232,1.1111297041854635,15.298511426651721
2.0300000000000002,-10.567388728387186,1.1107151311873709,15.299914883345473
2.04,-10.560773373574067,1.1102981353980321,15.301317395110866
2.05,-10.554134076281494,1.109878706421729,15.302718958720893
2.06,-10.547470828191415,1.1094568316988478,15.304119570759715
2.07,-10.540783620845753,1.1090324985779565,15.305519227795951
2.08,-10.534072445646407,1.1086056943158051,15.30691792638269
2.09,-10.527337293855256,1.1081764060773258,15.308315663057481
2.1,-10.520578156594155,1.107744620935632,15.30971243434234
2.11,-10.513795024844935,1.1073103258720205,15.311108236743738
2.12,-10.506987889449405,1.1068735077759684,15.312503066752623
2.13,-10.500156745210035,1.1064341528083117,15.313896920708313
2.14,-10.493301586679097,1.1059922470551768,15.315289794938254
2.15,-10.48642240031043,1.1055477777467924,15.316681686018452
2.16,-10.479519177005383,1.105100731309136,15.31807259035714
2.17,-10.472591907562382,1.1046510940706078,15.319462504345784
2.18,-10.465640582676926,1.1041988522620276,15.32085142435908
2.19,-10.458665192941583,1.103743992016638,15.322239346754962
2.2,-10.451665728845988,1.1032864993701021,15.323626267874591
2.21,-10.444642180776857,1.1028263602605046,15.325012184042365
2.22,-10.437594539017969,1.1023635605283517,15.32639709156591
2.23,-10.430522782663564,1.101898085384885,15.327780986537409
2.24,-10.423426899031826,1.1014299203431033,15.329163865181494
2.25,-10.416306883716624,1.100959051220243,15.33054572385619
2.2600000000000002,-10.409162725369209,1.100485463407949,15.331926558780177
2.27,-10.401994412465472,1.1000091421968132,15.333306366154073
2.2800000000000002,-10.394801933305935,1.099530072776375,15.334685142160428
2.29,-10.387585276015757,1.099048240235121,15.336062882963725
2.3000000000000003,-10.380344428544728,1.0985636295604855,15.337439584710387
2.31,-10.37307937866727,1.09807622563885,15.338815243528764
2.32,-10.365790113982444,1.0975860132555437,15.340189855529148
2.33,-10.358476608689681,1.0970929731294734,15.341563416614113
2.34,-10.351138850664723,1.0965970900319966,15.342935922866815
2.35,-10.343776829158797,1.0960983490984513,15.344307370374585
2.36,-10.336390529154443,1.0955967341357167,15.345677755147983
2.37,-10.328979935318168,1.0950922288074407,15.347047073177494
2.38,-10.321545032000458,1.0945848166340406,15.348415320433514
2.39,-10.314085803235761,1.0940744809927014,15.349782492866355
2.4,-10.306602235642414,1.0935612055589774,15.351148586388483
2.41,-10.299094335022303,1.0930449768345922,15.352513596772772
2.42,-10.291562072028709,1.0925257758737248,15.353877519985485
2.43,-10.284005431952535,1.0920035858644688,15.355240351881159
2.44,-10.276424399962222,1.0914783898811633,15.356602088293062
2.45,-10.268818961103745,1.090950170884392,15.357962725033193
2.46,-10.261189100300621,1.0904189117209846,15.359322257892284
2.47,-10.2535348023539,1.089884595124015,15.360680682639796
2.48,-10.245856045674948,1.0893472029886284,15.362037994952406
2.49,-10.23815281135559,1.0888067174200913,15.363394190517502
2.5,-10.230425086866848,1.0882631211611784,15.364749265075403
2.5100000000000002,-10.222672855265312,1.0877163963449752,15.366103214296176
2.52,-10.214896099391677,1.0871665249800166,15.367456033827555
2.5300000000000002,-10.207094801870758,1.0866134889502876,15.36880771929494
2.54,-10.199268945111475,1.086057270015223,15.370158266301395
2.5500000000000003,-10.191418511306862,1.085497849809707,15.371507670427649
2.56,-10.183543457559917,1.0849352035485098,15.37285592710945
2.57,-10.175643774281259,1.0843693148065408,15.374203031925507
2.58,-10.167719440377256,1.0838001641771127,15.375548980376532
2.59,-10.159770433147372,1.0832277317769252,15.37689376793404
2.6,-10.151796729330052,1.0826519975107776,15.378237390045516
2.61,-10.143798305102727,1.0820729410715688,15.379579842134403
2.62,-10.1357751606669,1.0814905471694969,15.380921119521025
2.63,-10.127727269274516,1.0809047946900683,15.382261217586551
2.64,-10.11965460509942,1.0803156626223023,15.38360013168335
2.65,-10.111557146962657,1.0797231308510944,15.384937857122996
2.66,-10.103434873548396,1.079127179139654,15.386274389191664
2.67,-10.095287763403933,1.078527787129503,15.387609723150128
2.68,-10.08711578586421,1.0779249320226474,15.388943854180374
2.69,-10.078918916204836,1.0773185924515782,15.390276777474735
2.7,-10.070697134259618,1.0767087481261974,15.391608488227766
2.71,-10.062450415727552,1.0760953776136697,15.392938981585102
2.72,-10.054178735968417,1.075478459307794,15.394268252665785
2.73,-10.045882070002767,1.074857971429004,15.395596296562267
2.74,-10.037560389199133,1.0742338913011114,15.396923108296575
2.75,-10.029213664636034,1.0736061960853074,15.398248682864793
2.7600000000000002,-10.020841871864581,1.072974863819941,15.399573015300085
2.77,-10.01244498341188,1.07233987178385,15.4008961005735
2.7800000000000002,-10.004022971364495,1.0717011970603858,15.402217933628151
2.79,-9.99557580736844,1.0710588165374142,15.403538509379223
2.8000000000000003,-9.987103463116258,1.0704127068235276,15.404857822681327
2.81,-9.978605910462045,1.069762844228255,15.406175868320805
2.82,-9.970083119243073,1.0691092051368007,15.407492641161683
2.83,-9.961535059594247,1.0684517656118961,15.408808135990592
2.84,-9.952961701232628,1.0677905015168838,15.41012234756471
2.85,-9.944363013457417,1.0671253885157161,15.411435270611767
2.86,-9.93573896452975,1.0664564018191491,15.41274689978603
2.87,-9.927089519936457,1.0657835154742494,15.414057229545143
2.88,-9.918414649820619,1.0651067054051073,15.415366254677277
2.89,-9.909714321578143,1.0644259463832237,15.416673969775896
2.9,-9.900988502172893,1.0637412129749035,15.417980369404006
2.91,-9.892237158136698,1.0630524795412557,15.419285448094154
2.92,-9.883460255569343,1.0623597202381927,15.420589200348426
2.93,-9.874657760138568,1.061662909016432,15.421891620638448
2.94,-9.865829637080079,1.060962019621494,15.423192703405391
2.95,-9.856975851197536,1.0602570255937038,15.424492443059963
2.96,-9.848096362016216,1.059547898481557,15.425790833840408
2.97,-9.839191127032937,1.0588346090398246,15.427087869907727
2.98,-9.830260114052308,1.0581171317773834,15.428383545707165
2.99,-9.821303284810408,1.0573954389199907,15.42967785548835
3.0,-9.812320600509791,1.0566695024507935,15.43097079346747
3.0100000000000002,-9.803312021819478,1.0559392941103285,15.432262353827284
3.02,-9.794277508874965,1.0552047853965232,15.433552530717119
3.0300000000000002,-9.785217021278218,1.054465947564694,15.434841318252866
3.04,-9.776130511592704,1.0537227492484755,15.436128710221023
3.0500000000000003,-9.767017940624983,1.0529751620487784,15.437414700773973
3.06,-9.757879266369608,1.052223156490594,15.438699283926995
3.0700000000000003,-9.748714445521637,1.0514667025761633,15.439982453627092
3.08,-9.739523434186065,1.0507057700444429,15.441264203785256
3.09,-9.73030618787783,1.0499403283711028,15.442544528276478
3.1,-9.721062661521803,1.0491703467685287,15.443823420939744
3.11,-9.71179280829059,1.0483957937090163,15.4451008754783
3.12,-9.702496579814941,1.0476166370110995,15.446376885477717
3.13,-9.69317393057987,1.0468328456430775,15.447651444783117
3.14,-9.683824812775,1.0460443876103442,15.448924547057288
3.15,-9.674449177971363,1.0452512306433008,15.450196185924558
3.16,-9.66504697712139,1.0444533421973579,15.451466354970803
3.17,-9.655618160558925,1.0436506894529338,15.452735047743447
3.18,-9.646162677999213,1.0428432393154556,15.454002257751458
3.19,-9.636680467365236,1.0420309536779497,15.455267978254694
3.2,-9.627171478734029,1.0412137995737918,15.45653220271536
3.21,-9.617635659873889,1.0403917430447813,15.457794924525349
3.22,-9.60807295595363,1.0395647490178708,15.459056137000745
3.23,-9.598483311346119,1.038732782069823,15.460315833415846
3.24,-9.588866669628251,1.03789580642721,15.461574007003144
3.25,-9.579222975410008,1.037053787382724,15.46283065084303
3.2600000000000002,-9.569552171628496,1.0362066891998312,15.464085758026982
3.27,-9.559854198956033,1.035354474654419,15.465339321693268
3.2800000000000002,-9.550128998285452,1.034497106959288,15.466591334877048
3.29,-9.5403765097573,1.0336345490108672,15.467841790569059
3.3000000000000003,-9.53059667275984,1.0327667633892128,15.4690906817156
3.31,-9.52078942292488,1.0318937106553983,15.470338001159623
3.3200000000000003,-9.510954691838911,1.031015349187803,15.471583741635058
3.33,-9.501092419536427,1.0301316422626863,15.47282789601185
3.34,-9.491202540941282,1.029242550369847,15.474070457030034
3.35,-9.481284990095164,1.0283480336090969,15.475311417382667
3.36,-9.471339700157582,1.0274480516902618,15.476550769715821
3.37,-9.461366602674655,1.0265425637645829,15.477788506609173
3.38,-9.451365621155938,1.025631526943733,15.47902462040536
3.39,-9.441336689562023,1.0247149005624894,15.480259103701107
3.4,-9.431279736310744,1.0237926424910542,15.481491948922349
3.41,-9.421194688827136,1.0228647101841364,15.48272314844511
3.42,-9.411081473543428,1.0219310606809504,15.48395269459549
3.43,-9.400940015899051,1.020991650605217,15.485180579649677
3.44,-9.390770236150226,1.0200464340933115,15.48640679563006
3.45,-9.38057205769296,1.019095366909379,15.487631334710178
3.46,-9.370345403619966,1.018138404742982,15.488854189047196
3.47,-9.360090194510672,1.0171755021164208,15.490075350674385
3.48,-9.349806349920172,1.0162066131209104,15.491294811573564
3.49,-9.33949378836822,1.0152316914111403,15.492512563674566
3.5,-9.329152422987859,1.0142506884323776,15.493728598710415
3.5100000000000002,-9.318782168441151,1.0132635562356875,15.494942908447056
3.52,-9.308382940739587,1.0122702474038372,15.496155484677214
3.5300000000000002,-9.297954652702598,1.0112707132009864,15.49736631906925
3.54,-9.28749721585317,1.0102649043436451,15.498575403230015
3.5500000000000003,-9.27701054039434,1.009252770990143,15.49978272870389
3.56,-9.26649453518569,1.0082342627300995,15.500988286971843
3.5700000000000003,-9.255949104704682,1.0072093276025107,15.502192069399852
3.58,-9.24537415448408,1.0061779138445404,15.503394067329637
3.59,-9.234769589411211,1.0051399693406444,15.504594272049552
3.6,-9.224135311840477,1.0040954410115273,15.505792674762338
3.61,-9.213471222538507,1.0030442751156794,15.506989266600442
3.62,-9.202777220652989,1.001986417236377,15.508184038624924
3.63,-9.192053203681512,1.0009218122686867,15.509376981824392
3.64,-9.181299069988002,0.9998504056277994,15.51056808719262
3.65,-9.170514713708362,0.9987721408087075,15.511757345571043
3.66,-9.159700027216426,0.9976869605703385,15.512944747724834
3.67,-9.1488549017791,0.9965948072515765,15.514130284363018
3.68,-9.13797922695326,0.9954956224840703,15.51531394611973
3.69,-9.127072890560354,0.9943893471820006,15.5164957235533
3.7,-9.116135778661006,0.9932759215318459,15.517675607145375
3.71,-9.105167776678478,0.9921552853518147,15.518853587379486
3.72,-9.094168766921015,0.9910273772925556,15.520029654570486
3.73,-9.083138630089072,0.9898921353200701,15.521203798969683
3.74,-9.072077245224786,0.9887494966973939,15.522376010762212
3.75,-9.060984489521509,0.9875993979212491,15.523546280054699
3.7600000000000002,-9.049860238300752,0.9864417747125634,15.524714596874528
3.77,-9.038704364989131,0.9852765620069891,15.525880951169103
3.7800000000000002,-9.027516736485227,0.9841036921342842,15.527045332775437
3.79,-9.016297223551376,0.9829230989004615,15.528207731486436
3.8000000000000003,-9.005045693257603,0.9817347146188484,15.52936813700169
3.81,-8.993762010198251,0.9805384705876394,15.530526538934696
3.8200000000000003,-8.982446036815164,0.9793342972164393,15.53168292681436
3.83,-8.971097633366142,0.9781221240134471,15.532837290084199
3.84,-8.959716657893392,0.976901879572641,15.533989618101542
3.85,-8.948302962964261,0.9756734905392794,15.535139900026326
3.86,-8.936856403276968,0.9744368840145399,15.536288125081558
3.87,-8.925376829523074,0.9731919856099557,15.53743428234365
3.88,-8.913864089909136,0.9719387199262384,15.538578360794748
3.89,-8.902318030177277,0.9706770105569601,15.539720349323728
3.9,-8.890738493568234,0.9694067800740257,15.540860236725218
3.91,-8.879125320760684,0.9681279499923718,15.541998011694128
3.92,-8.867478349269529,0.9668404402607569,15.543133662718017
3.93,-8.855797414900184,0.965544170553442,15.544267178357764
3.94,-8.844082350431005,0.9642390591339475,15.545398547004716
3.95,-8.832332985942607,0.9629250231613542,15.546527756948885
3.96,-8.820549148780264,0.9616019786752069,15.547654796377852
3.97,-8.808730663516297,0.9602698405804165,15.54877965337566
3.98,-8.79687735191247,0.9589285226321631,15.549902315921718
3.99,-8.7849890317546,0.9575779369106012,15.55102277187193
4.0,-8.773065512302056,0.956217991764169,15.552141008886547
4.01,-8.76110660995527,0.9548485988993409,15.553257014676348
4.0200000000000005,-8.749112133710074,0.9534696668022198,15.554370776773096
4.03,-8.737081889412929,0.952081102665481,15.555482282596033
4.04,-8.725015679714915,0.9506828123694696,15.556591519450649
4.05,-8.712913304025705,0.9492747004632989,15.557698474527434
4.0600000000000005,-8.700774558467554,0.9478566701459471,15.558803134900662
4.07,-8.688599233074896,0.9464286221928905,15.559905487484508
4.08,-8.676387109654804,0.9449904541357382,15.561005518999412
4.09,-8.664137978032935,0.9435420664803982,15.562103216223028
4.1,-8.651851619116718,0.9420833562218548,15.563198565727538
4.11,-8.639527810087015,0.9406142188304107,15.564291553959496
4.12,-8.62716632434052,0.9391345482283503,15.565382167238399
4.13,-8.61476693143215,0.9376442367666019,15.566470391755294
4.14,-8.602329397017453,0.9361431752014013,15.567556213571343
4.15,-8.589853478539665,0.9346312507828234,15.568639618534498
4.16,-8.577338927602254,0.93310834830972,15.56972059232485
4.17,-8.564785501079152,0.9315743550616586,15.570799120668278
4.18,-8.552192946731179,0.9300291544190137,15.571875189059172
4.19,-8.539561007909459,0.9284726279521399,15.5729487828507
4.2,-8.526889423485587,0.9269046553926055,15.574019887253158
4.21,-8.514177927781786,0.9253251146044245,15.575088487332318
4.22,-8.501426250501066,0.9237338815552901,15.576154568007784
4.23,-8.488634110231494,0.9221308281189678,15.577218113916553
4.24,-8.475801222711027,0.9205158248596107,15.5782791095862
4.25,-8.4629273060868,0.9188887428016577,15.579337539544976
4.26,-8.45001206891014,0.9172494493727658,15.580393388069854
4.2700000000000005,-8.437055214510824,0.915597809874997,15.581446639278072
4.28,-8.424056440913404,0.9139336874513796,15.582497277125201
4.29,-8.411015440753511,0.912256943052468,15.58354528540321
4.3,-8.397931901194188,0.9105674354029036,15.584590647738514
4.3100000000000005,-8.384805497040281,0.9088650172094133,15.585633347464658
4.32,-8.371635900902902,0.9071495407902253,15.586673367809281
4.33,-8.358422783004423,0.9054208579801205,15.587710691890146
4.34,-8.345165804643898,0.9036788165323908,15.58874530259426
4.3500000000000005,-8.331864620715653,0.9019232615233516,15.589777182623918
4.36,-8.318518879589869,0.9001540352991536,15.590806314494097
4.37,-8.305128214182385,0.8983709747204802,15.591832680470908
4.38,-8.291692258476335,0.896573916212888,15.592856262680346
4.39,-8.27821063952028,0.8947626932962093,15.593877043052949
4.4,-8.264682975113846,0.8929371358582111,15.594895003306505
4.41,-8.251108875404645,0.8910970706277791,15.59591012495495
4.42,-8.237487942732262,0.8892423211105093,15.596922389305513
4.43,-8.223819773647556,0.8873727115216257,15.597931777367707
4.44,-8.210103954060427,0.8854880580917996,15.598938270040838
4.45,-8.196340062382985,0.8835881750652731,15.599941847977435
4.46,-8.182527668836915,0.8816728736493694,15.600942491602163
4.47,-8.1686663351637,0.8797419617042396,15.601940181114392
4.48,-8.154755614462093,0.8777952435158812,15.602934896479065
4.49,-8.14079505071825,0.8758325156687305,15.603926617284746
4.5,-8.126784179440344,0.8738535769344177,15.604915323078933
4.51,-8.112722526874714,0.871858220160036,15.605900993090433
4.5200000000000005,-8.098609610029094,0.8698462343982678,15.60688360630049
4.53,-8.084444936522871,0.8678174048425127,15.607863141439166
4.54,-8.070228006896468,0.8657715108053504,15.608839576980213
4.55,-8.055958338267212,0.8637082947311063,15.609812891101404
4.5600000000000005,-8.041635282797479,0.8616275482041325,15.610783061667
4.57,-8.027258342507013,0.859529037872237,15.611750066287321
4.58,-8.012826997171828,0.8574125195499637,15.61271388230095
4.59,-7.998340665648191,0.855277748411337,15.613674486723843
4.6000000000000005,-7.9837987623446995,0.8531244725045649,15.614631856273894
4.61,-7.969200698843216,0.8509524370413442,15.61558596746062
4.62,-7.954545873780876,0.8487613797524882,15.616536796397284
4.63,-7.939833669998436,0.8465510339912314,15.617484318963491
4.64,-7.925063454152998,0.8443211259566187,15.618428510692532
4.65,-7.9102345769812565,0.8420713754178542,15.61936934681315
4.66,-7.8953463793668,0.8398014994719665,15.620306802235005
4.67,-7.88039817727172,0.837511204978686,15.621240851335983
4.68,-7.865389279517539,0.8352001911298899,15.622171468300225
4.69,-7.850318970289233,0.8328681501203501,15.62309862679401
4.7,-7.835186517800609,0.8305147733848399,15.624022300283393
4.71,-7.819991178163361,0.8281397399548474,15.624942461791424
4.72,-7.804732200227245,0.825742718642517,15.62585908400878
4.73,-7.789408793592235,0.8233233771840766,15.626772139201337
4.74,-7.774020150119271,0.8208813756241284,15.62768159925908
4.75,-7.75856545259097,0.8184163610858401,15.628587435658986
4.76,-7.743043863829019,0.8159279700725577,15.629489619428298
4.7700000000000005,-7.7274545201385,0.8134158343264497,15.630388121206526
4.78,-7.711796528888488,0.8108795756922815,15.6312829111333
4.79,-7.696068983512986,0.8083188066174336,15.632173958959966
4.8,-7.680270949265081,0.8057331286024517,15.633061233906819
4.8100000000000005,-7.664401470900711,0.8031221351798437,15.633944704798012
4.82,-7.648459564742815,0.8004854062380484,15.634824339880819
4.83,-7.632444226671984,0.7978225144091518,15.635700107011475
4.84,-7.616354414696015,0.7951330164519482,15.636571973414386
4.8500000000000005,-7.600189069598706,0.7924164615152076,15.637439905910709
4.86,-7.583947100224246,0.7896723856583799,15.638303870755365
4.87,-7.567627381672713,0.7869003117654102,15.639163833595992
4.88,-7.551228761300079,0.7840997500854204,15.640019759562229
4.89,-7.534750052236711,0.7812701963565433,15.640871613186643
4.9,-7.5181900332149345,0.7784111312192238,15.641719358407778
4.91,-7.501547447649101,0.7755220204710033,15.642562958519767
4.92,-7.4848210017285615,0.7726023179166794,15.643402376220905
4.93,-7.468009363415871,0.7696514613177944,15.644237573554912
4.94,-7.4511111611540155,0.766668871426974,15.64506851188985
4.95,-7.434124991415545,0.7636539458300832,15.645895151916442
4.96,-7.4170494041825,0.7606060694008426,15.646717453634167
4.97,-7.399882906832779,0.7575246071395808,15.647535376321049
4.98,-7.382623942474487,0.7544089085368424,15.648348878464443
4.99,-7.365270922594806,0.7512583004021947,15.649157917840824
5.0,-7.347822204621212,0.7480720888171306,15.649962451409314
5.01,-7.330276097886173,0.7448495555650594,15.650762435285207
5.0200000000000005,-7.312630853891641,0.7415899634400656,15.65155782478619
5.03,-7.294884667601888,0.7382925468159008,15.652348574329087
5.04,-7.277035675853515,0.7349565140679376,15.653134637435711
5.05,-7.259081957454933,0.7315810490769576,15.653915966727537
5.0600000000000005,-7.241021509190887,0.7281653122340007,15.654692513827467
5.07,-7.22285226969135,0.7247084333913061,15.655464229406492
5.08,-7.204572105824868,0.7212095130233557,15.65623106312078
5.09,-7.186178819993447,0.7176676080191245,15.656992963514062
5.1000000000000005,-7.167670130959721,0.7140817526040897,15.657749878107525
5.11,-7.149043674019495,0.7104509446497592,15.65850175326999
5.12,-7.130296978123352,0.7067741523829827,15.659248534157188
5.13,-7.111427503152523,0.7030503020183644,15.659990164786715
5.14,-7.092432613198855,0.6992782763950819,15.660726587874214
5.15,-7.07330957893939,0.6954569128772,15.661457744823153
5.16,-7.054055565639339,0.6915850122664092,15.662183575751124
5.17,-7.034667610165924,0.68766131982798,15.662904019289366
5.18,-7.0151426449345475,0.683684533561616,15.663619012665112
5.19,-6.995477485655466,0.6796533003911359,15.664328491628398
5.2,-6.975668794081097,0.6755662155970008,15.665032390229829
5.21,-6.955713115303755,0.6714218159516809,15.665730641021648
5.22,-6.935606846390219,0.6672185765540485,15.66642317483013
5.23,-6.915346236810285,0.6629548860849566,15.667109920625723
5.24,-6.894927379055524,0.6586290741843952,15.66779080561156
5.25,-6.8743461586479135,0.6542394183599733,15.668465755006268
5.26,-6.8535982906323385,0.6497841137115834,15.66913469203837
5.2700000000000005,-6.832679330349932,0.6452612535106117,15.66979753782779
5.28,-6.811584616013436,0.640668854102992,15.670454211310854
5.29,-6.790309273746885,0.636004825810075,15.67110462912201
5.3,-6.768848178626818,0.6312669856123965,15.671748705500104
5.3100000000000005,-6.747195917207535,0.6264530519581086,15.67238635216206
5.32,-6.725346854251153,0.6215606202546151,15.67301747816887
5.33,-6.703295061918561,0.6165871706579305,15.673641989829243
5.34,-6.68103437381535,0.6115300353913979,15.674259790515183
5.3500000000000005,-6.658558305213045,0.6063864136713615,15.674870780576875
5.36,-6.635859872623922,0.6011533774670614,15.675474857112697
5.37,-6.612931802155485,0.5958278173056982,15.676071913843538
5.38,-6.589766442720286,0.5904064382187818,15.676661840912605
5.39,-6.566355707603538,0.5848857660178124,15.677244524676576
5.4,-6.5426910416353765,0.5792621244224699,15.677819847508717
5.41,-6.518763368781578,0.5735316272613393,15.678387687565733
5.42,-6.494563078106587,0.5676901361022162,15.678947918524438
5.43,-6.470079967318856,0.5617332603250297,15.679500409328389
5.44,-6.4453032016557215,0.5556563256621827,15.680045023886118
5.45,-6.4202212372365475,0.549454354987138,15.680581620724228
5.46,-6.394821792668877,0.5431220373404069,15.681110052719184
5.47,-6.369091751246815,0.5366536898704048,15.681630166624917
5.48,-6.343017081323675,0.530043241215217,15.682141802717226
5.49,-6.3165827509840256,0.5232841920034385,15.68264479435296
5.5,-6.289772682749823,0.5163695279701993,15.683138967411605
5.51,-6.262569597916227,0.5092917073098093,15.68362413978544
5.5200000000000005,-6.234954827933148,0.5020426289966256,15.684100120729232
5.53,-6.206908200111316,0.49461351788127644,15.684566710219713
5.54,-6.178407995293068,0.4869948571804514,15.685023698227134
5.55,-6.149430766759216,0.47917631846227554,15.685470863925545
5.5600000000000005,-6.119951064737544,0.4711467270821096,15.685907974730332
5.57,-6.089940908044892,0.46289385954507967,15.686334785267743
5.58,-6.059369925915671,0.4544042897883432,15.686751036190135
5.59,-6.028204960094763,0.4456633297200379,15.687156452877398
5.6000000000000005,-5.996409526577497,0.43665486652413227,15.687550743996583
5.61,-5.963943492026472,0.4273610815097101,15.687933599891487
5.62,-5.9307625388918535,0.41776220438540757,15.6883046905819
5.63,-5.896817471451656,0.40783631033668144,15.688663663583434
5.64,-5.862053626140202,0.39755891473337485,15.689010141460637
5.65,-5.826409920113425,0.3869025689864563,15.68934371892846
5.66,-5.789817773009429,0.3758363724267096,15.689663959442173
5.67,-5.752199902838028,0.36432537987879615,15.689970391313818
5.68,-5.7134688017535495,0.3523298500507286,15.690262503092349
5.69,-5.673524797107976,0.33980433813762684,15.690539738116389
5.7,-5.63225371177206,0.326696544321747,15.690801488012433
5.71,-5.5895238662827555,0.31294587481232217,15.69104708479066
5.72,-5.545182423809743,0.2984816532197763,15.691275791459388
5.73,-5.499050775827343,0.2832207575178935,15.691486790570508
5.74,-5.450918288759136,0.2670646090380965,15.69167916999332
5.75,-5.400534331706288,0.24989506576591713,15.691851905059552
5.76,-5.3475979028024225,0.2315692322471868,15.692003836317271
5.7700000000000005,-5.29174334709873,0.21191202852076635,15.692133641186095
5.78,-5.232521144320158,0.19070630507242708,15.69223979679561
5.79,-5.169371335492333,0.1676785806439243,15.692320531897419
5.8,-5.101585186771243,0.1424788451865397,15.692373761909804
5.8100000000000005,-5.028250631699476,0.1146505180589489,15.692397000520081
5.82,-4.948170638760968,0.08358512556318792,15.692387236757444
5.83,-4.859738659346075,0.04845139559995236,15.692340759125038
5.84,-4.760742205843389,0.008080225623622686,15.692252897186384
5.8500000000000005,-4.648041284259398,-0.03922977126018278,15.692117629031731
5.86,-4.517018684320798,-0.09605807484040402,15.691926961862256
5.87,-4.360592232862268,-0.16651531402910252,15.69166990915529
5.88,-4.167330164710932,-0.25757048322771686,15.691330708649122
5.89,-3.917595349992712,-0.38200622221776376,15.690885510709496
5.9,-3.5749911600193123,-0.5658117431041785,15.690295731753158
5.91,-3.0657270747647916,-0.8696698321527206,15.689493495243214
5.92,-2.227247242079424,-1.4642681540971343,15.688347336006455
5.93,-0.7323271255274099,-2.9357904526950724,15.686591502009707
5.94,1.3219606942411652,-6.759767882984578,15.683900620588167
5.95,2.2873073254778475,-10.81794622120635,15.680601787919398
5.96,2.4461663073099533,-12.009772010499256,15.677191604592712
5.97,2.4701222134224436,-12.208415255609708,15.673769169225034
5.98,2.477501563401626,-12.252385197420256,15.670345546147946
5.99,2.4828413048215796,-12.276368165465117,15.66692208177006
6.0,2.4879247510897766,-12.297864508734165,15.663498944793877
6.01,2.492971849340584,-12.31905971338502,15.660076158311576
6.0200000000000005,2.4980096446285427,-12.340223989444778,15.65665372747
6.03,2.503041430481546,-12.361390423459817,15.653231655202852
6.04,2.5080676074668755,-12.382563094715195,15.649809944162396
6.05,2.5130881919982557,-12.403742212631315,15.646388596950562
6.0600000000000005,2.5181031840797976,-12.424927822008623,15.642967616152939
6.07,2.5231125590284265,-12.446119716046313,15.639547004337944
6.08,2.5281162965241823,-12.467317733819542,15.636126764059457
6.09,2.533114373393534,-12.488521683321553,15.632706897856071
6.1000000000000005,2.5381067913143487,-12.509731627831975,15.629287408254527
6.11,2.5430935201983194,-12.530947307535987,15.625868297763601
6.12,2.5480745385054706,-12.552168548316452,15.6224495688783
6.13,2.5530498190875255,-12.573395118340663,15.619031224078306
6.140000000000001,2.5580193451711883,-12.594626890030378,15.615613265829603
6.15,2.562983103688027,-12.615863777177992,15.612195696584156
6.16,2.5679410826381033,-12.637105706483716,15.608778518780017
6.17,2.572893259501059,-12.65835250183511,15.605361734838125
6.18,2.5778396031856317,-12.679603877787793,15.601945347160035
6.19,2.5827800915413683,-12.70085966299599,15.598529358146877
6.2,2.5877147122776814,-12.722119777414457,15.595113770158191
6.21,2.5926434423624136,-12.74338403461356,15.59169858558663
6.22,2.597566265724769,-12.764652308823655,15.588283806758279
6.23,2.60248316360842,-12.785924452953106,15.584869436036216
6.24,2.607394109930847,-12.807200265386548,15.581455475724859
6.25,2.6122990817465017,-12.828479567993629,15.578041928147883
6.26,2.6171980633568213,-12.849762223968485,15.574628795585566
6.2700000000000005,2.6220910369100063,-12.87104808325741,15.571216080323401
6.28,2.6269779797730104,-12.892336970850602,15.567803784646143
6.29,2.6318588666144334,-12.91362869749343,15.564391910772988
6.3,2.6367336774457657,-12.934923101729831,15.560980460991944
6.3100000000000005,2.6416023917166527,-12.95622001128513,15.55756943747124
6.32,2.6464649878009263,-12.977519255869911,15.554158842473335
6.33,2.651321444429153,-12.998820664343958,15.550748678170587
6.34,2.656171740317742,-13.020124065641465,15.547338946751356
6.3500000000000005,2.661015852910786,-13.041429278051677,15.543929650255887
6.36,2.6658537592632747,-13.062736116335262,15.54052079065413
6.37,2.670685439429377,-13.08404442118576,15.53711237034206
6.38,2.675510871923929,-13.105354019986617,15.533704391496993
6.390000000000001,2.680330035261766,-13.126664740121283,15.530296856296248
6.4,2.6851429079577227,-13.147976408973204,15.526889766917138
6.41,2.689949468526635,-13.169288853925828,15.523483125536984
6.42,2.694749692480535,-13.190601874527387,15.520076934254218
6.43,2.6995435519900566,-13.211915235607274,15.516671194974496
6.44,2.7043310291502003,-13.233228792858318,15.513265909699085
6.45,2.7091121019612756,-13.254542373420506,15.50986108045715
6.46,2.7138867469328813,-13.275855784400857,15.506456709270584
6.47,2.718654941389518,-13.297168842639287,15.50305279816213
6.48,2.7234166620120686,-13.318481354945897,15.499649349119785
6.49,2.728171885823441,-13.339793134034602,15.496246364149464
6.5,2.7329205895289386,-13.361103988130022,15.49284384521086
6.51,2.7376627499022756,-13.382413726744351,15.489441794279262
6.5200000000000005,2.74239834353214,-13.403722157454034,15.486040213299026
6.53,2.7471273466696102,-13.425029083883393,15.482639104171335
6.54,2.751849735756459,-13.446334311824671,15.479238468822752
6.55,2.756565487440418,-13.467637649493936,15.475838309205978
6.5600000000000005,2.761274578074518,-13.488938901951448,15.472438627231496
6.57,2.7659769839132373,-13.510237873287664,15.469039424794346
6.58,2.7706726807931616,-13.531534362084521,15.465640703767594
6.59,2.7753616441475524,-13.552828161622523,15.462242466002625
6.6000000000000005,2.7800438501201388,-13.574119075710696,15.458844713351949
6.61,2.784719274371904,-13.595406901727845,15.455447447644772
6.62,2.789387892444831,-13.61669143579232,15.452050670694442
6.63,2.7940496798440955,-13.637972473333027,15.448654384308284
6.640000000000001,2.7987046125633865,-13.659249812738837,15.445258590350466
6.65,2.8033526655664125,-13.680523244809573,15.441863290560283
6.66,2.807993814069174,-13.701792561663988,15.438468486705608
6.67,2.812628033184458,-13.723057554270063,15.435074180540338
6.68,2.817255297921839,-13.74431801244501,15.43168037380441
6.69,2.821875583668556,-13.765573729349551,15.428287068302268
6.7,2.8264888651508495,-13.786824491780575,15.424894265733357
6.71,2.831095117130939,-13.808070086685092,15.421501967805872
6.72,2.8356943143194977,-13.829310300342211,15.41811017622247
6.73,2.8402864313350924,-13.85054491798408,15.41471889267365
6.74,2.844871442734898,-13.87177372327337,15.411328118860045
6.75,2.849449322966389,-13.892996499125104,15.407937856457364
6.76,2.854020046369656,-13.914213027667277,15.404548107118075
6.7700000000000005,2.8585835872053726,-13.935423089765022,15.401158872491697
6.78,2.8631399196431597,-13.956626465218621,15.39777015421636
6.79,2.8676890178709344,-13.977822932773861,15.394381953925196
6.8,2.8722308559918415,-13.99901227011227,15.390994273240317
6.8100000000000005,2.8767654077838998,-14.020194253828368,15.387607113758737
6.82,2.881292647067585,-14.041368659464458,15.384220477073898
6.83,2.88581254757317,-14.062535261498082,15.380834364767894
6.84,2.8903250829407217,-14.083693833342004,15.377448778411479
6.8500000000000005,2.8948302267201047,-14.104844147344227,15.374063719564061
6.86,2.899327952370978,-14.125985974787973,15.370679189773709
6.87,2.9038182332627978,-14.147119085891703,15.367295190577147
6.88,2.9083010426748146,-14.168243249809105,15.363911723499754
6.890000000000001,2.912776353796077,-14.189358234629099,15.36052879005557
6.9,2.917244140622412,-14.210463809517345,15.357146391803164
6.91,2.921704375740279,-14.231559739425286,15.353764530207592
6.92,2.92615703200126,-14.25264578908792,15.350383206744697
6.93,2.930602082289256,-14.273721722467997,15.34700242288661
6.94,2.9350394994010247,-14.294787302470805,15.34362218009432
6.95,2.9394692560461824,-14.315842290944168,15.340242479817649
6.96,2.943891324847203,-14.336886448678461,15.33686332349528
6.97,2.9483056783394193,-14.35791953540659,15.333484712554734
6.98,2.95271228897102,-14.378941309804004,15.330106648412386
6.99,2.957111129103052,-14.39995152948869,15.326729132473456
7.0,2.9615021714844687,-14.420949952667947,15.323352166174166
7.01,2.9658853891953365,-14.4419363379415,15.319975750976695
7.0200000000000005,2.9702607535630103,-14.462910437077888,15.316599888184282
7.03,2.9746282366849246,-14.483872003759755,15.31322457916508
7.04,2.9789878105761884,-14.504820790628997,15.30984982527651
7.05,2.9833394471695867,-14.525756549286745,15.306475627865277
7.0600000000000005,2.9876831183155788,-14.54667903029337,15.303101988267352
7.07,2.992018795782298,-14.56758798316848,15.29972890780799
7.08,2.9963464512555547,-14.58848315639092,15.296356387801715
7.09,3.0006660563388317,-14.609364297398779,15.29298442955233
7.1000000000000005,3.004977582553288,-14.630231152589385,15.289613034352909
7.11,3.009281002604059,-14.651083473587429,15.286242203628577
7.12,3.013576287455866,-14.671921002769395,15.282871938606785
7.13,3.017863408153521,-14.692743482274944,15.279502240522575
7.140000000000001,3.022142335977544,-14.713550654777226,15.276133110636122
7.15,3.02641304213103,-14.734342261932888,15.272764550197428
7.16,3.0306754977396504,-14.755118044382078,15.269396560446319
7.17,3.034929673851652,-14.775877741748442,15.266029142612455
7.18,3.0391755414378574,-14.796621092639118,15.262662297915318
7.19,3.043413071391665,-14.817347834644751,15.259296027564222
7.2,3.047642234529049,-14.838057704339475,15.255930332758306
7.21,3.051863001465701,-14.858750436656324,15.25256521467378
7.22,3.0560753453068665,-14.879425778562148,15.249200674743252
7.23,3.0602792349023926,-14.900083454766797,15.245836713955292
7.24,3.0644746408726853,-14.920723198358624,15.242473333480202
7.25,3.068661533761862,-14.941344741415254,15.23911053447823
7.26,3.07283988403826,-14.961947815006166,15.235748318099628
7.2700000000000005,3.077009662094947,-14.982532149195295,15.232386685484686
7.28,3.081170838250229,-15.003097473043603,15.229025637763813
7.29,3.0853233827481614,-15.02364351461169,15.22566517605757
7.3,3.0894672657590565,-15.04417000096237,15.222305301476721
7.3100000000000005,3.093602457379996,-15.064676658163268,15.218946015122306
7.32,3.097728928979118,-15.085163221001233,15.215587318219676
7.33,3.1018466502980546,-15.10562941203985,15.212229211829559
7.34,3.1059555907698106,-15.126074951142991,15.208871696979473
7.3500000000000005,3.1100557203009833,-15.146499561127003,15.205514774741742
7.36,3.114147008734936,-15.166902963879842,15.20215844617996
7.37,3.1182294258525567,-15.187284880365468,15.198802712349067
7.38,3.122302941373013,-15.2076450306282,15.195447574295434
7.390000000000001,3.126367524954507,-15.227983133797089,15.192093033056928
7.4,3.1304231461950316,-15.248298908090295,15.188739089663004
7.41,3.134469774633127,-15.268592070819448,15.185385745134768
7.42,3.138507379748636,-15.28886233839403,15.18203300048507
7.43,3.1425359309634593,-15.309109426325737,15.178680856718564
7.44,3.146555397642313,-15.329333049232854,15.175329314831803
7.45,3.150565749093482,-15.349532920844624,15.1719783758133
7.46,3.15456695653114,-15.36970876757291,15.168628040704569
7.47,3.158558988039148,-15.38986029367807,15.165278310443686
7.48,3.162541812671252,-15.409987209627444,15.161929185992749
7.49,3.1665153996237523,-15.430089226372186,15.15858066831222
7.5,3.1704797180483535,-15.450166054051975,15.155232758355169
7.51,3.1744347370531845,-15.470217402001214,15.151885457067355
7.5200000000000005,3.17838042570382,-15.490242978755228,15.148538765387315
7.53,3.1823167530242964,-15.510242492056456,15.145192684246451
7.54,3.186243687998137,-15.530215648860658,15.141847214569113
7.55,3.1901611995693697,-15.550162155343115,15.13850235727268
7.5600000000000005,3.194069256643548,-15.570081716904825,15.135158113267657
7.57,3.19796782808877,-15.589974038178704,15.131814483457752
7.58,3.2018568827367004,-15.609838823035783,15.128471468739965
7.59,3.2057363890652515,-15.629675773962457,15.125129069988661
7.6000000000000005,3.20960631327266,-15.649484588259533,15.121787287958734
7.61,3.213466626016589,-15.669264971361152,15.118446123624603
7.62,3.2173172958530336,-15.689016623875936,15.115105577850244
7.63,3.221158291295664,-15.708739245659908,15.111765651492796
7.640000000000001,3.2249895808164766,-15.728432535821952,15.108426345402632
7.65,3.2288111328464417,-15.748096192729282,15.105087660423427
7.66,3.2326229157761572,-15.767729914012918,15.101749597392224
7.67,3.2364248979564954,-15.78733339657315,15.098412157139501
7.68,3.240217047699254,-15.806906336584998,15.095075340489238
7.69,3.2439993332778068,-15.826448429503692,15.091739148258984
7.7,3.2477717229277516,-15.845959370070133,15.088403581259925
7.71,3.2515341848475625,-15.865438852316359,15.08506864029695
7.72,3.2552866871992383,-15.884886569571016,15.081734326168716
7.73,3.2590291977606416,-15.904302216287494,15.078400639610468
7.74,3.2627616840597593,-15.923685487350202,15.075067581316059
7.75,3.2664841147000203,-15.943036071148287,15.071735152155773
7.76,3.2701964576511693,-15.962353658528086,15.068403352895329
7.7700000000000005,3.273898680845618,-15.981637939681372,15.065072184293882
7.78,3.277590752178959,-16.00088860415154,15.061741647104066
7.79,3.281272639510478,-16.020105340839795,15.058411742072026
7.8,3.2849443106636658,-16.03928783801134,15.055082469937478
7.8100000000000005,3.2886057334267327,-16.05843578330156,15.051753831433741
7.82,3.2922568755531194,-16.07754886372221,15.048425827287794
7.83,3.2958977047620097,-16.096626765667597,15.045098458220306
7.84,3.299528188738844,-16.115669174920775,15.041771724945695
7.8500000000000005,3.3031482951358315,-16.134675776659723,15.03844562817216
7.86,3.3067579915724616,-16.153646255463535,15.035120168601736
7.87,3.310357247123687,-16.172580290383724,15.031795346899157
7.88,3.3139460297152863,-16.191477563592183,15.028471163746495
7.890000000000001,3.317524305955203,-16.21033776094858,15.025147619846743
7.9,3.321092043471892,-16.22916056425145,15.021824715874885
7.91,3.3246492098740226,-16.247945654697,15.018502452499733
7.92,3.328195772751337,-16.266692712884105,15.015180830383978
7.930000000000001,3.331731699675506,-16.285401418819394,15.011859850184216
7.94,3.335256958200985,-16.30407145192226,15.008539512550998
7.95,3.338771515865872,-16.322702491029922,15.005219818128854
7.96,3.342275340192766,-16.341294214402474,15.001900767556341
7.97,3.3457683986896205,-16.359846299727916,14.998582361466076
7.98,3.349250658850604,-16.378358424127203,14.995264600484765
7.99,3.352722088156954,-16.396830264159295,14.991947485233261
8.0,3.3561826540778363,-16.415261495826186,14.98863101632658
8.01,3.359632322622715,-16.433651819211022,14.985315194376145
8.02,3.363071059405281,-16.452000940401838,14.982000019988206
8.03,3.3664988324188396,-16.47030851561934,14.978685493762626
8.040000000000001,3.3699156105085986,-16.488574180331796,14.975371616294115
8.05,3.37332136086684,-16.506797613740673,14.972058388171856
8.06,3.376716050833005,-16.52497850300236,14.96874580997893
8.07,3.380099647970862,-16.543116516225517,14.965433882293395
8.08,3.3834721188462105,-16.561211337277363,14.962122605687526
8.09,3.386833430734659,-16.579262642236635,14.958811980730012
8.1,3.390183550946251,-16.597270095213567,14.95550200797741
8.11,3.3935224466475873,-16.615233372712346,14.952192687987244
8.120000000000001,3.396850085268519,-16.63315214585181,14.94888402129988
8.13,3.4001664336435087,-16.651026085215825,14.945576008468597
8.14,3.403471458849468,-16.668854861606125,14.942268650041411
8.15,3.406765128019166,-16.686638146154404,14.938961946556486
8.16,3.4100474086523507,-16.704375612160373,14.935655898487243
8.17,3.413318267671477,-16.722066929513268,14.93235050640895
8.18,3.4165776722143297,-16.73971176937443,14.92904577085889
8.19,3.419825589418694,-16.757309802905194,14.92574169237434
8.2,3.4230619862762404,-16.77486069423288,14.922438271353364
8.21,3.426286829971309,-16.79236411676006,14.919135508377602
8.22,3.4295000876258555,-16.80981974088605,14.915833403969252
8.23,3.4327017263589013,-16.82722723686892,14.912531958647715
8.24,3.435891713079635,-16.84458626585355,14.909231172782361
8.25,3.439070015008629,-16.861896502508426,14.905931046965202
8.26,3.4422365991824635,-16.87915761351112,14.902631581656694
8.27,3.4453914327044437,-16.896369268437162,14.899332777365002
8.28,3.448534482614921,-16.913531131709203,14.896034634489844
8.290000000000001,3.451665715984074,-16.93064287062601,14.89273715349372
8.3,3.454785099909234,-16.9477041551313,14.889440334896987
8.31,3.457892601453584,-16.964714652508675,14.886144179164715
8.32,3.460988187672405,-16.98167402965296,14.882848686755123
8.33,3.4640718256130767,-16.998581953070204,14.879553858119593
8.34,3.467143482315076,-17.01543808887769,14.876259693702655
8.35,3.4702031251945513,-17.032242107206528,14.872966193949411
8.36,3.47325072109877,-17.048993671376966,14.869673359287297
8.370000000000001,3.4762862370893433,-17.065692446864734,14.866381190141198
8.38,3.47930964022497,-17.08233809881396,14.86308968692924
8.39,3.4823208975605415,-17.098930292026814,14.859798850062786
8.4,3.485319976147133,-17.115468690963514,14.856508679946437
8.41,3.488306843226223,-17.131952965594063,14.85321917702198
8.42,3.4912814661760003,-17.148382789780474,14.849930341756254
8.43,3.4942438118611205,-17.164757821684823,14.846642174493944
8.44,3.4971938473935653,-17.181077726694113,14.84335467562982
8.45,3.5001315398879536,-17.197342170047694,14.84006784555334
8.46,3.503056856461541,-17.2135508168373,14.836781684648663
8.47,3.50596976423422,-17.229703332007027,14.833496193294636
8.48,3.5088702306895923,-17.24579938678388,14.830211371942962
8.49,3.5117582229424493,-17.26183864563191,14.826927220959629
8.5,3.5146337080903844,-17.277820772514318,14.823643740701026
8.51,3.5174966533297787,-17.293745432959042,14.82036093153905
8.52,3.520347025865061,-17.309612292442768,14.817078793841457
8.53,3.5231847929087077,-17.325421016390923,14.813797327971875
8.540000000000001,3.5260099208419136,-17.341171269990447,14.810516534568333
8.55,3.5288223793803053,-17.356862725549462,14.80723641333833
8.56,3.531622134131022,-17.372495044611593,14.803956965080976
8.57,3.5344091524417127,-17.38806789316763,14.80067819012981
8.58,3.5371834016600263,-17.40358093720838,14.797400088818371
8.59,3.5399448491336116,-17.41903384272463,14.7941226614802
8.6,3.5426934622101167,-17.434426275707185,14.790845908448837
8.61,3.5454292086849097,-17.449757908753966,14.787569830012472
8.620000000000001,3.548152056100595,-17.465028410732824,14.784294426484898
8.63,3.550861971462037,-17.480237442575955,14.78101969823438
8.64,3.553558922144251,-17.49538467067803,14.77774564559168
8.65,3.5562428755222535,-17.510469761433697,14.774472268887568
8.66,3.5589137989710595,-17.525492381237623,14.771199568452811
8.67,3.561571659865685,-17.540452196484466,14.76792754461818
8.68,3.5642164255811455,-17.55534887356889,14.76465619771444
8.69,3.566848063492457,-17.570182078885544,14.761385528072362
8.700000000000001,3.569466541149456,-17.58495148071856,14.758115536002801
8.71,3.5720718292595985,-17.59965678147951,14.754846221457015
8.72,3.5746638930188848,-17.614297624012327,14.751577585013926
8.73,3.577242699953861,-17.628873676349404,14.748309626987046
8.74,3.579808217591073,-17.64338460652313,14.745042347689886
8.75,3.582360413457067,-17.6578300825659,14.741775747435955
8.76,3.584899255078387,-17.672209772510108,14.738509826538769
8.77,3.58742470998158,-17.686523344388142,14.735244585311833
8.78,3.5899367471772163,-17.70077048159843,14.731980023897998
8.790000000000001,3.592435336587464,-17.71495087697837,14.728716142335278
8.8,3.5949204436749715,-17.729064177190146,14.725452941174531
8.81,3.597392036166753,-17.743110052341848,14.722190420706218
8.82,3.59985008178982,-17.757088172541557,14.718928581220792
8.83,3.602294548271185,-17.770998207897364,14.715667423008714
8.84,3.604725403337861,-17.78483982851736,14.712406946360439
8.85,3.6071426147168615,-17.798612704509623,14.709147151566423
8.86,3.6095461529141817,-17.812316538206463,14.705888038657386
8.870000000000001,3.611935986063272,-17.825951004428884,14.702629607885797
8.88,3.614312080943509,-17.839515762296486,14.699371859630684
8.89,3.616674405563009,-17.85301048517695,14.69611479415623
8.9,3.6190229279298887,-17.86643484643794,14.692858411726622
8.91,3.6213576160522627,-17.879788519447136,14.689602712606039
8.92,3.6236784386422736,-17.8930711876913,14.686347696967017
8.93,3.6259853651726406,-17.9062825455891,14.68309336488307
8.94,3.628278362645034,-17.919422252042402,14.679839716749406
8.950000000000001,3.630557399219655,-17.93248998260482,14.676586752810408
8.96,3.6328224430567038,-17.945485412829957,14.673334473310463
8.97,3.635073462316381,-17.95840821827143,14.670082878493957
8.98,3.6373104251719495,-17.97125807465331,14.666831968604459
8.99,3.6395333042580997,-17.98403471592119,14.66358174360782
9.0,3.6417420652255412,-17.9967377848799,14.66033220390464
9.01,3.6439366765046044,-18.009366960608222,14.657083349722486
9.02,3.646117106525618,-18.021921922184944,14.653835181288931
9.03,3.648283323718912,-18.03440234868885,14.650587698831545
9.040000000000001,3.650435296514815,-18.04680791919873,14.647340902577895
9.05,3.6525729978281736,-18.059138377507868,14.644094792486507
9.06,3.6546963917715503,-18.071393340386855,14.640849369043991
9.07,3.6568054491283544,-18.083572520870952,14.637604632336746
9.08,3.6589001384185735,-18.095675599332782,14.634360582586963
9.09,3.660980428203237,-18.107702256737216,14.631117220014369
9.1,3.6630462870844163,-18.11965217464137,14.627874544836232
9.11,3.66509768469877,-18.131525050393126,14.624632557217655
9.120000000000001,3.667134591544854,-18.14332059448935,14.62139125728022
9.13,3.669156975428316,-18.15503847619746,14.618150645279803
9.14,3.671164805527172,-18.166678385742667,14.614910721403225
9.15,3.6731580510957964,-18.17824001448268,14.611671485833076
9.16,3.6751366814649193,-18.189723054907695,14.608432938747718
9.17,3.677100666041631,-18.20112720064042,14.605195080321282
9.18,3.679049974731815,-18.21245215439186,14.60195791075633
9.19,3.6809845770126897,-18.223697610494323,14.598721430212155
9.200000000000001,3.6829044425218376,-18.23486326599475,14.595485638850311
9.21,3.6848095410421418,-18.24594882037098,14.592250536833456
9.22,3.686699842438645,-18.2569539743426,14.589016124320466
9.23,3.6885753166585484,-18.267878429870944,14.585782401466437
9.24,3.690435932744795,-18.27872187682862,14.582549368451607
9.25,3.692281658330432,-18.289483986166296,14.579317025496188
9.26,3.6941124648314823,-18.300164480089375,14.57608537270809
9.27,3.695928322031214,-18.310763058869572,14.57285441024173
9.28,3.697729199752594,-18.321279423446555,14.569624138248992
9.290000000000001,3.6995150678582873,-18.331713275427926,14.566394556879223
9.3,3.701285896250658,-18.342064317089225,14.563165666279232
9.31,3.703041655224442,-18.35233225562003,14.559937466644444
9.32,3.704782314734654,-18.362516794309727,14.556709958112721
9.33,3.7065078447843747,-18.372617637216393,14.553483140820601
9.34,3.708218215498608,-18.382634490055995,14.550257014914015
9.35,3.7099133970473437,-18.392567059276107,14.54703158053712
9.36,3.7115933596455615,-18.40241505205593,14.54380683783231
9.370000000000001,3.7132580741389574,-18.41217818631084,14.540582786943599
9.38,3.714907512896656,-18.421856205940358,14.537359428021796
9.39,3.7165416452723394,-18.4314488033019,14.534136761198218
9.4,3.718160442026825,-18.440955694750684,14.5309147866103
9.41,3.7197638739976187,-18.450376597915,14.527693504393897
9.42,3.721351912098914,-18.459711231696218,14.524472914683276
9.43,3.7229245273215934,-18.468959316268787,14.52125301761112
9.44,3.7244816895452044,-18.47812056111162,14.51803381330759
9.450000000000001,3.726023369838946,-18.48719468818912,14.514815301902141
9.46,3.727549539562078,-18.496181422888405,14.511597483522811
9.47,3.7290601697771377,-18.50508048810775,14.50838035829576
9.48,3.7305552316037796,-18.513891607821364,14.505163926345542
9.49,3.7320346962187747,-18.52261450707935,14.501948187795117
9.5,3.733498534680373,-18.53124890802038,14.498733142766412
9.51,3.734946717372545,-18.53979451725507,14.495518791382136
9.52,3.736379216073526,-18.548251072825586,14.492305133759046
9.53,3.7377960020430994,-18.556618300783516,14.489092170014175
9.540000000000001,3.739197046585498,-18.564895927968802,14.485879900262988
9.55,3.7405823210494034,-18.57308368200973,14.482668324619404
9.56,3.74195179682795,-18.58118129132294,14.47945744319577
9.57,3.7433054470627902,-18.58918851312045,14.47624725611021
9.58,3.744643243622365,-18.59710508374634,14.473037763473613
9.59,3.7459651577061055,-18.604930728607055,14.469828965392255
9.6,3.747271161256093,-18.612665185372563,14.466620861973846
9.61,3.7485612262899077,-18.620308193011475,14.46341345332467
9.620000000000001,3.7498353249006278,-18.627859491791035,14.46020673954959
9.63,3.751093429256113,-18.635318825496398,14.457000720753598
9.64,3.752335511594489,-18.642685955378347,14.453795397051596
9.65,3.7535615442381114,-18.649960617009334,14.450590768538145
9.66,3.7547714995811803,-18.657142558549346,14.447386835314294
9.67,3.7559653500933186,-18.664231529693183,14.444183597479833
9.68,3.7571430683195723,-18.671227281670465,14.440981055133294
9.69,3.7583046268804083,-18.67812956724563,14.437779208371946
9.700000000000001,3.7594499974033404,-18.684938118748622,14.434578057298808
9.71,3.760579152208737,-18.69165268274064,14.431377602011587
9.72,3.761692064444505,-18.69827302278366,14.4281778426018
9.73,3.7627887067746246,-18.704798892472446,14.424978779163368
9.74,3.7638690519167937,-18.71123004649025,14.4217804117891
9.75,3.7649330726424286,-18.717566240608825,14.418582740570683
9.76,3.765980741873206,-18.72380723245646,14.415385765599284
9.77,3.767012034085618,-18.72995279269152,14.412189486974215
9.78,3.7680269214751276,-18.7360026744874,14.408993904779264
9.790000000000001,3.7690253772445734,-18.741956639692575,14.405799019102984
9.8,3.7700073746695657,-18.747814451395595,14.40260483003293
9.81,3.7709728870984867,-18.753575873925087,14.399411337655655
9.82,3.771921887952489,-18.75924067284975,14.396218542056715
9.83,3.772854351242742,-18.76480863758919,14.393026443325626
9.84,3.773770250893093,-18.770279551804755,14.389835041549363
9.85,3.7746695603536993,-18.775653176509973,14.386644336808667
9.86,3.775552253487671,-18.78092928882903,14.38345432918654
9.870000000000001,3.7764183042440274,-18.78610766770054,14.380265018765106
9.88,3.7772676866576966,-18.791188093877533,14.37707640562562
9.89,3.778100374500699,-18.796170346096126,14.373888489850462
9.9,3.778916340730837,-18.801054195020114,14.370701271526288
9.91,3.7797155602097114,-18.8058394330949,14.367514750728471
9.92,3.7804980070807574,-18.810525845748565,14.364328927536118
9.93,3.781263655552306,-18.815113219992792,14.361143802027575
9.94,3.782012479897583,-18.81960134442287,14.357959374280442
9.950000000000001,3.782744454454709,-18.82399000921769,14.35477564437156
9.96,3.7834595537941254,-18.82827897305202,14.351592612385478
9.97,3.7841577523216388,-18.832468041545553,14.348410278394391
9.98,3.7848390245875083,-18.83655700617867,14.345228642473767
9.99,3.785503345215169,-18.84054565837925,14.342047704698732
