t,VPF1,PPR1
0.0,0.0123238,0.419998
0.01,0.012329102630881543,0.4199983244673353
0.02,0.012334356509730108,0.41999818577972126
0.03,0.0123395620647646,0.41999758901861417
0.04,0.012344719783452288,0.41999653995646974
0.05,0.012349829911234724,0.4199950414609681
0.06,0.012354892942146003,0.41999309936085266
0.07,0.012359909348184362,0.41999071923362385
0.08,0.012364879601348043,0.4199879066567821
0.09,0.012369804173635288,0.41998466720782784
0.1,0.012374683537044339,0.41998100646426145
0.11,0.012379518120465024,0.41997692946473836
0.12,0.01238430818989761,0.41997243921183197
0.13,0.01238905413278936,0.4199675402261753
0.14,0.012393756353986925,0.4199622372458894
0.15,0.012398415258336959,0.4199565350090954
0.16,0.012403031250686113,0.4199504382539146
0.17,0.012407604735881034,0.41994395171846804
0.18,0.012412136081872756,0.419937079648799
0.19,0.012416625616332956,0.4199298257537439
0.2,0.012421073716083364,0.41992219439765477
0.21,0.012425480758805854,0.41991418995635543
0.22,0.012429847122182295,0.4199058168056695
0.23,0.012434173183894557,0.4198970793214209
0.24,0.012438459026483849,0.41988797798772337
0.25,0.012442705701327729,0.4198785260637179
0.26,0.012446913037212345,0.41986872068751707
0.27,0.012451081405820245,0.4198585661558379
0.28,0.01245521117514005,0.4198480667166894
0.29,0.012459302709466451,0.41983722656937267
0.3,0.012463356369400214,0.4198260498644808
0.31,0.01246737250736865,0.41981454064604157
0.32,0.012471351427270915,0.41980270233029654
0.33,0.012475293451899511,0.4197905385765161
0.34,0.012479198909388992,0.41977805311197147
0.35000000000000003,0.012483068122855339,0.4197652495981167
0.36,0.01248690141039596,0.4197521316305888
0.37,0.01249069908508969,0.4197387027392078
0.38,0.012494461454996794,0.4197249663879768
0.39,0.012498188823158958,0.4197109259750816
0.4,0.012501881487599302,0.4196965848328911
0.41000000000000003,0.012505539741322371,0.4196819462279571
0.42,0.012509163872314133,0.4196670133610146
0.43,0.012512754189381416,0.4196517897217348
0.44,0.01251631101545914,0.4196362789968397
0.45,0.012519834640346615,0.4196204844212109
0.46,0.012523325349927646,0.4196044091790573
0.47000000000000003,0.01252678342636171,0.41958805640653946
0.48,0.012530209148083941,0.41957142919176976
0.49,0.01253360278980515,0.4195545305748123
0.5,0.0125369646225118,0.419537363547683
0.51,0.01254029491346603,0.41951993105434954
0.52,0.012543593926205642,0.41950223599073133
0.53,0.012546861920544099,0.41948428120469955
0.54,0.012550099157430971,0.41946606956220706
0.55,0.012553305929694374,0.41944760436556255
0.56,0.012556482505821445,0.4194288885885217
0.5700000000000001,0.012559629144924983,0.41940992507991903
0.58,0.012562746103451513,0.4193907166549369
0.59,0.012565833635181291,0.4193712660951048
0.6,0.012568891991228296,0.4193515761483
0.61,0.012571921420040237,0.41933164952874713
0.62,0.012574922167398549,0.4193114889170184
0.63,0.012577894476418394,0.4192910969600334
0.64,0.012580838587548663,0.4192704762710594
0.65,0.012583754738571973,0.4192496294297109
0.66,0.012586643171683162,0.41922855908323825
0.67,0.012589504129447256,0.41920726788868895
0.68,0.012592337845651934,0.4191857583820128
0.6900000000000001,0.012595144551724988,0.41916403306989114
0.7000000000000001,0.012597924476736938,0.4191420944297746
0.71,0.012600677847401043,0.4191199449098829
0.72,0.012603404888073278,0.4190975869292048
0.73,0.012606105820752361,0.41907502287749804
0.74,0.012608780865079732,0.4190522551152897
0.75,0.012611430238339558,0.41902928597387584
0.76,0.012614054155458744,0.41900611775532154
0.77,0.012616652798222695,0.418982752306716
0.78,0.012619226465178617,0.4189591930933315
0.79,0.012621775320215117,0.4189354417214851
0.8,0.012624299573752691,0.41891150044439884
0.81,0.012626799433916562,0.41888737148692123
0.8200000000000001,0.012629275106561354,0.4188630570458687
0.8300000000000001,0.012631726795295782,0.4188385592903668
0.84,0.012634154701507333,0.4188138803621917
0.85,0.012636559024386942,0.4187890223761113
0.86,0.012638939960953681,0.4187639874202269
0.87,0.012641297706079439,0.4187387775563144
0.88,0.012643632452525122,0.41871339482032144
0.89,0.012645944398125279,0.4186878413196665
0.9,0.012648233739367762,0.41866211914630386
0.91,0.012650500665599836,0.4186362302982719
0.92,0.012652745364380675,0.41861017675218204
0.93,0.012654968021513988,0.41858396046366736
0.9400000000000001,0.012657168821080656,0.418557583367832
0.9500000000000001,0.012659347945471362,0.4185310473796997
0.96,0.01266150557541922,0.4185043543946632
0.97,0.012663641890032402,0.4184775062889331
0.98,0.012665757066826775,0.41845050491998664
0.99,0.012667851281758529,0.41842335212701703
1.0,0.012669924709256805,0.41839604973138206
1.01,0.012671977522256335,0.41836859953705346
1.02,0.012674009892230055,0.4183410033310658
1.03,0.012676021989221757,0.41831326288396503
1.04,0.012678013981878703,0.4182853799502583
1.05,0.012679986037484261,0.4182573562688622
1.06,0.012681938321990542,0.41822919356355215
1.07,0.012683870999391708,0.41820089353228007
1.08,0.012685784230414032,0.4181724578249565
1.09,0.012687678176328994,0.4181438881077256
1.1,0.01268955299734814,0.41811518603576353
1.11,0.012691408852454577,0.4180863532503313
1.12,0.012693245899433622,0.41805739137919073
1.1300000000000001,0.012695064294903432,0.4180283020370196
1.1400000000000001,0.012696864194345639,0.4179990868258266
1.1500000000000001,0.012698645752135992,0.4179697473353672
1.16,0.012700409121574989,0.4179402851435587
1.17,0.012702154454918515,0.4179107018168954
1.18,0.012703881903408471,0.41788099891086417
1.19,0.01270559161730343,0.4178511779703597
1.2,0.012707283745909246,0.4178212405300998
1.21,0.012708958437609712,0.4177911881150406
1.22,0.012710615839897188,0.4177610222407921
1.23,0.012712256099403236,0.41773074441403324
1.24,0.012713879361929258,0.4177003561329275
1.25,0.012715485771812295,0.41766985887824204
1.26,0.012717075455321063,0.41763925388117407
1.27,0.012718648544015674,0.4176085424499592
1.28,0.012720205175084385,0.4175777259745668
1.29,0.012721745484574372,0.41754680583203807
1.3,0.012723269607406789,0.4175157833866835
1.31,0.012724777677391868,0.4174846599902808
1.32,0.012726269827243997,0.41745343698227305
1.33,0.0127277461885968,0.4174221156899662
1.34,0.01272920689201822,0.417390697428727
1.35,0.012730652067025606,0.417359183502181
1.36,0.012732081842100795,0.4173275752024102
1.37,0.012733496344705194,0.4172958738101511
1.3800000000000001,0.012734895701294862,0.4172640805949923
1.3900000000000001,0.012736280037335594,0.41723219681557266
1.4000000000000001,0.012737649477318005,0.4172002237197787
1.41,0.01273900414477261,0.41716816254494304
1.42,0.012740344162284915,0.4171360145180418
1.43,0.012741669651510485,0.4171037808558924
1.44,0.012742980731295985,0.41707146273766454
1.45,0.012744277517305285,0.4170390612993916
1.46,0.012745560127245686,0.4170065777103452
1.47,0.012746828677933373,0.4169740131301154
1.48,0.012748083285227611,0.4169413687076259
1.49,0.01274932406404247,0.4169086455812831
1.5,0.012750551128358536,0.41687584487912444
1.51,0.01275176459123463,0.4168429677189672
1.52,0.012752964564819527,0.41681001520855704
1.53,0.012754151160363682,0.4167769884457169
1.54,0.012755324488230935,0.4167438885184955
1.55,0.012756484657910242,0.41671071650531594
1.56,0.01275763177802738,0.41667747347512446
1.57,0.012758765956356683,0.4166441604875392
1.58,0.012759887299832743,0.4166107785929988
1.59,0.012760995914562137,0.4165773288329107
1.6,0.012762091905835148,0.4165438122398006
1.61,0.012763175378137476,0.4165102298374603
1.62,0.012764246434851294,0.4164765826367328
1.6300000000000001,0.01276530517605219,0.41644287160454974
1.6400000000000001,0.012766351702602473,0.41640909772141427
1.6500000000000001,0.012767386115089964,0.4163752619664788
1.6600000000000001,0.01276840851329104,0.416341365309986
1.67,0.012769418996180183,0.416307408713387
1.68,0.012770417661939511,0.4162733931294593
1.69,0.01277140460796832,0.41623931950242504
1.7,0.012772379930892622,0.41620518876806883
1.71,0.012773343726574685,0.41617100185385586
1.72,0.01277429609012257,0.41613675967905006
1.73,0.012775237115899668,0.41610246315483207
1.74,0.012776166897534249,0.41606811318441717
1.75,0.012777085527928986,0.4160337106631735
1.76,0.012777993099270503,0.4159992564787401
1.77,0.012778889703038913,0.4159647515111448
1.78,0.012779775430017359,0.41593019663292247
1.79,0.012780650370301544,0.41589559270923293
1.8,0.012781514607647152,0.4158609405229469
1.81,0.012782368242071834,0.4158262410741497
1.82,0.012783211351987617,0.4157914950783277
1.83,0.01278404402423448,0.41575670336435183
1.84,0.012784866344941003,0.41572186675335887
1.85,0.01278567839953364,0.41568698605886567
1.86,0.012786480272745891,0.41565206208688243
1.87,0.01278727204862736,0.4156170956360244
1.8800000000000001,0.012788053810552712,0.41558208749762215
1.8900000000000001,0.012788825641230529,0.4155470384558307
1.9000000000000001,0.012789587622712057,0.4155119492877369
1.9100000000000001,0.01279033983639984,0.41547682076346554
1.92,0.012791082363056261,0.41544165364628444
1.93,0.012791815282811975,0.41540644869270726
1.94,0.012792538675174223,0.415371206652596
1.95,0.012793252619035066,0.4153359282692612
1.96,0.012793957192679482,0.4153006142795613
1.97,0.012794652473793392,0.4152652654140003
1.98,0.012795338539471549,0.41522988239682407
1.99,0.01279601546575932,0.4151944659397701
2.0,0.012796683326580717,0.4151590167274595
2.0100000000000002,0.01279734219671293,0.4151235354578887
2.02,0.01279799215052003,0.41508802282517593
2.0300000000000002,0.012798633261779782,0.4150524795171917
2.04,0.012799265603689594,0.41501690621562914
2.05,0.012799889248872291,0.4149813035960715
2.06,0.012800504269381799,0.4149456723280585
2.07,0.012801110736708681,0.4149100130751511
2.08,0.012801708721785543,0.4148743264949938
2.09,0.01280229829499232,0.4148386132393764
2.1,0.012802879526161427,0.4148028739542928
2.11,0.012803452484582775,0.414767109279999
2.12,0.012804017239008671,0.4147313198510688
2.13,0.012804573857658588,0.41469550629644825
2.14,0.012805122408223782,0.4146596692395078
2.15,0.012805662957871815,0.4146238092980935
2.16,0.012806195573250927,0.4145879270845756
2.17,0.012806720320494274,0.41455202320589624
2.18,0.012807237265224059,0.41451609826361474
2.19,0.012807746472555516,0.41448015285395184
2.2,0.012808248007100767,0.4144441875678315
2.21,0.012808741932972559,0.4144082029909216
2.22,0.012809228313787854,0.4143721997036726
2.23,0.01280970721267132,0.4143361782813544
2.24,0.012810178692258652,0.4143001392940918
2.25,0.012810642814699803,0.414264083306898
2.2600000000000002,0.012811099641085254,0.41422801087275785
2.27,0.012811549231642625,0.414191922534991
2.2800000000000002,0.012811991646842782,0.4141558188405706
2.29,0.012812426946670596,0.41411970033133344
2.3000000000000003,0.012812855190620719,0.4140835675439221
2.31,0.012813276437699264,0.4140474210097999
2.32,0.012813690746425356,0.4140112612552628
2.33,0.012814098174832532,0.41397508880144984
2.34,0.012814498780470002,0.413938904164352
2.35,0.012814892620403768,0.41390270785481825
2.36,0.0128152797512176,0.4138665003785612
2.37,0.012815660229013863,0.4138302822361593
2.38,0.01281603410941422,0.41379405392305807
2.39,0.012816401447560168,0.41375781592956934
2.4,0.01281676229811345,0.4137215687408685
2.41,0.01281711671525632,0.41368531283698995
2.42,0.01281746475269166,0.41364904869282026
2.43,0.012817806463642964,0.4136127767780903
2.44,0.012818141900854164,0.4135764975573646
2.45,0.012818471116589339,0.41354021149002945
2.46,0.012818794162632255,0.41350391903027883
2.47,0.012819111090285776,0.41346762062709835
2.48,0.012819421950371135,0.4134313167242478
2.49,0.012819726793227055,0.41339500776024124
2.5,0.012820025668708731,0.4133586941683256
2.5100000000000002,0.01282031862618667,0.4133223763764571
2.52,0.012820605714698055,0.413286054809334
2.5300000000000002,0.012820886988040294,0.4132497299570433
2.54,0.012821162497746353,0.41321340228036946
2.5500000000000003,0.012821432292595915,0.41317707220419797
2.56,0.01282169642097915,0.4131407401493682
2.57,0.012821954930898912,0.41310440653269587
2.58,0.012822207869972903,0.4130680717669943
2.59,0.012822455285435744,0.41303173626109496
2.6,0.01282269722414099,0.4129954004198676
2.61,0.012822933732563071,0.4129590646442384
2.62,0.012823164856799176,0.41292272933120877
2.63,0.012823390642571063,0.41288639487387163
2.64,0.012823611135226802,0.41285006166142846
2.65,0.01282382637974245,0.41281373007920413
2.66,0.012824036420723666,0.41277740050866163
2.67,0.012824241302407256,0.4127410733274158
2.68,0.012824441068662637,0.412704748909246
2.69,0.01282463576299326,0.41266842762410827
2.7,0.012824825428537944,0.412632109838146
2.71,0.012825010108072155,0.4125957959137006
2.72,0.01282518984400921,0.41255948620932054
2.73,0.012825364678401424,0.41252318107977
2.74,0.012825534652941173,0.4124868808760362
2.75,0.012825699808961914,0.4124505859453367
2.7600000000000002,0.012825860187439114,0.4124142966311246
2.77,0.012826015828991129,0.4123780132730942
2.7800000000000002,0.012826166773880007,0.4123417362071848
2.79,0.012826313062415676,0.4123054657710436
2.8000000000000003,0.012826454736842276,0.41226920232954645
2.81,0.012826591837311547,0.4122329462203002
2.82,0.012826724403256422,0.412196697772225
2.83,0.01282685247380073,0.41216045731109147
2.84,0.012826976087761384,0.4121242251595445
2.85,0.012827095283650556,0.4120880016371257
2.86,0.012827210099677813,0.41205178706029627
2.87,0.012827320573752209,0.4120155817424586
2.88,0.012827426743484348,0.41197938599397826
2.89,0.012827528646188413,0.4119432001222049
2.9,0.012827626318884157,0.41190702443149324
2.91,0.01282771979829886,0.41187085922322303
2.92,0.012827809120869253,0.4118347047958193
2.93,0.012827894322743397,0.41179856144477145
2.94,0.012827975439782547,0.4117624294626525
2.95,0.012828052507562955,0.41172630913913755
2.96,0.012828125561377662,0.411690200761022
2.97,0.012828194636238237,0.4116541046122391
2.98,0.01282825976687649,0.41161802097387745
2.99,0.012828320987746146,0.4115819501241976
3.0,0.012828378333024495,0.41154589233864874
3.0100000000000002,0.01282843183661398,0.4115098478898844
3.02,0.012828481532143788,0.411473817047778
3.0300000000000002,0.012828527452971363,0.4114378000794385
3.04,0.012828569632183926,0.41140179724922415
3.0500000000000003,0.012828608102599929,0.4113658088187576
3.06,0.012828642897012563,0.4113298350503786
3.0700000000000003,0.012828674048296285,0.4112938762086511
3.08,0.012828701588618376,0.41125793254915494
3.09,0.01282872554987576,0.4112220043246861
3.1,0.012828745963713759,0.41118609178551646
3.11,0.012828762861527756,0.41115019517941165
3.12,0.012828776274464847,0.41111431475164817
3.13,0.01282878623342546,0.4110784507450304
3.14,0.012828792769064935,0.4110426033999072
3.15,0.012828795911795102,0.4110067729541883
3.16,0.012828795691785798,0.41097095964336017
3.17,0.012828792138966387,0.41093516370050176
3.18,0.01282878528302724,0.4108993853562998
3.19,0.012828775153421169,0.4108636248390636
3.2,0.012828761779364874,0.4108278823747401
3.21,0.01282874518984032,0.41079215818692794
3.22,0.012828725413596118,0.4107564524968914
3.23,0.012828702479148859,0.41072076552357445
3.24,0.012828676414784424,0.41068509748361365
3.25,0.012828647248559276,0.41064944859135155
3.2600000000000002,0.012828615008301713,0.4106138190588491
3.27,0.012828579721613095,0.4105782090958983
3.2800000000000002,0.012828541415869053,0.41054261891003413
3.29,0.012828500118220657,0.41050704870654614
3.3000000000000003,0.01282845585559556,0.41047149868849003
3.31,0.012828408654699126,0.41043596905669866
3.3200000000000003,0.012828358542019021,0.41040046000983404
3.33,0.012828305544487452,0.4103649717521742
3.34,0.01282824968877354,0.41032950448528815
3.35,0.012828191000898052,0.41029405840350275
3.36,0.012828129506679371,0.4102586336991457
3.37,0.01282806523173506,0.4102232305625618
3.38,0.012827998201483394,0.41018784918212914
3.39,0.012827928441144894,0.4101524897442746
3.4,0.012827855975743825,0.4101171524334899
3.41,0.012827780830109691,0.4100818374323467
3.42,0.012827703028878713,0.410046544921512
3.43,0.012827622596495275,0.41001127507976304
3.44,0.01282753955721337,0.40997602808400235
3.45,0.01282745393509802,0.4099408041092722
3.46,0.012827365754026689,0.409905603328769
3.47,0.012827275037690657,0.40987042591385764
3.48,0.012827181809596404,0.40983527203408554
3.49,0.012827086093066964,0.4098001418571964
3.5,0.012826987911243256,0.4097650355491438
3.5100000000000002,0.012826887287085411,0.4097299532741047
3.52,0.012826784243374073,0.4096948951944928
3.5300000000000002,0.01282667880271169,0.4096598614709713
3.54,0.012826570987523777,0.4096248522624658
3.5500000000000003,0.012826460820060179,0.4095898677261771
3.56,0.012826348322396297,0.40955490801759353
3.5700000000000003,0.012826233516434317,0.40951997329050316
3.58,0.012826116423904403,0.40948506369700577
3.59,0.012825997066372344,0.40945017938765854
3.6,0.012825875465300278,0.4094153205127241
3.61,0.012825751641941744,0.40938048721997955
3.62,0.01282562561736685,0.40934567965522684
3.63,0.01282549741248068,0.4093108979626624
3.64,0.01282536704802443,0.409276142284889
3.65,0.012825234544576566,0.40924141276292736
3.66,0.012825099922553915,0.4092067095362277
3.67,0.012824963202212793,0.40917203274268105
3.68,0.012824824403650077,0.40913738251863035
3.69,0.01282468354680428,0.4091027589988816
3.7,0.01282454065145661,0.4090681623167145
3.71,0.012824395737232,0.40903359260389294
3.72,0.012824248823600141,0.4089990499906756
3.73,0.012824099929876483,0.40896453460582627
3.74,0.012823949075223225,0.40893004657662363
3.75,0.012823796278650294,0.40889558602887127
3.7600000000000002,0.012823641559016297,0.4088611530869074
3.77,0.012823484935029475,0.40882674787361445
3.7800000000000002,0.012823326425248617,0.4087923705104281
3.79,0.01282316604808398,0.4087580211173468
3.8000000000000003,0.012823003821798178,0.40872369981294054
3.81,0.012822839764507063,0.4086894067143595
3.8200000000000003,0.012822673894180589,0.408655141937343
3.83,0.012822506228643652,0.4086209055962276
3.84,0.012822336785576932,0.40858669780395557
3.85,0.012822165582517694,0.40855251867208286
3.86,0.012821992637012215,0.4085183683125977
3.87,0.012821817966840393,0.4084842468406018
3.88,0.01282164158922884,0.4084501543649102
3.89,0.012821463521231808,0.40841609099259935
3.9,0.01282128377976842,0.4083820568294501
3.91,0.01282110238162351,0.4083480519799561
3.92,0.01282091934344847,0.40831407654733215
3.93,0.012820734681762052,0.4082801306335227
3.94,0.01282054841295119,0.4082462143392094
3.95,0.01282036055327178,0.40821232776381944
3.96,0.01282017111884946,0.40817847100553295
3.97,0.012819980125680367,0.40814464416129076
3.98,0.012819787589631896,0.40811084732680153
3.99,0.01281959352644342,0.4080770805965494
4.0,0.012819397951727018,0.4080433440638006
4.01,0.012819200880968173,0.40800963782061056
4.0200000000000005,0.012819002329526468,0.4079759619578308
4.03,0.012818802312636258,0.4079423165651153
4.04,0.012818600845407332,0.40790870173092697
4.05,0.012818397942825558,0.40787511754254385
4.0600000000000005,0.01281819361975352,0.4078415640860654
4.07,0.012817987890931132,0.40780804144641836
4.08,0.012817780770976245,0.4077745497073623
4.09,0.012817572274385234,0.4077410889514957
4.1,0.012817362415533572,0.4077076592602607
4.11,0.012817151208676394,0.40767426071394924
4.12,0.012816938667949042,0.40764089339170745
4.13,0.012816724807367594,0.4076075573715411
4.14,0.012816509640829388,0.4075742527303201
4.15,0.01281629318211352,0.4075409795437834
4.16,0.01281607544488133,0.4075077378865431
4.17,0.012815856442676885,0.4074745278320892
4.18,0.012815636188927431,0.4074413494527936
4.19,0.012815414696943845,0.40740820281991386
4.2,0.012815191979921061,0.40737508800359734
4.21,0.01281496805093849,0.40734200507288476
4.22,0.01281474292296042,0.40730895409571366
4.23,0.012814516608837269,0.40727593513893195
4.24,0.012814289122323295,0.40724294828023805
4.25,0.012814060477091093,0.4072099935966161
4.26,0.012813830685871296,0.4071770711542407
4.2700000000000005,0.01281359976129337,0.40714418101834104
4.28,0.0128133677158863,0.40711132325320787
4.29,0.012813134562079245,0.4070784979221999
4.3,0.012812900312202192,0.4070457050877505
4.3100000000000005,0.012812664978486614,0.40701294481137423
4.32,0.012812428573066099,0.40698021715367283
4.33,0.012812191107976975,0.4069475221743417
4.34,0.012811952595158936,0.4069148599321761
4.3500000000000005,0.012811713046455632,0.4068822304850767
4.36,0.012811472473615287,0.406849633890056
4.37,0.01281123088829127,0.40681707020324387
4.38,0.012810988302042683,0.4067845394798932
4.39,0.012810744726334927,0.40675204177438545
4.4,0.012810500172540252,0.40671957714023627
4.41,0.012810254651938321,0.40668714563010083
4.42,0.012810008175716732,0.4066547472957789
4.43,0.012809760754971564,0.40662238218822
4.44,0.01280951240070788,0.4065900503575289
4.45,0.012809263123840248,0.4065577518529697
4.46,0.012809012935193237,0.4065254867229715
4.47,0.012808761845501903,0.4064932550151326
4.48,0.01280850986541228,0.40646105677622524
4.49,0.012808257005481837,0.40642889205220006
4.5,0.01280800327617995,0.40639676088819066
4.51,0.012807748687888346,0.40636466332851756
4.5200000000000005,0.012807493250901547,0.4063325994166927
4.53,0.012807236975427301,0.4063005691954234
4.54,0.012806979871587005,0.4062685727066161
4.55,0.012806721949416112,0.40623660999138056
4.5600000000000005,0.012806463218864542,0.4062046810900334
4.57,0.012806203689797064,0.4061727860421017
4.58,0.012805943371993688,0.40614092488632675
4.59,0.012805682275150032,0.40610909766066716
4.6000000000000005,0.012805420408877687,0.4060773044023025
4.61,0.012805157782780744,0.4060455451485308
4.62,0.012804894407065386,0.4060138199439268
4.63,0.012804630291379963,0.40598212882671897
4.64,0.012804365445122316,0.40595047183239746
4.65,0.012804099877614349,0.4059188489957638
4.66,0.012803833598102533,0.4058872603509356
4.67,0.012803566615758382,0.4058557059313512
4.68,0.012803298939678938,0.40582418576977475
4.69,0.012803030578887238,0.40579269989830064
4.7,0.01280276154233278,0.405761248348358
4.71,0.012802491838891978,0.40572983115071537
4.72,0.012802221477368616,0.405698448335485
4.73,0.012801950466494284,0.40566709993212724
4.74,0.012801678814928812,0.40563578596945465
4.75,0.012801406531260705,0.40560450647563645
4.76,0.012801133624007555,0.4055732614782022
4.7700000000000005,0.012800860101616454,0.4055420510040463
4.78,0.012800585972464406,0.4055108750794314
4.79,0.012800311244858713,0.4054797337299928
4.8,0.012800035927037382,0.4054486269807418
4.8100000000000005,0.012799760027169487,0.4054175548560695
4.82,0.012799483553355567,0.4053865173797506
4.83,0.012799206513627974,0.40535551457494673
4.84,0.012798928915951248,0.4053245464642099
4.8500000000000005,0.012798650768222468,0.4052936130694861
4.86,0.012798372078271593,0.40526271441211836
4.87,0.012798092853861806,0.4052318505128501
4.88,0.012797813102689843,0.40520102139182823
4.89,0.012797532832386318,0.4051702270686062
4.9,0.012797252050516041,0.40513946756214714
4.91,0.01279697076457833,0.4051087428908263
4.92,0.012796688982007304,0.40507805307243455
4.93,0.01279640671017219,0.4050473981241806
4.94,0.0127961239563776,0.4050167780626939
4.95,0.012795840727863817,0.4049861929040271
4.96,0.01279555703180707,0.4049556426636587
4.97,0.01279527287531979,0.40492512735649533
4.98,0.012794988265450882,0.4048946469968743
4.99,0.012794703209415474,0.40486420160116493
5.0,0.012794417714729991,0.4048337911892979
5.01,0.012794131788369445,0.40480341577522044
5.0200000000000005,0.012793845437228538,0.4047730753721182
5.03,0.01279355866814485,0.4047427699926771
5.04,0.01279327148789919,0.4047124996490869
5.05,0.012792983903215972,0.40468226435304483
5.0600000000000005,0.012792695920763557,0.4046520641157589
5.07,0.012792407547154617,0.4046218989479515
5.08,0.012792118788946464,0.40459176885986275
5.09,0.012791829652641406,0.4045616738612538
5.1000000000000005,0.012791540144687068,0.40453161396140996
5.11,0.01279125027147673,0.4045015891691441
5.12,0.012790960039349646,0.4044715994927997
5.13,0.012790669454591355,0.40444164494025386
5.14,0.012790378523434015,0.4044117255189205
5.15,0.01279008725205668,0.4043818412357532
5.16,0.01278979564658563,0.40435199209724815
5.17,0.01278950371309465,0.40432217810944693
5.18,0.012789211457605323,0.40429239927793953
5.19,0.012788918886087325,0.40426265560786684
5.2,0.012788626004458693,0.40423294710392355
5.21,0.012788332818586105,0.4042032737703605
5.22,0.012788039334285153,0.4041736356109877
5.23,0.0127877455573206,0.40414403262917625
5.24,0.012787451493406642,0.40411446482786134
5.25,0.012787157148207162,0.4040849322095444
5.26,0.012786862527335977,0.40405543477629535
5.2700000000000005,0.012786567636357073,0.40402597252975503
5.28,0.01278627248078486,0.40399654547113756
5.29,0.012785977066084378,0.40396715360123214
5.3,0.012785681397671549,0.4039377969204055
5.3100000000000005,0.012785385480913378,0.40390847542860375
5.32,0.012785089321128179,0.4038791891253546
5.33,0.01278479292358578,0.40384993800976887
5.34,0.01278449629350773,0.40382072208054304
5.3500000000000005,0.012784199436067494,0.4037915413359604
5.36,0.01278390235639559,0.40376239577394685
5.37,0.012783605059999531,0.4037332853966307
5.38,0.012783307552242199,0.40370421020467806
5.39,0.012783009838188862,0.4036751701956309
5.4,0.012782711922862091,0.40364616536667514
5.41,0.012782413811242068,0.4036171957146439
5.42,0.012782115508266866,0.40358826123601965
5.43,0.012781817018832756,0.40355936192693775
5.44,0.012781518347794481,0.4035304977831888
5.45,0.012781219499965552,0.40350166880022165
5.46,0.012780920480118516,0.403472874973146
5.47,0.01278062129298524,0.40344411629673504
5.48,0.01278032194325718,0.40341539276542837
5.49,0.012780022435585656,0.4033867043733342
5.5,0.012779722774582107,0.4033580511142322
5.51,0.01277942296481836,0.4033294329815759
5.5200000000000005,0.012779123010826883,0.40330084996849547
5.53,0.012778822917101047,0.4032723020677996
5.54,0.012778522688095364,0.4032437892719785
5.55,0.012778222328225746,0.4032153115732059
5.5600000000000005,0.012777921841869738,0.4031868689633415
5.57,0.012777621233366763,0.40315846143393325
5.58,0.012777320507018354,0.4031300889762197
5.59,0.012777019667088392,0.40310175158113215
5.6000000000000005,0.012776718717803323,0.4030734492392968
5.61,0.012776417663352392,0.4030451819410368
5.62,0.012776116507887863,0.40301694967637464
5.63,0.012775815255525227,0.40298875243503396
5.64,0.012775513910343428,0.4029605902064416
5.65,0.01277521247638506,0.40293246297972973
5.66,0.012774910957656578,0.4029043707437377
5.67,0.012774609358128509,0.4028763134870138
5.68,0.012774307681735634,0.4028482911978175
5.69,0.01277400593237719,0.4028203038641209
5.7,0.012773704113917069,0.40279235147361064
5.71,0.01277340223018399,0.40276443401368994
5.72,0.012773100284971691,0.4027365514714798
5.73,0.012772798282039113,0.40270870383382107
5.74,0.01277249622514247,0.402680891087628
5.75,0.012772194118187448,0.40265311322156777
5.76,0.012771891964896052,0.40262537022238304
5.7700000000000005,0.01277158976892281,0.4025976620761746
5.78,0.012771287533890074,0.4025699887687903
5.79,0.012770985263388228,0.40254235028582724
5.8,0.012770682960975901,0.40251474661263376
5.8100000000000005,0.012770380630180166,0.4024871777343113
5.82,0.01277007827449674,0.40245964363571635
5.83,0.012769775897390182,0.40243214430146246
5.84,0.012769473502294086,0.402404679715922
5.8500000000000005,0.012769171092611284,0.40237724986322787
5.86,0.012768868671714017,0.4023498547272756
5.87,0.01276856624294413,0.4023224942917248
5.88,0.012768263809613257,0.4022951685400012
5.89,0.012767961375002992,0.402267877455298
5.9,0.012767658942365074,0.402240621020578
5.91,0.012767356514921556,0.4022133992185748
5.92,0.01276705409586497,0.4021862120317945
5.93,0.012766751688358507,0.4021590594425177
5.94,0.012766449295536168,0.4021319414328003
5.95,0.012766146920502935,0.4021048579844758
5.96,0.012765844566334924,0.40207780907915625
5.97,0.012765542236079536,0.4020507946982338
5.98,0.012765239932755622,0.40202381482288235
5.99,0.01276493765935362,0.40199686943405866
6.0,0.012764635418835704,0.4019699585125039
6.01,0.012764333214135927,0.4019430820387449
6.0200000000000005,0.012764031048160363,0.4019162399930954
6.03,0.012763728923787245,0.4018894323556574
6.04,0.012763426843867089,0.4018626591063223
6.05,0.012763124811222838,0.4018359202247723
6.0600000000000005,0.012762822828649979,0.4018092156904814
6.07,0.012762520898916673,0.40178254548271636
6.08,0.012762219024763878,0.40175590958053825
6.09,0.012761917208905462,0.40172930796280315
6.1000000000000005,0.01276161545402832,0.40170274060816347
6.11,0.012761313762792492,0.40167620749506866
6.12,0.012761012145464089,0.40164970868001254
6.13,0.012760710588744565,0.40162324397815263
6.140000000000001,0.01276040910405683,0.4015968134579539
6.15,0.012760107693982154,0.4015704170973605
6.16,0.01275980636107912,0.4015440548741566
6.17,0.012759505107883703,0.4015177267659669
6.18,0.012759203936909352,0.40149143275025767
6.19,0.012758902850647093,0.40146517280433736
6.2,0.0127586018515656,0.4014389469053574
6.21,0.012758300942111295,0.40141275503031304
6.22,0.012758000124708426,0.401386597156044
6.23,0.012757699401759158,0.40136047325923546
6.24,0.012757398775643665,0.4013343833164185
6.25,0.012757098248720207,0.40130832730397137
6.26,0.01275679782332523,0.4012823051981196
6.2700000000000005,0.012756497501773437,0.40125631697493747
6.28,0.012756197286357894,0.4012303626103482
6.29,0.012755897179350106,0.40120444208012523
6.3,0.012755597183000105,0.40117855535989255
6.3100000000000005,0.012755297299536537,0.40115270242512574
6.32,0.012754997531166753,0.40112688325115275
6.33,0.012754697880076899,0.4011010978131545
6.34,0.012754398348431992,0.4010753460861658
6.3500000000000005,0.012754098938376018,0.40104962804507605
6.36,0.012753799652032015,0.4010239436646301
6.37,0.012753500491502161,0.400998292919429
6.38,0.012753201458867859,0.40097267578393064
6.390000000000001,0.012752902556189832,0.4009470922324507
6.4,0.012752603785508201,0.4009215422391633
6.41,0.012752305148842574,0.40089602577810196
6.42,0.012752006648192142,0.40087054282316015
6.43,0.012751708285535754,0.4008450933480921
6.44,0.012751410062832013,0.4008196773265138
6.45,0.012751111982019362,0.4007942947319035
6.46,0.012750814045016167,0.4007689455376026
6.47,0.012750516253720808,0.4007436297168165
6.48,0.01275021861001177,0.4007183472426152
6.49,0.012749921115755953,0.40069309808802034
6.5,0.012749623773048165,0.40066788222851213
6.51,0.012749326583851105,0.4006426996382603
6.5200000000000005,0.012749029549995475,0.4006175502901254
6.53,0.012748732673293572,0.4005924341568476
6.54,0.012748435955539386,0.4005673512110475
6.55,0.012748139398508704,0.4005423014252272
6.5600000000000005,0.01274784300395921,0.40051728477177134
6.57,0.01274754677363059,0.4004923012229477
6.58,0.012747250709244632,0.4004673507509085
6.59,0.012746954812505325,0.400442433327691
6.6000000000000005,0.012746659085098967,0.40041754892521864
6.61,0.012746363528694266,0.4003926975153018
6.62,0.012746068144942434,0.400367879069639
6.63,0.012745772935477302,0.4003430935598175
6.640000000000001,0.012745477901915409,0.40031834095731444
6.65,0.012745183045856114,0.4002936212334977
6.66,0.01274488836888169,0.40026893435962685
6.67,0.012744593872557435,0.40024428030685405
6.68,0.012744299558431763,0.40021965904622503
6.69,0.012744005428036314,0.4001950705486799
6.7,0.012743711482886055,0.40017051478505433
6.71,0.01274341772447938,0.40014599172608
6.72,0.012743124154298208,0.4001215013423862
6.73,0.012742830773808096,0.4000970436045001
6.74,0.01274253758445833,0.4000726184828481
6.75,0.012742244587682035,0.40004822594775663
6.76,0.01274195178489627,0.40002386596945305
6.7700000000000005,0.012741659177502133,0.3999995385180666
6.78,0.012741366766884867,0.3999752435636293
6.79,0.012741074554413954,0.399950981076077
6.8,0.012740782541443223,0.3999267510252502
6.8100000000000005,0.012740490729310949,0.39990255338089487
6.82,0.012740199119339957,0.3998783881126637
6.83,0.012739907712837723,0.3998542551901166
6.84,0.012739616511096473,0.39983015458272203
6.8500000000000005,0.012739325515393295,0.3998060862598577
6.86,0.012739034726990223,0.39978205019081153
6.87,0.01273874414713436,0.39975804634478274
6.88,0.012738453777057963,0.3997340746908824
6.890000000000001,0.012738163617978556,0.3997101351981348
6.9,0.012737873671099022,0.399686227835478
6.91,0.012737583937607717,0.3996623525717652
6.92,0.01273729441867856,0.3996385093757651
6.93,0.012737005115471144,0.3996146982161633
6.94,0.012736716029130834,0.399590919061563
6.95,0.012736427160788865,0.39956717188048607
6.96,0.012736138511635617,0.39954345664215246
6.97,0.012735850083169012,0.3995197733191243
6.98,0.012735561876571863,0.3994961218806782
6.99,0.012735273892961977,0.3994725022954671
7.0,0.012734986133444972,0.3994489145320825
7.01,0.012734698599114398,0.39942535855905525
7.0200000000000005,0.012734411291051849,0.39940183434485704
7.03,0.0127341242103271,0.39937834185790116
7.04,0.012733837357998217,0.399354881066544
7.05,0.012733550735111687,0.3993314519390858
7.0600000000000005,0.012733264342702525,0.3993080544437724
7.07,0.012732978181794419,0.39928468854879545
7.08,0.012732692253399826,0.3992613542222946
7.09,0.012732406558520114,0.3992380514323577
7.1000000000000005,0.012732121098145673,0.39921478014702266
7.11,0.012731835873256037,0.39919154033427806
7.12,0.012731550884820012,0.3991683319620647
7.13,0.012731266133795785,0.39914515499827635
7.140000000000001,0.012730981621131064,0.39912200941076126
7.15,0.012730697347763182,0.39909889516732294
7.16,0.01273041331461923,0.3990758122357216
7.17,0.01273012952261617,0.39905276058367517
7.18,0.012729845972660966,0.3990297401788603
7.19,0.012729562665650696,0.3990067509889138
7.2,0.012729279602472682,0.39898379298143344
7.21,0.012728996784004609,0.3989608661239794
7.22,0.012728714211114638,0.3989379703840751
7.23,0.012728431884661544,0.3989151057292086
7.24,0.012728149805494821,0.39889227212683354
7.25,0.012727867974454816,0.39886946954437047
7.26,0.012727586392372843,0.3988466979492079
7.2700000000000005,0.012727305060071312,0.39882395730870324
7.28,0.012727023978363838,0.39880124759018426
7.29,0.01272674314805538,0.39877856876095
7.3,0.012726462569942342,0.3987559207882722
7.3100000000000005,0.012726182244812716,0.39873330363939596
7.32,0.012725902173446187,0.3987107172815412
7.33,0.012725622356614263,0.3986881616819039
7.34,0.012725342795080394,0.3986656368076569
7.3500000000000005,0.012725063489600095,0.3986431426259513
7.36,0.012724784440921065,0.39862067910391746
7.37,0.01272450564978331,0.3985982462086663
7.38,0.012724227116919265,0.3985758439072902
7.390000000000001,0.012723948843053919,0.3985534721668642
7.4,0.012723670828904928,0.3985311309544475
7.41,0.012723393075182743,0.3985088202370839
7.42,0.01272311558259073,0.39848653998180367
7.43,0.012722838351621742,0.39846429015361967
7.44,0.012722561382605356,0.3984420707159928
7.45,0.012722284676175828,0.39841988163543995
7.46,0.01272200823296412,0.3983977228785012
7.47,0.01272173205359319,0.39837559441169357
7.48,0.012721456138678098,0.39835349620151156
7.49,0.012721180488826101,0.3983314282144286
7.5,0.012720905104636764,0.39830939041689756
7.51,0.012720629986702045,0.3982873827753519
7.5200000000000005,0.01272035513560641,0.3982654052562066
7.53,0.012720080551926928,0.39824345782585885
7.54,0.012719806236233366,0.3982215404506894
7.55,0.012719532189088303,0.39819965309706307
7.5600000000000005,0.012719258411047218,0.39817779573133
7.57,0.012718984902658596,0.3981559683198263
7.58,0.012718711664464033,0.39813417082887526
7.59,0.012718438696998326,0.3981124032247881
7.6000000000000005,0.012718166000789585,0.39809066547386496
7.61,0.012717893576359322,0.39806895754239574
7.62,0.012717621424222567,0.39804727939666124
7.63,0.01271734954488795,0.3980256310029339
7.640000000000001,0.01271707793885782,0.3980040123274788
7.65,0.01271680660662833,0.39798242333655454
7.66,0.01271653554868955,0.3979608639964143
7.67,0.012716264765525558,0.3979393342733066
7.68,0.01271599425761455,0.39791783413347637
7.69,0.012715724025428934,0.39789636354316577
7.7,0.012715454069435429,0.39787492246861533
7.71,0.012715184390095172,0.3978535108760645
7.72,0.01271491498786382,0.397832128731753
7.73,0.012714645863191635,0.3978107760019215
7.74,0.01271437701652361,0.3977894526528125
7.75,0.012714108448299543,0.3977681586506716
7.76,0.012713840158954161,0.39774689396174806
7.7700000000000005,0.012713572148917206,0.39772565855229586
7.78,0.012713304418613536,0.3977044523885746
7.79,0.012713036968463234,0.3976832754368507
7.8,0.012712769798881704,0.3976621276633979
7.8100000000000005,0.012712502910279772,0.39764100903449845
7.82,0.012712236303063784,0.39761991951644404
7.83,0.01271196997763571,0.39759885907553655
7.84,0.012711703934393246,0.39757782767808925
7.8500000000000005,0.01271143817372991,0.3975568252904276
7.86,0.012711172696035146,0.39753585187889
7.87,0.012710907501694424,0.3975149074098291
7.88,0.012710642591089342,0.39749399184961237
7.890000000000001,0.012710377964583054,0.39747310516447676
7.9,0.012710113622018303,0.39745224731551754
7.91,0.012709849563452677,0.3974314182660279
7.92,0.012709585789187999,0.39741061798179295
7.930000000000001,0.012709322299520496,0.397389846428595
7.94,0.012709059094740864,0.3973691035722144
7.95,0.01270879617513435,0.3973483893784302
7.96,0.012708533540980805,0.39732770381302074
7.97,0.012708271192554767,0.39730704684176416
7.98,0.012708009130125528,0.3972864184304392
7.99,0.012707747353957197,0.39726581854482573
8.0,0.012707485864308778,0.39724524715070525
8.01,0.012707224661434237,0.39722470421386186
8.02,0.012706963745582571,0.3972041897000824
8.03,0.012706703116997876,0.39718370357515764
8.040000000000001,0.012706442775919426,0.3971632458048824
8.05,0.012706182722581727,0.3971428163550563
8.06,0.012705922957214602,0.3971224151914848
8.07,0.012705663480043256,0.39710204227997903
8.08,0.01270540429128834,0.3970816975863572
8.09,0.012705145391166026,0.3970613810764448
8.1,0.01270488677988808,0.3970410927160752
8.11,0.012704628457661923,0.39702083247109055
8.120000000000001,0.012704370424690711,0.3970006003073421
8.13,0.012704112681173397,0.396980396190691
8.14,0.012703855227304802,0.39696022008700893
8.15,0.01270359806327569,0.3969400719621786
8.16,0.012703341189272832,0.3969199517820945
8.17,0.012703084605479078,0.3968998595126635
8.18,0.012702828312073427,0.39687979511980526
8.19,0.0127025723092311,0.3968597585694533
8.2,0.012702316597123599,0.3968397498275552
8.21,0.012702061175918792,0.39681976886007336
8.22,0.012701806045780972,0.3967998156329857
8.23,0.01270155120687093,0.3967798901122863
8.24,0.012701296659346027,0.3967599922639858
8.25,0.012701042403360256,0.39674012205411224
8.26,0.012700788439064322,0.3967202794487117
8.27,0.012700534766605709,0.39670046441384865
8.28,0.012700281386128746,0.396680676915607
8.290000000000001,0.012700028297774677,0.39666091692009026
8.3,0.012699775501681734,0.39664118439342255
8.31,0.01269952299798521,0.396621479301749
8.32,0.012699270786817518,0.3966018016112364
8.33,0.01269901886830827,0.39658215128807395
8.34,0.012698767242584346,0.3965625282984737
8.35,0.012698515909769961,0.3965429326086713
8.36,0.01269826486992608,0.39652336418433104
8.370000000000001,0.012698014122822721,0.3965038229883101
8.38,0.012697763668490496,0.3964843089860739
8.39,0.01269751350700648,0.39646482214359346
8.4,0.01269726363844418,0.3964453624268542
8.41,0.01269701406287357,0.3964259298018562
8.42,0.012696764780361164,0.3964065242346149
8.43,0.012696515790970054,0.3963871456911613
8.44,0.012696267094759964,0.39636779413754253
8.45,0.012696018691787317,0.39634846953982233
8.46,0.012695770582105262,0.39632917186408145
8.47,0.01269552276576375,0.39630990107641806
8.48,0.012695275242809573,0.3962906571429483
8.49,0.012695028013286421,0.39627144002980674
8.5,0.012694781077234938,0.3962522497031467
8.51,0.012694534434692761,0.3962330861291408
8.52,0.012694288085694592,0.39621394927398146
8.53,0.012694042030272232,0.3961948391038812
8.540000000000001,0.01269379626845465,0.3961757555850733
8.55,0.012693550800268018,0.396156698683812
8.56,0.012693305625735781,0.39613766836637315
8.57,0.012693060744878694,0.39611866459905465
8.58,0.012692816157714889,0.39609968734817674
8.59,0.012692571864259913,0.3960807365800827
8.6,0.01269232786452679,0.396061812261139
8.61,0.012692084158526075,0.39604291435773614
8.620000000000001,0.012691840746265896,0.39602404283628867
8.63,0.012691597627752014,0.39600519766323594
8.64,0.01269135480298788,0.3959863788050425
8.65,0.012691112271974676,0.3959675862281985
8.66,0.012690870034711374,0.3959488198992201
8.67,0.012690628091194792,0.39593007978465006
8.68,0.012690386441419635,0.3959113658510581
8.69,0.01269014508537856,0.3958926780650413
8.700000000000001,0.012689904023062224,0.3958740163932248
8.71,0.012689663254459329,0.3958553808022618
8.72,0.012689422779556689,0.39583677125883454
8.73,0.012689182598339267,0.3958181877296543
8.74,0.012688942710790243,0.39579963018146236
8.75,0.01268870311689105,0.3957810985810297
8.76,0.01268846381662144,0.39576259289515825
8.77,0.01268822480995953,0.39574411309068086
8.78,0.012687986096881857,0.39572565913446184
8.790000000000001,0.012687747677363427,0.39570723099339755
8.8,0.012687509551377771,0.3956888286344167
8.81,0.012687271718896996,0.3956704520244808
8.82,0.012687034179891837,0.39565210113058485
8.83,0.012686796993831085,0.3956337763974397
8.84,0.012686560034836165,0.3956154767806097
8.85,0.012686323369255502,0.3955972027803764
8.86,0.012686086996983214,0.3955789543632296
8.870000000000001,0.012685850917912616,0.39556073149569504
8.88,0.01268561513193623,0.39554253414433427
8.89,0.012685379638945777,0.3955243622757446
8.9,0.012685144438832186,0.3955062158565592
8.91,0.012684909531485584,0.39548809485344705
8.92,0.012684674916795306,0.39546999923311293
8.93,0.012684440594649883,0.3954519289622975
8.94,0.012684206564937057,0.39543388400777724
8.950000000000001,0.01268397282754377,0.3954158643363644
8.96,0.01268373938235616,0.395397869914907
8.97,0.01268350622925958,0.395379900710289
8.98,0.012683273368138579,0.39536195668943014
8.99,0.012683040798876909,0.3953440378192859
9.0,0.012682808521357527,0.39532614406684774
9.01,0.01268257653546259,0.3953082753991428
9.02,0.012682344841073463,0.39529043178323414
9.03,0.012682113438070708,0.39527261318622053
9.040000000000001,0.012681882326334095,0.3952548195752366
9.05,0.012681651505742596,0.3952370509174529
9.06,0.012681420976174383,0.3952193071800757
9.07,0.012681190737506835,0.3952015883303471
9.08,0.012680960789616528,0.39518389433554496
9.09,0.01268073113237925,0.39516622516298316
9.1,0.012680501765669983,0.39514858078001125
9.11,0.012680272689362919,0.3951309611540145
9.120000000000001,0.012680043903331446,0.3951133662524143
9.13,0.012679815407448163,0.39509579604266754
9.14,0.012679587201584864,0.3950782504922672
9.15,0.012679359285612552,0.39506072956874183
9.16,0.01267913165940143,0.395043233239656
9.17,0.012678904322820908,0.39502576147261004
9.18,0.012678677275739592,0.3950083142352401
9.19,0.012678450518025295,0.39499089149521804
9.200000000000001,0.012678224049545035,0.3949734932202517
9.21,0.012677997870165028,0.3949561193780847
9.22,0.012677771979750696,0.39493876993649646
9.23,0.012677546378166668,0.39492144486330216
9.24,0.012677321065276765,0.39490414412635294
9.25,0.012677096040944023,0.3948868676935356
9.26,0.012676871305030674,0.3948696155327729
9.27,0.012676646857398152,0.39485238761202335
9.28,0.0126764226979071,0.3948351838992813
9.290000000000001,0.012676198826411003,0.3948180043625127
9.3,0.012675975242498992,0.39480084896706
9.31,0.012675751945870556,0.394783717679423
9.32,0.012675528936361077,0.3947666104675166
9.33,0.012675306213804765,0.39474952729928775
9.34,0.01267508377803466,0.3947324681427155
9.35,0.012674861628882627,0.39471543296581085
9.36,0.012674639766179363,0.394698421736617
9.370000000000001,0.012674418189754394,0.39468143442320897
9.38,0.012674196899436073,0.394664470993694
9.39,0.01267397589505158,0.39464753141621134
9.4,0.012673755176426929,0.39463061565893215
9.41,0.012673534743386958,0.39461372369005987
9.42,0.012673314595755335,0.39459685547782986
9.43,0.01267309473335456,0.3945800109905094
9.44,0.012672875156005955,0.394563190196398
9.450000000000001,0.012672655863529676,0.3945463930638272
9.46,0.012672436855744708,0.3945296195611605
9.47,0.012672218132468861,0.3945128696567935
9.48,0.012671999693518777,0.3944961433191538
9.49,0.012671781538709924,0.394479440516701
9.5,0.012671563667856602,0.3944627612179269
9.51,0.012671346080771936,0.3944461053913552
9.52,0.012671128777267882,0.39442947300554176
9.53,0.012670911757155226,0.39441286402907433
9.540000000000001,0.012670695020243579,0.3943962784305729
9.55,0.012670478566341382,0.39437971617868933
9.56,0.01267026239525591,0.3943631772421076
9.57,0.012670046506793257,0.3943466615895438
9.58,0.012669830900758355,0.3943301691897459
9.59,0.012669615576954958,0.3943137000114941
9.6,0.012669400535185652,0.3942972540236004
9.61,0.012669185775251852,0.3942808311949091
9.620000000000001,0.0126689712969538,0.3942644314942964
9.63,0.012668757100090567,0.3942480548906706
9.64,0.012668543184460054,0.39423170135297203
9.65,0.01266832954985899,0.3942153708501731
9.66,0.012668116196082933,0.39419906335127813
9.67,0.01266790312292627,0.39418277882532365
9.68,0.012667690330182214,0.3941665172413781
9.69,0.012667477817642811,0.39415027856854207
9.700000000000001,0.012667265585098932,0.39413406277594815
9.71,0.012667053632340278,0.3941178698327609
9.72,0.012666841959155382,0.3941016997081771
9.73,0.012666630565331601,0.3940855523714254
9.74,0.01266641945065512,0.3940694277917666
9.75,0.012666208614910959,0.3940533259384935
9.76,0.01266599805788296,0.39403724678093094
9.77,0.0126657877793538,0.39402119028843585
9.78,0.012665577779104977,0.39400515643039713
9.790000000000001,0.012665368056916827,0.39398914517623573
9.8,0.012665158612568506,0.39397315649540476
9.81,0.012664949445838004,0.3939571903573893
9.82,0.012664740556502137,0.39394124673170633
9.83,0.012664531944336551,0.39392532558790516
9.84,0.012664323609115725,0.3939094268955669
9.85,0.012664115550612956,0.39389355062430487
9.86,0.01266390776860038,0.3938776967437643
9.870000000000001,0.012663700262819913,0.3938618652226396
9.88,0.012663493032993842,0.39384605602903244
9.89,0.012663286078886317,0.39383026913253305
9.9,0.012663079400260771,0.39381450450277905
9.91,0.012662872996879399,0.39379876210943776
9.92,0.01266266686850315,0.3937830419222062
9.93,0.012662461014891746,0.39376734391081136
9.94,0.012662255435803656,0.3937516680450098
9.950000000000001,0.012662050130996125,0.3937360142945878
9.96,0.012661845100225149,0.39372038262936165
9.97,0.012661640343245491,0.3937047730191772
9.98,0.012661435859810674,0.39368918543391024
9.99,0.01266123164967298,0.3936736198434661
