t,C,D,R,Ri
0.0,0.0,0.0,2000.0,200.0
0.01,0.00020706952229401668,0.019782628867904,1999.9602090709927,199.9999990207483
0.02,0.0002071025877217883,0.03975171576959204,1999.9202143091059,199.99999604292867
0.03,0.00020713563186191067,0.05970024586857518,1999.8802227459157,199.99999106752668
0.04,0.000207168643789174,0.07962823548488493,1999.8402343809134,199.99998409545134
0.05,0.00020720162255685805,0.09953570672734327,1999.8002492134226,199.99997512793544
0.06,0.0002072345689818176,0.11942268218139548,1999.7602672427538,199.99996416623864
0.07,0.00020726748264291212,0.139289182659516,1999.7202884682706,199.99995121152256
0.08,0.00020730036373593956,0.15913522874237834,1999.6803128893434,199.99993626493654
0.09,0.0002073332122909984,0.1789608409145434,1999.6403405053452,199.99991932762615
0.1,0.00020736602834248838,0.19876603989863695,1999.6003713156429,199.99990040074883
0.11,0.00020739881192359245,0.21855084639600086,1999.5604053196023,199.99987948546155
0.12,0.00020743156306219092,0.23831528084852235,1999.5204425165975,199.9998565829101
0.13,0.0002074642817926575,0.2580593639485862,1999.4804829059954,199.99983169425036
0.14,0.00020749696814658525,0.2777831162191222,1999.4405264871668,199.99980482063293
0.15,0.00020752962215565818,0.29748655819428216,1999.4005732594828,199.99977596320863
0.16,0.00020756224385202674,0.3171697104367364,1999.3606232223133,199.99974512312906
0.17,0.00020759483326756627,0.33683259344208544,1999.3206763750295,199.9997123015442
0.18,0.000207627390434157,0.35647522770963486,1999.2807327170033,199.99967749960425
0.19,0.00020765991538300904,0.3760976333340872,1999.240792247615,199.99964071844622
0.2,0.0002076924081455502,0.39569983054114555,1999.2008549662423,199.99960195921142
0.21,0.0002077248687543354,0.41528184024844444,1999.1609208722473,199.999561223063
0.22,0.0002077572972411666,0.4348436829059797,1999.1209899650023,199.99951851114957
0.23,0.0002077896936378206,0.45438537894486475,1999.0810622438803,199.99947382461937
0.24,0.0002078220579760487,0.47390694877733125,1999.0411377082546,199.99942716462016
0.25,0.0002078543902875769,0.49340841279672887,1999.0012163574984,199.99937853229926
0.26,0.00020788669060410597,0.5128897913775252,1998.961298190986,199.99932792880358
0.27,0.0002079189589573113,0.5323511048753058,1998.9213832080918,199.99927535527956
0.28,0.00020795119537884288,0.5517923736267744,1998.8814714081905,199.9992208128733
0.29,0.00020798339990032552,0.5712136179497522,1998.841562790657,199.99916430273032
0.3,0.00020801557255335854,0.5906148581431794,1998.801657354867,199.9991058259958
0.31,0.00020804771336784545,0.6099961136788954,1998.761755100219,199.9990453837755
0.32,0.00020807982237569774,0.6293574049935786,1998.721856026084,199.99898297722208
0.33,0.00020811189960892379,0.6486987525641315,1998.6819601318323,199.99891860749082
0.34,0.00020814394509891855,0.6680201765640682,1998.6420674168423,199.99885227572267
0.35000000000000003,0.00020817595887704645,0.6873216971455061,1998.6021778804927,199.9987839830581
0.36,0.00020820794097464138,0.7066033344391642,1998.562291522163,199.99871373063704
0.37,0.0002082398914230067,0.7258651085543654,1998.5224083412324,199.9986415195988
0.38,0.0002082718102534153,0.7451070395790338,1998.4825283370817,199.99856735108216
0.39,0.00020830369749710948,0.7643291475796969,1998.4426515090913,199.99849122622538
0.4,0.00020833555318530104,0.7835314526014845,1998.402777856642,199.99841314616611
0.41000000000000003,0.00020836737734917122,0.8027139746681289,1998.3629073791155,199.99833311204148
0.42,0.00020839917001987078,0.8218767337819649,1998.323040075894,199.99825112498803
0.43,0.00020843093122752351,0.8410197498289163,1998.283175946369,199.99816718611424
0.44,0.00020846266100386156,0.8601430428297878,1998.2433149899177,199.9980812965733
0.45,0.00020849435937993725,0.8792466327220683,1998.2034572059233,199.99799345749992
0.46,0.0002085260263867348,0.8983305394182666,1998.1636025937696,199.99790367002723
0.47000000000000003,0.0002085576620552057,0.9173947828092835,1998.1237511528418,199.99781193528767
0.48,0.00020858926641626865,0.9364393827644112,1998.0839028825246,199.99771825441312
0.49,0.00020862083950080963,0.9554643591313338,1998.0440577822037,199.99762262853488
0.5,0.00020865238133968193,0.9744697317361267,1998.0042158512651,199.99752505878354
0.51,0.00020868389196370603,0.9934555203832572,1997.9643770890953,199.99742554628912
0.52,0.00020871537140366975,1.0124217448555843,1997.9245414950813,199.99732409218106
0.53,0.0002087468196903281,1.0313684249143584,1997.8847090686106,199.9972206975881
0.54,0.00020877823685452014,1.0502955803839615,1997.8448798090699,199.99711536363844
0.55,0.00020880962292736655,1.0692032312952664,1997.8050537158433,199.99700809145978
0.56,0.0002088409779391737,1.088091397090362,1997.7652307883234,199.99689888217893
0.5700000000000001,0.00020887230192059129,1.1069600974626905,1997.7254110258987,199.99678773692222
0.58,0.00020890359490223766,1.1258093520850487,1997.6855944279591,199.99667465681534
0.59,0.0002089348569146998,1.1446391806095888,1997.6457809938947,199.99655964298339
0.6,0.00020896608798853317,1.1634496026678176,1997.6059707230957,199.99644269655084
0.61,0.0002089972881542619,1.1822406378705967,1997.5661636149528,199.9963238186415
0.62,0.00020902845744237867,1.2010123058081428,1997.5263596688578,199.99620301037868
0.63,0.0002090595958833448,1.2197646260500274,1997.486558884202,199.99608027288494
0.64,0.00020909070350759012,1.2384976181451768,1997.446761260378,199.99595560728227
0.65,0.0002091217803455131,1.2572113016218727,1997.4069667967783,199.99582901469208
0.66,0.00020915282642757226,1.2759056960441755,1997.367175492795,199.9957004962365
0.67,0.00020918384178468465,1.294580821257836,1997.3273873478138,199.99557005304428
0.68,0.000209214826446662,1.3132366964253146,1997.2876023612357,199.99543768622763
0.6900000000000001,0.0002092457804438081,1.3318733410114183,1997.2478205324544,199.99530339690594
0.7000000000000001,0.0002092767038063956,1.3504907744604788,1997.2080418608646,199.995167186198
0.71,0.0002093075965646661,1.3690890161964195,1997.1682663458612,199.99502905522186
0.72,0.0002093384587488303,1.3876680856228258,1997.1284939868399,199.9948890050952
0.73,0.00020936929038906815,1.4062280021230127,1997.0887247831963,199.99474703693483
0.74,0.00020940009151552882,1.4247687850600934,1997.048958734327,199.99460315185712
0.75,0.00020943086215833095,1.4432904537770486,1997.0091958396288,199.9944573509778
0.76,0.00020946160234756268,1.461793027596795,1996.9694360984988,199.99430963541195
0.77,0.00020949231211328184,1.4802765258222539,1996.9296795103348,199.99416000627411
0.78,0.00020952299148569603,1.4987409678582642,1996.8899260745316,199.99400846468282
0.79,0.0002095536404947504,1.517186372932601,1996.8501757904883,199.9938550117501
0.8,0.0002095842591703547,1.535612760249571,1996.8104286576051,199.99369964858715
0.81,0.00020961484754245454,1.5540201490383356,1996.7706846752817,199.99354237630627
0.8200000000000001,0.00020964540564096632,1.5724085585087533,1996.7309438429174,199.99338319601927
0.8300000000000001,0.00020967593349577727,1.5907780078514577,1996.6912061599123,199.99322210883727
0.84,0.00020970643113674551,1.6091285162379358,1996.6514716256672,199.99305911587092
0.85,0.00020973689859370037,1.6274601028206073,1996.611740239583,199.99289421823022
0.86,0.00020976733589644233,1.6457727867329002,1996.572012001061,199.99272741702464
0.87,0.0002097977430747432,1.6640665870893314,1996.532286909503,199.99255871336305
0.88,0.00020982812015834626,1.6823415229855845,1996.492564964311,199.99238810835377
0.89,0.0002098584671769664,1.7005976134985867,1996.452846164888,199.99221560310454
0.9,0.00020988878416029026,1.7188348776865887,1996.4131305106366,199.99204119872257
0.91,0.00020991907113797627,1.737053334589242,1996.3734180009606,199.99186489631447
0.92,0.00020994932813965482,1.755253003227677,1996.3337086352635,199.99168669698633
0.93,0.00020997955519492842,1.7734339026045818,1996.29400241295,199.9915066018436
0.9400000000000001,0.00021000975233337183,1.7915960517042795,1996.2542993334241,199.99132461199133
0.9500000000000001,0.00021003991958424122,1.809739469328805,1996.214599396095,199.9911407285289
0.96,0.00021007005697716544,1.8278641744876465,1996.1749026003665,199.99095495256208
0.97,0.00021010016454171105,1.84597018615244,1996.1352089456434,199.99076728519537
0.98,0.00021013024230733045,1.8640575232278003,1996.095518431332,199.99057772753133
0.99,0.00021016029030344804,1.8821262045999259,1996.0558310568397,199.99038628067194
1.0,0.00021019030855946047,1.9001762491366654,1996.016146821573,199.99019294571863
1.01,0.00021022029710473657,1.9182076756875832,1995.97646572494,199.98999772377226
1.02,0.0002102502559686176,1.936220503084026,1995.9367877663485,199.98980061593312
1.03,0.0002102801851804173,1.954214750139189,1995.8971129452068,199.98960162330098
1.04,0.00021031008476942196,1.9721904356481816,1995.8574412609237,199.9894007469751
1.05,0.00021033995476489055,1.9901475783880933,1995.8177727129084,199.98919798805403
1.06,0.00021036979519605488,2.008086197118061,1995.7781073005706,199.98899334763598
1.07,0.00021039960609211958,2.0260063105793344,1995.7384450233203,199.98878682681848
1.08,0.00021042938748226233,2.0439079374953413,1995.6987858805676,199.98857842669855
1.09,0.00021045913939563387,2.0617910965717554,1995.6591298717233,199.98836814837267
1.1,0.0002104888618613582,2.079655806496562,1995.6194769961985,199.98815599293678
1.11,0.0002105185549085326,2.097502085940122,1995.5798272534048,199.98794196148629
1.12,0.0002105482185655703,2.1153299531442062,1995.540180642764,199.9877260551032
1.1300000000000001,0.00021057785286181333,2.1331394269303168,1995.5005371636835,199.98750827488763
1.1400000000000001,0.0002106074578264094,2.150930525997561,1995.4608968155742,199.98728862193593
1.1500000000000001,0.00021063703348832337,2.168703268929782,1995.4212595978497,199.98706709734086
1.16,0.00021066657987649223,2.1864576742924826,1995.3816255099239,199.98684370219456
1.17,0.0002106960970198252,2.204193760632863,1995.3419945512105,199.98661843758865
1.18,0.00021072558494720372,2.2219115464798547,1995.3023667211248,199.9863913046142
1.19,0.00021075504368748164,2.2396110503441617,1995.2627420190815,199.98616230436164
1.2,0.00021078447326948512,2.2572922907182966,1995.223120444496,199.98593143792095
1.21,0.00021081387372201278,2.2749552860766182,1995.1835019967843,199.98569870638147
1.22,0.00021084324507383574,2.2926000548753693,1995.1438866753626,199.98546411083203
1.23,0.0002108725873536977,2.310226615552714,1995.1042744796475,199.98522765236086
1.24,0.00021090190059031493,2.327834986528775,1995.0646654090558,199.98498933205565
1.25,0.0002109311848123764,2.3454251862056723,1995.0250594630054,199.98474915100354
1.26,0.00021096044004854383,2.3629972329675595,1994.9854566409135,199.98450711029108
1.27,0.00021098966632745168,2.3805511451806614,1994.945856942199,199.9842632110043
1.28,0.0002110188636777073,2.398086941193313,1994.9062603662799,199.9840174542287
1.29,0.00021104803212737834,2.4156046390210464,1994.866666912583,199.98376984104019
1.3,0.00021107717170528587,2.4331042571410944,1994.8270765805235,199.98352037252783
1.31,0.00021110628244003048,2.450585813894042,1994.7874893695202,199.9832690497767
1.32,0.00021113536436009173,2.4680493275448967,1994.7479052789936,199.98301587386973
1.33,0.0002111644174939211,2.485494816340201,1994.7083243083646,199.98276084588926
1.34,0.0002111934418699419,2.502922298508049,1994.6687464570543,199.98250396691705
1.35,0.0002112224375165495,2.5203317922581028,1994.6291717244846,199.9822452380343
1.36,0.00021125140446211124,2.53772331578161,1994.5896001100773,199.98198466032161
1.37,0.00021128034273496633,2.555096887251419,1994.5500316132552,199.98172223485903
1.3800000000000001,0.00021130925236342616,2.572452524821998,1994.5104662334409,199.98145796272607
1.3900000000000001,0.00021133813337577406,2.589790246629451,1994.4709039700576,199.98119184500158
1.4000000000000001,0.00021136698580026547,2.607110070791532,1994.4313448225294,199.98092388276393
1.41,0.00021139580966512793,2.6244120154076658,1994.39178879028,199.9806540770909
1.42,0.00021142460499856106,2.6416960985589637,1994.3522358727344,199.9803824290596
1.43,0.00021145337182873667,2.658962338308238,1994.312686069317,199.9801089397467
1.44,0.00021148211018379872,2.6762107527000216,1994.2731393794531,199.9798336102283
1.45,0.00021151082009186335,2.6934413597605835,1994.2335958025687,199.9795564415798
1.46,0.0002115395015809496,2.7106541774565858,1994.1940553380905,199.97927743487597
1.47,0.00021156815467915865,2.727849223802042,1994.1545179854447,199.97899659119128
1.48,0.00021159677941453016,2.7450265167725614,1994.114983744058,199.9787139115995
1.49,0.00021162537581506676,2.7621860743200095,1994.0754526133578,199.97842939717378
1.5,0.00021165394390874323,2.7793279143779763,1994.0359245927718,199.97814304898677
1.51,0.00021168248372350652,2.796452054861792,1993.9963996817282,199.9778548681105
1.52,0.0002117109952872758,2.8135585136685397,1993.9568778796556,199.97756485561652
1.53,0.0002117394786279424,2.8306473086770714,1993.9173591859828,199.97727301257567
1.54,0.00021176793377336995,2.8477184577480195,1993.8778436001392,199.9769793400583
1.55,0.0002117963607513943,2.8647719787238146,1993.8383311215546,199.9766838391342
1.56,0.0002118247595898236,2.8818078894286963,1993.7988217496593,199.9763865108726
1.57,0.00021185313031643827,2.89882620766873,1993.7593154838835,199.97608735634208
1.58,0.00021188147295899106,2.915826951231819,1993.7198123236583,199.97578637661073
1.59,0.0002119097875452071,2.932810137887721,1993.6803122684153,199.97548357274604
1.6,0.00021193807410278375,2.94977578538806,1993.640815317586,199.97517894581497
1.61,0.0002119663326593909,2.9667239114663424,1993.6013214706024,199.97487249688388
1.62,0.00021199456324267076,2.9836545338379694,1993.5618307268976,199.9745642270185
1.6300000000000001,0.00021202276588039174,3.0005676702915793,1993.5223430859016,199.9742541372875
1.6400000000000001,0.00021205094060004198,3.0174633384476675,1993.4828585470498,199.9739422287533
1.6500000000000001,0.00021207908742917273,3.034341555962477,1993.4433771097756,199.97362850247987
1.6600000000000001,0.00021210720639532141,3.0512023404823276,1993.4038987735134,199.9733129595308
1.67,0.00021213529752599818,3.0680457096357068,1993.3644235376973,199.9729956009692
1.68,0.00021216336084868616,3.0848716810332903,1993.3249514017627,199.97267642785758
1.69,0.00021219139639084135,3.1016802722679575,1993.2854823651444,199.9723554412579
1.7,0.0002122194041798926,3.118471500914815,1993.2460164272782,199.97203264223154
1.71,0.00021224738424324181,3.1352453845312143,1993.2065535876,199.97170803183937
1.72,0.0002122753366082638,3.1520019406567727,1993.1670938455463,199.97138161114165
1.73,0.00021230326130230643,3.1687411868133912,1993.127637200554,199.97105338119815
1.74,0.0002123311583526906,3.1854631405052762,1993.0881836520603,199.970723343068
1.75,0.0002123590277867102,3.202167819218958,1993.0487331995023,199.9703914978098
1.76,0.00021238686963163237,3.218855240423311,1993.0092858423186,199.97005784648164
1.77,0.00021241468391469724,3.2355254215695712,1992.9698415799473,199.969722390141
1.78,0.00021244247066311818,3.25217838009136,1992.9304004118273,199.9693851298448
1.79,0.0002124702299040817,3.2688141334047,1992.8909623373975,199.96904606664947
1.8,0.0002124979616648462,3.2854326989637643,1992.8515273560963,199.96870520161224
1.81,0.00021252566597246682,3.3020340941054735,1992.8120954673643,199.9683625357873
1.82,0.00021255334285404638,3.3186183361912254,1992.7726666706424,199.96801807022925
1.83,0.00021258099233666575,3.3351854425675826,1992.733240965371,199.96767180599235
1.84,0.0002126086144473792,3.351735430563639,1992.6938183509908,199.96732374413017
1.85,0.00021263620921321434,3.36826831749104,1992.6543988269439,199.96697388569584
1.86,0.0002126637766611723,3.384784120644001,1992.6149823926717,199.96662223174184
1.87,0.00021269131681822773,3.401282857299329,1992.5755690476162,199.96626878332017
1.8800000000000001,0.00021271882971132865,3.417764544716443,1992.5361587912207,199.96591354148225
1.8900000000000001,0.0002127463153673967,3.434229200137392,1992.4967516229274,199.96555650727893
1.9000000000000001,0.00021277377381332714,3.4506768407868793,1992.45734754218,199.96519768176057
1.9100000000000001,0.00021280120507598867,3.4671074838722773,1992.4179465484226,199.96483706597695
1.92,0.0002128286091822238,3.4835211465836515,1992.3785486410986,199.96447466097723
1.93,0.00021285598615884856,3.4999178460937808,1992.339153819653,199.96411046781012
1.94,0.00021288333603265271,3.5162975995581753,1992.2997620835304,199.9637444875237
1.95,0.0002129106588303998,3.5326604241150985,1992.260373432176,199.96337672116562
1.96,0.000212937954578827,3.5490063368855855,1992.2209878650358,199.96300716978283
1.97,0.00021296522330464533,3.565335354973465,1992.1816053815555,199.96263583442183
1.98,0.00021299246503453964,3.5816474954653796,1992.1422259811816,199.96226271612858
1.99,0.0002130196797951686,3.597942775430804,1992.102849663361,199.9618878159484
2.0,0.0002130468676131647,3.614221211922067,1992.0634764275405,199.96151113492613
2.0100000000000002,0.0002130740285151344,3.6304828219743714,1992.0241062731682,199.96113267410607
2.02,0.00021310116252765804,3.646727622605812,1991.9847391996911,199.960752434532
2.0300000000000002,0.00021312826967728995,3.6629556308174007,1991.9453752065585,199.96037041724702
2.04,0.00021315534999055845,3.6791668635930805,1991.9060142932183,199.95998662329387
2.05,0.00021318240349396585,3.69536133789975,1991.86665645912,199.95960105371458
2.06,0.0002132094302139653,3.7115390706727913,1991.827301703713,199.95921370955023
2.07,0.00021323643017685052,3.7277000787474703,1991.7879500264496,199.95882459183846
2.08,0.0002132634034091948,3.7438443791322724,1991.7486014267777,199.9584337016229
2.09,0.00021329034993739442,3.759971988724616,1991.709255904148,199.9580410399435
2.1,0.00021331726978781975,3.776082924404917,1991.6699134580113,199.95764660783954
2.11,0.0002133441629868153,3.792177203036599,1991.630574087819,199.95725040634977
2.12,0.0002133710295606997,3.8082548414661206,1991.5912377930226,199.95685243651246
2.13,0.00021339786953576562,3.824315856522988,1991.5519045730744,199.9564526993653
2.14,0.00021342468293828013,3.8403602650197795,1991.5125744274267,199.95605119594543
2.15,0.00021345146979448432,3.8563880837521594,1991.473247355532,199.95564792728945
2.16,0.00021347823013059366,3.872399329498902,1991.4339233568442,199.95524289443344
2.17,0.0002135049639727978,3.8883940190219066,1991.3946024308163,199.95483609841287
2.18,0.0002135316713472607,3.904372169066219,1991.3552845769025,199.95442754026274
2.19,0.00021355835228012071,3.92033379636005,1991.3159697945568,199.9540172210175
2.2,0.00021358500679749046,3.936278917614794,1991.2766580832342,199.95360514171097
2.21,0.00021361163492545704,3.9522075495250477,1991.2373494423896,199.95319130337657
2.22,0.0002136382366900819,3.968119708768632,1991.1980438714784,199.95277570704704
2.23,0.00021366481211740094,3.984015412006605,1991.1587413699563,199.9523583537547
2.24,0.00021369136123342453,3.99989467588329,1991.1194419372794,199.95193924453125
2.25,0.00021371788406413756,4.015757517026285,1991.0801455729045,199.95151838040783
2.2600000000000002,0.00021374438063549942,4.031603952046488,1991.0408522762882,199.95109576241512
2.27,0.00021377085097344406,4.047433997538115,1991.0015620468878,199.95067139158323
2.2800000000000002,0.00021379729510388003,4.063247670078718,1990.9622748841612,199.95024526894167
2.29,0.0002138237130526905,4.079044986229204,1990.9229907875658,199.94981739551952
2.3000000000000003,0.00021385010484573324,4.094825962533855,1990.8837097565606,199.9493877723452
2.31,0.00021387647050884073,4.110590615520345,1990.844431790604,199.94895640044672
2.32,0.00021390281006782014,4.126338961699764,1990.805156889155,199.94852328085142
2.33,0.0002139291235483705,4.14207101751409,1990.7658850516746,199.94808841458476
2.34,0.000213955410976108,4.157786799352213,1990.7266162776243,199.9476518026706
2.35,0.00021398167237694085,4.17348632378767,1990.6873505664619,199.94721344613782
2.36,0.00021400790777657166,4.1891696072631355,1990.648087917648,199.94677334601164
2.37,0.00021403411720067786,4.2048366662047,1990.6088283306435,199.94633150331669
2.38,0.00021406030067491156,4.220487517021882,1990.5695718049096,199.94588791907705
2.39,0.00021408645822489954,4.236122176107655,1990.5303183399085,199.94544259431635
2.4,0.00021411258987624342,4.251740659838457,1990.4910679351015,199.94499553005758
2.41,0.00021413869565451964,4.267342984574212,1990.4518205899517,199.94454672732329
2.42,0.00021416477558527938,4.282929166658343,1990.4125763039215,199.9440961871354
2.43,0.0002141908296940488,4.298499222417798,1990.373335076474,199.94364391051536
2.44,0.00021421685800632876,4.314053168163055,1990.334096907073,199.94318989848404
2.45,0.00021424286054759516,4.329591020188153,1990.2948617951822,199.94273415206177
2.46,0.0002142688373432988,4.345112794770697,1990.2556297402662,199.9422766722684
2.47,0.00021429478841886537,4.360618508171885,1990.216400741789,199.94181746012322
2.48,0.00021432071379969556,4.376108176636518,1990.177174799216,199.9413565166449
2.49,0.00021434661351116513,4.391581816393026,1990.137951912012,199.94089384285172
2.5,0.0002143724875786248,4.407039443653473,1990.0987320796435,199.9404294397613
2.5100000000000002,0.00021439833602740035,4.4224810746135885,1990.0595153015759,199.9399633083908
2.52,0.00021442415888279267,4.437906725452774,1990.0203015772759,199.93949544975678
2.5300000000000002,0.00021444995617007773,4.453316412334128,1989.9810909062103,199.93902586487536
2.54,0.00021447572791450666,4.468710151404453,1989.941883287846,199.93855455476205
2.5500000000000003,0.0002145014741413057,4.484087958794289,1989.9026787216505,199.9380815204318
2.56,0.00021452719487567636,4.499449850617914,1989.863477207092,199.93760676289915
2.57,0.00021455289014279526,4.514795842973373,1989.8242787436384,199.93713028317796
2.58,0.0002145785599678143,4.530125951942492,1989.7850833307582,199.93665208228168
2.59,0.00021460420437586068,4.545440193590891,1989.7458909679206,199.93617216122314
2.6,0.00021462982339196998,4.5607385839254535,1989.7067016545957,199.935690521014
2.61,0.0002146554170411957,4.576021138963962,1989.6675153902534,199.93520716266588
2.62,0.0002146809853486583,4.591287874766472,1989.6283321743626,199.93472208719066
2.63,0.00021470652833938448,4.6065388073328215,1989.5891520063942,199.93423529559908
2.64,0.0002147320460383762,4.6217739526466906,1989.5499748858185,199.9337467889013
2.65,0.00021475753847061084,4.6369933266756105,1989.5108008121065,199.93325656810697
2.66,0.00021478300566104102,4.652196945370987,1989.47162978473,199.9327646342252
2.67,0.00021480844763459484,4.667384824668109,1989.4324618031608,199.93227098826463
2.68,0.00021483386441617584,4.682556980486173,1989.3932968668707,199.9317756312333
2.69,0.00021485925603066287,4.697713428728294,1989.3541349753325,199.9312785641387
2.7,0.0002148846225029104,4.712854185281526,1989.314976128019,199.93077978798786
2.71,0.00021490996385774828,4.727979266016874,1989.2758203244032,199.93027930378724
2.72,0.0002149352801199819,4.743088686789317,1989.2366675639591,199.92977711254278
2.73,0.0002149605713143922,4.758182463437817,1989.1975178461603,199.92927321525985
2.74,0.00021498583746573573,4.773260611785343,1989.1583711704811,199.9287676129434
2.75,0.00021501107859874452,4.78832314763888,1989.1192275363965,199.9282603065977
2.7600000000000002,0.00021503629473812623,4.803370086789454,1989.080086943381,199.92775129722662
2.77,0.00021506148590856426,4.81840144501214,1989.0409493909103,199.92724058583343
2.7800000000000002,0.00021508665213471756,4.833417238066087,1989.00181487846,199.9267281734209
2.79,0.00021511179344122083,4.848417481694525,1988.962683405506,199.92621406099127
2.8000000000000003,0.00021513690985268443,4.863402191624791,1988.923554971525,199.92569824954623
2.81,0.00021516200139369446,4.87837138356834,1988.8844295759932,199.92518074008694
2.82,0.0002151870680888128,4.893325073220763,1988.8453072183884,199.9246615336141
2.83,0.00021521210996257716,4.908263276261803,1988.8061878981875,199.9241406311278
2.84,0.00021523712703950092,4.923186008355372,1988.7670716148684,199.92361803362766
2.85,0.00021526211934407341,4.93809328514957,1988.7279583679097,199.92309374211274
2.86,0.0002152870869007598,4.9529851222766945,1988.6888481567894,199.9225677575816
2.87,0.00021531202973399898,4.967861535346954,1988.6497409809863,199.92204008103292
2.88,0.00021533694786820846,4.9827225399626895,1988.61063683998,199.92151071346402
2.89,0.0002153618413277821,4.997568151711995,1988.57153573325,199.92097965587155
2.9,0.00021538671013708865,5.01239838616402,1988.532437660276,199.92044690925195
2.91,0.0002154115543204729,5.027213258872196,1988.4933426205382,199.91991247460115
2.92,0.0002154363739022556,5.042012785374251,1988.4542506135172,199.91937635291458
2.93,0.0002154611689067335,5.0567969811922255,1988.4151616386941,199.91883854518713
2.94,0.00021548593935817947,5.071565861832487,1988.3760756955503,199.91829905241315
2.95,0.0002155106852808424,5.0863194427857525,1988.336992783567,199.91775787558646
2.96,0.00021553540669894727,5.101057739527099,1988.2979129022265,199.91721501570038
2.97,0.00021556010363669523,5.115780767515984,1988.258836051011,199.91667047374773
2.98,0.00021558477611826354,5.130488542196257,1988.2197622294032,199.91612425072077
2.99,0.00021560942416780566,5.145181078996185,1988.1806914368863,199.91557634761125
3.0,0.00021563404780945122,5.159858393328457,1988.141623672943,199.91502676541037
3.0100000000000002,0.0002156586470673061,5.1745205005902095,1988.102558937058,199.91447550510887
3.02,0.00021568322196545238,5.1891674161630394,1988.0634972287144,199.91392256769691
3.0300000000000002,0.00021570777252794847,5.203799155413025,1988.024438547397,199.9133679541642
3.04,0.00021573229877882904,5.2184157336907315,1987.9853828925907,199.91281166549982
3.0500000000000003,0.00021575680074210508,5.233017166331241,1987.9463302637803,199.9122537026924
3.06,0.0002157812784417639,5.247603468654159,1987.9072806604513,199.9116940667301
3.0700000000000003,0.0002158057319017693,5.262174655963638,1987.8682340820894,199.91113275860044
3.08,0.00021583016114606126,5.276730743548385,1987.8291905281808,199.91056977929054
3.09,0.00021585456619855638,5.291271746681689,1987.790149998212,199.91000512978692
3.1,0.00021587894708314758,5.30579768062143,1987.7511124916696,199.90943881107557
3.11,0.0002159033038237043,5.320308560610096,1987.7120780080406,199.90887082414207
3.12,0.00021592763644407247,5.334804401874803,1987.6730465468129,199.90830116997137
3.13,0.00021595194496807447,5.349285219627307,1987.6340181074738,199.9077298495479
3.14,0.0002159762294194979,5.363751029052435,1987.594992689512,199.90715686385613
3.15,0.00021600048982212524,5.378201845338303,1987.5559702924159,199.90658221387918
3.16,0.0002160247261997107,5.392637683652893,1987.516950915674,199.9060059005999
3.17,0.0002160489385759829,5.407058559146515,1987.4779345587756,199.90542792500068
3.18,0.00021607312697464697,5.421464486954202,1987.4389212212102,199.90484828806345
3.19,0.00021609729141938483,5.435855482195718,1987.3999109024676,199.90426699076957
3.2,0.00021612143193385495,5.450231559975579,1987.360903602038,199.90368403409988
3.21,0.00021614554854169256,5.464592735383067,1987.3218993194118,199.9030994190348
3.22,0.00021616964126650964,5.478939023492245,1987.28289805408,199.90251314655404
3.23,0.0002161937101318949,5.493270439361978,1987.2438998055338,199.901925217637
3.24,0.0002162177551614138,5.507586998035945,1987.2049045732647,199.90133563326248
3.25,0.00021624177637860864,5.521888714542658,1987.1659123567642,199.90074439440875
3.2600000000000002,0.0002162657738069985,5.536175603895474,1987.1269231555252,199.90015150205357
3.27,0.0002162897474700794,5.55044768109262,1987.0879369690397,199.8995569571742
3.2800000000000002,0.0002163136973913241,5.564704961117199,1987.0489537968006,199.89896076074743
3.29,0.00021633762359418238,5.578947458937213,1987.0099736383013,199.89836291374945
3.3000000000000003,0.00021636152610208088,5.59317518950558,1986.970996493035,199.89776341715597
3.31,0.00021638540493842322,5.607388167760144,1986.932022360496,199.89716227194222
3.3200000000000003,0.00021640926012658993,5.621586408623697,1986.8930512401782,199.89655947908292
3.33,0.0002164330916899386,5.635769927003995,1986.854083131576,199.8959550395522
3.34,0.00021645689965180384,5.6499387377937715,1986.815118034185,199.8953489543238
3.35,0.00021648068403549723,5.664092855870755,1986.7761559474993,199.8947412243708
3.36,0.00021650444486430751,5.678232296097686,1986.7371968710152,199.8941318506659
3.37,0.00021652818216150047,5.692357073322336,1986.6982408042284,199.89352083418123
3.38,0.000216551895950319,5.706467202377515,1986.659287746635,199.8929081758884
3.39,0.00021657558625398318,5.720562698081099,1986.6203376977314,199.89229387675854
3.4,0.0002165992530956902,5.734643575236038,1986.581390657015,199.8916779377623
3.41,0.0002166228964981089,5.748709848301893,1986.5424466239895,199.89106035986444
3.42,0.00021664651648485678,5.762761532354491,1986.5035055981461,199.89044114403941
3.43,0.00021667011307906477,5.776798642153488,1986.4645675789825,199.88982029125637
3.44,0.00021669368630383771,5.790821192441446,1986.4256325659971,199.88919780248384
3.45,0.00021671723618225765,5.804829197946072,1986.3867005586883,199.88857367868985
3.46,0.00021674076273738393,5.818822673380229,1986.347771556555,199.88794792084195
3.47,0.00021676426599225325,5.83280163344196,1986.3088455590962,199.8873205299072
3.48,0.00021678774596987956,5.846766092814493,1986.2699225658114,199.88669150685212
3.49,0.00021681120269325427,5.860716066166268,1986.2310025762008,199.88606085264271
3.5,0.00021683463618534608,5.874651568150944,1986.192085589764,199.88542856824446
3.5100000000000002,0.00021685804646910117,5.888572613407425,1986.153171606002,199.88479465462243
3.52,0.00021688143356744308,5.902479216559866,1986.1142606244152,199.88415911274106
3.5300000000000002,0.0002169047975032729,5.916371392217696,1986.075352644505,199.88352194356438
3.54,0.0002169281382994691,5.930249154975633,1986.036447665773,199.88288314805584
3.5500000000000003,0.00021695145597888768,5.944112519413698,1985.9975456877207,199.88224272717844
3.56,0.00021697475056436225,5.957961500097232,1985.9586467098502,199.88160068189464
3.5700000000000003,0.00021699802207870384,5.971796111576918,1985.919750731664,199.88095701316638
3.58,0.0002170212705447012,5.985616368388784,1985.880857752665,199.8803117219552
3.59,0.00021704449598512055,5.999422285054233,1985.8419677723562,199.87966480922196
3.6,0.00021706769842270578,6.013213876080053,1985.803080790241,199.8790162759272
3.61,0.0002170908778801785,6.026991155958432,1985.7641968058233,199.87836612303082
3.62,0.00021711403438023786,6.040754139166977,1985.7253158186068,199.87771435149224
3.63,0.00021713716794556084,6.054502840168728,1985.6864378280961,199.87706096227046
3.64,0.00021716027859880203,6.068237273412177,1985.647562833796,199.8764059563239
3.65,0.00021718336636259385,6.081957453331282,1985.6086908352113,199.87574933461048
3.66,0.00021720643125954645,6.0956633943454825,1985.5698218318478,199.8750910980876
3.67,0.00021722947331224773,6.109355110859719,1985.5309558232104,199.87443124771227
3.68,0.00021725249254326353,6.123032617264444,1985.4920928088059,199.87376978444084
3.69,0.0002172754889751374,6.136695927935645,1985.4532327881402,199.8731067092293
3.7,0.00021729846263039083,6.150345057234857,1985.4143757607198,199.87244202303302
3.71,0.0002173214135315232,6.163980019509173,1985.375521726052,199.87177572680696
3.72,0.00021734434170101176,6.177600829091276,1985.336670683644,199.87110782150552
3.73,0.00021736724716131176,6.191207500299434,1985.297822633003,199.8704383080826
3.74,0.00021739012993485634,6.204800047437537,1985.2589775736376,199.8697671874917
3.75,0.00021741299004405666,6.218378484795097,1985.2201355050556,199.86909446068566
3.7600000000000002,0.00021743582751130192,6.231942826647275,1985.1812964267656,199.86842012861695
3.77,0.00021745864235895936,6.24549308725489,1985.1424603382764,199.86774419223744
3.7800000000000002,0.00021748143460937418,6.259029280864442,1985.1036272390972,199.86706665249858
3.79,0.0002175042042848698,6.27255142170812,1985.0647971287376,199.86638751035133
3.8000000000000003,0.00021752695140774762,6.286059524003826,1985.0259700067074,199.86570676674606
3.81,0.00021754967600028726,6.299553601955186,1984.9871458725167,199.8650244226327
3.8200000000000003,0.00021757237808474648,6.313033669751569,1984.9483247256762,199.8643404789607
3.83,0.00021759505768336116,6.326499741568102,1984.9095065656963,199.863654936679
3.84,0.0002176177148183455,6.339951831565687,1984.8706913920882,199.862967796736
3.85,0.0002176403495118918,6.353389953891015,1984.8318792043635,199.86227906007966
3.86,0.00021766296178617068,6.366814122676587,1984.7930700020336,199.86158872765742
3.87,0.00021768555166333105,6.380224352040725,1984.7542637846109,199.86089680041619
3.88,0.00021770811916550006,6.393620656087589,1984.7154605516073,199.86020327930243
3.89,0.00021773066431478327,6.407003048907198,1984.6766603025358,199.8595081652621
3.9,0.0002177531871332645,6.42037154457544,1984.637863036909,199.85881145924066
3.91,0.00021777568764300603,6.4337261571540925,1984.5990687542408,199.85811316218303
3.92,0.00021779816586604844,6.447066900690835,1984.5602774540444,199.85741327503374
3.93,0.00021782062182441078,6.460393789219272,1984.5214891358337,199.85671179873668
3.94,0.0002178430555400906,6.473706836758938,1984.4827037991229,199.85600873423536
3.95,0.0002178654670350638,6.487006057315326,1984.4439214434267,199.85530408247277
3.96,0.0002178878563312849,6.500291464879895,1984.4051420682597,199.85459784439138
3.97,0.00021791022345068686,6.513563073430091,1984.3663656731374,199.85389002093316
3.98,0.00021793256841518116,6.526820896929358,1984.3275922575751,199.85318061303965
3.99,0.00021795489124553066,6.540064948551863,1984.2888218211056,199.85246962164047
4.0,0.00021797719196374926,6.553295242332991,1984.2500543632427,199.85175704767758
4.01,0.00021799947059251873,6.5665117927682,1984.2112898834903,199.85104289209943
4.0200000000000005,0.0002180217271536597,6.579714613761513,1984.172528381365,199.85032715584546
4.03,0.0002180439616689715,6.5929037192029645,1984.133769856384,199.8496098398547
4.04,0.00021806617416023197,6.60607912296862,1984.0950143080652,199.8488909450656
4.05,0.00021808836464919755,6.619240838920591,1984.0562617359255,199.84817047241617
4.0600000000000005,0.00021811053315760336,6.632388880907048,1984.0175121394836,199.84744842284394
4.07,0.00021813267970716314,6.645523262762236,1983.9787655182574,199.84672479728587
4.08,0.0002181548043195693,6.658643998306491,1983.9400218717658,199.8459995966785
4.09,0.00021817690701649302,6.671751101346262,1983.9012811995274,199.84527282195788
4.1,0.0002181989878195841,6.6848445856741145,1983.862543501062,199.8445444740595
4.11,0.00021822104675047117,6.697924465068757,1983.8238087758887,199.84381455391843
4.12,0.0002182430838307616,6.710990753295049,1983.7850770235277,199.84308306246925
4.13,0.00021826509908204157,6.724043464104021,1983.746348243499,199.84235000064598
4.14,0.00021828709252587607,6.737082611232888,1983.7076224353232,199.84161536938223
4.15,0.0002183090641838089,6.75010820840507,1983.6688995985207,199.84087916961107
4.16,0.0002183310140773628,6.763120269330197,1983.6301797326134,199.8401414022651
4.17,0.00021835294222803932,6.776118807704137,1983.591462837122,199.83940206827643
4.18,0.000218374848657319,6.789103837209003,1983.5527489115686,199.83866116857666
4.19,0.00021839673338666123,6.802075371513175,1983.514037955475,199.83791870409692
4.2,0.0002184185964375044,6.815033424271306,1983.4753299683637,199.83717467576787
4.21,0.0002184404378312659,6.827978009124348,1983.4366249497573,199.83642908451966
4.22,0.0002184622575893421,6.840909139699565,1983.3979228991786,199.83568193128193
4.23,0.00021848405573310839,6.8538268296105445,1983.359223816151,199.8349332169839
4.24,0.00021850583228391927,6.866731092457214,1983.320527700198,199.8341829425542
4.25,0.00021852758726310822,6.879621941825862,1983.2818345508433,199.8334311089211
4.26,0.00021854932069198787,6.8924993912891495,1983.2431443676112,199.83267771701227
4.2700000000000005,0.00021857103259185001,6.905363454406125,1983.2044571500262,199.83192276775495
4.28,0.0002185927229839655,6.9182141447222385,1983.165772897613,199.8311662620759
4.29,0.00021861439188958443,6.931051475769365,1983.1270916098965,199.83040820090136
4.3,0.00021863603932993603,6.943875461065813,1983.088413286402,199.8296485851571
4.3100000000000005,0.0002186576653262288,6.9566861141163425,1983.0497379266558,199.82888741576843
4.32,0.0002186792698996504,6.969483448412177,1983.0110655301833,199.82812469366013
4.33,0.0002187008530713678,6.982267477431027,1982.9723960965107,199.8273604197565
4.34,0.0002187224148625273,6.995038214637098,1982.9337296251647,199.82659459498143
4.3500000000000005,0.00021874395529425443,7.007795673481112,1982.8950661156723,199.82582722025822
4.36,0.00021876547438765407,7.020539867400316,1982.8564055675606,199.82505829650975
4.37,0.00021878697216381047,7.0332708098185055,1982.817747980357,199.82428782465843
4.38,0.00021880844864378726,7.045988514146035,1982.7790933535891,199.8235158056261
4.39,0.00021882990384862748,7.058692993779837,1982.7404416867853,199.8227422403342
4.4,0.00021885133779935353,7.071384262103433,1982.7017929794738,199.8219671297037
4.41,0.00021887275051696737,7.084062332486954,1982.6631472311833,199.821190474655
4.42,0.0002188941420224503,7.096727218287152,1982.6245044414425,199.82041227610807
4.43,0.0002189155123367632,7.109378932847421,1982.5858646097809,199.81963253498245
4.44,0.0002189368614808465,7.122017489497807,1982.547227735728,199.81885125219708
4.45,0.00021895818947562004,7.134642901555026,1982.5085938188136,199.8180684286705
4.46,0.00021897949634198336,7.147255182322478,1982.469962858568,199.81728406532076
4.47,0.0002190007821008155,7.159854345090269,1982.4313348545213,199.8164981630654
4.48,0.00021902204677297512,7.17244040313522,1982.3927098062045,199.81571072282156
4.49,0.00021904329037930058,7.185013369720879,1982.3540877131486,199.81492174550579
4.5,0.00021906451294060984,7.197573258097551,1982.3154685748848,199.81413123203419
4.51,0.00021908571447770052,7.210120081502297,1982.2768523909447,199.81333918332246
4.5200000000000005,0.00021910689501135003,7.222653853158964,1982.2382391608603,199.8125456002857
4.53,0.0002191280545623154,7.235174586278188,1982.199628884164,199.81175048383864
4.54,0.0002191491931513335,7.2476822940574195,1982.161021560388,199.81095383489546
4.55,0.0002191703107991209,7.260176989680933,1982.1224171890651,199.81015565436988
4.5600000000000005,0.00021919140752637404,7.272658686319849,1982.0838157697285,199.80935594317515
4.57,0.00021921248335333827,7.28512739683715,1982.045217301918,199.80855470222045
4.58,0.0002192335382982276,7.29758313270549,1982.0066217852032,199.80775193239742
4.59,0.0002192545723843163,7.3100259088631825,1981.968029219079,199.80694763464018
4.6000000000000005,0.0002192755856322119,7.322455738423151,1981.92943960308,199.80614180985995
4.61,0.00021929657806250152,7.334872634485121,1981.8908529367409,199.8053344589675
4.62,0.00021931754969575226,7.347276610135648,1981.8522692195963,199.8045255828732
4.63,0.00021933850055251086,7.3596676784481225,1981.8136884511819,199.8037151824868
4.64,0.00021935943065330395,7.372045852482793,1981.775110631033,199.8029032587177
4.65,0.00021938034001863795,7.384411145286773,1981.7365357586852,199.80208981247478
4.66,0.0002194012286689992,7.396763569894059,1981.6979638336752,199.8012748446664
4.67,0.00021942209662485386,7.409103139325549,1981.659394855539,199.80045835620055
4.68,0.00021944294390664805,7.421429866589049,1981.6208288238136,199.79964034798462
4.69,0.00021946377053480782,7.433743764679297,1981.5822657380356,199.7988208209256
4.7,0.0002194845765297391,7.446044846577968,1981.5437055977427,199.79799977593
4.71,0.0002195053619118279,7.458333125253697,1981.5051484024723,199.7971772139038
4.72,0.0002195261267014401,7.470608613662089,1981.4665941517624,199.79635313575258
4.73,0.0002195468709189217,7.482871324745737,1981.428042845151,199.79552754238136
4.74,0.0002195675945845987,7.495121271434231,1981.3894944821764,199.7947004346948
4.75,0.00021958829771877712,7.50735846664418,1981.3509490623778,199.79387181359698
4.76,0.00021960898034174313,7.519582923279222,1981.312406585294,199.79304167999152
4.7700000000000005,0.000219629642473763,7.5317946542300405,1981.2738670504643,199.79221003478165
4.78,0.000219650284135083,7.543993672374376,1981.2353304574283,199.79137687887
4.79,0.0002196709053459297,7.556179990577046,1981.196796805726,199.7905422131589
4.8,0.00021969150612650978,7.568353621689957,1981.1582660948975,199.78970603854998
4.8100000000000005,0.00021971208649701016,7.580514578552119,1981.1197383244833,199.78886835594457
4.82,0.00021973264647759784,7.5926628739896564,1981.0812134940243,199.78802916624346
4.83,0.0002197531860884202,7.604798520815833,1981.0426916030613,199.78718847034702
4.84,0.00021977370534960477,7.616921531831056,1981.0041726511356,199.78634626915508
4.8500000000000005,0.00021979420428125946,7.629031919822899,1980.9656566377892,199.78550256356704
4.86,0.0002198146829034724,7.641129697566107,1980.9271435625637,199.7846573544818
4.87,0.0002198351412363121,7.653214877822622,1980.8886334250014,199.7838106427978
4.88,0.00021985557929982735,7.665287473341591,1980.8501262246446,199.78296242941303
4.89,0.00021987599711404735,7.677347496859381,1980.8116219610363,199.78211271522503
4.9,0.0002198963946989817,7.689394961099599,1980.7731206337196,199.78126150113076
4.91,0.00021991677207462034,7.701429878773097,1980.7346222422375,199.78040878802685
4.92,0.00021993712926093376,7.713452262577996,1980.6961267861338,199.77955457680932
4.93,0.0002199574662778728,7.725462125199697,1980.6576342649525,199.77869886837385
4.94,0.00021997778314536884,7.737459479310896,1980.6191446782375,199.7778416636156
4.95,0.00021999807988333368,7.749444337571596,1980.5806580255337,199.77698296342922
4.96,0.00022001835651165976,7.761416712629128,1980.5421743063853,199.77612276870892
4.97,0.00022003861305021997,7.773376617118158,1980.503693520338,199.77526108034849
4.98,0.00022005884951886777,7.78532406366071,1980.4652156669363,199.77439789924117
4.99,0.00022007906593743724,7.7972590648661715,1980.4267407457264,199.77353322627977
5.0,0.00022009926232574307,7.809181633331317,1980.388268756254,199.77266706235667
5.01,0.00022011943870358053,7.821091781640317,1980.3497996980655,199.7717994083637
5.0200000000000005,0.0002201395950907256,7.832989522364755,1980.3113335707067,199.7709302651923
5.03,0.0002201597315069349,7.844874868063641,1980.272870373725,199.7700596337334
5.04,0.0002201798479719458,7.856747831283427,1980.234410106667,199.76918751487747
5.05,0.00022019994450547627,7.868608424558023,1980.1959527690801,199.76831390951452
5.0600000000000005,0.0002202200211272251,7.880456660408808,1980.1574983605117,199.7674388185341
5.07,0.0002202400778568719,7.892292551344647,1980.1190468805098,199.76656224282524
5.08,0.00022026011471407695,7.904116109861908,1980.0805983286227,199.7656841832766
5.09,0.00022028013171848136,7.915927348444473,1980.0421527043984,199.7648046407763
5.1000000000000005,0.00022030012888970716,7.927726279563754,1980.003710007386,199.76392361621205
5.11,0.0002203201062473571,7.939512915678708,1979.9652702371338,199.76304111047105
5.12,0.0002203400638110149,7.95128726923585,1979.9268333931918,199.76215712444002
5.13,0.00022036000160024512,7.963049352669273,1979.8883994751088,199.76127165900525
5.14,0.00022037991963459323,7.974799178400654,1979.849968482435,199.7603847150526
5.15,0.00022039981793358572,7.986536758839279,1979.8115404147206,199.75949629346738
5.16,0.00022041969651437663,7.998262104785962,1979.7731152715498,199.75860639511794
5.17,0.0002204395553976294,8.009975229422196,1979.734693052456,199.757715020897
5.18,0.00022045939460374573,8.021676145752506,1979.6962737569766,199.75682217169503
5.19,0.00022047921415216731,8.033364866130848,1979.6578573846632,199.75592784839554
5.2,0.00022049901406231677,8.045041402898741,1979.6194439350672,199.7550320518815
5.21,0.00022051879435359758,8.056705768385285,1979.5810334077403,199.7541347830354
5.22,0.0002205385550453942,8.068357974907167,1979.5426258022349,199.75323604273927
5.23,0.00022055829615707191,8.079998034768689,1979.5042211181033,199.75233583187475
5.24,0.0002205780177079771,8.091625960261759,1979.465819354898,199.75143415132294
5.25,0.00022059771971743704,8.103241763665926,1979.4274205121724,199.75053100196453
5.26,0.00022061740220476008,8.114845457248387,1979.389024589479,199.7496263846797
5.2700000000000005,0.0002206370651892355,8.126437053263997,1979.350631586372,199.7487203003482
5.28,0.00022065670869013371,8.138016563955283,1979.312241502405,199.7478127498493
5.29,0.00022067633272670613,8.14958400155246,1979.2738543371315,199.7469037340618
5.3,0.00022069593731818533,8.161139378273452,1979.2354700901067,199.7459932538641
5.3100000000000005,0.0002207155224837849,8.172682706323894,1979.1970887608845,199.74508131013405
5.32,0.00022073508824269964,8.184213997897144,1979.15871034902,199.74416790374914
5.33,0.00022075463461410541,8.195733265174312,1979.1203348540685,199.74325303558632
5.34,0.00022077416161715935,8.20724052032426,1979.0819622755853,199.74233670652208
5.3500000000000005,0.0002207936692709997,8.218735775503628,1979.043592613126,199.7414189174325
5.36,0.00022081315759474592,8.230219042856827,1979.0052258662467,199.74049966919316
5.37,0.00022083262660749873,8.241690334516075,1978.9668620345037,199.73957896267922
5.38,0.0002208520763283401,8.253149662601405,1978.9285011174534,199.73865679876533
5.39,0.00022087150677633325,8.264597039220666,1978.8901431146523,199.73773317832575
5.4,0.00022089091797052268,8.276032476469554,1978.851788025658,199.7368081022342
5.41,0.00022091030992993423,8.287455986431613,1978.8134358500274,199.73588157136396
5.42,0.00022092968267357506,8.298867581178259,1978.7750865873184,199.73495358658795
5.43,0.0002209490362204337,8.310267272768785,1978.7367402370887,199.7340241487785
5.44,0.00022096837058948004,8.321655073250378,1978.6983967988965,199.73309325880754
5.45,0.00022098768579966534,8.333030994658136,1978.6600562723002,199.73216091754654
5.46,0.00022100698186992233,8.344395049015075,1978.6217186568583,199.73122712586655
5.47,0.00022102625881916514,8.355747248332152,1978.58338395213,199.7302918846381
5.48,0.00022104551666628932,8.367087604608269,1978.5450521576743,199.72935519473128
5.49,0.00022106475543017199,8.378416129830292,1978.5067232730507,199.72841705701575
5.5,0.00022108397512967168,8.389732835973064,1978.4683972978194,199.7274774723607
5.51,0.00022110317578362846,8.40103773499942,1978.4300742315397,199.72653644163486
5.5200000000000005,0.000221122357410864,8.4123308388602,1978.3917540737725,199.7255939657065
5.53,0.00022114152003018144,8.423612159494258,1978.3534368240782,199.72465004544347
5.54,0.00022116066366036552,8.434881708828485,1978.3151224820174,199.72370468171312
5.55,0.00022117978832018266,8.446139498777814,1978.2768110471513,199.72275787538234
5.5600000000000005,0.00022119889402838076,8.457385541245241,1978.2385025190415,199.7218096273176
5.57,0.00022121798080368947,8.46861984812183,1978.2001968972493,199.72085993838493
5.58,0.00022123704866482008,8.479842431286738,1978.1618941813367,199.71990880944986
5.59,0.00022125609763046556,8.491053302607218,1978.123594370866,199.71895624137747
5.6000000000000005,0.00022127512771930055,8.502252473938643,1978.0852974653994,199.71800223503246
5.61,0.00022129413894998143,8.513439957124506,1978.0470034644998,199.71704679127896
5.62,0.00022131313134114632,8.524615763996449,1978.0087123677301,199.7160899109807
5.63,0.00022133210491141517,8.535779906374268,1977.9704241746533,199.71513159500105
5.64,0.0002213510596793896,8.546932396065928,1977.9321388848332,199.71417184420275
5.65,0.00022136999566365313,8.558073244867577,1977.8938564978334,199.71321065944824
5.66,0.00022138891288277105,8.569202464563562,1977.855577013218,199.71224804159942
5.67,0.0002214078113552905,8.580320066926435,1977.817300430551,199.71128399151777
5.68,0.00022142669109974055,8.59142606371698,1977.7790267493972,199.7103185100643
5.69,0.0002214455521346321,8.602520466684219,1977.7407559693215,199.70935159809963
5.7,0.00022146439447845792,8.613603287565418,1977.7024880898887,199.70838325648384
5.71,0.00022148321814969278,8.624674538086115,1977.6642231106644,199.70741348607663
5.72,0.0002215020231667934,8.63573422996013,1977.6259610312138,199.7064422877372
5.73,0.00022152080954819842,8.646782374889572,1977.5877018511032,199.70546966232433
5.74,0.00022153957731158185,8.657818984050497,1977.5494455699093,199.70449561069142
5.75,0.00022155832647403458,8.668844068217936,1977.5111921872178,199.7035201336877
5.76,0.00022157705705580155,8.679857640340504,1977.472941702568,199.70254323218288
5.7700000000000005,0.00022159576907524245,8.690859712068772,1977.434694115527,199.70156490703383
5.78,0.00022161446255069897,8.701850295041574,1977.3964494256622,199.7005851590971
5.79,0.00022163313750049468,8.71282940088603,1977.3582076325408,199.69960398922868
5.8,0.00022165179394293514,8.723797041217551,1977.319968735731,199.69862139828413
5.8100000000000005,0.00022167043189630793,8.734753227639864,1977.2817327348007,199.69763738711862
5.82,0.00022168905137888263,8.745697971745003,1977.243499629318,199.69665195658683
5.83,0.00022170765240891088,8.756631285113347,1977.2052694188517,199.695665107543
5.84,0.0002217262350046263,8.767553179313614,1977.1670421029705,199.69467684084088
5.8500000000000005,0.00022174479918424467,8.77846366590289,1977.1288176812436,199.69368715733384
5.86,0.00022176334496596382,8.789362756426627,1977.0905961532403,199.69269605787474
5.87,0.00022178187236796367,8.80025046241866,1977.0523775185304,199.69170354331607
5.88,0.00022180038140840632,8.81112679540123,1977.0141617766835,199.69070961450979
5.89,0.00022181887210543597,8.821991766884983,1976.9759489272697,199.68971427230747
5.9,0.00022183734447717905,8.832845388368995,1976.9377389698595,199.6887175175602
5.91,0.00022185579854174412,8.843687671340774,1976.899531904024,199.68771935111866
5.92,0.00022187423431722195,8.854518627276281,1976.8613277293332,199.686719773833
5.93,0.0002218926518216856,8.86533826763994,1976.8231264453589,199.68571878655305
5.94,0.00022191105107319037,8.876146603884653,1976.7849280516725,199.68471639012813
5.95,0.0002219294320897737,8.886943647451805,1976.7467325478456,199.68371258540705
5.96,0.00022194779488945548,8.89772940977129,1976.7085399334499,199.68270737323832
5.97,0.0002219661394902378,8.908503902261517,1976.670350208058,199.68170075446983
5.98,0.00022198446591010514,8.919267136329417,1976.6321633712419,199.68069272994921
5.99,0.00022200277416702428,8.930019123370467,1976.5939794225749,199.6796833005235
6.0,0.00022202106427894437,8.940759874768696,1976.5557983616293,199.67867246703935
6.01,0.00022203933626379697,8.951489401896705,1976.517620187979,199.67766023034298
6.0200000000000005,0.00022205759013949603,8.962207716115667,1976.479444901197,199.6766465912802
6.03,0.00022207582592393787,8.972914828775355,1976.4412725008572,199.67563155069624
6.04,0.00022209404363500134,8.983610751214142,1976.4031029865337,199.67461510943602
6.05,0.0002221122432905477,8.994295494759026,1976.3649363578004,199.67359726834397
6.0600000000000005,0.0002221304249084207,9.004969070725632,1976.3267726142321,199.6725780282641
6.07,0.00022214858850644657,9.015631490418233,1976.2886117554035,199.67155739003994
6.08,0.0002221667341024341,9.026282765129757,1976.2504537808898,199.67053535451458
6.09,0.0002221848617141746,9.036922906141806,1976.2122986902657,199.66951192253072
6.1000000000000005,0.0002222029713594419,9.047551924724667,1976.1741464831073,199.66848709493055
6.11,0.00022222106305599246,9.058169832137315,1976.1359971589902,199.6674608725559
6.12,0.00022223913682156533,9.068776639627446,1976.0978507174902,199.66643325624804
6.13,0.00022225719267388212,9.079372358431472,1976.0597071581838,199.6654042468479
6.140000000000001,0.0002222752306306472,9.089956999774543,1976.0215664806476,199.66437384519597
6.15,0.00022229325070954742,9.100530574870557,1975.983428684458,199.66334205213224
6.16,0.00022231125292825245,9.111093094922174,1975.9452937691926,199.66230886849627
6.17,0.0002223292373044146,9.121644571120825,1975.9071617344282,199.66127429512724
6.18,0.00022234720385566888,9.132185014646737,1975.8690325797425,199.66023833286383
6.19,0.00022236515259963305,9.142714436668932,1975.8309063047134,199.65920098254426
6.2,0.00022238308355390762,9.153232848345244,1975.7927829089188,199.65816224500642
6.21,0.0002224009967360759,9.163740260822335,1975.754662391937,199.65712212108764
6.22,0.00022241889216370391,9.174236685235709,1975.7165447533466,199.6560806116249
6.23,0.00022243676985434058,9.184722132709723,1975.6784299927263,199.65503771745466
6.24,0.00022245462982551758,9.195196614357592,1975.6403181096553,199.65399343941303
6.25,0.00022247247209474948,9.205660141281417,1975.6022091037128,199.6529477783356
6.26,0.00022249029667953372,9.216112724572188,1975.5641029744781,199.65190073505758
6.2700000000000005,0.00022250810359735062,9.226554375309801,1975.5259997215314,199.65085231041374
6.28,0.00022252589286566338,9.236985104563065,1975.4878993444527,199.64980250523837
6.29,0.00022254366450191819,9.247404923389723,1975.449801842822,199.64875132036534
6.3,0.0002225614185235441,9.25781384283646,1975.4117072162198,199.64769875662813
6.3100000000000005,0.00022257915494795322,9.26821187393892,1975.3736154642272,199.6466448148597
6.32,0.00022259687379254053,9.278599027721711,1975.335526586425,199.64558949589266
6.33,0.000222614575072682,9.28897531380397,1975.2974405824243,199.64453280054465
6.34,0.00022263225880723113,9.29934074422773,1975.2593574517844,199.6434747296582
6.3500000000000005,0.00022264992501386764,9.309695330218357,1975.221277194082,199.64241528406694
6.36,0.0002226675737099126,9.320039082752198,1975.1831998088992,199.64135446460168
6.37,0.00022268520491267,9.330372012794552,1975.1451252958186,199.64029227209275
6.38,0.00022270281863942686,9.340694131299683,1975.1070536544228,199.6392287073701
6.390000000000001,0.00022272041490745318,9.351005449210833,1975.0689848842944,199.63816377126318
6.4,0.00022273799373400197,9.361305977460232,1975.0309189850166,199.63709746460103
6.41,0.00022275555513630925,9.371595726969108,1974.9928559561727,199.63602978821226
6.42,0.0002227730991315942,9.38187470864771,1974.9547957973464,199.63496074292505
6.43,0.00022279062573705896,9.392142933395307,1974.9167385081214,199.6338903295671
6.44,0.00022280813496988885,9.40240041210021,1974.878684088082,199.6328185489658
6.45,0.0002228256268472522,9.41264715563978,1974.8406325368123,199.6317454019479
6.46,0.00022284310138630058,9.422883174880438,1974.802583853897,199.63067088933997
6.47,0.00022286055860416866,9.433108480677685,1974.7645380389208,199.62959501196792
6.48,0.00022287799851797426,9.443323083876106,1974.726495091469,199.62851777065734
6.49,0.00022289542114481843,9.453526995309385,1974.6884550111267,199.62743916623342
6.5,0.00022291282650178536,9.463720225800323,1974.6504177974793,199.62635919952078
6.51,0.00022293021460594254,9.47390278616084,1974.6123834501132,199.62527787134374
6.5200000000000005,0.00022294758547434064,9.484074687191997,1974.5743519686137,199.62419518252614
6.53,0.00022296493912401364,9.494235939684001,1974.5363233525675,199.6231111338914
6.54,0.00022298227557197874,9.504386554416222,1974.498297601561,199.62202572626245
6.55,0.0002229995948352365,9.514526542157201,1974.4602747151812,199.6209389604619
6.5600000000000005,0.0002230168969307707,9.52465591366467,1974.4222546930148,199.61985083731182
6.57,0.00022303418187554858,9.534774679685553,1974.3842375346492,199.6187613576339
6.58,0.00022305144968652062,9.544882850955988,1974.3462232396719,199.61767052224943
6.59,0.00022306870038062075,9.554980438201335,1974.3082118076707,199.61657833197916
6.6000000000000005,0.00022308593397476622,9.56506745213619,1974.2702032382333,199.61548478764354
6.61,0.00022310315048585774,9.575143903464395,1974.2321975309483,199.61438989006254
6.62,0.00022312034993077944,9.585209802879053,1974.194194685404,199.61329364005564
6.63,0.00022313753232639885,9.595265161062535,1974.156194701189,199.612196038442
6.640000000000001,0.00022315469768956702,9.605309988686502,1974.1181975778925,199.61109708604027
6.65,0.00022317184603711844,9.615344296411907,1974.0802033151033,199.6099967836687
6.66,0.0002231889773858711,9.625368094889012,1974.0422119124112,199.60889513214508
6.67,0.00022320609175262654,9.635381394757403,1974.0042233694057,199.60779213228685
6.68,0.0002232231891541698,9.645384206645998,1973.966237685677,199.60668778491092
6.69,0.0002232402696072695,9.65537654117306,1973.9282548608148,199.60558209083385
6.7,0.0002232573331286778,9.66535840894621,1973.8902748944097,199.6044750508717
6.71,0.00022327437973513052,9.675329820562437,1973.8522977860523,199.60336666584024
6.72,0.000223291409443347,9.68529078660812,1973.8143235353334,199.60225693655465
6.73,0.00022330842227003027,9.695241317659024,1973.7763521418442,199.60114586382977
6.74,0.000223325418231867,9.705181424280324,1973.738383605176,199.60003344848
6.75,0.00022334239734552746,9.715111117026618,1973.7004179249204,199.59891969131928
6.76,0.0002233593596276657,9.725030406441931,1973.6624551006691,199.59780459316121
6.7700000000000005,0.00022337630509491942,9.734939303059734,1973.6244951320145,199.59668815481885
6.78,0.00022339323376391006,9.744837817402955,1973.5865380185485,199.59557037710493
6.79,0.00022341014565124275,9.754725959983988,1973.5485837598637,199.5944512608317
6.8,0.00022342704077350645,9.764603741304711,1973.510632355553,199.593330806811
6.8100000000000005,0.00022344391914727384,9.774471171856492,1973.4726838052095,199.59220901585425
6.82,0.00022346078078910143,9.784328262120207,1973.4347381084262,199.59108588877243
6.83,0.0002234776257155295,9.794175022566247,1973.3967952647965,199.58996142637614
6.84,0.0002234944539430822,9.804011463654536,1973.3588552739145,199.58883562947545
6.8500000000000005,0.00022351126548826751,9.81383759583454,1973.3209181353736,199.58770849888018
6.86,0.0002235280603675773,9.823653429545274,1973.2829838487685,199.58658003539955
6.87,0.0002235448385974873,9.83345897521533,1973.2450524136934,199.58545023984243
6.88,0.00022356160019445712,9.843254243262868,1973.2071238297428,199.5843191130173
6.890000000000001,0.00022357834517493038,9.853039244095648,1973.169198096512,199.5831866557322
6.9,0.00022359507355533456,9.86281398811103,1973.1312752135955,199.58205286879468
6.91,0.00022361178535109646,9.872578485017383,1973.0933551806036,199.5809177530042
6.92,0.00022362848057812316,9.882332744854736,1973.0554379971388,199.57978130916374
6.93,0.00022364515925409436,9.892076778885434,1973.017523662778,199.57864353808978
6.94,0.00022366182139536738,9.901810597461152,1972.9796121771174,199.57750444058823
6.95,0.00022367846701828344,9.911534210923147,1972.9417035397532,199.57636401746447
6.96,0.00022369509613916777,9.921247629602274,1972.903797750282,199.57522226952355
6.97,0.00022371170877432943,9.930950863818994,1972.8658948083007,199.5740791975701
6.98,0.0002237283049400616,9.940643923883393,1972.8279947134063,199.57293480240824
6.99,0.00022374488465264127,9.950326820095173,1972.7900974651964,199.57178908484173
7.0,0.0002237614479283296,9.959999562743693,1972.752203063268,199.57064204567394
7.01,0.00022377799478337165,9.969662162107957,1972.7143115072195,199.56949368570776
7.0200000000000005,0.00022379452523399657,9.979314628456638,1972.6764227966482,199.56834400574567
7.03,0.0002238110392964176,9.988956972048085,1972.638536931153,199.56719300658978
7.04,0.00022382753698683196,9.998589203130331,1972.6006539103323,199.56604068904167
7.05,0.00022384401832142102,10.008211331941117,1972.5627737337843,199.56488705390262
7.0600000000000005,0.00022386048331635028,10.01782336870789,1972.5248964011084,199.56373210197341
7.07,0.0002238769319877693,10.027425323647822,1972.4870219119036,199.56257583405448
7.08,0.00022389336435181182,10.03701720696782,1972.4491502657693,199.56141825094574
7.09,0.00022390978042459572,10.046599028864536,1972.411281462305,199.56025935344678
7.1000000000000005,0.00022392618022222313,10.056170799524383,1972.373415501111,199.5590991423567
7.11,0.00022394256376078025,10.065732529123538,1972.3355523817868,199.55793761847423
7.12,0.00022395893105633762,10.075284227827968,1972.297692103933,199.55677478259764
7.13,0.0002239752821249499,10.084825905793426,1972.2598346671505,199.55561063552486
7.140000000000001,0.00022399161698265606,10.094357573165473,1972.2219800710395,199.5544451780533
7.15,0.00022400793564547936,10.103879240079483,1972.1841283152014,199.55327841098
7.16,0.00022402423812942725,10.113390916660657,1972.146279399237,199.55211033510162
7.17,0.00022404052445049156,10.122892613024044,1972.1084333227484,199.55094095121433
7.18,0.0002240567946246484,10.132384339274534,1972.0705900853368,199.54977026011392
7.19,0.00022407304866785822,10.141866105506883,1972.0327496866043,199.54859826259576
7.2,0.00022408928659606582,10.151337921805723,1971.994912126153,199.54742495945482
7.21,0.0002241055084252004,10.16079979824557,1971.9570774035853,199.5462503514856
7.22,0.0002241217141711755,10.170251744890837,1971.9192455185039,199.54507443948228
7.23,0.00022413790384988907,10.179693771795847,1971.8814164705116,199.54389722423852
7.24,0.00022415407747722354,10.189125889004844,1971.8435902592114,199.54271870654762
7.25,0.0002241702350690457,10.198548106552003,1971.8057668842064,199.54153888720245
7.26,0.00022418637664120685,10.207960434461443,1971.7679463451007,199.54035776699547
7.2700000000000005,0.00022420250220954273,10.21736288274724,1971.7301286414972,199.53917534671874
7.28,0.00022421861178987358,10.226755461413434,1971.6923137730007,199.53799162716385
7.29,0.0002242347053980042,10.236138180454049,1971.654501739215,199.53680660912207
7.3,0.0002242507830497238,10.245511049853091,1971.6166925397445,199.53562029338414
7.3100000000000005,0.00022426684476080627,10.254874079584576,1971.578886174194,199.53443268074048
7.32,0.00022428289054701,10.264227279612529,1971.5410826421682,199.53324377198106
7.33,0.00022429892042407786,10.273570659891,1971.5032819432722,199.53205356789545
7.34,0.00022431493440773753,10.282904230364078,1971.4654840771116,199.53086206927273
7.3500000000000005,0.0002243309325137011,10.292228000965903,1971.4276890432916,199.52966927690173
7.36,0.0002243469147576654,10.301541981620666,1971.3898968414182,199.52847519157066
7.37,0.0002243628811553119,10.310846182242635,1971.3521074710973,199.52727981406753
7.38,0.0002243788317223067,10.320140612736163,1971.314320931935,199.52608314517977
7.390000000000001,0.0002243947664743006,10.329425282995697,1971.276537223538,199.52488518569447
7.4,0.0002244106854269291,10.338700202905784,1971.238756345513,199.5236859363983
7.41,0.00022442658859581245,10.347965382341098,1971.2009782974662,199.52248539807752
7.42,0.00022444247599655558,10.357220831166437,1971.1632030790056,199.52128357151798
7.43,0.0002244583476447482,10.366466559236741,1971.1254306897383,199.52008045750512
7.44,0.0002244742035559648,10.375702576397106,1971.0876611292715,199.51887605682396
7.45,0.0002244900437457646,10.384928892482788,1971.0498943972132,199.51767037025908
7.46,0.00022450586822969173,10.394145517319222,1971.0121304931715,199.5164633985947
7.47,0.00022452167702327508,10.403352460722028,1970.9743694167544,199.51525514261468
7.48,0.00022453747014202833,10.412549732497029,1970.9366111675706,199.5140456031023
7.49,0.00022455324760145014,10.421737342440254,1970.8988557452285,199.51283478084056
7.5,0.00022456900941460368,10.430915298690046,1970.8611031493724,199.51162267659305
7.51,0.00022458475559918582,10.44008361254022,1970.8233533795787,199.51040929115936
7.5200000000000005,0.00022460048617066138,10.449242293765428,1970.785606435457,199.5091946253214
7.53,0.0002246162011444623,10.45839135211834,1970.7478623166166,199.50797867986043
7.54,0.0002246319005360052,10.467530797341828,1970.7101210226674,199.5067614555573
7.55,0.00022464758436069166,10.476660639168953,1970.6723825532197,199.50554295319247
7.5600000000000005,0.00022466325263390807,10.485780887322989,1970.6346469078833,199.50432317354603
7.57,0.00022467890537102562,10.494891551517425,1970.5969140862694,199.50310211739762
7.58,0.00022469454258740052,10.503992641455984,1970.5591840879881,199.50187978552648
7.59,0.0002247101642983738,10.513084166832629,1970.5214569126508,199.5006561787114
7.6000000000000005,0.00022472577051927143,10.522166137331572,1970.4837325598685,199.49943129773087
7.61,0.00022474136126540435,10.53123856262729,1970.4460110292528,199.49820514336287
7.62,0.0002247569365520684,10.540301452384538,1970.408292320415,199.49697771638498
7.63,0.00022477249639454443,10.549354816258349,1970.3705764329673,199.49574901757444
7.640000000000001,0.0002247880408080983,10.558398663894057,1970.3328633665212,199.49451904770802
7.65,0.00022480356980798078,10.567433004927295,1970.2951531206895,199.4932878075621
7.66,0.00022481908340942776,10.576457848984024,1970.2574456950847,199.49205529791266
7.67,0.00022483458162766016,10.585473205680527,1970.2197410893193,199.49082151953527
7.68,0.00022485006447788388,10.594479084623426,1970.1820393030061,199.48958647320512
7.69,0.00022486553197528997,10.603475495409697,1970.1443403357587,199.48835015969692
7.7,0.0002248809841350545,10.612462447626672,1970.10664418719,199.48711257978508
7.71,0.00022489642097233873,10.62143995085206,1970.068950856914,199.48587373424348
7.72,0.0002249118425022889,10.630408014653952,1970.0312603445443,199.4846336238457
7.73,0.00022492724874003655,10.639366648590832,1969.993572649695,199.48339224936487
7.74,0.00022494263970069823,10.648315862211588,1969.95588777198,199.48214961157373
7.75,0.00022495801539937577,10.657255665055525,1969.9182057110143,199.48090571124456
7.76,0.00022497337585115614,10.666186066652374,1969.880526466412,199.47966054914934
7.7700000000000005,0.00022498872107111145,10.675107076522307,1969.8428500377886,199.47841412605953
7.78,0.00022500405107429914,10.684018704175939,1969.8051764247587,199.4771664427463
7.79,0.00022501936587576184,10.69292095911435,1969.767505626938,199.4759174999803
7.8,0.00022503466549052736,10.701813850829085,1969.7298376439417,199.47466729853187
7.8100000000000005,0.0002250499499336089,10.710697388802176,1969.6921724753859,199.47341583917088
7.82,0.00022506521922000487,10.719571582506143,1969.654510120886,199.47216312266687
7.83,0.00022508047336469898,10.72843644140401,1969.616850580059,199.4709091497889
7.84,0.0002250957123826603,10.737291974949319,1969.5791938525206,199.46965392130568
7.8500000000000005,0.00022511093628884313,10.74613819258613,1969.5415399378876,199.46839743798546
7.86,0.0002251261450981873,10.754975103749045,1969.503888835777,199.4671397005962
7.87,0.00022514133882561778,10.763802717863207,1969.4662405458057,199.4658807099053
7.88,0.00022515651748604516,10.772621044344326,1969.428595067591,199.4646204666799
7.890000000000001,0.00022517168109436524,10.781430092598672,1969.3909524007504,199.46335897168666
7.9,0.0002251868296654593,10.7902298720231,1969.3533125449014,199.46209622569185
7.91,0.00022520196321419408,10.799020392005048,1969.3156754996621,199.46083222946135
7.92,0.00022521708175542176,10.807801661922566,1969.2780412646505,199.45956698376065
7.930000000000001,0.00022523218530397994,10.816573691144312,1969.2404098394848,199.45830048935483
7.94,0.00022524727387469176,10.825336489029562,1969.2027812237839,199.45703274700855
7.95,0.0002252623474823658,10.834090064928233,1969.165155417166,199.4557637574861
7.96,0.00022527740614179618,10.842834428180886,1969.1275324192504,199.4544935215513
7.97,0.00022529244986776257,10.851569588118736,1969.0899122296564,199.45322203996773
7.98,0.0002253074786750302,10.860295554063667,1969.0522948480032,199.45194931349837
7.99,0.00022532249257834977,10.86901233532824,1969.0146802739102,199.45067534290592
8.0,0.00022533749159245765,10.877719941215704,1968.9770685069973,199.44940012895268
8.01,0.00022535247573207578,10.886418381020007,1968.9394595468848,199.4481236724005
8.02,0.00022536744501191173,10.895107664025813,1968.9018533931926,199.4468459740109
8.03,0.00022538239944665863,10.903787799508505,1968.8642500455412,199.4455670345449
8.040000000000001,0.00022539733905099535,10.912458796734194,1968.8266495035512,199.44428685476322
8.05,0.00022541226383958638,10.921120664959739,1968.7890517668436,199.44300543542616
8.06,0.00022542717382708185,10.929773413432752,1968.7514568350393,199.44172277729356
8.07,0.00022544206902811763,10.938417051391612,1968.7138647077597,199.44043888112492
8.08,0.00022545694945603643,10.947051587196528,1968.6762753846444,199.43915374766945
8.09,0.0002254718151256077,10.9556770301776,1968.6386888653133,199.4378673776871
8.1,0.00022548666605237358,10.964293390190464,1968.6011051493742,199.43657977194349
8.11,0.00022550150225090693,10.972900676432639,1968.5635242364497,199.4352909311965
8.120000000000001,0.0002255163237357663,10.981498898092385,1968.5259461261614,199.43400085620357
8.13,0.0002255311305214959,10.990088064348713,1968.4883708181328,199.43270954772177
8.14,0.00022554592262262563,10.998668184371402,1968.450798311986,199.43141700650776
8.15,0.00022556070005367112,11.007239267321001,1968.4132286073445,199.4301232333178
8.16,0.00022557546282913368,11.015801322348846,1968.3756617038314,199.42882822890778
8.17,0.00022559021096350043,11.024354358597064,1968.3380976010699,199.42753199403313
8.18,0.00022560494447124418,11.032898385198584,1968.300536298684,199.42623452944898
8.19,0.00022561966336682356,11.041433411277154,1968.2629777962973,199.42493583590996
8.2,0.00022563436766468293,11.049959445947344,1968.225422093534,199.4236359141704
8.21,0.00022564905737925252,11.058476498314564,1968.1878691900183,199.42233476498419
8.22,0.00022566373252494833,11.066984577475058,1968.1503190853748,199.4210323891048
8.23,0.0002256783931161722,11.075483692515938,1968.112771779228,199.41972878728532
8.24,0.00022569303916731182,11.083973852515173,1968.075227271203,199.4184239602785
8.25,0.00022570767069274078,11.092455066541614,1968.0376855609247,199.4171179088366
8.26,0.0002257222877068185,11.100927343654993,1968.0001466480187,199.41581063371157
8.27,0.00022573689022389033,11.109390692905945,1967.9626105321101,199.41450213565494
8.28,0.0002257514782582875,11.117845123336005,1967.9250772128248,199.41319241541783
8.290000000000001,0.00022576605182432716,11.126290643977633,1967.887546689789,199.41188147375095
8.3,0.00022578061093631247,11.134727263854208,1967.8500189626284,199.41056931140466
8.31,0.00022579515560853248,11.14315499198005,1967.8124940309697,199.40925592912893
8.32,0.0002258096858552622,11.151573837360429,1967.7749718944392,199.40794132767329
8.33,0.0002258242016907627,11.159983808991573,1967.7374525526636,199.4066255077869
8.34,0.00022583870312928102,11.168384915860678,1967.69993600527,199.40530847021856
8.35,0.0002258531901850502,11.176777166945914,1967.6624222518858,199.40399021571662
8.36,0.0002258676628722893,11.185160571216448,1967.624911292138,199.40267074502907
8.370000000000001,0.00022588212120520348,11.193535137632443,1967.587403125654,199.40135005890352
8.38,0.00022589656519798396,11.20190087514507,1967.5498977520622,199.40002815808714
8.39,0.00022591099486480798,11.21025779269652,1967.51239517099,199.39870504332677
8.4,0.00022592541021983895,11.218605899220018,1967.4748953820656,199.39738071536885
8.41,0.00022593981127722637,11.226945203639824,1967.4373983849177,199.39605517495937
8.42,0.00022595419805110581,11.235275714871253,1967.3999041791749,199.39472842284397
8.43,0.00022596857055559908,11.24359744182068,1967.3624127644657,199.39340045976792
8.44,0.00022598292880481407,11.251910393385552,1967.3249241404192,199.39207128647607
8.45,0.0002259972728128449,11.260214578454393,1967.2874383066646,199.39074090371287
8.46,0.0002260116025937718,11.268510005906826,1967.2499552628315,199.38940931222243
8.47,0.00022602591816166134,11.276796684613569,1967.212475008549,199.3880765127484
8.48,0.00022604021953056614,11.285074623436458,1967.1749975434473,199.3867425060341
8.49,0.0002260545067145252,11.293343831228446,1967.1375228671563,199.38540729282244
8.5,0.0002260687797275637,11.301604316833625,1967.1000509793062,199.38407087385593
8.51,0.00022608303858369307,11.309856089087226,1967.0625818795274,199.3827332498767
8.52,0.00022609728329691108,11.318099156815638,1967.0251155674505,199.3813944216265
8.53,0.00022611151388120176,11.326333528836406,1966.9876520427063,199.38005438984672
8.540000000000001,0.00022612573035053546,11.334559213958258,1966.9501913049257,199.37871315527826
8.55,0.00022613993271886887,11.342776220981097,1966.9127333537401,199.37737071866175
8.56,0.000226154121000145,11.35098455869603,1966.8752781887806,199.37602708073734
8.57,0.00022616829520829326,11.35918423588536,1966.8378258096793,199.3746822422449
8.58,0.0002261824553572294,11.367375261322612,1966.8003762160674,199.37333620392374
8.59,0.00022619660146085553,11.375557643772535,1966.7629294075775,199.37198896651296
8.6,0.00022621073353306027,11.383731391991107,1966.7254853838413,199.37064053075122
8.61,0.00022622485158771852,11.391896514725563,1966.6880441444916,199.36929089737671
8.620000000000001,0.00022623895563869177,11.400053020714388,1966.6506056891606,199.36794006712736
8.63,0.00022625304569982786,11.40820091868733,1966.6131700174815,199.36658804074062
8.64,0.0002262671217849611,11.416340217365418,1966.575737129087,199.36523481895358
8.65,0.0002262811839079123,11.424470925460971,1966.5383070236103,199.36388040250299
8.66,0.0002262952320822164,11.432593051491802,1966.500879700689,199.362524792123
8.67,0.00022630926632011308,11.440706603092945,1966.4634551599788,199.3611679885373
8.68,0.0002263232866370602,11.44881159009469,1966.4260334010896,199.35980999249466
8.69,0.0002263372930468194,11.456908021170984,1966.3886144236553,199.35845080473024
8.700000000000001,0.00022635128556313872,11.464995904987042,1966.35119822731,199.35709042597878
8.71,0.00022636526419975264,11.473075250199352,1966.3137848116885,199.35572885697462
8.72,0.00022637922897038225,11.481146065455698,1966.276374176425,199.35436609845172
8.73,0.000226393179888735,11.489208359395157,1966.2389663211547,199.3530021511437
8.74,0.00022640711696850495,11.497262140648111,1966.2015612455125,199.35163701578375
8.75,0.00022642104022337268,11.505307417836267,1966.1641589491337,199.35027069310468
8.76,0.00022643494966700527,11.513344199572648,1966.126759431654,199.34890318383896
8.77,0.00022644884531305637,11.521372494461623,1966.0893626927084,199.3475344887186
8.78,0.00022646272717516627,11.529392311098903,1966.0519687319334,199.34616460847528
8.790000000000001,0.0002264765952669618,11.537403658071552,1966.0145775489646,199.3447935438403
8.8,0.0002264904496020564,11.545406543958002,1965.9771891434382,199.34342129554454
8.81,0.0002265042901940501,11.55340097732806,1965.9398035149911,199.34204786431854
8.82,0.0002265181170565296,11.56138696674292,1965.9024206632594,199.34067325089242
8.83,0.00022653193020306828,11.569364520755165,1965.8650405878805,199.33929745599593
8.84,0.00022654572964722608,11.577333647908787,1965.8276632884906,199.33792048035843
8.85,0.0002265595154025497,11.585294356739192,1965.7902887647276,199.33654232470894
8.86,0.00022657328748257254,11.593246655773205,1965.7529170162288,199.33516298977605
8.870000000000001,0.00022658704590081466,11.601190553529088,1965.7155480426316,199.33378247628798
8.88,0.00022660079067078287,11.609126058516543,1965.6781818435738,199.33240078497258
8.89,0.00022661452180597067,11.617053179236725,1965.6408184186935,199.33101791655733
8.9,0.0002266282393198584,11.624971924182258,1965.603457767629,199.32963387176926
8.91,0.0002266419432259131,11.632882301837226,1965.5660998900182,199.3282486513351
8.92,0.00022665563353758855,11.640784320677206,1965.5287447855003,199.32686225598115
8.93,0.00022666931026832544,11.648677989169258,1965.4913924537136,199.32547468643335
8.94,0.00022668297343155115,11.656563315771946,1965.4540428942971,199.32408594341732
8.950000000000001,0.00022669662304068,11.66444030893535,1965.4166961068902,199.32269602765814
8.96,0.00022671025910911305,11.672308977101057,1965.3793520911322,199.32130493988066
8.97,0.00022672388165023824,11.680169328702199,1965.3420108466623,199.3199126808093
8.98,0.0002267374906774304,11.688021372163439,1965.3046723731206,199.31851925116808
8.99,0.00022675108620405122,11.69586511590099,1965.267336670147,199.31712465168067
9.0,0.00022676466824344933,11.703700568322626,1965.2300037373814,199.31572888307036
9.01,0.0002267782368089602,11.71152773782769,1965.1926735744644,199.31433194606004
9.02,0.00022679179191390628,11.719346632807106,1965.155346181036,199.31293384137223
9.03,0.00022680533357159695,11.727157261643377,1965.1180215567374,199.31153456972905
9.040000000000001,0.0002268188617953285,11.734959632710614,1965.0806997012094,199.31013413185232
9.05,0.0002268323765983843,11.74275375437453,1965.0433806140927,199.3087325284634
9.06,0.0002268458779940346,11.750539634992457,1965.0060642950289,199.3073297602833
9.07,0.00022685936599553663,11.758317282913351,1964.9687507436595,199.30592582803263
9.08,0.00022687284061613476,11.76608670647781,1964.9314399596258,199.30452073243168
9.09,0.00022688630186906028,11.773847914018074,1964.89413194257,199.30311447420033
9.1,0.00022689974976753156,11.78160091385804,1964.856826692134,199.30170705405806
9.11,0.00022691318432475403,11.789345714313274,1964.81952420796,199.300298472724
9.120000000000001,0.00022692660555392017,11.797082323691013,1964.7822244896904,199.29888873091687
9.13,0.0002269400134682096,11.804810750290176,1964.7449275369677,199.2974778293551
9.14,0.00022695340808078898,11.812531002401387,1964.707633349435,199.29606576875668
9.15,0.00022696678940481213,11.820243088306965,1964.6703419267346,199.29465254983918
9.16,0.00022698015745341993,11.827947016280946,1964.6330532685104,199.2932381733199
9.17,0.00022699351223974052,11.835642794589093,1964.5957673744056,199.29182263991567
9.18,0.0002270068537768891,11.843330431488898,1964.5584842440633,199.290405950343
9.19,0.0002270201820779681,11.851009935229598,1964.5212038771278,199.288988105318
9.200000000000001,0.0002270334971560671,11.858681314052184,1964.4839262732426,199.2875691055564
9.21,0.0002270467990242629,11.866344576189407,1964.4466514320518,199.2861489517736
9.22,0.00022706008769561958,11.87399972986579,1964.4093793532002,199.2847276446846
9.23,0.00022707336318318833,11.881646783297644,1964.3721100363316,199.28330518500402
9.24,0.00022708662550000768,11.88928574469306,1964.334843481091,199.28188157344607
9.25,0.00022709987465775923,11.896916621334388,1964.2975796871428,199.2804568107136
9.26,0.0002271131106701254,11.904539421870279,1964.2603186541223,199.2790308975256
9.27,0.00022712633355064074,11.91215415484891,1964.2230603816668,199.27760383459957
9.28,0.0002271395433122879,11.91976082844225,1964.185804869422,199.27617562264828
9.290000000000001,0.0002271527399680368,11.927359450814054,1964.1485521170337,199.27474626238404
9.3,0.00022716592353084453,11.934950030119847,1964.1113021241472,199.27331575451882
9.31,0.00022717909401365555,11.94253257450696,1964.0740548904091,199.2718840997642
9.32,0.00022719225142940147,11.950107092114516,1964.0368104154654,199.2704512988314
9.33,0.00022720539579100128,11.957673591073457,1963.9995686989625,199.2690173524313
9.34,0.00022721852711136118,11.965232079506544,1963.9623297405471,199.2675822612743
9.35,0.0002272316454033747,11.972782565528368,1963.9250935398659,199.26614602607057
9.36,0.00022724475067992275,11.980325057245356,1963.8878600965659,199.26470864752983
9.370000000000001,0.00022725784295387353,11.987859562755787,1963.8506294102945,199.26327012636145
9.38,0.00022727092223808254,11.995386090149795,1963.8134014806985,199.26183046327435
9.39,0.00022728398854539276,12.00290464750938,1963.776176307426,199.2603896589772
9.4,0.00022729704188863444,12.010415242908422,1963.7389538901245,199.25894771417825
9.41,0.00022731008228062528,12.01791788441268,1963.7017342284419,199.25750462958533
9.42,0.00022732310973417035,12.025412580079811,1963.6645173220263,199.25606040590597
9.43,0.00022733612426206222,12.032899337959371,1963.627303170526,199.25461504384728
9.44,0.00022734912587708077,12.040378166092834,1963.5900917735894,199.25316854411605
9.450000000000001,0.00022736211459199342,12.047849072513593,1963.552883130865,199.25172090741864
9.46,0.00022737509041955497,12.055312065246966,1963.515677242002,199.25027213446108
9.47,0.0002273880533725078,12.062767152310215,1963.4784741066492,199.24882222594903
9.48,0.00022740100346358173,12.070214341712555,1963.4412737244559,199.24737118258776
9.49,0.000227413940705494,12.077653641455152,1963.4040760950713,199.24591900508216
9.5,0.0002274268651109495,12.085085059531142,1963.3668812181452,199.2444656941368
9.51,0.0002274397766926406,12.092508603925637,1963.329689093327,199.24301125045585
9.52,0.00022745267546324716,12.099924282615735,1963.2924997202672,199.2415556747431
9.53,0.00022746556143543663,12.107332103570528,1963.2553130986153,199.24009896770198
9.540000000000001,0.00022747843462186409,12.11473207475111,1963.2181292280218,199.23864113003555
9.55,0.0002274912950351721,12.122124204110591,1963.1809481081375,199.23718216244654
9.56,0.0002275041426879909,12.129508499594097,1963.1437697386127,199.23572206563728
9.57,0.00022751697759293833,12.136884969138793,1963.1065941190984,199.23426084030967
9.58,0.00022752979976261984,12.144253620673878,1963.0694212492456,199.23279848716538
9.59,0.0002275426092096285,12.151614462120603,1963.0322511287054,199.23133500690557
9.6,0.00022755540594654504,12.158967501392278,1962.9950837571291,199.22987040023116
9.61,0.00022756818998593794,12.166312746394276,1962.9579191341688,199.2284046678426
9.620000000000001,0.00022758096134036323,12.173650205024057,1962.9207572594757,199.22693781044
9.63,0.00022759372002236473,12.180979885171153,1962.883598132702,199.2254698287232
9.64,0.00022760646604447394,12.188301794717203,1962.8464417534997,199.2240007233915
9.65,0.00022761919941921007,12.195615941535943,1962.8092881215211,199.22253049514396
9.66,0.0002276319201590801,12.202922333493225,1962.772137236419,199.22105914467926
9.67,0.0002276446282765787,12.210220978447023,1962.7349890978455,199.21958667269567
9.68,0.0002276573237841884,12.217511884247445,1962.6978437054538,199.21811307989114
9.69,0.00022767000669437942,12.224795058736735,1962.6607010588968,199.21663836696322
9.700000000000001,0.00022768267701960983,12.232070509749292,1962.6235611578277,199.2151625346091
9.71,0.00022769533477232546,12.239338245111668,1962.5864240019,199.21368558352563
9.72,0.00022770797996495996,12.246598272642588,1962.549289590767,199.21220751440924
9.73,0.0002277206126099349,12.253850600152955,1962.5121579240827,199.2107283279561
9.74,0.00022773323271965955,12.261095235445854,1962.4750290015008,199.2092480248619
9.75,0.00022774584030653118,12.268332186316568,1962.4379028226754,199.20776660582203
9.76,0.0002277584353829349,12.275561460552588,1962.4007793872609,199.20628407153148
9.77,0.00022777101796124362,12.28278306593361,1962.3636586949117,199.20480042268494
9.78,0.00022778358805381824,12.289997010231565,1962.3265407452825,199.20331565997665
9.790000000000001,0.0002277961456730076,12.297203301210606,1962.289425538028,199.20182978410057
9.8,0.00022780869083114836,12.304401946627133,1962.252313072803,199.20034279575026
9.81,0.00022782122354056528,12.311592954229793,1962.215203349263,199.19885469561885
9.82,0.0002278337438135709,12.318776331759494,1962.178096367063,199.19736548439926
9.83,0.00022784625166196568,12.325952086609314,1962.1409921258662,199.19587516277963
9.84,0.00022785874709715508,12.33312022590428,1962.1038906253407,199.19438373144462
9.85,0.00022787123013266595,12.340280758212185,1962.0667918651245,199.19289119109658
9.86,0.00022788370078075812,12.347433691239848,1962.0296958448735,199.1913975424268
9.870000000000001,0.0002278961590536794,12.35457903268634,1961.992602564244,199.18990278612637
9.88,0.00022790860496366556,12.361716790242973,1961.9555120228924,199.18840692288583
9.89,0.00022792103852294033,12.368846971593326,1961.9184242204756,199.18690995339549
9.9,0.00022793345974371536,12.375969584413248,1961.8813391566503,199.18541187834518
9.91,0.00022794586863819033,12.383084636370864,1961.8442568310736,199.18391269842445
9.92,0.00022795826521855296,12.390192135126583,1961.8071772434023,199.1824124143225
9.93,0.00022797064949697893,12.397292088333113,1961.7701003932941,199.18091102672815
9.94,0.00022798302148563195,12.404384503635464,1961.7330262804066,199.17940853632982
9.950000000000001,0.0002279953811966638,12.411469388670962,1961.6959549043972,199.17790494381558
9.96,0.0002280077286422143,12.418546751069245,1961.658886264924,199.1764002498732
9.97,0.0002280200638344113,12.42561659845229,1961.6218203616447,199.17489445519004
9.98,0.0002280323867853708,12.432678938434407,1961.584757194218,199.17338756045308
9.99,0.00022804469750719683,12.439733778622255,1961.547696762302,199.171879566349
