t,HPL,HPR,HMD1
0.0,1.00163,1.00237,1.0
0.01,1.001630003673749,1.00237000432218,1.0125573999999997
0.02,1.0016300073474973,1.0023700086443592,1.0251147999999999
0.03,1.001630011021245,1.0023700129665378,1.0376721999999998
0.04,1.0016300146949921,1.0023700172887156,1.0502296
0.05,1.0016300183687386,1.0023700216108924,1.062787
0.06,1.0016300220424843,1.0023700259330686,1.0753443999999999
0.07,1.0016300257162294,1.002370030255244,1.0879018
0.08,1.001630029389974,1.0023700345774187,1.1004592
0.09,1.0016300330637178,1.0023700388995926,1.1130166
0.1,1.001630036737461,1.002370043221766,1.1255739999999999
0.11,1.0016300404112035,1.0023700475439383,1.1381314
0.12,1.0016300440849455,1.00237005186611,1.1506888
0.13,1.0016300477586868,1.002370056188281,1.1632462
0.14,1.0016300514324274,1.002370060510451,1.1758036
0.15,1.0016300551061676,1.0023700648326206,1.188361
0.16,1.001630058779907,1.0023700691547892,1.2009184
0.17,1.0016300624536456,1.0023700734769572,1.2134757999999999
0.18,1.0016300661273838,1.0023700777991242,1.2260332
0.19,1.0016300698011211,1.0023700821212909,1.2385906
0.2,1.001630073474858,1.0023700864434564,1.251148
0.21,1.0016300771485942,1.0023700907656214,1.2637053999999999
0.22,1.0016300808223297,1.0023700950877856,1.2762628
0.23,1.0016300844960648,1.002370099409949,1.2888202
0.24,1.001630088169799,1.0023701037321118,1.3013776
0.25,1.0016300918435328,1.0023701080542735,1.313935
0.26,1.0016300955172657,1.0023701123764348,1.3264924
0.27,1.001630099190998,1.0023701166985952,1.3390498
0.28,1.0016301028647299,1.002370121020755,1.3516072000000001
0.29,1.001630106538461,1.0023701253429138,1.3641646
0.3,1.0016301102121914,1.002370129665072,1.376722
0.31,1.0016301138859212,1.0023701339872295,1.3892794
0.32,1.0016301175596505,1.0023701383093861,1.4018368
0.33,1.001630121233379,1.0023701426315421,1.4143942
0.34,1.001630124907107,1.0023701469536972,1.4269516
0.35000000000000003,1.0016301285808342,1.0023701512758516,1.4395090000000001
0.36,1.0016301322545607,1.0023701555980054,1.4520664
0.37,1.0016301359282869,1.0023701599201582,1.4646238
0.38,1.0016301396020122,1.0023701642423104,1.4771812
0.39,1.0016301432757369,1.002370168564462,1.4897386000000001
0.4,1.0016301469494608,1.0023701728866126,1.502296
0.41000000000000003,1.0016301506231844,1.0023701772087625,1.5148534000000002
0.42,1.001630154296907,1.0023701815309116,1.5274108000000002
0.43,1.0016301579706293,1.00237018585306,1.5399682000000001
0.44,1.0016301616443508,1.0023701901752078,1.5525256
0.45,1.0016301653180717,1.0023701944973546,1.5650830000000002
0.46,1.001630168991792,1.0023701988195008,1.5776404000000002
0.47000000000000003,1.0016301726655117,1.0023702031416464,1.5901978
0.48,1.0016301763392306,1.002370207463791,1.6027552
0.49,1.001630180012949,1.0023702117859348,1.6153126000000002
0.5,1.0016301836866668,1.002370216108078,1.6278700000000002
0.51,1.0016301873603837,1.0023702204302205,1.6404274
0.52,1.0016301910341001,1.002370224752362,1.6529848000000003
0.53,1.001630194707816,1.002370229074503,1.6655422000000006
0.54,1.0016301983815312,1.002370233396643,1.6780996000000006
0.55,1.0016302020552457,1.0023702377187826,1.6906570000000007
0.56,1.0016302057289594,1.0023702420409213,1.7032144000000007
0.5700000000000001,1.0016302094026728,1.0023702463630593,1.7157718000000006
0.58,1.0016302130763854,1.0023702506851964,1.7283292000000008
0.59,1.0016302167500974,1.0023702550073328,1.7408866000000005
0.6,1.0016302204238088,1.0023702593294685,1.7534440000000007
0.61,1.0016302240975195,1.0023702636516034,1.7660014000000004
0.62,1.0016302277712295,1.0023702679737376,1.7785588000000008
0.63,1.0016302314449388,1.002370272295871,1.7911162000000005
0.64,1.0016302351186477,1.0023702766180036,1.8036736000000009
0.65,1.0016302387923557,1.0023702809401356,1.8162310000000004
0.66,1.0016302424660632,1.0023702852622667,1.8287884000000008
0.67,1.0016302461397701,1.0023702895843971,1.8413458000000005
0.68,1.0016302498134764,1.0023702939065269,1.8539032000000009
0.6900000000000001,1.001630253487182,1.0023702982286558,1.8664606000000006
0.7000000000000001,1.0016302571608868,1.002370302550784,1.8790180000000007
0.71,1.0016302608345913,1.0023703068729113,1.8915754000000007
0.72,1.0016302645082948,1.002370311195038,1.9041328000000006
0.73,1.001630268181998,1.002370315517164,1.9166902000000006
0.74,1.0016302718557004,1.002370319839289,1.9292476000000007
0.75,1.0016302755294022,1.0023703241614135,1.9418050000000007
0.76,1.0016302792031033,1.002370328483537,1.9543624000000006
0.77,1.0016302828768038,1.00237033280566,1.9669198000000008
0.78,1.0016302865505036,1.0023703371277821,1.9794772000000007
0.79,1.001630290224203,1.0023703414499037,1.9920346000000007
0.8,1.0016302938979014,1.0023703457720243,2.0045920000000006
0.81,1.0016302975715994,1.002370350094144,2.017149400000001
0.8200000000000001,1.0016303012452967,1.0023703544162632,2.0297068000000005
0.8300000000000001,1.0016303049189932,1.0023703587383817,2.042264200000001
0.84,1.0016303085926894,1.0023703630604994,2.0548216000000004
0.85,1.0016303122663848,1.0023703673826163,2.0673790000000007
0.86,1.0016303159400795,1.0023703717047325,2.0799364000000002
0.87,1.0016303196137735,1.0023703760268479,2.0924938000000006
0.88,1.001630323287467,1.0023703803489625,2.1050512000000006
0.89,1.00163032696116,1.0023703846710763,2.1176086000000005
0.9,1.0016303306348522,1.0023703889931896,2.130166000000001
0.91,1.0016303343085435,1.002370393315302,2.1427234000000004
0.92,1.0016303379822347,1.0023703976374136,2.1552808000000008
0.93,1.001630341655925,1.0023704019595245,2.1678382000000007
0.9400000000000001,1.0016303453296145,1.0023704062816348,2.1803956000000007
0.9500000000000001,1.0016303490033034,1.002370410603744,2.1929530000000006
0.96,1.0016303526769919,1.0023704149258528,2.2055104000000005
0.97,1.0016303563506797,1.0023704192479606,2.218067800000001
0.98,1.0016303600243668,1.002370423570068,2.2306252000000004
0.99,1.0016303636980532,1.0023704278921741,2.243182600000001
1.0,1.001630367371739,1.00237043221428,2.2557400000000007
1.01,1.0016303710454242,1.0023704365363848,2.2682974000000007
1.02,1.0016303747191087,1.002370440858489,2.2808548000000006
1.03,1.0016303783927927,1.0023704451805924,2.2934122000000006
1.04,1.0016303820664758,1.002370449502695,2.305969600000001
1.05,1.0016303857401585,1.0023704538247968,2.318527000000001
1.06,1.0016303894138405,1.002370458146898,2.331084400000001
1.07,1.0016303930875219,1.0023704624689984,2.3436418000000008
1.08,1.0016303967612026,1.002370466791098,2.3561992000000007
1.09,1.0016304004348826,1.0023704711131969,2.3687566000000007
1.1,1.0016304041085622,1.0023704754352951,2.381314000000001
1.11,1.0016304077822409,1.0023704797573925,2.393871400000001
1.12,1.0016304114559191,1.0023704840794891,2.406428800000001
1.1300000000000001,1.0016304151295965,1.0023704884015852,2.418986200000001
1.1400000000000001,1.0016304188032734,1.0023704927236803,2.431543600000001
1.1500000000000001,1.0016304224769497,1.0023704970457745,2.4441010000000007
1.16,1.0016304261506253,1.0023705013678683,2.4566584000000007
1.17,1.0016304298243004,1.0023705056899612,2.4692158000000006
1.18,1.0016304334979746,1.0023705100120532,2.4817732000000006
1.19,1.0016304371716485,1.0023705143341448,2.4943306000000005
1.2,1.0016304408453214,1.0023705186562353,2.506888000000001
1.21,1.0016304445189939,1.0023705229783253,2.519445400000001
1.22,1.0016304481926657,1.0023705273004144,2.5320028000000008
1.23,1.0016304518663368,1.002370531622503,2.5445602000000007
1.24,1.0016304555400073,1.0023705359445905,2.5571176000000007
1.25,1.001630459213677,1.0023705402666774,2.569675000000001
1.26,1.0016304628873465,1.0023705445887634,2.5822324000000005
1.27,1.001630466561015,1.002370548910849,2.594789800000001
1.28,1.001630470234683,1.0023705532329334,2.607347200000001
1.29,1.0016304739083504,1.0023705575550175,2.619904600000001
1.3,1.001630477582017,1.0023705618771006,2.6324620000000007
1.31,1.001630481255683,1.0023705661991829,2.6450194000000007
1.32,1.0016304849293485,1.0023705705212647,2.657576800000001
1.33,1.0016304886030132,1.0023705748433456,2.6701342000000006
1.34,1.0016304922766774,1.0023705791654256,2.682691600000001
1.35,1.0016304959503408,1.002370583487505,2.695249000000001
1.36,1.0016304996240037,1.0023705878095837,2.707806400000001
1.37,1.001630503297666,1.0023705921316615,2.7203638000000008
1.3800000000000001,1.0016305069713276,1.0023705964537386,2.7329212000000007
1.3900000000000001,1.0016305106449885,1.002370600775815,2.745478600000001
1.4000000000000001,1.0016305143186488,1.0023706050978907,2.758036000000001
1.41,1.0016305179923084,1.0023706094199656,2.7705934000000005
1.42,1.0016305216659676,1.0023706137420398,2.7831508000000005
1.43,1.0016305253396258,1.0023706180641132,2.795708200000001
1.44,1.0016305290132836,1.0023706223861857,2.808265600000001
1.45,1.0016305326869408,1.0023706267082577,2.8208230000000007
1.46,1.0016305363605973,1.0023706310303289,2.8333804000000007
1.47,1.0016305400342531,1.0023706353523991,2.8459378000000006
1.48,1.0016305437079083,1.0023706396744687,2.858495200000001
1.49,1.001630547381563,1.0023706439965376,2.871052600000001
1.5,1.0016305510552168,1.002370648318606,2.883610000000001
1.51,1.0016305547288702,1.0023706526406733,2.896167400000001
1.52,1.0016305584025227,1.0023706569627397,2.9087248000000008
1.53,1.0016305620761747,1.0023706612848058,2.9212822000000007
1.54,1.0016305657498261,1.002370665606871,2.9338396000000007
1.55,1.0016305694234768,1.0023706699289352,2.946397000000001
1.56,1.001630573097127,1.0023706742509988,2.958954400000001
1.57,1.0016305767707765,1.0023706785730617,2.971511800000001
1.58,1.0016305804444252,1.002370682895124,2.984069200000001
1.59,1.0016305841180735,1.0023706872171854,2.996626600000001
1.6,1.001630587791721,1.0023706915392459,3.0091840000000007
1.61,1.001630591465368,1.002370695861306,3.021741400000001
1.62,1.0016305951390143,1.0023707001833648,3.034298800000001
1.6300000000000001,1.00163059881266,1.0023707045054233,3.046856200000001
1.6400000000000001,1.0016306024863049,1.002370708827481,3.059413600000001
1.6500000000000001,1.0016306061599491,1.0023707131495379,3.071971000000001
1.6600000000000001,1.001630609833593,1.002370717471594,3.084528400000001
1.67,1.0016306135072361,1.0023707217936493,3.0970858000000008
1.68,1.0016306171808784,1.002370726115704,3.1096432000000007
1.69,1.0016306208545203,1.0023707304377578,3.1222006000000007
1.7,1.0016306245281614,1.002370734759811,3.1347580000000006
1.71,1.001630628201802,1.0023707390818632,3.147315400000001
1.72,1.001630631875442,1.002370743403915,3.159872800000001
1.73,1.0016306355490812,1.0023707477259658,3.172430200000001
1.74,1.0016306392227199,1.002370752048016,3.184987600000001
1.75,1.0016306428963577,1.0023707563700655,3.1975450000000007
1.76,1.001630646569995,1.0023707606921142,3.210102400000001
1.77,1.0016306502436316,1.002370765014162,3.222659800000001
1.78,1.0016306539172677,1.0023707693362092,3.235217200000001
1.79,1.0016306575909033,1.0023707736582554,3.2477746000000014
1.8,1.001630661264538,1.002370777980301,3.260332000000001
1.81,1.001630664938172,1.002370782302346,3.2728894000000013
1.82,1.0016306686118057,1.00237078662439,3.2854468000000008
1.83,1.0016306722854387,1.0023707909464334,3.298004200000001
1.84,1.0016306759590707,1.0023707952684762,3.310561600000001
1.85,1.0016306796327024,1.002370799590518,3.323119000000001
1.86,1.0016306833063333,1.002370803912559,3.335676400000001
1.87,1.0016306869799638,1.0023708082345995,3.348233800000001
1.8800000000000001,1.0016306906535934,1.002370812556639,3.3607912000000013
1.8900000000000001,1.0016306943272224,1.002370816878678,3.373348600000001
1.9000000000000001,1.001630698000851,1.002370821200716,3.385906000000001
1.9100000000000001,1.0016307016744788,1.0023708255227535,3.398463400000001
1.92,1.001630705348106,1.00237082984479,3.411020800000001
1.93,1.0016307090217322,1.0023708341668258,3.4235782000000006
1.94,1.0016307126953583,1.002370838488861,3.436135600000001
1.95,1.0016307163689835,1.0023708428108955,3.448693000000001
1.96,1.001630720042608,1.0023708471329291,3.461250400000001
1.97,1.001630723716232,1.0023708514549619,3.473807800000001
1.98,1.0016307273898553,1.002370855776994,3.4863652000000007
1.99,1.001630731063478,1.0023708600990253,3.498922600000001
2.0,1.0016307347371,1.002370864421056,3.5114800000000006
2.0100000000000002,1.0016307384107215,1.002370868743086,3.524037400000001
2.02,1.0016307420843422,1.002370873065115,3.536594800000001
2.0300000000000002,1.0016307457579623,1.0023708773871434,3.549152200000001
2.04,1.001630749431582,1.002370881709171,3.5617096000000013
2.05,1.0016307531052007,1.0023708860311977,3.5742670000000007
2.06,1.001630756778819,1.002370890353224,3.586824400000001
2.07,1.0016307604524364,1.0023708946752492,3.5993818000000006
2.08,1.0016307641260533,1.002370898997274,3.611939200000001
2.09,1.0016307677996696,1.0023709033192978,3.6244966000000005
2.1,1.0016307714732853,1.002370907641321,3.637054000000001
2.11,1.0016307751469005,1.0023709119633433,3.6496114000000004
2.12,1.0016307788205148,1.002370916285365,3.662168800000001
2.13,1.0016307824941286,1.0023709206073856,3.6747262000000007
2.14,1.0016307861677416,1.002370924929406,3.687283600000001
2.15,1.0016307898413541,1.0023709292514251,3.699841000000001
2.16,1.001630793514966,1.0023709335734439,3.7123984000000014
2.17,1.0016307971885772,1.0023709378954617,3.724955800000001
2.18,1.0016308008621877,1.0023709422174787,3.7375132000000013
2.19,1.0016308045357976,1.0023709465394952,3.750070600000001
2.2,1.001630808209407,1.0023709508615108,3.762628000000001
2.21,1.0016308118830155,1.0023709551835256,3.7751854000000007
2.22,1.0016308155566236,1.0023709595055397,3.787742800000001
2.23,1.001630819230231,1.002370963827553,3.800300200000001
2.24,1.0016308229038378,1.0023709681495656,3.8128576000000014
2.25,1.0016308265774438,1.0023709724715775,3.8254150000000013
2.2600000000000002,1.0016308302510493,1.0023709767935887,3.8379724000000013
2.27,1.001630833924654,1.002370981115599,3.8505298000000012
2.2800000000000002,1.0016308375982583,1.0023709854376086,3.863087200000001
2.29,1.0016308412718617,1.0023709897596176,3.875644600000001
2.3000000000000003,1.0016308449454647,1.0023709940816257,3.8882020000000015
2.31,1.001630848619067,1.0023709984036329,3.900759400000001
2.32,1.0016308522926687,1.0023710027256396,3.913316800000001
2.33,1.0016308559662697,1.0023710070476455,3.925874200000001
2.34,1.00163085963987,1.0023710113696505,3.938431600000001
2.35,1.0016308633134696,1.002371015691655,3.950989000000001
2.36,1.0016308669870688,1.0023710200136584,3.9635464000000007
2.37,1.0016308706606671,1.0023710243356614,3.976103800000001
2.38,1.001630874334265,1.0023710286576635,3.988661200000001
2.39,1.0016308780078622,1.002371032979665,4.001218600000001
2.4,1.0016308816814588,1.0023710373016654,4.013776000000001
2.41,1.0016308853550546,1.0023710416236653,4.026333400000001
2.42,1.0016308890286498,1.0023710459456643,4.038890800000001
2.43,1.0016308927022444,1.0023710502676626,4.051448200000001
2.44,1.0016308963758385,1.0023710545896602,4.064005600000001
2.45,1.001630900049432,1.0023710589116572,4.076563000000001
2.46,1.0016309037230244,1.0023710632336533,4.0891204000000005
2.47,1.0016309073966165,1.0023710675556485,4.101677800000001
2.48,1.001630911070208,1.0023710718776433,4.114235200000001
2.49,1.0016309147437987,1.0023710761996372,4.126792600000002
2.5,1.0016309184173888,1.0023710805216302,4.139350000000001
2.5100000000000002,1.0016309220909785,1.0023710848436225,4.151907400000002
2.52,1.0016309257645672,1.0023710891656141,4.164464800000001
2.5300000000000002,1.0016309294381556,1.002371093487605,4.1770222000000015
2.54,1.0016309331117432,1.002371097809595,4.189579600000001
2.5500000000000003,1.0016309367853302,1.0023711021315844,4.202137000000001
2.56,1.0016309404589165,1.002371106453573,4.214694400000001
2.57,1.0016309441325022,1.0023711107755608,4.227251800000001
2.58,1.0016309478060872,1.002371115097548,4.239809200000002
2.59,1.0016309514796715,1.0023711194195344,4.252366600000001
2.6,1.0016309551532554,1.0023711237415198,4.2649240000000015
2.61,1.0016309588268386,1.0023711280635048,4.277481400000001
2.62,1.001630962500421,1.002371132385489,4.290038800000001
2.63,1.0016309661740028,1.0023711367074721,4.302596200000001
2.64,1.001630969847584,1.0023711410294547,4.315153600000001
2.65,1.0016309735211646,1.0023711453514366,4.327711000000001
2.66,1.0016309771947447,1.0023711496734178,4.340268400000001
2.67,1.001630980868324,1.0023711539953981,4.352825800000001
2.68,1.0016309845419027,1.0023711583173776,4.365383200000001
2.69,1.0016309882154806,1.0023711626393565,4.377940600000001
2.7,1.001630991889058,1.0023711669613347,4.390498000000001
2.71,1.0016309955626348,1.0023711712833119,4.403055400000001
2.72,1.001630999236211,1.0023711756052884,4.415612800000002
2.73,1.0016310029097863,1.0023711799272643,4.428170200000001
2.74,1.0016310065833613,1.0023711842492395,4.4407276000000016
2.75,1.0016310102569355,1.0023711885712139,4.453285000000001
2.7600000000000002,1.0016310139305091,1.0023711928931873,4.465842400000001
2.77,1.001631017604082,1.0023711972151603,4.478399800000001
2.7800000000000002,1.0016310212776542,1.0023712015371322,4.490957200000001
2.79,1.001631024951226,1.0023712058591037,4.503514600000001
2.8000000000000003,1.001631028624797,1.0023712101810742,4.516072000000001
2.81,1.0016310322983673,1.0023712145030441,4.528629400000002
2.82,1.0016310359719371,1.0023712188250131,4.541186800000001
2.83,1.0016310396455061,1.0023712231469815,4.5537442000000015
2.84,1.0016310433190747,1.0023712274689491,4.566301600000001
2.85,1.0016310469926424,1.002371231790916,4.578859000000001
2.86,1.0016310506662096,1.002371236112882,4.591416400000001
2.87,1.0016310543397762,1.0023712404348473,4.603973800000001
2.88,1.001631058013342,1.002371244756812,4.616531200000001
2.89,1.0016310616869075,1.0023712490787757,4.629088600000001
2.9,1.001631065360472,1.002371253400739,4.641646000000001
2.91,1.001631069034036,1.0023712577227013,4.654203400000001
2.92,1.0016310727075994,1.0023712620446628,4.666760800000001
2.93,1.0016310763811622,1.0023712663666235,4.679318200000002
2.94,1.0016310800547243,1.0023712706885837,4.691875600000001
2.95,1.0016310837282858,1.0023712750105431,4.704433000000002
2.96,1.0016310874018466,1.0023712793325017,4.716990400000001
2.97,1.0016310910754067,1.0023712836544594,4.729547800000001
2.98,1.0016310947489662,1.0023712879764166,4.742105200000001
2.99,1.0016310984225252,1.002371292298373,4.754662600000001
3.0,1.0016311020960833,1.0023712966203284,4.767220000000001
3.0100000000000002,1.001631105769641,1.0023713009422832,4.779777400000001
3.02,1.001631109443198,1.0023713052642373,4.792334800000001
3.0300000000000002,1.0016311131167543,1.0023713095861908,4.804892200000001
3.04,1.00163111679031,1.0023713139081434,4.8174496000000016
3.0500000000000003,1.001631120463865,1.002371318230095,4.830007000000001
3.06,1.0016311241374196,1.0023713225520463,4.842564400000001
3.0700000000000003,1.0016311278109733,1.0023713268739967,4.855121800000001
3.08,1.0016311314845265,1.0023713311959461,4.867679200000001
3.09,1.0016311351580791,1.002371335517895,4.880236600000001
3.1,1.001631138831631,1.002371339839843,4.892794000000001
3.11,1.0016311425051823,1.0023713441617903,4.905351400000001
3.12,1.0016311461787328,1.0023713484837369,4.917908800000001
3.13,1.0016311498522827,1.0023713528056828,4.930466200000001
3.14,1.0016311535258322,1.0023713571276278,4.943023600000001
3.15,1.0016311571993808,1.0023713614495722,4.9555810000000005
3.16,1.001631160872929,1.0023713657715159,4.968138400000001
3.17,1.0016311645464764,1.0023713700934587,4.980695800000001
3.18,1.001631168220023,1.0023713744154006,4.993253200000002
3.19,1.0016311718935693,1.002371378737342,5.005810600000001
3.2,1.0016311755671148,1.0023713830592826,5.0183680000000015
3.21,1.0016311792406596,1.0023713873812223,5.030925400000001
3.22,1.0016311829142037,1.0023713917031614,5.043482800000001
3.23,1.0016311865877474,1.0023713960250997,5.056040200000001
3.24,1.0016311902612904,1.0023714003470374,5.068597600000001
3.25,1.0016311939348328,1.0023714046689742,5.081155000000001
3.2600000000000002,1.0016311976083743,1.0023714089909104,5.093712400000001
3.27,1.0016312012819155,1.0023714133128456,5.1062698000000015
3.2800000000000002,1.0016312049554559,1.0023714176347802,5.118827200000002
3.29,1.0016312086289956,1.002371421956714,5.1313846000000005
3.3000000000000003,1.0016312123025348,1.0023714262786472,5.143942000000001
3.31,1.0016312159760732,1.0023714306005793,5.156499400000001
3.3200000000000003,1.001631219649611,1.002371434922511,5.169056800000002
3.33,1.0016312233231484,1.0023714392444418,5.181614200000001
3.34,1.001631226996685,1.0023714435663718,5.194171600000001
3.35,1.0016312306702209,1.0023714478883012,5.206729000000001
3.36,1.0016312343437561,1.0023714522102298,5.219286400000001
3.37,1.0016312380172907,1.0023714565321575,5.231843800000001
3.38,1.0016312416908248,1.0023714608540846,5.244401200000001
3.39,1.001631245364358,1.002371465176011,5.256958600000001
3.4,1.001631249037891,1.0023714694979364,5.269516000000001
3.41,1.001631252711423,1.0023714738198612,5.282073400000002
3.42,1.0016312563849545,1.0023714781417854,5.294630800000001
3.43,1.0016312600584854,1.0023714824637087,5.3071882000000015
3.44,1.0016312637320155,1.0023714867856313,5.319745600000001
3.45,1.0016312674055452,1.0023714911075532,5.332303000000001
3.46,1.001631271079074,1.0023714954294742,5.344860400000001
3.47,1.0016312747526024,1.0023714997513946,5.357417800000001
3.48,1.00163127842613,1.002371504073314,5.369975200000001
3.49,1.0016312820996571,1.002371508395233,5.382532600000001
3.5,1.0016312857731835,1.0023715127171509,5.3950900000000015
3.5100000000000002,1.0016312894467092,1.0023715170390683,5.407647400000002
3.52,1.0016312931202342,1.0023715213609847,5.420204800000001
3.5300000000000002,1.0016312967937586,1.0023715256829007,5.432762200000002
3.54,1.0016313004672825,1.0023715300048157,5.445319600000001
3.5500000000000003,1.0016313041408058,1.00237153432673,5.457877000000002
3.56,1.0016313078143282,1.0023715386486436,5.470434400000001
3.5700000000000003,1.0016313114878501,1.0023715429705564,5.4829918000000015
3.58,1.0016313151613714,1.0023715472924686,5.495549200000001
3.59,1.001631318834892,1.0023715516143799,5.508106600000001
3.6,1.0016313225084121,1.0023715559362902,5.520664000000002
3.61,1.0016313261819314,1.0023715602582002,5.533221400000001
3.62,1.0016313298554502,1.0023715645801092,5.545778800000002
3.63,1.0016313335289682,1.0023715689020176,5.558336200000001
3.64,1.0016313372024856,1.0023715732239251,5.5708936000000016
3.65,1.0016313408760025,1.002371577545832,5.583451000000001
3.66,1.0016313445495186,1.002371581867738,5.596008400000001
3.67,1.0016313482230341,1.0023715861896432,5.608565800000001
3.68,1.0016313518965492,1.0023715905115478,5.621123200000001
3.69,1.0016313555700633,1.0023715948334517,5.633680600000001
3.7,1.001631359243577,1.0023715991553548,5.646238000000001
3.71,1.0016313629170899,1.002371603477257,5.658795400000001
3.72,1.0016313665906023,1.0023716077991587,5.671352800000001
3.73,1.001631370264114,1.0023716121210593,5.6839102000000015
3.74,1.001631373937625,1.0023716164429595,5.696467600000002
3.75,1.0016313776111356,1.0023716207648588,5.709025000000001
3.7600000000000002,1.0016313812846454,1.0023716250867574,5.721582400000002
3.77,1.0016313849581544,1.002371629408655,5.734139800000001
3.7800000000000002,1.001631388631663,1.0023716337305522,5.746697200000002
3.79,1.001631392305171,1.0023716380524486,5.759254600000001
3.8000000000000003,1.001631395978678,1.002371642374344,5.7718120000000015
3.81,1.0016313996521846,1.002371646696239,5.784369400000001
3.8200000000000003,1.0016314033256908,1.0023716510181329,5.796926800000001
3.83,1.001631406999196,1.0023716553400261,5.809484200000002
3.84,1.0016314106727007,1.0023716596619188,5.822041600000001
3.85,1.0016314143462048,1.0023716639838105,5.834599000000002
3.86,1.0016314180197081,1.0023716683057016,5.847156400000001
3.87,1.001631421693211,1.002371672627592,5.8597138000000015
3.88,1.0016314253667131,1.0023716769494815,5.872271200000001
3.89,1.0016314290402146,1.0023716812713703,5.884828600000001
3.9,1.0016314327137155,1.0023716855932583,5.897386000000001
3.91,1.0016314363872156,1.0023716899151456,5.909943400000001
3.92,1.0016314400607154,1.0023716942370322,5.922500800000001
3.93,1.0016314437342142,1.002371698558918,5.935058200000001
3.94,1.0016314474077126,1.002371702880803,5.947615600000002
3.95,1.0016314510812103,1.0023717072026874,5.960173000000001
3.96,1.0016314547547072,1.002371711524571,5.972730400000001
3.97,1.0016314584282036,1.0023717158464538,5.985287800000002
3.98,1.0016314621016995,1.0023717201683358,5.997845200000001
3.99,1.0016314657751946,1.002371724490217,6.010402600000002
4.0,1.001631469448689,1.0023717288120977,6.022960000000001
4.01,1.001631473122183,1.0023717331339774,6.035517400000001
4.0200000000000005,1.0016314767956762,1.0023717374558565,6.048074800000002
4.03,1.0016314804691686,1.0023717417777347,6.0606322000000015
4.04,1.0016314841426606,1.0023717460996122,6.073189600000001
4.05,1.0016314878161519,1.002371750421489,6.085747000000001
4.0600000000000005,1.0016314914896425,1.002371754743365,6.098304400000002
4.07,1.0016314951631327,1.0023717590652403,6.110861800000001
4.08,1.001631498836622,1.002371763387115,6.123419200000002
4.09,1.0016315025101108,1.0023717677089887,6.135976600000001
4.1,1.0016315061835988,1.0023717720308618,6.148534000000001
4.11,1.0016315098570863,1.002371776352734,6.161091400000002
4.12,1.0016315135305731,1.0023717806746058,6.173648800000001
4.13,1.0016315172040593,1.0023717849964764,6.186206200000001
4.14,1.0016315208775448,1.0023717893183466,6.198763600000001
4.15,1.0016315245510299,1.002371793640216,6.211321000000002
4.16,1.001631528224514,1.0023717979620843,6.223878400000001
4.17,1.0016315318979978,1.002371802283952,6.2364358000000015
4.18,1.0016315355714807,1.0023718066058191,6.248993200000001
4.19,1.001631539244963,1.0023718109276853,6.261550600000001
4.2,1.0016315429184448,1.0023718152495509,6.274107999999998
4.21,1.0016315465919259,1.0023718195714157,6.2866654
4.22,1.0016315502654065,1.0023718238932797,6.299222799999999
4.23,1.0016315539388863,1.002371828215143,6.311780200000001
4.24,1.0016315576123653,1.0023718325370057,6.324337600000002
4.25,1.001631561285844,1.0023718368588674,6.336895
4.26,1.001631564959322,1.0023718411807285,6.3494524000000006
4.2700000000000005,1.0016315686327992,1.0023718455025887,6.362009800000001
4.28,1.0016315723062759,1.0023718498244483,6.374567200000001
4.29,1.0016315759797518,1.0023718541463071,6.3871246
4.3,1.0016315796532271,1.0023718584681651,6.399682000000002
4.3100000000000005,1.0016315833267018,1.0023718627900224,6.412239400000001
4.32,1.001631587000176,1.0023718671118789,6.424796800000001
4.33,1.0016315906736493,1.0023718714337349,6.4373542
4.34,1.0016315943471221,1.0023718757555897,6.4499116
4.3500000000000005,1.0016315980205943,1.0023718800774442,6.462469000000002
4.36,1.0016316016940658,1.0023718843992977,6.475026399999999
4.37,1.0016316053675367,1.0023718887211504,6.487583800000001
4.38,1.001631609041007,1.0023718930430026,6.5001412
4.39,1.0016316127144766,1.0023718973648537,6.512698600000002
4.4,1.0016316163879455,1.0023719016867043,6.525256000000002
4.41,1.001631620061414,1.002371906008554,6.537813400000001
4.42,1.0016316237348817,1.0023719103304032,6.550370800000001
4.43,1.0016316274083488,1.0023719146522514,6.5629282
4.44,1.0016316310818152,1.002371918974099,6.575485600000002
4.45,1.001631634755281,1.0023719232959458,6.588042999999999
4.46,1.001631638428746,1.0023719276177918,6.600600400000001
4.47,1.0016316421022107,1.0023719319396371,6.6131578
4.48,1.0016316457756744,1.0023719362614816,6.6257152
4.49,1.0016316494491377,1.0023719405833253,6.6382726000000005
4.5,1.0016316531226004,1.0023719449051685,6.650830000000001
4.51,1.0016316567960624,1.0023719492270107,6.6633873999999995
4.5200000000000005,1.0016316604695237,1.0023719535488522,6.6759448
4.53,1.0016316641429843,1.002371957870693,6.688502200000002
4.54,1.0016316678164443,1.002371962192533,6.701059600000001
4.55,1.0016316714899038,1.0023719665143722,6.713617000000003
4.5600000000000005,1.0016316751633625,1.0023719708362109,6.726174400000001
4.57,1.0016316788368207,1.0023719751580487,6.738731800000002
4.58,1.0016316825102782,1.0023719794798858,6.7512892
4.59,1.001631686183735,1.002371983801722,6.763846600000001
4.6000000000000005,1.0016316898571913,1.0023719881235575,6.776404000000003
4.61,1.0016316935306468,1.0023719924453922,6.7889614
4.62,1.0016316972041017,1.0023719967672262,6.801518800000002
4.63,1.0016317008775562,1.0023720010890595,6.814076199999999
4.64,1.0016317045510097,1.0023720054108922,6.826633600000001
4.65,1.0016317082244628,1.002372009732724,6.839191000000001
4.66,1.0016317118979152,1.002372014054555,6.8517484
4.67,1.001631715571367,1.0023720183763851,6.8643058
4.68,1.001631719244818,1.0023720226982147,6.876863199999999
4.69,1.0016317229182685,1.0023720270200436,6.889420600000001
4.7,1.0016317265917185,1.0023720313418716,6.901978
4.71,1.0016317302651676,1.002372035663699,6.914535400000002
4.72,1.0016317339386163,1.0023720399855254,6.9270928000000005
4.73,1.001631737612064,1.0023720443073512,6.939650200000001
4.74,1.0016317412855114,1.0023720486291763,6.952207600000001
4.75,1.001631744958958,1.0023720529510005,6.964765000000002
4.76,1.001631748632404,1.002372057272824,6.9773224
4.7700000000000005,1.0016317523058496,1.0023720615946468,6.989879800000001
4.78,1.0016317559792942,1.0023720659164688,7.002437200000003
4.79,1.0016317596527384,1.0023720702382901,7.0149946
4.8,1.0016317633261818,1.0023720745601106,7.027552000000002
4.8100000000000005,1.0016317669996246,1.0023720788819304,7.0401094
4.82,1.0016317706730669,1.0023720832037495,7.052666800000001
4.83,1.0016317743465084,1.0023720875255677,7.065224199999999
4.84,1.0016317780199493,1.0023720918473853,7.0777816
4.8500000000000005,1.0016317816933895,1.002372096169202,7.090339000000002
4.86,1.0016317853668293,1.002372100491018,7.1028964000000006
4.87,1.0016317890402682,1.0023721048128333,7.115453800000003
4.88,1.0016317927137066,1.0023721091346478,7.1280111999999995
4.89,1.0016317963871444,1.0023721134564616,7.140568600000002
4.9,1.0016318000605815,1.0023721177782747,7.153126000000002
4.91,1.001631803734018,1.002372122100087,7.165683400000001
4.92,1.0016318074074537,1.0023721264218983,7.178240800000001
4.93,1.0016318110808888,1.0023721307437092,7.1907982
4.94,1.0016318147543235,1.0023721350655193,7.203355600000002
4.95,1.0016318184277573,1.0023721393873284,7.2159130000000005
4.96,1.0016318221011906,1.002372143709137,7.228470400000001
4.97,1.0016318257746233,1.0023721480309449,7.2410277999999995
4.98,1.0016318294480553,1.0023721523527518,7.253585200000002
4.99,1.0016318331214866,1.002372156674558,7.2661426
5.0,1.0016318367949173,1.0023721609963636,7.278700000000001
5.01,1.0016318404683473,1.0023721653181683,7.291257399999999
5.0200000000000005,1.0016318441417769,1.0023721696399723,7.303814800000001
5.03,1.0016318478152055,1.0023721739617757,7.3163722000000035
5.04,1.0016318514886338,1.0023721782835782,7.3289296
5.05,1.0016318551620613,1.00237218260538,7.3414870000000025
5.0600000000000005,1.0016318588354882,1.002372186927181,7.354044400000001
5.07,1.0016318625089145,1.0023721912489814,7.3666018000000015
5.08,1.00163186618234,1.0023721955707807,7.3791592
5.09,1.0016318698557651,1.0023721998925796,7.3917166000000005
5.1000000000000005,1.0016318735291894,1.0023722042143777,7.404274000000003
5.11,1.0016318772026132,1.0023722085361748,7.4168313999999995
5.12,1.0016318808760363,1.0023722128579713,7.429388800000002
5.13,1.0016318845494585,1.002372217179767,7.4419461999999985
5.14,1.0016318882228803,1.0023722215015622,7.454503600000001
5.15,1.0016318918963016,1.0023722258233565,7.467061000000001
5.16,1.001631895569722,1.0023722301451499,7.4796184
5.17,1.0016318992431419,1.0023722344669428,7.4921758
5.18,1.0016319029165612,1.0023722387887348,7.5047332
5.19,1.0016319065899797,1.002372243110526,7.517290600000003
5.2,1.0016319102633977,1.0023722474323165,7.529848000000001
5.21,1.001631913936815,1.0023722517541063,7.542405400000002
5.22,1.0016319176102317,1.0023722560758954,7.5549628
5.23,1.0016319212836478,1.0023722603976837,7.567520200000002
5.24,1.0016319249570633,1.002372264719471,7.580077600000001
5.25,1.001631928630478,1.002372269041258,7.592635000000001
5.26,1.001631932303892,1.0023722733630438,7.6051924
5.2700000000000005,1.0016319359773056,1.0023722776848292,7.6177498
5.28,1.0016319396507185,1.0023722820066137,7.6303072000000025
5.29,1.0016319433241307,1.0023722863283975,7.642864599999999
5.3,1.0016319469975423,1.0023722906501804,7.6554220000000015
5.3100000000000005,1.0016319506709532,1.0023722949719627,7.6679794
5.32,1.0016319543443635,1.0023722992937443,7.6805368000000005
5.33,1.0016319580177733,1.002372303615525,7.693094200000001
5.34,1.0016319616911822,1.002372307937305,7.705651600000001
5.3500000000000005,1.0016319653645906,1.0023723122590842,7.718209000000003
5.36,1.0016319690379984,1.002372316580863,7.7307664
5.37,1.0016319727114056,1.0023723209026405,7.743323800000002
5.38,1.001631976384812,1.0023723252244177,7.755881199999999
5.39,1.0016319800582179,1.002372329546194,7.768438600000001
5.4,1.001631983731623,1.0023723338679693,7.780996000000002
5.41,1.0016319874050277,1.002372338189744,7.7935534
5.42,1.0016319910784315,1.002372342511518,7.806110800000001
5.43,1.0016319947518348,1.0023723468332915,7.818668199999999
5.44,1.0016319984252375,1.002372351155064,7.831225600000002
5.45,1.0016320020986396,1.0023723554768356,7.843783
5.46,1.001632005772041,1.0023723597986067,7.856340400000002
5.47,1.0016320094454416,1.002372364120377,7.868897799999999
5.48,1.0016320131188419,1.0023723684421464,7.881455200000001
5.49,1.0016320167922412,1.002372372763915,7.8940126
5.5,1.0016320204656401,1.0023723770856832,7.906570000000002
5.51,1.0016320241390384,1.0023723814074506,7.919127400000001
5.5200000000000005,1.0016320278124358,1.002372385729217,7.931684800000001
5.53,1.0016320314858327,1.0023723900509827,7.944242200000003
5.54,1.0016320351592292,1.0023723943727478,7.9567996
5.55,1.0016320388326247,1.0023723986945121,7.969357000000002
5.5600000000000005,1.0016320425060197,1.0023724030162755,7.981914400000001
5.57,1.0016320461794141,1.0023724073380382,7.994471800000001
5.58,1.0016320498528077,1.0023724116598003,8.007029200000002
5.59,1.0016320535262009,1.0023724159815615,8.0195866
5.6000000000000005,1.0016320571995934,1.002372420303322,8.032144000000002
5.61,1.0016320608729852,1.0023724246250818,8.0447014
5.62,1.0016320645463763,1.0023724289468408,8.057258800000001
5.63,1.0016320682197668,1.002372433268599,8.069816199999998
5.64,1.0016320718931568,1.0023724375903567,8.0823736
5.65,1.001632075566546,1.0023724419121134,8.094931
5.66,1.0016320792399347,1.0023724462338695,8.107488400000001
5.67,1.0016320829133227,1.0023724505556246,8.120045800000002
5.68,1.00163208658671,1.0023724548773791,8.132603200000002
5.69,1.0016320902600968,1.002372459199133,8.145160600000002
5.7,1.0016320939334828,1.002372463520886,8.157718000000001
5.71,1.0016320976068682,1.0023724678426382,8.170275400000003
5.72,1.0016321012802532,1.0023724721643896,8.1828328
5.73,1.0016321049536372,1.0023724764861404,8.195390200000002
5.74,1.0016321086270208,1.0023724808078904,8.2079476
5.75,1.0016321123004037,1.0023724851296396,8.220505000000001
5.76,1.001632115973786,1.0023724894513881,8.2330624
5.7700000000000005,1.0016321196471676,1.002372493773136,8.2456198
5.78,1.0016321233205485,1.002372498094883,8.258177200000002
5.79,1.0016321269939288,1.0023725024166292,8.270734599999999
5.8,1.0016321306673086,1.0023725067383746,8.283292000000001
5.8100000000000005,1.0016321343406875,1.0023725110601194,8.295849400000002
5.82,1.001632138014066,1.0023725153818634,8.308406800000002
5.83,1.0016321416874439,1.0023725197036066,8.320964200000002
5.84,1.001632145360821,1.0023725240253492,8.333521600000001
5.8500000000000005,1.0016321490341975,1.002372528347091,8.346079000000003
5.86,1.0016321527075733,1.002372532668832,8.3586364
5.87,1.0016321563809487,1.0023725369905723,8.371193800000002
5.88,1.0016321600543232,1.0023725413123117,8.383751199999999
5.89,1.0016321637276973,1.0023725456340504,8.396308600000001
5.9,1.0016321674010704,1.0023725499557885,8.408866000000002
5.91,1.0016321710744431,1.0023725542775257,8.4214234
5.92,1.0016321747478152,1.0023725585992622,8.4339808
5.93,1.0016321784211866,1.002372562920998,8.4465382
5.94,1.0016321820945575,1.002372567242733,8.459095600000001
5.95,1.0016321857679276,1.0023725715644671,8.471653
5.96,1.001632189441297,1.0023725758862008,8.484210400000002
5.97,1.001632193114666,1.0023725802079335,8.4967678
5.98,1.0016321967880342,1.0023725845296654,8.509325200000003
5.99,1.0016322004614018,1.0023725888513968,8.521882600000001
6.0,1.0016322041347687,1.0023725931731273,8.534440000000002
6.01,1.001632207808135,1.002372597494857,8.5469974
6.0200000000000005,1.0016322114815006,1.002372601816586,8.5595548
6.03,1.0016322151548658,1.0023726061383142,8.572112200000003
6.04,1.00163221882823,1.0023726104600417,8.5846696
6.05,1.001632222501594,1.0023726147817684,8.597227000000002
6.0600000000000005,1.001632226174957,1.0023726191034945,8.609784400000002
6.07,1.0016322298483196,1.0023726234252197,8.622341800000001
6.08,1.0016322335216814,1.0023726277469442,8.634899200000001
6.09,1.0016322371950426,1.002372632068668,8.6474566
6.1000000000000005,1.001632240868403,1.0023726363903909,8.660014000000002
6.11,1.001632244541763,1.0023726407121132,8.672571399999999
6.12,1.0016322482151223,1.0023726450338346,8.685128800000001
6.13,1.001632251888481,1.0023726493555554,8.697686200000001
6.140000000000001,1.001632255561839,1.0023726536772755,8.710243600000002
6.15,1.0016322592351963,1.0023726579989947,8.722801000000002
6.16,1.0016322629085532,1.0023726623207132,8.735358400000003
6.17,1.0016322665819093,1.0023726666424309,8.747915800000001
6.18,1.0016322702552647,1.0023726709641478,8.760473200000002
6.19,1.0016322739286194,1.0023726752858642,8.773030600000004
6.2,1.0016322776019737,1.0023726796075796,8.785588
6.21,1.0016322812753273,1.0023726839292944,8.798145400000003
6.22,1.0016322849486803,1.0023726882510084,8.8107028
6.23,1.0016322886220326,1.0023726925727217,8.823260200000002
6.24,1.0016322922953842,1.0023726968944342,8.8358176
6.25,1.0016322959687352,1.0023727012161459,8.848375
6.26,1.0016322996420854,1.0023727055378568,8.8609324
6.2700000000000005,1.0016323033154353,1.0023727098595672,8.8734898
6.28,1.0016323069887842,1.0023727141812766,8.886047200000002
6.29,1.0016323106621328,1.0023727185029854,8.8986046
6.3,1.0016323143354806,1.0023727228246933,8.911162000000003
6.3100000000000005,1.0016323180088278,1.0023727271464005,8.923719400000003
6.32,1.0016323216821743,1.002372731468107,8.936276800000002
6.33,1.0016323253555202,1.002372735789813,8.948834200000002
6.34,1.0016323290288656,1.002372740111518,8.9613916
6.3500000000000005,1.00163233270221,1.002372744433222,8.973949000000003
6.36,1.0016323363755542,1.0023727487549254,8.9865064
6.37,1.0016323400488976,1.0023727530766282,8.999063800000002
6.38,1.00163234372224,1.0023727573983303,9.0116212
6.390000000000001,1.0016323473955822,1.0023727617200315,9.0241786
6.4,1.0016323510689238,1.002372766041732,9.036736000000001
6.41,1.0016323547422645,1.0023727703634318,9.049293400000002
6.42,1.0016323584156046,1.0023727746851308,9.0618508
6.43,1.0016323620889442,1.0023727790068289,9.0744082
6.44,1.001632365762283,1.0023727833285265,9.086965600000003
6.45,1.0016323694356213,1.002372787650223,9.099523000000001
6.46,1.001632373108959,1.0023727919719192,9.112080400000004
6.47,1.0016323767822959,1.0023727962936144,9.1246378
6.48,1.0016323804556322,1.002372800615309,9.137195200000003
6.49,1.001632384128968,1.0023728049370026,9.149752600000001
6.5,1.001632387802303,1.0023728092586957,9.162310000000002
6.51,1.0016323914756375,1.0023728135803878,9.174867400000002
6.5200000000000005,1.0016323951489712,1.0023728179020794,9.1874248
6.53,1.0016323988223044,1.00237282222377,9.199982200000003
6.54,1.001632402495637,1.0023728265454601,9.2125396
6.55,1.0016324061689688,1.0023728308671493,9.225097000000002
6.5600000000000005,1.0016324098423,1.0023728351888377,9.237654400000002
6.57,1.0016324135156307,1.0023728395105256,9.2502118
6.58,1.0016324171889606,1.0023728438322126,9.262769200000001
6.59,1.00163242086229,1.0023728481538987,9.2753266
6.6000000000000005,1.0016324245356185,1.0023728524755842,9.287884000000002
6.61,1.0016324282089466,1.002372856797269,9.300441400000002
6.62,1.001632431882274,1.0023728611189529,9.312998800000003
6.63,1.0016324355556008,1.002372865440636,9.325556200000001
6.640000000000001,1.0016324392289269,1.0023728697623187,9.338113600000003
6.65,1.0016324429022525,1.0023728740840003,9.350671000000002
6.66,1.0016324465755773,1.0023728784056813,9.363228400000002
6.67,1.0016324502489016,1.0023728827273617,9.375785800000001
6.68,1.0016324539222252,1.0023728870490412,9.388343200000001
6.69,1.001632457595548,1.0023728913707197,9.400900600000003
6.7,1.0016324612688703,1.0023728956923978,9.413458
6.71,1.0016324649421922,1.002372900014075,9.426015400000002
6.72,1.0016324686155131,1.0023729043357514,9.4385728
6.73,1.0016324722888335,1.0023729086574273,9.451130200000001
6.74,1.0016324759621533,1.0023729129791021,9.4636876
6.75,1.0016324796354723,1.0023729173007765,9.476245
6.76,1.0016324833087908,1.00237292162245,9.4888024
6.7700000000000005,1.0016324869821087,1.0023729259441228,9.501359800000001
6.78,1.001632490655426,1.0023729302657947,9.513917200000003
6.79,1.0016324943287425,1.002372934587466,9.5264746
6.8,1.0016324980020583,1.0023729389091363,9.539032000000002
6.8100000000000005,1.0016325016753738,1.0023729432308062,9.551589400000003
6.82,1.0016325053486883,1.002372947552475,9.564146800000001
6.83,1.0016325090220024,1.0023729518741433,9.576704200000002
6.84,1.0016325126953158,1.0023729561958108,9.5892616
6.8500000000000005,1.0016325163686286,1.0023729605174776,9.601819000000003
6.86,1.0016325200419407,1.0023729648391435,9.614376400000001
6.87,1.0016325237152521,1.0023729691608088,9.626933800000002
6.88,1.001632527388563,1.0023729734824731,9.6394912
6.890000000000001,1.001632531061873,1.0023729778041368,9.652048600000002
6.9,1.0016325347351827,1.0023729821257998,9.664606000000001
6.91,1.0016325384084916,1.0023729864474622,9.677163400000001
6.92,1.0016325420817997,1.0023729907691237,9.6897208
6.93,1.0016325457551074,1.0023729950907843,9.702278200000002
6.94,1.0016325494284144,1.0023729994124444,9.714835600000004
6.95,1.001632553101721,1.0023730037341034,9.727393000000001
6.96,1.0016325567750266,1.002373008055762,9.739950400000003
6.97,1.0016325604483316,1.0023730123774197,9.7525078
6.98,1.0016325641216361,1.0023730166990767,9.765065200000002
6.99,1.00163256779494,1.002373021020733,9.777622600000003
7.0,1.0016325714682432,1.0023730253423884,9.790180000000001
7.01,1.0016325751415456,1.0023730296640432,9.802737400000002
7.0200000000000005,1.0016325788148477,1.002373033985697,9.8152948
7.03,1.001632582488149,1.0023730383073504,9.827852200000002
7.04,1.0016325861614495,1.0023730426290027,9.8404096
7.05,1.0016325898347496,1.0023730469506544,9.852967000000001
7.0600000000000005,1.0016325935080488,1.0023730512723055,9.865524400000002
7.07,1.0016325971813476,1.0023730555939556,9.8780818
7.08,1.0016326008546457,1.002373059915605,9.8906392
7.09,1.0016326045279431,1.002373064237254,9.903196600000003
7.1000000000000005,1.00163260820124,1.0023730685589018,9.915754000000003
7.11,1.001632611874536,1.002373072880549,9.928311400000002
7.12,1.0016326155478315,1.0023730772021955,9.940868800000004
7.13,1.0016326192211265,1.0023730815238412,9.953426200000001
7.140000000000001,1.0016326228944208,1.0023730858454862,9.965983600000003
7.15,1.0016326265677142,1.0023730901671304,9.978541000000002
7.16,1.0016326302410072,1.0023730944887739,9.991098400000002
7.17,1.0016326339142996,1.0023730988104167,10.0036558
7.18,1.0016326375875912,1.0023731031320586,10.016213200000001
7.19,1.0016326412608825,1.0023731074537,10.028770600000003
7.2,1.0016326449341728,1.0023731117753403,10.041328
7.21,1.0016326486074627,1.00237311609698,10.053885400000002
7.22,1.0016326522807517,1.002373120418619,10.066442799999999
7.23,1.0016326559540403,1.0023731247402572,10.079000200000001
7.24,1.0016326596273282,1.0023731290618947,10.091557600000002
7.25,1.0016326633006154,1.0023731333835315,10.104115000000002
7.26,1.001632666973902,1.0023731377051674,10.116672400000002
7.2700000000000005,1.0016326706471879,1.0023731420268025,10.129229800000001
7.28,1.0016326743204733,1.002373146348437,10.141787200000003
7.29,1.0016326779937579,1.0023731506700708,10.1543446
7.3,1.001632681667042,1.0023731549917037,10.166902000000002
7.3100000000000005,1.0016326853403255,1.002373159313336,10.179459400000002
7.32,1.0016326890136082,1.0023731636349675,10.192016800000001
7.33,1.0016326926868904,1.0023731679565981,10.204574200000001
7.34,1.0016326963601718,1.002373172278228,10.217131600000002
7.3500000000000005,1.0016327000334526,1.0023731765998574,10.229689000000002
7.36,1.001632703706733,1.0023731809214858,10.2422464
7.37,1.0016327073800124,1.0023731852431135,10.254803800000003
7.38,1.0016327110532914,1.0023731895647405,10.2673612
7.390000000000001,1.0016327147265698,1.0023731938863667,10.279918600000002
7.4,1.0016327183998475,1.0023731982079922,10.292476
7.41,1.0016327220731245,1.0023732025296168,10.305033400000003
7.42,1.0016327257464008,1.0023732068512408,10.317590800000001
7.43,1.0016327294196765,1.002373211172864,10.330148200000002
7.44,1.0016327330929518,1.0023732154944864,10.342705600000004
7.45,1.001632736766226,1.0023732198161082,10.355263
7.46,1.0016327404395,1.0023732241377292,10.367820400000003
7.47,1.0016327441127733,1.0023732284593494,10.3803778
7.48,1.0016327477860458,1.002373232780969,10.392935200000002
7.49,1.0016327514593177,1.0023732371025875,10.405492600000002
7.5,1.001632755132589,1.0023732414242055,10.418050000000001
7.51,1.0016327588058598,1.0023732457458228,10.430607400000001
7.5200000000000005,1.0016327624791297,1.0023732500674392,10.4431648
7.53,1.0016327661523992,1.002373254389055,10.455722200000002
7.54,1.0016327698256677,1.00237325871067,10.468279599999999
7.55,1.0016327734989359,1.0023732630322841,10.480837000000001
7.5600000000000005,1.0016327771722033,1.0023732673538976,10.493394400000001
7.57,1.0016327808454701,1.0023732716755103,10.505951800000002
7.58,1.0016327845187365,1.0023732759971222,10.518509200000002
7.59,1.001632788192002,1.0023732803187335,10.531066600000003
7.6000000000000005,1.001632791865267,1.002373284640344,10.543624000000003
7.61,1.0016327955385311,1.0023732889619537,10.556181400000002
7.62,1.0016327992117948,1.0023732932835625,10.568738800000004
7.63,1.0016328028850578,1.0023732976051707,10.5812962
7.640000000000001,1.0016328065583202,1.0023733019267782,10.593853600000003
7.65,1.001632810231582,1.002373306248385,10.606411000000001
7.66,1.001632813904843,1.002373310569991,10.618968400000002
7.67,1.0016328175781035,1.002373314891596,10.6315258
7.68,1.0016328212513632,1.0023733192132005,10.6440832
7.69,1.0016328249246225,1.0023733235348042,10.656640600000003
7.7,1.001632828597881,1.0023733278564073,10.669198
7.71,1.001632832271139,1.0023733321780095,10.681755400000002
7.72,1.0016328359443962,1.002373336499611,10.6943128
7.73,1.0016328396176528,1.0023733408212117,10.706870200000003
7.74,1.0016328432909087,1.0023733451428116,10.719427600000003
7.75,1.0016328469641642,1.0023733494644107,10.731985000000002
7.76,1.0016328506374188,1.0023733537860093,10.744542400000002
7.7700000000000005,1.001632854310673,1.0023733581076069,10.7570998
7.78,1.0016328579839264,1.002373362429204,10.769657200000003
7.79,1.0016328616571792,1.0023733667508001,10.782214600000001
7.8,1.0016328653304314,1.0023733710723957,10.794772000000002
7.8100000000000005,1.0016328690036829,1.0023733753939903,10.807329400000002
7.82,1.0016328726769337,1.0023733797155843,10.819886800000003
7.83,1.001632876350184,1.0023733840371774,10.832444200000001
7.84,1.0016328800234335,1.0023733883587698,10.845001600000002
7.8500000000000005,1.0016328836966826,1.0023733926803615,10.857559000000004
7.86,1.001632887369931,1.0023733970019526,10.8701164
7.87,1.0016328910431787,1.0023734013235428,10.882673800000003
7.88,1.0016328947164257,1.002373405645132,10.895231200000001
7.890000000000001,1.001632898389672,1.002373409966721,10.907788600000003
7.9,1.001632902062918,1.002373414288309,10.920346000000002
7.91,1.001632905736163,1.002373418609896,10.932903400000002
7.92,1.0016329094094076,1.0023734229314825,10.945460800000003
7.930000000000001,1.0016329130826513,1.0023734272530682,10.958018200000001
7.94,1.0016329167558946,1.002373431574653,10.970575600000004
7.95,1.0016329204291372,1.0023734358962373,10.983133
7.96,1.0016329241023791,1.0023734402178208,10.995690400000003
7.97,1.0016329277756206,1.0023734445394035,11.0082478
7.98,1.0016329314488612,1.0023734488609854,11.020805200000002
7.99,1.0016329351221014,1.0023734531825668,11.033362600000002
8.0,1.0016329387953407,1.0023734575041472,11.04592
8.01,1.0016329424685795,1.0023734618257267,11.058477400000001
8.02,1.0016329461418176,1.0023734661473058,11.0710348
8.03,1.0016329498150551,1.002373470468884,11.0835922
8.040000000000001,1.001632953488292,1.0023734747904613,11.096149600000002
8.05,1.0016329571615281,1.002373479112038,11.108707000000003
8.06,1.0016329608347638,1.002373483433614,11.121264400000003
8.07,1.0016329645079987,1.0023734877551893,11.133821800000003
8.08,1.001632968181233,1.0023734920767637,11.146379200000002
8.09,1.0016329718544668,1.0023734963983375,11.158936600000002
8.1,1.0016329755276998,1.0023735007199104,11.171494000000001
8.11,1.0016329792009322,1.0023735050414826,11.184051400000001
8.120000000000001,1.001632982874164,1.002373509363054,11.196608800000003
8.13,1.001632986547395,1.0023735136846248,11.209166200000002
8.14,1.0016329902206256,1.0023735180061946,11.221723600000002
8.15,1.0016329938938553,1.0023735223277639,11.234281000000001
8.16,1.0016329975670846,1.0023735266493323,11.246838400000001
8.17,1.0016330012403132,1.0023735309708999,11.259395800000002
8.18,1.0016330049135411,1.002373535292467,11.2719532
8.19,1.0016330085867684,1.0023735396140332,11.2845106
8.2,1.001633012259995,1.0023735439355985,11.297068000000001
8.21,1.001633015933221,1.0023735482571632,11.309625400000003
8.22,1.0016330196064465,1.0023735525787272,11.322182800000004
8.23,1.001633023279671,1.0023735569002903,11.334740200000002
8.24,1.0016330269528952,1.0023735612218527,11.347297600000003
8.25,1.0016330306261187,1.0023735655434145,11.359855000000001
8.26,1.0016330342993416,1.0023735698649754,11.372412400000002
8.27,1.0016330379725638,1.0023735741865356,11.384969800000002
8.28,1.0016330416457853,1.0023735785080952,11.3975272
8.290000000000001,1.001633045319006,1.0023735828296538,11.410084600000003
8.3,1.0016330489922265,1.0023735871512118,11.422642000000003
8.31,1.0016330526654462,1.002373591472769,11.435199400000002
8.32,1.001633056338665,1.0023735957943254,11.447756800000002
8.33,1.0016330600118835,1.0023736001158812,11.460314200000001
8.34,1.0016330636851012,1.002373604437436,11.472871600000001
8.35,1.0016330673583183,1.0023736087589903,11.485429
8.36,1.0016330710315349,1.0023736130805436,11.497986400000002
8.370000000000001,1.0016330747047506,1.0023736174020963,11.510543800000004
8.38,1.0016330783779657,1.0023736217236483,11.523101200000003
8.39,1.0016330820511803,1.0023736260451994,11.535658600000003
8.4,1.0016330857243942,1.0023736303667499,11.548216000000002
8.41,1.0016330893976075,1.0023736346882997,11.560773400000002
8.42,1.0016330930708202,1.0023736390098485,11.573330800000003
8.43,1.0016330967440321,1.0023736433313968,11.585888200000001
8.44,1.0016331004172434,1.0023736476529441,11.598445600000002
8.45,1.0016331040904543,1.0023736519744908,11.611003
8.46,1.0016331077636642,1.0023736562960368,11.623560400000002
8.47,1.0016331114368737,1.002373660617582,11.636117800000003
8.48,1.0016331151100826,1.0023736649391264,11.648675200000001
8.49,1.0016331187832905,1.0023736692606702,11.661232600000002
8.5,1.001633122456498,1.002373673582213,11.67379
8.51,1.0016331261297051,1.0023736779037553,11.6863474
8.52,1.0016331298029113,1.0023736822252967,11.698904800000003
8.53,1.0016331334761168,1.0023736865468373,11.711462200000001
8.540000000000001,1.001633137149322,1.0023736908683774,11.724019600000004
8.55,1.0016331408225263,1.0023736951899165,11.736577000000004
8.56,1.0016331444957298,1.002373699511455,11.749134400000003
8.57,1.001633148168933,1.0023737038329925,11.761691800000003
8.58,1.0016331518421353,1.0023737081545296,11.774249200000002
8.59,1.0016331555153373,1.0023737124760657,11.786806600000002
8.6,1.0016331591885383,1.0023737167976012,11.799364
8.61,1.0016331628617388,1.002373721119136,11.811921400000001
8.620000000000001,1.0016331665349387,1.0023737254406697,11.824478800000003
8.63,1.001633170208138,1.002373729762203,11.837036200000002
8.64,1.0016331738813367,1.0023737340837353,11.849593600000002
8.65,1.0016331775545346,1.0023737384052671,11.862151000000003
8.66,1.001633181227732,1.002373742726798,11.874708400000001
8.67,1.0016331849009286,1.0023737470483283,11.887265800000002
8.68,1.0016331885741245,1.0023737513698576,11.899823200000002
8.69,1.00163319224732,1.0023737556913863,11.912380600000002
8.700000000000001,1.0016331959205147,1.0023737600129143,11.924938000000004
8.71,1.001633199593709,1.0023737643344415,11.937495400000003
8.72,1.0016332032669024,1.002373768655968,11.950052800000003
8.73,1.0016332069400953,1.0023737729774935,11.962610200000002
8.74,1.0016332106132875,1.0023737772990184,11.975167600000002
8.75,1.001633214286479,1.0023737816205427,11.987725000000003
8.76,1.00163321795967,1.002373785942066,12.000282400000001
8.77,1.0016332216328603,1.0023737902635887,12.012839800000002
8.78,1.00163322530605,1.0023737945851108,12.0253972
8.790000000000001,1.001633228979239,1.002373798906632,12.037954600000003
8.8,1.0016332326524273,1.0023738032281524,12.050512000000003
8.81,1.001633236325615,1.002373807549672,12.063069400000002
8.82,1.0016332399988024,1.002373811871191,12.075626800000002
8.83,1.0016332436719888,1.0023738161927092,12.0881842
8.84,1.0016332473451746,1.0023738205142265,12.100741600000003
8.85,1.0016332510183599,1.0023738248357432,12.113299000000001
8.86,1.0016332546915443,1.0023738291572593,12.125856400000002
8.870000000000001,1.0016332583647283,1.0023738334787744,12.138413800000004
8.88,1.0016332620379116,1.0023738378002887,12.150971200000003
8.89,1.0016332657110942,1.0023738421218025,12.163528600000003
8.9,1.0016332693842762,1.0023738464433154,12.176086000000003
8.91,1.0016332730574578,1.0023738507648274,12.188643400000002
8.92,1.0016332767306384,1.002373855086339,12.201200800000002
8.93,1.0016332804038186,1.0023738594078497,12.213758200000001
8.94,1.001633284076998,1.0023738637293595,12.226315600000001
8.950000000000001,1.0016332877501768,1.0023738680508687,12.238873000000003
8.96,1.001633291423355,1.0023738723723772,12.251430400000002
8.97,1.0016332950965325,1.0023738766938848,12.263987800000002
8.98,1.0016332987697094,1.0023738810153917,12.276545200000001
8.99,1.0016333024428858,1.002373885336898,12.289102600000001
9.0,1.0016333061160614,1.0023738896584033,12.301660000000004
9.01,1.0016333097892365,1.002373893979908,12.314217400000002
9.02,1.0016333134624107,1.0023738983014119,12.326774800000003
9.03,1.0016333171355845,1.0023739026229153,12.339332200000001
9.040000000000001,1.0016333208087576,1.0023739069444175,12.351889600000003
9.05,1.00163332448193,1.0023739112659193,12.364447000000004
9.06,1.0016333281551018,1.0023739155874203,12.377004400000002
9.07,1.001633331828273,1.0023739199089203,12.389561800000003
9.08,1.0016333355014435,1.0023739242304197,12.402119200000001
9.09,1.0016333391746135,1.0023739285519184,12.414676600000002
9.1,1.0016333428477828,1.0023739328734165,12.427234000000002
9.11,1.0016333465209513,1.0023739371949136,12.4397914
9.120000000000001,1.0016333501941193,1.00237394151641,12.452348800000003
9.13,1.0016333538672866,1.0023739458379057,12.464906200000003
9.14,1.0016333575404535,1.0023739501594007,12.477463600000002
9.15,1.0016333612136195,1.0023739544808947,12.490021000000002
9.16,1.001633364886785,1.002373958802388,12.502578400000003
9.17,1.0016333685599497,1.0023739631238808,12.515135800000003
9.18,1.0016333722331139,1.0023739674453727,12.527693200000002
9.19,1.0016333759062774,1.0023739717668638,12.540250600000002
9.200000000000001,1.0016333795794403,1.0023739760883543,12.552808000000004
9.21,1.0016333832526025,1.002373980409844,12.565365400000003
9.22,1.001633386925764,1.0023739847313329,12.577922800000003
9.23,1.0016333905989252,1.0023739890528212,12.590480200000002
9.24,1.0016333942720854,1.0023739933743085,12.603037600000002
9.25,1.0016333979452452,1.0023739976957953,12.615595000000003
9.26,1.0016334016184043,1.002374002017281,12.628152400000001
9.27,1.0016334052915628,1.0023740063387663,12.640709800000002
9.28,1.0016334089647205,1.0023740106602508,12.6532672
9.290000000000001,1.0016334126378776,1.0023740149817344,12.665824600000002
9.3,1.001633416311034,1.0023740193032173,12.678382000000003
9.31,1.0016334199841899,1.0023740236246994,12.690939400000001
9.32,1.0016334236573452,1.0023740279461808,12.703496800000003
9.33,1.0016334273304999,1.0023740322676615,12.716054200000002
9.34,1.0016334310036537,1.0023740365891414,12.728611600000002
9.35,1.001633434676807,1.0023740409106205,12.741169000000003
9.36,1.0016334383499597,1.002374045232099,12.753726400000001
9.370000000000001,1.0016334420231119,1.0023740495535767,12.766283800000004
9.38,1.0016334456962632,1.0023740538750536,12.778841200000004
9.39,1.001633449369414,1.0023740581965297,12.791398600000003
9.4,1.0016334530425641,1.0023740625180053,12.803956000000003
9.41,1.0016334567157137,1.0023740668394798,12.816513400000002
9.42,1.0016334603888624,1.002374071160954,12.829070800000002
9.43,1.0016334640620106,1.0023740754824269,12.8416282
9.44,1.0016334677351584,1.0023740798038994,12.854185600000001
9.450000000000001,1.0016334714083053,1.002374084125371,12.866743000000003
9.46,1.0016334750814515,1.002374088446842,12.879300400000002
9.47,1.0016334787545973,1.002374092768312,12.891857800000002
9.48,1.0016334824277422,1.0023740970897814,12.904415200000004
9.49,1.0016334861008866,1.0023741014112502,12.916972600000003
9.5,1.0016334897740304,1.002374105732718,12.929530000000003
9.51,1.0016334934471736,1.0023741100541852,12.942087400000002
9.52,1.001633497120316,1.0023741143756517,12.954644800000002
9.53,1.0016335007934578,1.0023741186971173,12.967202200000001
9.540000000000001,1.001633504466599,1.0023741230185823,12.979759600000003
9.55,1.0016335081397396,1.0023741273400464,12.992317000000003
9.56,1.0016335118128796,1.0023741316615098,13.004874400000002
9.57,1.0016335154860188,1.0023741359829725,13.017431800000002
9.58,1.0016335191591574,1.0023741403044344,13.029989200000003
9.59,1.0016335228322955,1.0023741446258956,13.042546600000001
9.6,1.0016335265054328,1.0023741489473559,13.055104000000002
9.61,1.0016335301785697,1.0023741532688157,13.0676614
9.620000000000001,1.0016335338517057,1.0023741575902745,13.080218800000003
9.63,1.001633537524841,1.0023741619117328,13.092776200000003
9.64,1.001633541197976,1.0023741662331902,13.105333600000003
9.65,1.0016335448711102,1.0023741705546467,13.117891000000004
9.66,1.0016335485442438,1.0023741748761026,13.130448400000002
9.67,1.0016335522173767,1.0023741791975578,13.143005800000003
9.68,1.001633555890509,1.0023741835190123,13.155563200000001
9.69,1.0016335595636405,1.002374187840466,13.168120600000002
9.700000000000001,1.0016335632367717,1.002374192161919,13.180678000000004
9.71,1.001633566909902,1.002374196483371,13.193235400000002
9.72,1.0016335705830317,1.0023742008048224,13.205792800000003
9.73,1.0016335742561608,1.002374205126273,13.218350200000003
9.74,1.0016335779292893,1.002374209447723,13.230907600000002
9.75,1.0016335816024171,1.002374213769172,13.243465000000002
9.76,1.0016335852755442,1.0023742180906206,13.2560224
9.77,1.0016335889486707,1.0023742224120682,13.268579800000001
9.78,1.0016335926217967,1.0023742267335152,13.2811372
9.790000000000001,1.0016335962949219,1.0023742310549613,13.293694600000002
9.8,1.0016335999680466,1.0023742353764067,13.306252000000004
9.81,1.0016336036411706,1.0023742396978512,13.318809400000003
9.82,1.001633607314294,1.0023742440192953,13.331366800000003
9.83,1.0016336109874167,1.0023742483407383,13.343924200000004
9.84,1.0016336146605387,1.0023742526621808,13.356481600000002
9.85,1.00163361833366,1.0023742569836225,13.369039000000003
9.86,1.001633622006781,1.0023742613050632,13.381596400000001
9.870000000000001,1.001633625679901,1.0023742656265036,13.394153800000003
9.88,1.0016336293530206,1.002374269947943,13.406711200000004
9.89,1.0016336330261395,1.0023742742693815,13.419268600000002
9.9,1.0016336366992578,1.0023742785908194,13.431826000000003
9.91,1.0016336403723753,1.0023742829122566,13.444383400000001
9.92,1.0016336440454923,1.002374287233693,13.456940800000002
9.93,1.0016336477186087,1.0023742915551286,13.469498200000002
9.94,1.0016336513917243,1.0023742958765636,13.4820556
9.950000000000001,1.0016336550648395,1.0023743001979977,13.494613000000003
9.96,1.0016336587379537,1.002374304519431,13.507170400000005
9.97,1.0016336624110675,1.0023743088408636,13.519727800000004
9.98,1.0016336660841807,1.0023743131622957,13.532285200000004
9.99,1.0016336697572932,1.0023743174837267,13.544842600000003
