time,C,P,Q,Qp
0.0,1.0,7.13,41.2,0.0
0.9784735812133072,0.7907022872063069,6.500250713812327,35.37252431063369,5.7946769122216315
1.9569471624266144,0.6252102266049632,6.137140869216778,31.35517862084556,9.723903880037033
2.935420743639922,0.49435520878822725,5.955910557059564,28.50509981452771,12.447935990055754
3.9138943248532287,0.3908879657525219,5.905915274970768,26.436995231425428,14.363504743848202
4.892367906066536,0.30907605262534366,5.955560258202336,24.909171145515927,15.72009466089874
5.870841487279844,0.24438720284799365,6.084502648432813,23.764601551414074,16.680182122631514
6.8493150684931505,0.19323758683103165,6.279236585459138,22.897628756644973,17.353331140573413
7.8277886497064575,0.15279370416217009,6.530612766991711,22.235291172060318,17.815351831318157
8.806262230919765,0.12081458804046377,6.832306158029897,21.725808752248962,18.120134305397354
9.784735812133071,0.09552848849648352,7.1799211793375575,21.331857376213442,18.306582062381757
10.76320939334638,0.07553472257922193,7.570390446375691,21.026066467092097,18.403258459918593
11.741682974559687,0.05972556660912927,8.001570431013048,20.788007233773154,18.43149987283773
12.720156555772993,0.0472252109327341,8.471986229391456,20.602307008434046,18.407371972717137
13.698630136986301,0.03734114365060987,8.980641589930041,20.457269012528585,18.34310242591479
14.677103718199607,0.029525772424790753,9.526884391830553,20.343925879789925,18.248065607148675
15.655577299412915,0.023346132397013553,10.110306384354864,20.25536421106783,18.129486625199856
16.634050880626223,0.01845986859896864,10.730663944798453,20.186222894066987,17.992964732360132
17.61252446183953,0.014596282428556562,11.387815412013778,20.132329991617517,17.8428528504849
18.590998043052835,0.011541331533302862,12.081668791390575,20.090427469040932,17.68254551793351
19.569471624266143,0.00912577100654989,12.812137056391467,20.057964538352433,17.51469529918344
20.54794520547945,0.0072157789295408965,13.57909934879729,20.03294015524565,17.341377855447394
21.52641878669276,0.005705541539768913,14.382366595513497,20.013781727016,17.1642191360784
22.504892367906066,0.004511391563121879,15.221650749411868,19.999251883930953,16.984493207637307
23.483365949119374,0.003567173037369863,16.09653737303831,19.988375964092757,16.80319837508728
24.46183953033268,0.0028205762675665097,17.006461313670687,19.980385602187003,16.621116420719144
25.440313111545986,0.0022302396073853085,17.950685514924825,19.97467467736348,16.43885887808061
26.418786692759294,0.001763458293851402,18.9282831035768,19.97076479795335,16.256903295200313
27.397260273972602,0.0013943726482803164,19.93812295312298,19.96827823670805,16.075621675319546
28.37573385518591,0.001102535324995534,20.978858987892295,19.966916649385507,15.895302842792907
29.354207436399214,0.0008717785274724756,22.04892351144655,19.966444322209636,15.716170050296991
30.332681017612522,0.000689318319768734,23.146524712223712,19.96667500177354,15.538394822897907
31.31115459882583,0.0005450463965511669,24.269648682811354,19.96746148112383,15.362107903564615
32.28962818003914,0.00043097008407274364,25.416065943208743,19.968687402951332,15.1874078691013
33.268101761252446,0.00034076954677105236,26.583342547387684,19.97026078550772,15.014367934806074
34.24657534246575,0.0002694476681579067,27.768855678000918,19.972108909322376,14.843041328334426
35.22504892367906,0.00021305321566075474,28.969813506826323,19.974174280684995,14.67346553152887
36.20352250489237,0.00016846193029316088,30.183278988596058,19.976411440935426,14.505665632832287
37.18199608610567,0.00013320344069709292,31.40619712160715,19.978784445784722,14.33965697517337
38.16046966731898,0.00010532442736018525,32.63542509605722,19.98126487370792,14.175447247529162
39.138943248532286,8.328039288135603e-05,33.867764654974195,19.98383025017297,14.013038139157615
40.11741682974559,6.585009725405916e-05,35.09999590314483,19.986462802949966,13.852426645720028
41.0958904109589,5.20679014254564e-05,36.32891175927478,19.989148478692083,13.693606100705768
42.07436399217221,4.117027103734085e-05,37.55135224047843,19.99187616412984,13.536566991625538
43.05283757338552,3.255347670034354e-05,38.764237750621646,19.994637071041183,13.381297604034657
44.031311154598825,2.574014742023417e-05,39.9646006108959,19.997424249762116,13.227784530394006
45.00978473581213,2.0352824256065766e-05,41.14961413467802,20.000232204476923,13.076013071916837
45.98825831702544,1.6093049195679804e-05,42.31661864587574,20.00305658908908,12.925967555703084
46.96673189823875,1.2724830923470076e-05,43.4631439575404,20.00589396668079,12.777631585024912
47.94520547945205,1.0061568602779151e-05,44.58692796050316,20.008741619281995,12.630988236731854
48.92367906066536,7.955717579675841e-06,45.68593108980141,20.011597397513064,12.486020216750342
49.902152641878665,6.2906137143051664e-06,46.75834659512884,20.01445960161676,12.342709982600047
50.88062622309197,4.974010222307582e-06,47.802606659908825,20.01732688740199,12.201039839739666
51.85909980430528,3.93296722376619e-06,48.81738451002615,20.020198191863074,12.060992017248772
52.83757338551859,3.1098108858006065e-06,49.80159278678103,20.023072674358993,11.922548727173886
53.816046966731896,2.4589382986428807e-06,50.75437851353691,20.025949670097738,11.785692210961702
54.794520547945204,1.944291077505046e-06,51.6751150560169,20.02882865335114,11.650404775686939
55.77299412915851,1.537357729170447e-06,52.56339151617495,20.031709208364784,11.516668822215221
56.75146771037182,1.2155941152901297e-06,53.41900001779749,20.034591006353207,11.384466866993739
57.72994129158512,9.611745606697272e-07,54.24192134610374,20.037473787308123,11.253781558807427
58.70841487279843,7.600041119591865e-07,55.032309391751106,20.040357345608726,11.124595691563663
59.686888454011736,6.009379186959731e-07,55.79047481982667,20.043241518647708,10.99689221393215
60.665362035225044,4.751637151942934e-07,56.516868356162746,20.046126177832534,10.870654236513348
61.64383561643835,3.7571360887679046e-07,57.21206403516435,20.04901122146996,10.745865037052518
62.62230919765166,2.970780607085541e-07,57.87674270965219,20.051896569139195,10.622508064114204
63.60078277886497,2.3490065771131002e-07,58.51167607484279,20.054782157242062,10.500566939544532
64.57925636007828,1.8573676821923933e-07,59.11771141072513,20.057667935484023,10.380025459979977
65.55772994129158,1.468627095495637e-07,59.695757201244355,20.060553864091275,10.260867597607085
66.53620352250489,1.1612485608727167e-07,60.24676974601287,20.063439911609997,10.143077500334849
67.5146771037182,9.182032844158109e-08,60.77174084162128,20.06632605316597,10.026639491507478
68.4931506849315,7.260281310339684e-08,61.27168658629393,20.06921226909054,9.911538069256375
69.47162426614481,5.7407993098904915e-08,61.74763730585562,20.072098543832578,9.797757905575333
70.45009784735812,4.5393595234119115e-08,62.200628526966405,20.07498486508356,9.685283845193723
71.42857142857143,3.5893434585812673e-08,62.63169312655232,20.077871223106847,9.57410090426047
72.40704500978474,2.8381306725019627e-08,63.04185453880581,20.08075761021055,9.464194268900561
73.38551859099803,2.2441442080364594e-08,63.43212089190797,20.08364402031619,9.355549293692675
74.36399217221134,1.7744787510447458e-08,63.80348002581221,20.086530448612397,9.2481515000794
75.34246575342465,1.4031043109333773e-08,64.15689539407012,20.089416891292558,9.141986574712302
76.32093933463796,1.1094504561622096e-08,64.49330275069056,20.092303345348014,9.037040367761014
77.29941291585126,8.772559950634308e-09,64.81360752247417,20.095189808400047,8.933298891203307
78.27788649706457,6.936587613803486e-09,65.11868280060344,20.098076278566886,8.830748317099976
79.25636007827788,5.484851483459158e-09,65.40936787420483,20.100962754359887,8.729374975859844
80.23483365949119,4.337021917898459e-09,65.68646730686724,20.103849234603462,8.62916535450343
81.2133072407045,3.4296111708411837e-09,65.95075036949326,20.10673571836837,8.530106094930565
82.1917808219178,2.712291363344645e-09,66.20295079899964,20.109622204917862,8.432183992193291
83.17025440313111,2.1451860694654624e-09,66.4437669593401,20.112508693668136,8.335385992777734
84.14872798434442,1.6966059417433139e-09,66.67386218632694,20.115395184155176,8.239699192896387
85.12720156555773,1.3416775775848097e-09,66.8938655333293,20.118281676014703,8.14511083679468
86.10567514677103,1.0609454165363371e-09,67.1043725862238,20.12116816896173,8.051608315074887
87.08414872798434,8.389691376889501e-10,67.30594628839381,20.124054662770067,7.959179163030844
88.06262230919765,6.634804498652405e-10,67.49911798166207,20.126941157259967,7.86781105899909
89.04109589041096,5.24742244566718e-10,67.68438854001997,20.129827652288764,7.777491822727424
90.01956947162427,4.1499142449225573e-10,67.86222954150541,20.13271414774268,7.68820941375518
90.99804305283757,3.2816799915876554e-10,68.03308455535516,20.135600643532896,7.5999519298190625
91.97651663405088,2.5951596928174893e-10,68.19737037734332,20.138487139589678,7.512707605276905
92.95499021526419,2.0530187006873583e-10,68.35547828204845,20.14137363585829,7.426464809550544
93.9334637964775,1.624914083632907e-10,68.50777526221796,20.144260132294235,7.341212045534223
94.91193737769079,1.2878323812105125e-10,68.65460529338539,20.147146628863773,7.256937948137023
95.8904109589041,1.02105595601386e-10,68.79629052691675,20.150033125536513,7.173631282644321
96.8688845401174,8.107053573937367e-11,68.93313252247529,20.15291962229208,7.0912809433910935
97.84735812133071,6.431410025625817e-11,69.06541338957803,20.15580611911047,7.009875952104284
98.82583170254402,5.1022704510392474e-11,69.19339691024445,20.158692615979753,6.929405456620864
99.80430528375733,4.040702632661533e-11,69.31732963268134,20.161579112888347,6.849858729297263
100.78277886497064,3.19735169293317e-11,69.43744189122015,20.16446560982899,6.7712251656798434
101.76125244618395,2.528493093292948e-11,69.55394877246464,20.16735210679526,6.693494283036739
102.73972602739725,1.999870993799163e-11,69.6670511335845,20.170238603782128,6.616655718960937
103.71819960861056,1.5966761625396848e-11,69.77693559872888,20.17312510078741,6.54069923030596
104.69667318982387,1.2977701280945844e-11,69.88377688747858,20.17601159780801,6.465614691291674
105.67514677103718,1.072196604855771e-11,69.9877387705211,20.178898094839386,6.391392092102614
106.65362035225048,8.753185279777861e-12,70.08897501922384,20.181784591874987,6.318021537487291
107.63209393346379,7.952267621486694e-12,70.18762147812103,20.184671088927722,6.24549324855871
108.6105675146771,7.645573842220101e-12,70.28381391029134,20.187557585987715,6.173797555305176
109.58904109589041,7.354235397551351e-12,70.3776783667823,20.19044408304794,6.102924899004168
110.56751467710372,6.444421280015249e-12,70.46933395340777,20.19333058009909,6.032865830163901
111.54598825831702,5.8038972999189375e-12,70.55888194275684,20.196217077154202,5.963611011270733
112.52446183953033,4.9518568474301514e-12,70.64642636671844,20.199103574206212,5.895151208500958
113.50293542074364,3.942979142193175e-12,70.73206103601778,20.20199007125593,5.827477295231033
114.48140900195695,2.8180403056060293e-12,70.81587165136985,20.204876568303952,5.760580250344182
115.45988258317024,1.8687094596433084e-12,70.8979391070521,20.20776306535455,5.694451155788102
116.43835616438355,1.2190236400200874e-12,70.978338786925,20.21064956240954,5.629081196031223
117.41682974559686,6.449962179994982e-13,71.05714219382712,20.21353605946562,5.56446165649955
118.39530332681016,3.4314742927364664e-13,71.13441498975679,20.21642255652566,5.500583922873393
119.37377690802347,2.899376144379443e-13,71.21021886744047,20.21930905358933,5.4374394796700996
120.35225048923678,3.8417155358957153e-13,71.28461184685031,20.222195550655186,5.375019909020328
121.33072407045009,4.4246196637959485e-13,71.3576492022549,20.22508204772056,5.313316889285124
122.3091976516634,8.674390977227149e-13,71.42937848201653,20.22796854479127,5.252322196308923
123.2876712328767,1.5453607160648599e-12,71.4998477944697,20.23085504186566,5.192027698637759
124.26614481409001,2.227450875114606e-12,71.56910347356549,20.233741538940098,5.132425357598041
125.24461839530332,2.597671273774856e-12,71.6371899512948,20.23662803600998,5.073507226363036
126.22309197651663,2.522650513260014e-12,71.70414761050569,20.23951453307336,5.015265449968858
127.20156555772994,2.5910162054704914e-12,71.77000813268288,20.24240103013882,4.957692266494259
128.18003913894324,2.4145075670266597e-12,71.83481033780645,20.245287527200706,4.900779998691803
129.15851272015655,2.010166210067152e-12,71.89858760484006,20.248174024259285,4.8445210589052055
130.13698630136986,1.4451137693323116e-12,71.96136809971871,20.25106052131552,4.788907948662522
131.11545988258317,8.607889472778096e-13,72.02318096688295,20.253947018371495,4.733933253530476
132.09393346379647,4.762410023678957e-13,72.08405222756062,20.256833515430415,4.679589644942648
133.07240704500978,8.248582701418964e-14,72.14400841457571,20.2597200124892,4.62586987841051
134.0508806262231,-2.312412828428888e-13,72.20307313193936,20.26260650954913,4.572766792669346
135.0293542074364,-3.566873903300982e-13,72.26126856552305,20.265493006611763,4.520273308613946
136.0078277886497,-3.1661940588623514e-13,72.31861616832322,20.268379503676794,4.468382428448032
136.986301369863,-1.876484920839986e-13,72.37513650255804,20.27126600074314,4.417087234609369
137.96477495107632,-3.662734802778212e-14,72.43084926395487,20.274152497809823,4.366380888578301
138.94324853228963,7.675309659097375e-14,72.48577310190679,20.27703899487599,4.316256630528837
139.92172211350294,2.68783936814681e-13,72.53992484165659,20.279925491943324,4.2667077790276515
140.90019569471625,3.9283146375623036e-13,72.59332216644421,20.282811989009712,4.217727727911194
141.87866927592955,3.8829131676291694e-13,72.64598162903893,20.28569848607429,4.169309947117339
142.85714285714286,3.636334786169433e-13,72.69791722671995,20.288584983138584,4.121447983138864
143.83561643835617,2.870713056303384e-13,72.74914427887855,20.291471480202144,4.074135454696661
144.81409001956948,2.061269965551753e-13,72.79967688299725,20.294357977265623,4.027366054170894
145.79256360078278,7.716301640125273e-14,72.84952799526056,20.29724447432841,3.981133547255979
146.77103718199606,-5.730490295501564e-14,72.89871030552865,20.300130971391088,3.9354317705315367
147.74951076320937,-1.3340211716171624e-13,72.94723595838248,20.303017468454573,3.8902546311872697
148.72798434442268,-1.6260583565136192e-13,72.99511661068787,20.3059039655187,3.845596106782547
149.706457925636,-1.8123497255635978e-13,73.04236347708103,20.308790462582962,3.801450244060295
150.6849315068493,-1.6541666297246438e-13,73.08898724905366,20.31167695964771,3.7578111576021627
151.6634050880626,-1.2303019919026475e-13,73.1349982919155,20.314563456712836,3.714673029808344
152.6418786692759,-5.028525006248522e-14,73.18040667329323,20.317449953778397,3.6720301103293775
153.62035225048922,1.6531652739987204e-14,73.22522213161618,20.32033645084389,3.629876713999957
154.59882583170253,4.834672398947213e-14,73.26945412775389,20.32322294790891,3.5882072211288683
155.57729941291583,1.5571929220140174e-13,73.31311118416909,20.326109444974996,3.547016078374756
156.55577299412914,2.7225932062562583e-13,73.35620243959274,20.32899594204121,3.5062977937001216
157.53424657534245,3.751452885413217e-13,73.39873662699893,20.331882439107225,3.466046938543982
158.51272015655576,4.2810113697484004e-13,73.44072238306255,20.334768936172523,3.426258146264363
159.49119373776907,4.139091678980752e-13,73.48216792196017,20.337655433236858,3.386926112261417
160.46966731898237,5.04319785627688e-13,73.52307924521729,20.340541930302706,3.3480455978106773
161.44814090019568,5.843668670007843e-13,73.56346523031833,20.34342842736842,3.3096114164632797
162.426614481409,6.347840477857425e-13,73.60333357631154,20.34631492443374,3.271618443617548
163.4050880626223,6.273610339915946e-13,73.64269193900381,20.34920142149828,3.2340616129384623
164.3835616438356,5.6446604053915e-13,73.68154740115251,20.352087918562066,3.1969359177506447
165.3620352250489,5.6560755602315e-13,73.71990529365601,20.354974415626746,3.160236414940375
166.34050880626222,5.524570579182231e-13,73.75777355677717,20.357860912691237,3.1239582074399572
167.31898238747553,5.20630056076959e-13,73.79515900586397,20.360747409755472,3.088096458009122
168.29745596868884,4.638549666534697e-13,73.8320683930742,20.36363390681936,3.0526463844751834
169.27592954990214,3.895152372222183e-13,73.8685078861838,20.366520403883,3.0176032616886603
170.25440313111545,3.302865904546006e-13,73.9044826805396,20.369406900946856,2.982962422817564
171.23287671232876,2.700198739160459e-13,73.939999534968,20.37229339801069,2.9487192461183374
172.21135029354207,2.1308191216246892e-13,73.97506441621536,20.375179895074556,2.9148691660028163
173.18982387475538,1.6449955690337797e-13,74.00968318471986,20.37806639213851,2.88140766899884
174.16829745596868,1.2341536558852453e-13,74.04386144695462,20.380952889202558,2.8483302953837577
175.146771037182,8.372806823868083e-14,74.07760457861775,20.38383938626662,2.815632638289525
176.1252446183953,5.2566304511041064e-14,74.11091817187915,20.38672588333078,2.7833103365320664
177.1037181996086,3.0695532037522826e-14,74.14380757743734,20.389612380395054,2.7513590808367963
178.08219178082192,1.8244431840150587e-14,74.17627804864784,20.39249887745945,2.719774611153916
179.06066536203522,1.6127684435002708e-14,74.20833478749934,20.395385374523926,2.688552720230928
180.03913894324853,2.4543010875185048e-14,74.23998291296884,20.398271871588438,2.6576892490889583
181.01761252446184,4.069637547921954e-14,74.27122740889975,20.401158368652965,2.627180080363227
181.99608610567515,6.185211264205473e-14,74.30207321315227,20.404044865717456,2.597021146378816
182.97455968688845,8.419182847024167e-14,74.33252519555883,20.406931362781844,2.56720842562835
183.95303326810176,1.0271163864194863e-13,74.36258816342716,20.40981785984605,2.537737942122987
184.93150684931507,1.1111940626697623e-13,74.39226686704325,20.41270435690997,2.508605764743416
185.90998043052838,1.0173197974677215e-13,74.42156600517431,20.41559085397349,2.479808006590847
186.8884540117417,1.7713391899436777e-13,74.45048904326963,20.418477351038185,2.4513409000908704
187.866927592955,2.8190431970984143e-13,74.47904106788151,20.421363848103212,2.4232006145763263
188.84540117416827,4.069003953150312e-13,74.50722662086265,20.42425034516845,2.3953833941730545
189.82387475538158,5.493364118146983e-13,74.5350501278803,20.42713684223387,2.367885530161708
190.8023483365949,7.046828033716494e-13,74.56251598888753,20.43002333929943,2.340703354907563
191.7808219178082,8.664427757907246e-13,74.58962858490783,20.43290983636506,2.3138332411297378
192.7592954990215,1.025928910002771e-12,74.61639228481967,20.435796333430666,2.287271601170426
193.7377690802348,1.1720397655486161e-12,74.64281145214102,20.43868283049612,2.2610148862641215
194.71624266144812,1.2910364840630348e-12,74.66889045181391,20.441569327561265,2.235059585806846
195.69471624266143,1.3663193927587315e-12,74.694633656989,20.444455824625905,2.209402226625376
196.67318982387474,1.3782046079103053e-12,74.72004545581008,20.44734232168981,2.1840393722464726
197.65166340508804,1.3037006383382277e-12,74.74513025819869,20.450228818752702,2.158967622166105
198.63013698630135,1.1162849888928149e-12,74.76989250263864,20.453115315814266,2.1341836111186816
199.60861056751466,1.1390554153538518e-12,74.79432984061933,20.456001812878455,2.1096842984851842
200.58708414872797,1.1571739767158166e-12,74.81845027448904,20.45888830994264,2.0854662390163696
201.56555772994128,1.1562596508401142e-12,74.8422579043302,20.461774807006645,2.061526188544035
202.54403131115458,1.1346276696432024e-12,74.86575655538633,20.46466130407045,2.0378609492724244
203.5225048923679,1.0908319018721412e-12,74.88895002104356,20.467547801134025,2.0144673590025293
204.5009784735812,1.0237002017810308e-12,74.91184206461982,20.470434298197354,1.9913422906137568
205.4794520547945,9.323697578074563e-13,74.93443642115396,20.47332079526041,1.968482651545601
206.45792563600781,8.16322441248926e-13,74.95673679919489,20.476207292323174,1.9458853832793146
207.43639921722112,6.754201549393153e-13,74.97874688259076,20.479093789385626,1.9235474608195775
208.41487279843443,5.431575289798831e-13,75.00046747375944,20.481980286447282,1.9014660459616444
209.39334637964774,4.0626170872124187e-13,75.02190341735952,20.484866783508323,1.879638114382622
210.37181996086105,2.6712439793086757e-13,75.04305823253212,20.487753280568718,1.8580607439994692
211.35029354207435,1.316666421663743e-13,75.06393516202802,20.490639777628395,1.8367310581049234
212.32876712328766,6.837909341610286e-15,75.08453739225537,20.493526274687277,1.8156462131070772
213.30724070450097,-9.932526720395583e-14,75.10486805306428,20.496412771745284,1.794803398118894
214.28571428571428,-1.7764064563585074e-13,75.12493021753124,20.49929926880233,1.7741998345477252
215.26418786692759,-2.1772163255521016e-13,75.14472690174382,20.50218576585832,1.753832775684825
216.2426614481409,-2.0791863992939413e-13,75.1642610645851,20.50507226291317,1.7336995062948677
217.2211350293542,-2.5733140963354613e-13,75.1835367566011,20.507958759973377,1.7137973604487269
218.1996086105675,-3.09520439787987e-13,75.20255642543547,20.510845257036557,1.6941236783364957
219.17808219178082,-3.4826385737948264e-13,75.22132285300405,20.51373175410258,1.6746758366157253
220.15655577299412,-3.7264127405195786e-13,75.2398389212899,20.51661825117222,1.6554512442860345
221.13502935420743,-3.8199736717975496e-13,75.25810747113844,20.51950474824633,1.6364473400402284
222.11350293542074,-3.75970977932143e-13,75.27613130286804,20.522391245325878,1.617661591866927
223.09197651663405,-3.5452420933782796e-13,75.29391317688042,20.525277742411927,1.5990914966531933
224.07045009784736,-3.179715243494617e-13,75.31145581427116,20.528164239505642,1.5807345797871624
225.04892367906066,-2.670088439081518e-13,75.32876189744017,20.531050736608307,1.5625883947606711
226.02739726027397,-2.1073890209910413e-13,75.34583502761465,20.533937233702765,1.5446505278725124
227.00587084148728,-1.4860793428319873e-13,75.36267756033999,20.5368237307954,1.5269185862903358
227.9843444227006,-8.225004920633924e-14,75.37929202002468,20.539710227888747,1.509390205189967
228.9628180039139,-1.531724294410806e-14,75.39568107672639,20.542596724981934,1.4920630472310437
229.94129158512717,4.788481218888651e-14,75.41184738002504,20.54548322207393,1.474934801270886
230.91976516634048,1.023616095942918e-13,75.42779356035847,20.54836971916354,1.4580031819709887
231.8982387475538,1.4239465034527141e-13,75.44352223035821,20.551256216249378,1.4412659294035186
232.8767123287671,1.615062851417869e-13,75.45903598618503,20.55414271332989,1.424720808657807
233.8551859099804,1.524245562658689e-13,75.4743374088647,20.55702921040331,1.408365609446844
234.8336594911937,1.727660391410953e-13,75.48942841967819,20.55991570748157,1.3921981939096613
235.81213307240702,2.0230014204694628e-13,75.50431168410802,20.562802204560096,1.3762163915649248
236.79060665362033,2.2477987395845317e-13,75.51898980850967,20.565688701635136,1.3604180589557902
237.76908023483364,2.39373822530069e-13,75.53346522873629,20.56857519870615,1.3448010876660987
238.74755381604695,2.453925462913807e-13,75.5477403612538,20.571461695772594,1.329363392751386
239.72602739726025,2.423067117295269e-13,75.56181760395273,20.574348192833913,1.3141029123844612
240.70450097847356,2.29765230371615e-13,75.57569933696006,20.577234689889547,1.2990176075009863
241.68297455968687,2.0761339586713775e-13,75.58938792345104,20.58012118693894,1.2841054614450558
242.66144814090018,1.7591102107039115e-13,75.60288571046112,20.58300768398152,1.2693644796147772
243.63992172211348,1.4134089595434126e-13,75.61619417722655,20.585894181025395,1.2547927503666545
244.6183953033268,1.04006862165838e-13,75.6293156995574,20.588780678069412,1.2403883179311883
245.5968688845401,6.374499986717776e-14,75.64225271115427,20.591667175111677,1.2261492423848008
246.5753424657534,2.269041828477663e-14,75.65500736442885,20.59455367215305,1.212073623727283
247.55381604696672,-1.660069605829542e-14,75.66758178425471,20.597440169194545,1.1981595833511132
248.53228962818002,-5.1127376872201016e-14,75.67997806803665,20.60032666623735,1.1844052637403877
249.51076320939333,-7.742017563022281e-14,75.69219828578017,20.60321316328284,1.1708088281697508
250.48923679060664,-9.151745909865026e-14,75.70424448016084,20.606099660332582,1.1573684604033254
251.46771037181995,-8.894170686666698e-14,75.71611866659377,20.608986157388344,1.1440823643936442
252.44618395303326,-9.993411810351482e-14,75.72782279840948,20.61187265443976,1.1309488034941446
253.42465753424656,-1.2059384333242736e-13,75.73935883504812,20.61475915148846,1.1179660230132242
254.40313111545987,-1.3714420962125664e-13,75.75072871809034,20.617645648539526,1.1051322771345995
255.38160469667318,-1.4893869271806484e-13,75.76193434853523,20.62053214559348,1.0924458544253206
256.3600782778865,-1.5538419756478433e-13,75.77297759978777,20.62341864265086,1.0799050629063398
257.33855185909977,-1.5595046555464777e-13,75.7838603176954,20.626305139712205,1.0675082297885496
258.3170254403131,-1.501794817896176e-13,75.79458432058475,20.629191636778057,1.055253701208815
259.2954990215264,-1.3769488233781723e-13,75.8051513992982,20.632078133848957,1.0431398419660152
260.2739726027397,-1.182113614909579e-13,75.8155633172306,20.634964630925452,1.0311650352570738
261.252446183953,-9.723159080595792e-14,75.82582215744739,20.637851128002143,1.0193277016935784
262.23091976516633,-7.570875682248065e-14,75.83592969130154,20.6407376250785,1.0076262639620825
263.2093933463796,-5.204969796894451e-14,75.84588750013786,20.643624122156762,0.9960591533188582
264.18786692759295,-2.7493415228578167e-14,75.85569730298033,20.646510619236327,0.984624827527107
265.16634050880623,-3.536924809956625e-15,75.86536079890674,20.64939711631647,0.9733217618347901
266.14481409001957,1.804954920656304e-14,75.87487966743845,20.652283613396317,0.9621484487302723
267.12328767123284,3.52073822223833e-14,75.88425556893007,20.65517011047484,0.9511033976979745
268.1017612524462,4.557435647422875e-14,75.89349014495915,20.65805660755085,0.9401851349740182
269.08023483365946,4.6469468387691344e-14,75.90258501871588,20.660943104622987,0.9293922033018786
270.0587084148728,5.2767237372290974e-14,75.91154187253794,20.663829601697827,0.9187231776735988
271.0371819960861,6.708872459217289e-14,75.92036231982003,20.666716098776355,0.9081766384625268
272.0156555772994,7.906600948636476e-14,75.9290479022973,20.66960259585365,0.8977511705352892
272.9941291585127,8.822385065162313e-14,75.93760018917341,20.672489092929233,0.8874453834674504
273.972602739726,9.410209695490254e-14,75.94602073498056,20.67537559000261,0.8772579024863874
274.9510763209393,9.62603109407422e-14,75.95431108005458,20.678262087073257,0.8671873682446497
275.92954990215264,9.428239223865913e-14,75.9624727510101,20.68114858414063,0.8572324365933112
276.9080234833659,8.778120097053801e-14,75.97050726121572,20.684035081204154,0.8473917783553292
277.88649706457926,7.640318115802071e-14,75.97841611126914,20.686921578263245,0.8376640790988961
278.86497064579254,6.38229920943003e-14,75.98620061039804,20.68980807532183,0.8280480579868933
279.8434442270059,5.1819975062942264e-14,75.99386214299498,20.692694572381612,0.8185424392079249
280.82191780821915,3.8300464578876965e-14,76.00140225806003,20.695581069439815,0.8091459422723091
281.8003913894325,2.397473581114919e-14,76.00882237021747,20.698467566496767,0.7998573136855865
282.77886497064577,9.709694291568174e-15,76.01612387921156,20.7013540635529,0.7906753140430746
283.7573385518591,-3.4616582373325424e-15,76.0233081701644,20.704240560608742,0.78159871782637
284.7358121330724,-1.4330757974322315e-14,76.03037661383361,20.707127057664934,0.7726263131998602
285.7142857142857,-2.1504013211512866e-14,76.03733056687035,20.71001355472223,0.7637569018072263
286.692759295499,-2.3393338486387208e-14,76.04417137207695,20.712900051781503,0.7549892985679545
287.67123287671234,-2.6956343098208552e-14,76.0509002405138,20.715786548839446,0.7463223492620491
288.6497064579256,-3.654854689385977e-14,76.05751840216348,20.718673045894054,0.7377549076821359
289.62818003913895,-4.483762900183386e-14,76.06402722875045,20.721559542949116,0.7292858169777064
290.60665362035223,-5.148954157585008e-14,76.07042798154276,20.724446040005002,0.7209139474600916
291.58512720156557,-5.6169706502991665e-14,76.07672190599054,20.727332537062118,0.7126381821895117
292.56360078277885,-5.854526839637585e-14,76.08291023182554,20.730219034120896,0.7044574167954117
293.5420743639921,-5.828734758782926e-14,76.0889941731607,20.73310553118181,0.6963705592967899
294.52054794520546,-5.507329312055956e-14,76.0949749285898,20.735992028245363,0.6883765299225312
295.49902152641874,-4.858893574182973e-14,76.10085368128694,20.7388785253121,0.6804742609317397
296.4774951076321,-4.098751108129016e-14,76.10663162659854,20.74176502237948,0.6726627091591606
297.45596868884536,-3.439325666543031e-14,76.11230994418071,20.74465151944506,0.6649408428929441
298.4344422700587,-2.675820193074243e-14,76.11788975170721,20.747538016511736,0.6573076202222491
299.412915851272,-1.8485907419543843e-14,76.12337217906959,20.750424513579354,0.6497620231556409
300.3913894324853,-1.0074923766505848e-14,76.12875834207969,20.7533110106477,0.642303045223307
301.3698630136986,-2.1247072167572274e-15,76.13404934261017,20.756197507716504,0.634929691316363
302.3483365949119,4.658464856019595e-15,76.1392462687351,20.759084004785425,0.627640977526153
303.3268101761252,9.455578431485104e-15,76.14435019487053,20.76197050185406,0.620435930983555
304.30528375733854,1.1328967324545796e-14,76.14936218191498,20.764856998921918,0.6133135896982811
305.2837573385518,1.3342346949974711e-14,76.15428332393019,20.767743495990324,0.6062730110622431
306.26223091976516,1.9652916919517036e-14,76.1591147155476,20.770629993061085,0.5993132655949952
307.24070450097844,2.525505878815534e-14,76.16385733648642,20.773516490131783,0.5924334152583068
308.2191780821918,2.992017766042004e-14,76.16851220899987,20.776402987202164,0.5856325425800852
309.19765166340505,3.3413272693756735e-14,76.17308034412635,20.779289484271942,0.5789097404614041
310.1761252446184,3.549394044917367e-14,76.17756274190788,20.782175981340803,0.5722641120303331
311.15459882583167,3.5917378241885736e-14,76.18196039160883,20.785062478408395,0.5656947704957728
312.133072407045,3.443538749196068e-14,76.18627427193444,20.78794897547434,0.5592008390012828
313.1115459882583,3.0797377074964497e-14,76.19050535124947,20.790835472538216,0.5527814504789171
314.0900195694716,2.614701275625817e-14,76.19465457669155,20.793721969601382,0.5464357544734827
315.0684931506849,2.259111968186264e-14,76.19872287782802,20.796608466666402,0.5401629148382853
316.04696673189824,1.8337644636688597e-14,76.20271120557014,20.799494963730762,0.5339620853009331
317.0254403131115,1.3613046482225625e-14,76.20662048531452,20.802381460794514,0.5278324388660394
318.00391389432485,8.7009500907908e-15,76.21045163277634,20.805267957857737,0.5217731578682718
318.98238747553813,3.945816502508121e-15,76.21420555418672,20.808154454920555,0.515783433839507
319.96086105675147,-2.433869177163549e-16,76.2178831464901,20.81104095198312,0.5098624673759778
320.93933463796475,-3.3895163232151203e-15,76.22148529754156,20.813927449045632,0.5040094680054281
321.9178082191781,-4.943581228583725e-15,76.22501288630438,20.81681394610832,0.4982236540542601
322.89628180039136,-6.1107972398423796e-15,76.22846674975034,20.819700443170788,0.4925042585763835
323.8747553816047,-1.0211580314120356e-14,76.23184767642113,20.822586940231872,0.48685053042846244
324.853228962818,-1.393745103797535e-14,76.23515656568203,20.82547343729288,0.4812617051808822
325.8317025440313,-1.7135424596891232e-14,76.2383942497984,20.828359934353976,0.4757370374117962
326.8101761252446,-1.9644966833367252e-14,76.24156155162659,20.831246431415334,0.4702757901075792
327.78864970645793,-2.1298374257683154e-14,76.24465928473761,20.834132928477164,0.46487723454339347
328.7671232876712,-2.1921154058661707e-14,76.24768825354087,20.837019425539697,0.45954065016376017
329.74559686888455,-2.1332404114433064e-14,76.25064925340784,20.839905922603187,0.4542653244631255
330.7240704500978,-1.9345193003198173e-14,76.25354307079571,20.84279241966792,0.4490505528664322
331.70254403131116,-1.648444015488938e-14,76.25637047120607,20.84567891673332,0.44389564340013676
332.68101761252444,-1.462061970222437e-14,76.2591321885707,20.848565413797168,0.43879992080122276
333.6594911937378,-1.2297502762200264e-14,76.26182900459874,20.851451910861385,0.4337626952004983
334.63796477495106,-9.640421523149788e-15,76.26446166568827,20.854338407925965,0.4287832947710782
335.61643835616434,-6.8088614894114085e-15,76.26703090929254,20.857224904990876,0.4238610552750122
336.5949119373777,-3.998721768453599e-15,76.26953746401162,20.86011140205608,0.4189953199564086
337.57338551859095,-1.4445753579992195e-15,76.27198204968427,20.862997899121513,0.41418543943455766
338.5518590998043,5.780705668516974e-16,76.27436537747974,20.8658843961871,0.40943077159705227
339.53033268101757,1.7505143664969647e-15,76.27668814998957,20.868770893252734,0.4047306814929128
340.5088062622309,2.443686152886348e-15,76.2789510659768,20.871657390318482,0.4000845445938242
341.4872798434442,5.0750742629077625e-15,76.28115482907947,20.874543887384927,0.3954917529149637
342.4657534246575,7.515464172722173e-15,76.28330010614252,20.877430384451465,0.39095168470859815
343.4442270058708,9.66428358379233e-15,76.28538756898456,20.880316881518002,0.38646373449535476
344.42270058708414,1.1414201224974872e-14,76.28741788160802,20.883203378584437,0.38202730364162646
345.4011741682974,1.265121651107661e-14,76.2893917003057,20.886089875650637,0.37764180026346383
346.37964774951075,1.3254749201412563e-14,76.29130967376759,20.888976372716467,0.37330663913046314
347.35812133072403,1.309772905836266e-14,76.29317244318747,20.891862869781765,0.36902124156965815
348.33659491193737,1.2046685505929248e-14,76.29498064236965,20.894749366846355,0.364785035369408
349.31506849315065,1.027923813172665e-14,76.29673489993787,20.8976358639104,0.3605974569493705
350.293542074364,9.338030740517585e-15,76.29843584642177,20.90052236097557,0.3564579587883066
351.27201565557726,8.09915963719281e-15,76.30008408766112,20.903408858040553,0.35236598054394824
352.2504892367906,6.630864624063516e-15,76.30168023046879,20.90629535510533,0.34832097650534904
353.2289628180039,5.021648012059125e-15,76.30322487497529,20.909181852169908,0.3443224071294981
354.2074363992172,3.3816576729693658e-15,76.30471861474389,20.912068349234303,0.3403697389544421
355.1859099804305,1.844070091687719e-15,76.30616203688608,20.914954846298528,0.33646244451241175
356.16438356164383,5.664734184534395e-16,76.30755572217664,20.917841343362614,0.3326000022429434
357.1428571428571,-2.6774947890503883e-16,76.30890024516901,20.9207278404266,0.3287818964060053
358.12133072407045,-6.903260839813189e-16,76.31019617088454,20.923614337490502,0.32500761850280513
359.0998043052837,-2.3598568709880304e-15,76.31144403494568,20.9265008345541,0.32127667598249193
360.07827788649706,-3.937282345112695e-15,76.31264440906311,20.92938733161763,0.31758856338682206
361.05675146771034,-5.3574644588905485e-15,76.31379784073086,20.932273828681133,0.31394278885264365
362.0352250489237,-6.54987308371699e-15,76.31490487141154,20.935160325744683,0.31033886607284644
363.01369863013696,-7.438553855953604e-15,76.3159660366326,20.938046822808342,0.30677631421789353
363.9921722113503,-7.942096023035363e-15,76.3169818660824,20.940933319872194,0.3032546578573502
364.9706457925636,-7.973600289576917e-15,76.31795288370641,20.943819816936333,0.2997734268814156
365.9491193737769,-7.440646663479466e-15,76.3188796078034,20.946706314000863,0.296332156422452
366.9275929549902,-6.345355903343395e-15,76.31976254841825,20.949592811065806,0.2929303876764848
367.9060665362035,-5.895120588522644e-15,76.32060217743965,20.95247930812999,0.2895676778119092
368.8845401174168,-5.2546419422238985e-15,76.32139901641358,20.95536580519428,0.2862435706879824
369.86301369863014,-4.460339063270163e-15,76.32215355792874,20.95825230225868,0.2829576229808949
370.8414872798434,-3.5605638065553084e-15,76.32286628893213,20.96113879932319,0.2797093963750272
371.81996086105676,-2.6164416573170364e-15,76.32353769080169,20.964025296387817,0.27649845749232854
372.79843444227004,-1.7027126054106496e-15,76.3241682394188,20.966911793452553,0.2733243778216981
373.7769080234834,-9.085720195819705e-16,76.32475840524091,20.96979829051739,0.2701867336483637
374.75538160469665,-3.385115217410913e-16,76.32530865337417,20.972684787582313,0.267085105983263
375.73385518591,-7.375185413612841e-17,76.32581944324399,20.97557128464731,0.26401908085857584
376.71232876712327,9.74670295577292e-16,76.32629121696286,20.978457781712418,0.26098825992129604
377.69080234833655,1.982482590590872e-15,76.3267244308392,20.981344278777573,0.2579922317212758
378.6692759295499,2.9080358013300926e-15,76.3271195279489,20.984230775842747,0.2550305966965997
379.64774951076316,3.705649526607811e-15,76.32747694622154,20.987117272907906,0.25210295980169417
380.6262230919765,4.325539797254768e-15,76.32779711850527,20.990003769973008,0.249208930443846
381.6046966731898,4.713746679749392e-15,76.3280804726315,20.99289026703801,0.24634812241972415
382.5831702544031,4.812061879848228e-15,76.32832743147956,20.995776764102853,0.24352015385189849
383.5616438356164,4.5579563462159276e-15,76.32853841304161,20.998663261167486,0.24072464712536118
384.54011741682973,3.8845078740554425e-15,76.32871383048722,21.001549758231832,0.23796122882404566
385.518590998043,3.681296229103243e-15,76.32885409441285,21.00443625529665,0.23522954012830655
386.49706457925635,3.3642651250214845e-15,76.32895960738206,21.007322752361414,0.23252921029808266
387.4755381604696,2.9461113022086573e-15,76.3290307686973,21.010209249426115,0.22985987914817355
388.45401174168296,2.4527547379499605e-15,76.32906797313808,21.01309574649075,0.2272211906333226
389.43248532289624,1.917595438269502e-15,76.32907161101299,21.01598224355532,0.22461279272300666
390.4109589041096,1.382021347906517e-15,76.32904206822563,21.018868740619823,0.22203433734427216
391.38943248532286,8.959162602920387e-16,76.3289797263407,21.021755237684257,0.21948548032457357
392.3679060665362,5.181677275250995e-16,76.32888496265011,21.024641734748627,0.2169658813346095
393.3463796477495,3.171749703493776e-16,76.32875815023898,21.02752823181294,0.21447520383116114
394.3248532289628,-3.0396383443849553e-16,76.32859965234871,21.03041472887722,0.21201312376769296
395.3033268101761,-9.410410811416843e-16,76.32840983651141,21.03330122594147,0.20957930790858859
396.2818003913894,-1.5368382433278676e-15,76.32818906322716,21.036187723005707,0.20717343128109728
397.2602739726027,-2.062137585364487e-15,76.32793768871953,21.03907422006995,0.2047951729833056
398.23874755381604,-2.484756395713344e-15,76.32765606525892,21.04196071713422,0.20244421573153576
399.2172211350293,-2.769470974510304e-15,76.32734454122493,21.044847214198544,0.20012024580879129
400.19569471624266,-2.8779406211454156e-15,76.32700346116879,21.047733711262957,0.19782295301320063
401.17416829745594,-2.7686316218427305e-15,76.32663316587578,21.050620208327487,0.1955520306064629
402.1526418786693,-2.396741237240284e-15,76.32623399242759,21.053506705392177,0.19330717526229144
403.13111545988255,-2.2749542757493114e-15,76.32580625983812,21.056393202456643,0.19108809449174605
404.1095890410959,-2.128139392867758e-15,76.32535030372006,21.059279699521106,0.18889448865742145
405.08806262230917,-1.9159496505921016e-15,76.32486645004036,21.062166196585604,0.1867260645559733
406.0665362035225,-1.6519514319466658e-15,76.32435501983329,21.06505269365014,0.18458253295624513
407.0450097847358,-1.3540552431854056e-15,76.323816330536,21.06793919071472,0.1824636078878827
408.0234833659491,-1.0448204765785468e-15,76.32325069604121,21.070825687779344,0.18036900659485391
409.0019569471624,-7.517601731994716e-16,76.32265842674971,21.07371218484401,0.17829844948897092
409.98043052837573,-5.076457857113389e-16,76.32203982962308,21.076598681908717,0.17625166010341028
410.958904109589,-3.508119411539664e-16,76.32139520823627,21.079485178973464,0.17422836504623485
411.93737769080235,5.668222799542591e-18,76.32072485141462,21.082371676038225,0.17222830035564543
412.91585127201563,4.044184846462249e-16,76.3200290598065,21.085258173103,0.17025119658138843
413.89432485322897,7.836986736698219e-16,76.31930812731117,21.088144670167786,0.16829678918282126
414.87279843444225,1.1250268524247096e-15,76.31856234292661,21.09103116723257,0.16636481747570506
415.8512720156556,1.40784652345013e-15,76.31779199235446,21.09391766429734,0.16445502371519713
416.82974559686886,1.6094611697470789e-15,76.31699735804433,21.096804161362076,0.16256715305399927
417.80821917808214,1.7049687952554765e-15,76.31617871923832,21.099690658426766,0.16070095350050456
418.7866927592955,1.6671964653311326e-15,76.31533635201522,21.10257715549139,0.15885617587694525
419.76516634050876,1.4666348472228253e-15,76.31447052933498,21.10546365255592,0.15703257377754049
420.7436399217221,1.391628487874603e-15,76.31358151663288,21.108350149620556,0.15522990894025784
421.7221135029354,1.3312165803766225e-15,76.31266958182837,21.111236646685214,0.15344793908318244
422.7005870841487,1.229156668816553e-15,76.31173498905962,21.114123143749847,0.1516864255386031
423.679060665362,1.0923276646293377e-15,76.31077799861015,21.11700964081446,0.14994513335431245
424.6575342465753,9.301087623778676e-16,76.30979886779474,21.119896137879042,0.14822383022811905
425.6360078277886,7.545610616332505e-16,76.30879785100028,21.1227826349436,0.1465222864701723
426.61448140900194,5.806091888549485e-16,76.30777519972675,21.12566913200813,0.14484027496528587
427.5929549902152,4.2622291927106385e-16,76.30673116262813,21.128555629072633,0.14317757113526275
428.57142857142856,3.1259879875847134e-16,76.30566598555338,21.131442126137106,0.14153395290121862
429.54990215264183,1.0662869883681587e-16,76.30457990913824,21.134328623201572,0.139909205170014
430.52837573385517,-1.406161320937605e-16,76.30347317409958,21.13721512026603,0.13830311009214116
431.50684931506845,-3.7960104808115314e-16,76.30234601838963,21.140101617330483,0.13671545235664864
432.4853228962818,-5.98751970665955e-16,76.30119867666839,21.142988114394935,0.1351460202035213
433.46379647749507,-7.850777285818959e-16,76.30003138095334,21.145874611459394,0.13359460426163988
434.4422700587084,-9.241187610518414e-16,76.29884436065824,21.14876110852387,0.13206099751484318
435.4207436399217,-9.998958210836102e-16,76.29763784263208,21.151647605588373,0.13054499526799115
436.399217221135,-9.948586787659326e-16,76.29641205119808,21.154534102652917,0.12904639511302693
437.3776908023483,-8.898348245643204e-16,76.2951672081924,21.157420599717515,0.1275649968950403
438.35616438356163,-8.426956277767601e-16,76.29390352876622,21.160307096782063,0.1261006064529367
439.3346379647749,-8.239066868399767e-16,76.29262123006372,21.16319359384659,0.1246530278892147
440.31311154598825,-7.789357600227854e-16,76.29132052740938,21.166080090911127,0.1232220669672528
441.29158512720153,-7.111177018493458e-16,76.29000163238118,21.16896658797568,0.12180753282860733
442.27005870841487,-6.252121024729902e-16,76.28866475418634,21.17185308504025,0.12040923676806552
443.24853228962814,-5.27510752909406e-16,76.28731009969661,21.174739582104838,0.1190269922030618
444.2270058708415,-4.259451102697522e-16,76.28593787348323,21.177626079169443,0.11766061464309305
445.20547945205476,-3.301937629938556e-16,76.28454827785225,21.18051257623407,0.11630992165913495
446.1839530332681,-2.517898960833202e-16,76.28314151287957,21.183399073298713,0.1149747328530572
447.1624266144814,-1.3180209340478235e-16,76.28171777157016,21.186285570363356,0.1136548729835165
448.1409001956947,2.0115263618270173e-17,76.28027724924722,21.18917206742801,0.1123501658800035
449.119373776908,1.6925713504612414e-16,76.2788201406492,21.192058564492665,0.1110604363142777
450.0978473581213,3.0844239308108066e-16,76.27734663641822,21.194945061557327,0.10978551226575499
451.0763209393346,4.2954002077316866e-16,76.27585692504495,21.19783155862198,0.10852522365467111
452.05479452054794,5.234311026819459e-16,76.27435119289906,21.20071805568663,0.10727940231452386
453.0332681017612,5.799708155381831e-16,76.27282962425969,21.20360455275126,0.10604788196451644
454.01174168297456,5.879504189056431e-16,76.27129240134593,21.206491049815867,0.10483049818199969
454.99021526418784,5.350592458427955e-16,76.26973970434729,21.209377546880443,0.1036270883749155
455.9686888454012,5.050558083441913e-16,76.26817170806865,21.21226404394504,0.10243749438548061
456.94716242661445,5.046838953445089e-16,76.2665885879874,21.21515054100966,0.10126155777865005
457.9256360078278,4.880552439332618e-16,76.26499051943348,21.21803703807427,0.10009912047557434
458.90410958904107,4.566773982025004e-16,76.26337767413479,21.22092353513887,0.09895002743461094
459.88258317025435,4.128606211857275e-16,76.261750221869,21.22381003220346,0.09781412536362064
460.8610567514677,3.59781000982497e-16,76.26010833049061,21.22669652926804,0.09669126269514752
461.83953033268097,3.015435568830224e-16,76.2584521659578,21.22958302633261,0.09558128956159895
462.8180039138943,2.43245345492753e-16,76.25678189235944,21.232469523397164,0.0944840577704249
463.7964774951076,1.910385668569967e-16,76.25509767194198,21.2353560204617,0.09339942077929822
464.7749510763209,1.2047875220047895e-16,76.25339966321586,21.23824251752624,0.09232723584534255
465.7534246575342,2.796529777151192e-17,76.25168802409374,21.241129014590776,0.09126736047840461
466.73189823874753,-6.425511738828361e-17,76.24996291221667,21.24401551165531,0.09021965207757637
467.7103718199608,-1.517657719014211e-16,76.24822448233219,21.24690200871984,0.08918397090476375
468.68884540117415,-2.2952296552514134e-16,76.2464728874351,21.24978850578437,0.08816017879897403
469.6673189823874,-2.9182889277533405e-16,76.24470827879237,21.252675002848907,0.08714813915396251
470.64579256360076,-3.323045165505332e-16,76.2429308059678,21.25556149991345,0.08614771689587825
471.62426614481404,-3.438624417558508e-16,76.24114061684682,21.25844799697801,0.08515877846091065
472.6027397260274,-3.18679788926954e-16,76.23933785766125,21.261334494042586,0.0841811917729352
473.58121330724066,-2.994716413027848e-16,76.23752267139575,21.264220991107152,0.08321482800143803
474.559686888454,-3.0599038053529724e-16,76.23569520013034,21.267107488171703,0.08225955898941789
475.5381604696673,-3.0253388083224885e-16,76.23385558608949,21.269993985236262,0.08131525610441469
476.5166340508806,-2.8970225025395596e-16,76.23200396877128,21.272880482300824,0.08038179340132032
477.4951076320939,-2.6854197095101773e-16,76.23014048610247,21.27576697936539,0.07945904635666477
478.4735812133072,-2.4058265478974497e-16,76.22826527446128,21.278653476429966,0.07854689184847884
479.4520547945205,-2.078737989776038e-16,76.22637846870013,21.28153997349455,0.07764520813615756
480.43052837573384,-1.7302154168863757e-16,76.22448020216841,21.28442647055914,0.07675387484032291
481.4090019569471,-1.3922541768891597e-16,76.2225706067352,21.28731296762374,0.07587277292268725
482.38747553816046,-9.730598917365517e-17,76.2206498110637,21.290199464688346,0.0750017861141929
483.36594911937374,-4.146989107654337e-17,76.21871794274772,21.29308596175295,0.07414079914388026
484.3444227005871,1.504414294581975e-17,76.2167751304324,21.295972458817555,0.07328969598100481
485.32289628180035,6.954231508013695e-17,76.21482149985685,21.298858955882164,0.07244836311173822
486.3013698630137,1.1892232783693587e-16,76.21285717534415,21.301745452946772,0.07161668830370127
487.27984344422697,1.5965454458396424e-16,76.21088227982166,21.30463195001138,0.07079456058782188
488.2583170254403,1.8776315007963136e-16,76.20889693484136,21.30751844707598,0.0699818702401923
489.2367906066536,1.9880731100641012e-16,76.20690126060022,21.310404944140576,0.06917850876392721
490.2152641878669,1.878623365042687e-16,76.20489537596053,21.31329144120516,0.06838436887102094
491.1937377690802,1.7556280401962992e-16,76.20287939694757,21.316177938269746,0.06759934563421362
492.17221135029354,1.836046750223011e-16,76.20085343820013,21.319064435334344,0.06682333536990294
493.1506849315068,1.8559630314779596e-16,76.1988176158614,21.321950932398938,0.06605623341438625
494.12915851272015,1.8171151632685746e-16,76.1967720432365,21.324837429463532,0.06529793745798852
495.10763209393343,1.7236852079633691e-16,76.19471683234956,21.32772392652812,0.06454834634612466
496.08610567514677,1.5825111822955472e-16,76.19265209396168,21.330610423592706,0.06380736006295509
497.06457925636005,1.4032992286666715e-16,76.19057793758907,21.333496920657282,0.06307487971504194
498.0430528375734,1.1988357864502257e-16,76.18849447152088,21.33638341772186,0.06235080751500468
499.02152641878666,9.851997632953198e-17,76.1864018028374,21.339269914786424,0.061635046765176296
500.0,7.335204995380847e-17,76.18430003637849,21.342156411850986,0.06092750277638498
