t,PAR1,RNAUG3,PLUR,DTKA
0.0,103.525,0.0,159.549,0.0367573
0.01,103.52498237504406,0.0,159.54986430192238,0.03661185469024049
0.02,103.52496475017625,0.0,159.5507285955257,0.036469627898819336
0.03,103.52494712539657,0.0,159.55159288081006,0.03633052405016952
0.04,103.524929500705,0.0,159.5524571577755,0.03619450229578796
0.05,103.52491187610156,0.0,159.55332142642214,0.03606147153982628
0.06,103.52489425158623,0.0,159.55418568675003,0.03593134936662011
0.07,103.52487662715903,0.0,159.55504993875928,0.03580407706629611
0.08,103.52485900281997,0.0,159.55591418244998,0.03567958796699129
0.09,103.52484137856901,0.0,159.55677841782216,0.035557817069592136
0.1,103.52482375440617,0.0,159.55764264487593,0.03543870269738515
0.11,103.52480613033146,0.0,159.55850686361137,0.035322182960912704
0.12,103.52478850634488,0.0,159.55937107402855,0.035208194723419024
0.13,103.5247708824464,0.0,159.56023527612757,0.03509668366755852
0.14,103.52475325863604,0.0,159.5610994699085,0.03498759017019094
0.15,103.52473563491381,0.0,159.5619636553714,0.03488085950978083
0.16,103.52471801127969,0.0,159.56282783251638,0.0347764373324923
0.17,103.52470038773369,0.0,159.5636920013435,0.03467427135924464
0.18,103.52468276427581,0.0,159.56455616185283,0.034574311391740095
0.19,103.52466514090604,0.0,159.56542031404447,0.03447650620768967
0.2,103.5246475176244,0.0,159.56628445791853,0.034380806252402696
0.21,103.52462989443087,0.0,159.56714859347503,0.034287164552484053
0.22,103.52461227132545,0.0,159.56801272071408,0.03419553576832456
0.23,103.52459464830815,0.0,159.56887683963575,0.03410587535340167
0.24,103.52457702537896,0.0,159.56974095024012,0.03401813748604735
0.25,103.5245594025379,0.0,159.5706050525273,0.03393227893063777
0.26,103.52454177978494,0.0,159.57146914649735,0.03384825777788453
0.27,103.5245241571201,0.0,159.57233323215033,0.03376603328194245
0.28,103.52450653454336,0.0,159.57319730948635,0.03368556514980009
0.29,103.52448891205475,0.0,159.57406137850546,0.033606814004226576
0.3,103.52447128965424,0.0,159.57492543920776,0.033529741790673265
0.31,103.52445366734186,0.0,159.57578949159333,0.03345431149162898
0.32,103.52443604511757,0.0,159.57665353566225,0.03338048718001541
0.33,103.5244184229814,0.0,159.5775175714146,0.033308232304331234
0.34,103.52440080093334,0.0,159.57838159885046,0.03323751270495279
0.35000000000000003,103.5243831789734,0.0,159.5792456179699,0.03316829459583983
0.36,103.52436555710155,0.0,159.58010962877302,0.03310054515578328
0.37,103.52434793531782,0.0,159.5809736312599,0.033034231905814365
0.38,103.5243303136222,0.0,159.58183762543058,0.03296932301554954
0.39,103.52431269201468,0.0,159.58270161128516,0.03290578780658228
0.4,103.52429507049527,0.0,159.58356558882375,0.032843596348761
0.41000000000000003,103.52427744906397,0.0,159.5844295580464,0.03278271942487944
0.42,103.52425982772078,0.0,159.5852935189532,0.03272312849536694
0.43,103.5242422064657,0.0,159.58615747154423,0.03266479566297883
0.44,103.52422458529873,0.0,159.58702141581958,0.032607693640942965
0.45,103.52420696421984,0.0,159.5878853517793,0.032551795852536855
0.46,103.52418934322908,0.0,159.5887492794235,0.03249707626240274
0.47000000000000003,103.52417172232641,0.0,159.58961319875223,0.03244350930445331
0.48,103.52415410151185,0.0,159.5904771097656,0.032391069898966895
0.49,103.5241364807854,0.0,159.5913410124637,0.03233973341875158
0.5,103.52411886014704,0.0,159.59220490684655,0.03228947565530942
0.51,103.5241012395968,0.0,159.59306879291427,0.03224027278500058
0.52,103.52408361913466,0.0,159.59393267066696,0.03219210146470028
0.53,103.5240659987606,0.0,159.59479654010468,0.032144940445454726
0.54,103.52404837847466,0.0,159.5956604012275,0.032098768406071475
0.55,103.52403075827682,0.0,159.5965242540355,0.03205356409747978
0.56,103.52401313816708,0.0,159.59738809852877,0.03200930672861523
0.5700000000000001,103.52399551814544,0.0,159.5982519347074,0.031965975949747094
0.58,103.5239778982119,0.0,159.59911576257144,0.031923551835805676
0.59,103.52396027836646,0.0,159.599979582121,0.031882014869709756
0.6,103.52394265860912,0.0,159.60084339335617,0.031841345986930364
0.61,103.52392503893988,0.0,159.60170719627698,0.03180152690221209
0.62,103.52390741935874,0.0,159.60257099088355,0.031762539542102716
0.63,103.52388979986569,0.0,159.60343477717592,0.03172436617049803
0.64,103.52387218046073,0.0,159.60429855515423,0.0316869894308102
0.65,103.52385456114388,0.0,159.6051623248185,0.03165039233314197
0.66,103.52383694191512,0.0,159.60602608616887,0.03161455824146096
0.67,103.52381932277446,0.0,159.6068898392054,0.031579470860773895
0.68,103.5238017037219,0.0,159.60775358392812,0.03154511429132836
0.6900000000000001,103.52378408475742,0.0,159.60861732033717,0.03151147318669168
0.7000000000000001,103.52376646588105,0.0,159.6094810484326,0.03147853238691849
0.71,103.52374884709276,0.0,159.6103447682145,0.03144627703674535
0.72,103.52373122839258,0.0,159.61120847968297,0.03141469259274288
0.73,103.52371360978049,0.0,159.61207218283803,0.03138376481291205
0.74,103.52369599125647,0.0,159.61293587767983,0.031353479746280534
0.75,103.52367837282057,0.0,159.6137995642084,0.03132382372249897
0.76,103.52366075447276,0.0,159.61466324242386,0.031294783494652666
0.77,103.52364313621302,0.0,159.61552691232626,0.03126634608384918
0.78,103.5236255180414,0.0,159.61639057391568,0.031238498876631014
0.79,103.52360789995785,0.0,159.6172542271922,0.031211229416046822
0.8,103.5235902819624,0.0,159.61811787215592,0.031184525512061637
0.81,103.52357266405504,0.0,159.6189815088069,0.031158375232144406
0.8200000000000001,103.52355504623576,0.0,159.61984513714526,0.03113276689215645
0.8300000000000001,103.52353742850457,0.0,159.62070875717103,0.031107689047540816
0.84,103.52351981086147,0.0,159.6215723688843,0.031083130588404496
0.85,103.52350219330647,0.0,159.62243597228516,0.03105908070561746
0.86,103.52348457583955,0.0,159.6232995673737,0.03103552871855751
0.87,103.5234669584607,0.0,159.62416315414998,0.031012464169514472
0.88,103.52344934116995,0.0,159.6250267326141,0.030989876818137224
0.89,103.52343172396729,0.0,159.62589030276612,0.030967756635911583
0.9,103.52341410685271,0.0,159.62675386460614,0.030946093800994307
0.91,103.52339648982623,0.0,159.6276174181342,0.03092487869340312
0.92,103.52337887288782,0.0,159.62848096335043,0.030904101890562866
0.93,103.52336125603749,0.0,159.6293445002549,0.03088375416320773
0.9400000000000001,103.52334363927525,0.0,159.63020802884768,0.0308638264716395
0.9500000000000001,103.5233260226011,0.0,159.63107154912882,0.03084430996550609
0.96,103.52330840601503,0.0,159.63193506109843,0.030825196072246867
0.97,103.52329078951703,0.0,159.6327985647566,0.030806476386578
0.98,103.52327317310713,0.0,159.6336620601034,0.03078814265598822
0.99,103.5232555567853,0.0,159.6345255471389,0.030770186813903727
1.0,103.52323794055157,0.0,159.63538902586322,0.030752600978946096
1.01,103.5232203244059,0.0,159.6362524962764,0.030735377454579247
1.02,103.52320270834832,0.0,159.6371159583785,0.030718508729145486
1.03,103.52318509237882,0.0,159.63797941216964,0.030701987476290594
1.04,103.52316747649739,0.0,159.6388428576499,0.03068580655577801
1.05,103.52314986070405,0.0,159.63970629481935,0.030669959014692064
1.06,103.52313224499879,0.0,159.64056972367808,0.030654438089030272
1.07,103.52311462938161,0.0,159.64143314422614,0.030639237100801086
1.08,103.52309701385249,0.0,159.64229655646363,0.03062434892853298
1.09,103.52307939841147,0.0,159.64315996039065,0.030609766962606626
1.1,103.52306178305851,0.0,159.64402335600724,0.03059548482719447
1.11,103.52304416779363,0.0,159.6448867433135,0.030581496286084246
1.12,103.52302655261683,0.0,159.6457501223095,0.030567795241087516
1.1300000000000001,103.5230089375281,0.0,159.64661349299533,0.030554375730628556
1.1400000000000001,103.52299132252746,0.0,159.64747685537108,0.030541231928513657
1.1500000000000001,103.52297370761488,0.0,159.6483402094368,0.03052835814288082
1.16,103.52295609279038,0.0,159.64920355519263,0.030515748815329844
1.17,103.52293847805396,0.0,159.65006689263856,0.030503398520232785
1.18,103.5229208634056,0.0,159.65093022177476,0.030491301964224827
1.19,103.52290324884532,0.0,159.65179354260124,0.030479453871163062
1.2,103.52288563437311,0.0,159.6526568551181,0.030467848885423737
1.21,103.52286801998898,0.0,159.65352015932547,0.030456481948402118
1.22,103.52285040569292,0.0,159.65438345522335,0.030445348115767747
1.23,103.52283279148492,0.0,159.65524674281187,0.030434442547355348
1.24,103.522815177365,0.0,159.6561100220911,0.030423760505299227
1.25,103.52279756333314,0.0,159.65697329306113,0.030413297352256757
1.26,103.52277994938936,0.0,159.657836555722,0.030403048549721055
1.27,103.52276233553366,0.0,159.65869981007387,0.03039300965642272
1.28,103.52274472176602,0.0,159.65956305611672,0.030383176326820745
1.29,103.52272710808644,0.0,159.66042629385072,0.030373544309682525
1.3,103.52270949449493,0.0,159.66128952327585,0.030364109446657607
1.31,103.5226918809915,0.0,159.6621527443923,0.030354867635977785
1.32,103.52267426757612,0.0,159.6630159572001,0.030345814857447043
1.33,103.52265665424882,0.0,159.6638791616993,0.03033694719866009
1.34,103.52263904100958,0.0,159.66474235789,0.030328260831433113
1.35,103.52262142785841,0.0,159.6656055457723,0.030319752010532153
1.36,103.5226038147953,0.0,159.66646872534628,0.03031141707247577
1.37,103.52258620182026,0.0,159.667331896612,0.030303252434411964
1.3800000000000001,103.52256858893328,0.0,159.66819505956957,0.03029525459306937
1.3900000000000001,103.52255097613437,0.0,159.66905821421904,0.030287420123782705
1.4000000000000001,103.52253336342352,0.0,159.66992136056047,0.0302797456795925
1.41,103.52251575080074,0.0,159.670784498594,0.030272227990419086
1.42,103.52249813826602,0.0,159.67164762831965,0.030264863853904287
1.43,103.52248052581936,0.0,159.67251074973754,0.030257650027998722
1.44,103.52246291346076,0.0,159.67337386284774,0.030250583381374836
1.45,103.52244530119023,0.0,159.67423696765033,0.030243660875692715
1.46,103.52242768900776,0.0,159.6751000641454,0.030236879535218936
1.47,103.52241007691333,0.0,159.675963152333,0.03023023644545381
1.48,103.52239246490699,0.0,159.67682623221324,0.03022372875179509
1.49,103.52237485298869,0.0,159.6776893037862,0.03021735365823821
1.5,103.52235724115845,0.0,159.6785523670519,0.030211108426113013
1.51,103.52233962941628,0.0,159.67941542201052,0.030204990372856993
1.52,103.52232201776216,0.0,159.68027846866207,0.030198996870825032
1.53,103.5223044061961,0.0,159.68114150700663,0.030193125346135653
1.54,103.5222867947181,0.0,159.6820045370443,0.030187373279854393
1.55,103.52226918332815,0.0,159.68286755877517,0.03018173821319701
1.56,103.52225157202626,0.0,159.68373057219932,0.030176217732692214
1.57,103.52223396081243,0.0,159.6845935773168,0.030170809474420766
1.58,103.52221634968666,0.0,159.6854565741277,0.030165511123920515
1.59,103.52219873864894,0.0,159.68631956263212,0.03016032041533122
1.6,103.52218112769927,0.0,159.68718254283013,0.030155235130578918
1.61,103.52216351683767,0.0,159.6880455147218,0.0301502530985997
1.62,103.5221459060641,0.0,159.6889084783072,0.030145372194603084
1.6300000000000001,103.5221282953786,0.0,159.68977143358646,0.03014059033937483
1.6400000000000001,103.52211068478115,0.0,159.69063438055963,0.03013590549861925
1.6500000000000001,103.52209307427175,0.0,159.69149731922676,0.03013131568234108
1.6600000000000001,103.52207546385041,0.0,159.69236024958798,0.030126818928290448
1.67,103.52205785351711,0.0,159.69322317164333,0.03012241330092586
1.68,103.52204024327187,0.0,159.6940860853929,0.03011809692338168
1.69,103.52202263311467,0.0,159.6949489908368,0.03011386795847881
1.7,103.52200502304554,0.0,159.69581188797508,0.030109724607856686
1.71,103.52198741306445,0.0,159.6966747768078,0.03010566511133599
1.72,103.52196980317142,0.0,159.69753765733512,0.030101687746311317
1.73,103.52195219336642,0.0,159.69840052955703,0.030097790827173822
1.74,103.52193458364948,0.0,159.69926339347364,0.030093972704763782
1.75,103.52191697402058,0.0,159.70012624908506,0.03009023176585317
1.76,103.52189936447974,0.0,159.70098909639134,0.030086566432658127
1.77,103.52188175502694,0.0,159.70185193539257,0.030082975161703916
1.78,103.52186414566218,0.0,159.70271476608883,0.03007945641155856
1.79,103.52184653638548,0.0,159.7035775884802,0.030076008676365014
1.8,103.52182892719682,0.0,159.70444040256672,0.030072630494746625
1.81,103.5218113180962,0.0,159.70530320834854,0.030069320435301687
1.82,103.52179370908364,0.0,159.70616600582568,0.030066077095986337
1.83,103.52177610015912,0.0,159.70702879499828,0.03006289910351558
1.84,103.52175849132263,0.0,159.70789157586637,0.03005978511278241
1.85,103.5217408825742,0.0,159.70875434843003,0.03005673380629508
1.86,103.5217232739138,0.0,159.7096171126894,0.030053743893632412
1.87,103.52170566534146,0.0,159.71047986864446,0.030050814110917295
1.8800000000000001,103.52168805685716,0.0,159.71134261629538,0.03004794322030824
1.8900000000000001,103.5216704484609,0.0,159.7122053556422,0.030045129957243986
1.9000000000000001,103.52165284015267,0.0,159.71306808668498,0.03004237326265936
1.9100000000000001,103.52163523193249,0.0,159.71393080942386,0.03003967189118315
1.92,103.52161762380035,0.0,159.71479352385887,0.03003702470781513
1.93,103.52160001575626,0.0,159.71565622999012,0.030034430600613508
1.94,103.5215824078002,0.0,159.71651892781765,0.03003188848046421
1.95,103.52156479993218,0.0,159.7173816173416,0.0300293972808501
1.96,103.5215471921522,0.0,159.71824429856198,0.030026955957620276
1.97,103.52152958446025,0.0,159.71910697147894,0.030024563488759315
1.98,103.52151197685636,0.0,159.7199696360925,0.03002221887415654
1.99,103.52149436934049,0.0,159.72083229240275,0.030019921135375268
2.0,103.52147676191267,0.0,159.7216949404098,0.030017669315422095
2.0100000000000002,103.52145915457288,0.0,159.72255758011372,0.030015462467483725
2.02,103.52144154732112,0.0,159.7234202115146,0.030013299642565463
2.0300000000000002,103.5214239401574,0.0,159.72428283461247,0.03001117993392399
2.04,103.52140633308171,0.0,159.72514544940748,0.030009102455526928
2.05,103.52138872609407,0.0,159.72600805589965,0.03000706634037449
2.06,103.52137111919446,0.0,159.72687065408908,0.030005070740217337
2.07,103.52135351238287,0.0,159.72773324397588,0.030003114825274423
2.08,103.52133590565933,0.0,159.7285958255601,0.03000119778395084
2.09,103.52131829902382,0.0,159.72945839884179,0.02999931882255568
2.1,103.52130069247634,0.0,159.7303209638211,0.029997477165019874
2.11,103.5212830860169,0.0,159.73118352049806,0.029995672052614043
2.12,103.52126547964548,0.0,159.73204606887276,0.029993902743666343
2.13,103.5212478733621,0.0,159.73290860894528,0.029992168513280324
2.14,103.52123026716674,0.0,159.73377114071573,0.029990468653052774
2.15,103.52121266105944,0.0,159.73463366418414,0.029988802469049763
2.16,103.52119505504014,0.0,159.7354961793506,0.029987169242810644
2.17,103.52117744910888,0.0,159.73635868621523,0.029985568284186855
2.18,103.52115984326565,0.0,159.7372211847781,0.029983998931199074
2.19,103.52114223751045,0.0,159.73808367503923,0.02998246053522112
2.2,103.52112463184328,0.0,159.73894615699876,0.029980952460625637
2.21,103.52110702626413,0.0,159.73980863065677,0.029979474084429816
2.22,103.52108942077301,0.0,159.7406710960133,0.029978024795941072
2.23,103.52107181536992,0.0,159.74153355306848,0.02997660399640277
2.24,103.52105421005486,0.0,159.74239600182233,0.029975211098639903
2.25,103.52103660482783,0.0,159.74325844227496,0.029973845526704814
2.2600000000000002,103.5210189996888,0.0,159.7441208744265,0.029972506715522873
2.27,103.52100139463782,0.0,159.74498329827694,0.0299711941105382
2.2800000000000002,103.52098378967486,0.0,159.7458457138264,0.02996990716735935
2.29,103.52096618479993,0.0,159.746708121075,0.029968645351405025
2.3000000000000003,103.52094858001301,0.0,159.74757052002275,0.029967408151259867
2.31,103.52093097531413,0.0,159.74843291066975,0.02996619508839346
2.32,103.52091337070327,0.0,159.74929529301613,0.029965005669275322
2.33,103.52089576618042,0.0,159.7501576670619,0.029963839408983083
2.34,103.5208781617456,0.0,159.7510200328072,0.029962695832033176
2.35,103.5208605573988,0.0,159.75188239025206,0.029961574472083703
2.36,103.52084295314003,0.0,159.7527447393966,0.02996047487163731
2.37,103.52082534896927,0.0,159.75360708024087,0.029959396581744055
2.38,103.52080774488654,0.0,159.75446941278497,0.0299583391617043
2.39,103.52079014089182,0.0,159.75533173702894,0.029957302178771565
2.4,103.52077253698513,0.0,159.75619405297292,0.029956285207855413
2.41,103.52075493316646,0.0,159.75705636061696,0.029955287831224326
2.42,103.5207373294358,0.0,159.75791865996115,0.029954309638208568
2.43,103.52071972579316,0.0,159.75878095100555,0.029953350224903075
2.44,103.52070212223853,0.0,159.75964323375024,0.029952409196410765
2.45,103.52068451877193,0.0,159.7605055081953,0.02995148620845143
2.46,103.52066691539335,0.0,159.76136777434084,0.029950580905926415
2.47,103.52064931210278,0.0,159.76223003218692,0.029949692927107682
2.48,103.52063170890023,0.0,159.76309228173363,0.029948821917411897
2.49,103.5206141057857,0.0,159.76395452298104,0.029947967529181038
2.5,103.52059650275918,0.0,159.7648167559292,0.02994712942146295
2.5100000000000002,103.52057889982066,0.0,159.76567898057823,0.029946307259791943
2.52,103.52056129697017,0.0,159.76654119692822,0.029945500715969357
2.5300000000000002,103.52054369420769,0.0,159.7674034049792,0.029944709467844145
2.54,103.52052609153323,0.0,159.7682656047313,0.02994393319909347
2.5500000000000003,103.52050848894677,0.0,159.7691277961846,0.02994317159900326
2.56,103.52049088644834,0.0,159.76998997933913,0.029942424362248803
2.57,103.52047328403792,0.0,159.770852154195,0.029941691188675314
2.58,103.5204556817155,0.0,159.7717143207523,0.029940971783078533
2.59,103.5204380794811,0.0,159.7725764790111,0.02994026586819188
2.6,103.52042047733471,0.0,159.77343862897146,0.029939573189959236
2.61,103.52040287527632,0.0,159.7743007706335,0.029938893478361733
2.62,103.52038527330595,0.0,159.77516290399726,0.029938226467952318
2.63,103.52036767142359,0.0,159.77602502906282,0.029937571898352968
2.64,103.52035006962923,0.0,159.77688714583033,0.029936929514084828
2.65,103.5203324679229,0.0,159.77774925429978,0.029936299064398326
2.66,103.52031486630456,0.0,159.7786113544713,0.029935680303103344
2.67,103.52029726477423,0.0,159.77947344634495,0.02993507298839932
2.68,103.5202796633319,0.0,159.78033552992085,0.029934476882705403
2.69,103.52026206197759,0.0,159.78119760519903,0.029933891752490588
2.7,103.52024446071128,0.0,159.78205967217957,0.02993331736810384
2.71,103.52022685953298,0.0,159.78292173086257,0.02993275350360425
2.72,103.52020925844269,0.0,159.7837837812481,0.029932199936591155
2.73,103.5201916574404,0.0,159.7846458233363,0.02993165645010214
2.74,103.52017405652612,0.0,159.78550785712713,0.029931122858527018
2.75,103.52015645569983,0.0,159.7863698826208,0.02993059896710812
2.7600000000000002,103.52013885496156,0.0,159.78723189981727,0.029930084577260496
2.77,103.52012125431129,0.0,159.7880939087167,0.029929579494258268
2.7800000000000002,103.52010365374902,0.0,159.78895590931916,0.02992908352711333
2.79,103.52008605327475,0.0,159.78981790162467,0.029928596488454064
2.8000000000000003,103.52006845288848,0.0,159.7906798856334,0.029928118194404035
2.81,103.52005085259022,0.0,159.79154186134537,0.0299276484644607
2.82,103.52003325237996,0.0,159.79240382876068,0.029927187121374137
2.83,103.5200156522577,0.0,159.79326578787942,0.029926733991025713
2.84,103.51999805222343,0.0,159.79412773870163,0.029926288902306832
2.85,103.51998045227717,0.0,159.79498968122743,0.029925851686997615
2.86,103.51996285241891,0.0,159.79585161545688,0.02992542217964561
2.87,103.51994525264865,0.0,159.79671354139006,0.029925000217444517
2.88,103.51992765296639,0.0,159.79757545902706,0.02992458565146181
2.89,103.51991005337212,0.0,159.79843736836796,0.02992417834739991
2.9,103.51989245386585,0.0,159.7992992694128,0.02992377815726409
2.91,103.51987485444758,0.0,159.80016116216174,0.02992338493556083
2.92,103.5198572551173,0.0,159.8010230466148,0.02992299853952736
2.93,103.51983965587503,0.0,159.80188492277208,0.02992261882903486
2.94,103.51982205672074,0.0,159.80274679063365,0.02992224566649173
2.95,103.51980445765446,0.0,159.80360865019958,0.02992187891674679
2.96,103.51978685867617,0.0,159.80447050146998,0.029921518446992514
2.97,103.51976925978587,0.0,159.8053323444449,0.02992116412666828
2.98,103.51975166098357,0.0,159.80619417912445,0.02992081582736357
2.99,103.51973406226926,0.0,159.80705600550868,0.02992047342272122
3.0,103.51971646364295,0.0,159.80791782359768,0.029920136788340643
3.0100000000000002,103.51969886510463,0.0,159.80877963339154,0.02991980580168106
3.02,103.51968126665429,0.0,159.80964143489032,0.029919480341964726
3.0300000000000002,103.51966366829195,0.0,159.81050322809415,0.02991916029008017
3.04,103.51964607001761,0.0,159.81136501300304,0.029918845528485397
3.0500000000000003,103.51962847183125,0.0,159.8122267896171,0.029918535959546296
3.06,103.5196108737329,0.0,159.81308855793642,0.029918231495366016
3.0700000000000003,103.51959327572253,0.0,159.8139503179611,0.029917932031781613
3.08,103.51957567780013,0.0,159.81481206969116,0.029917637466628344
3.09,103.51955807996575,0.0,159.81567381312672,0.029917347699698255
3.1,103.51954048221934,0.0,159.81653554826784,0.02991706263267419
3.11,103.51952288456093,0.0,159.81739727511462,0.029916782169063807
3.12,103.5195052869905,0.0,159.81825899366714,0.029916506214133613
3.13,103.51948768950805,0.0,159.81912070392545,0.029916234674842966
3.14,103.5194700921136,0.0,159.81998240588968,0.029915967459778106
3.15,103.51945249480713,0.0,159.82084409955985,0.029915704479086154
3.16,103.51943489758865,0.0,159.82170578493609,0.029915445644409157
3.17,103.51941730045816,0.0,159.82256746201844,0.029915190868818085
3.18,103.51939970341564,0.0,159.82342913080703,0.029914940066746856
3.19,103.51938210646112,0.0,159.82429079130188,0.029914693153926364
3.2,103.51936450959458,0.0,159.82515244350313,0.029914450047318485
3.21,103.51934691281602,0.0,159.8260140874108,0.029914210665115456
3.22,103.51932931612545,0.0,159.826875723025,0.029913974940222007
3.23,103.51931171952286,0.0,159.82773735034584,0.02991374280681942
3.24,103.51929412300825,0.0,159.82859896937336,0.029913514191707964
3.25,103.51927652658162,0.0,159.82946058010762,0.029913289023093658
3.2600000000000002,103.51925893024298,0.0,159.83032218254877,0.02991306723054074
3.27,103.51924133399233,0.0,159.8311837766968,0.029912848744924073
3.2800000000000002,103.51922373782965,0.0,159.8320453625519,0.029912633498381584
3.29,103.51920614175495,0.0,159.83290694011404,0.029912421424266703
3.3000000000000003,103.51918854576823,0.0,159.83376850938336,0.029912212457100792
3.31,103.51917094986949,0.0,159.83463007035994,0.02991200653252558
3.3200000000000003,103.51915335405873,0.0,159.83549162304382,0.0299118035872556
3.33,103.51913575833595,0.0,159.83635316743513,0.029911603559030598
3.34,103.51911816270115,0.0,159.83721470353393,0.029911406386568008
3.35,103.51910056715433,0.0,159.83807623134027,0.029911212009515343
3.36,103.51908297169547,0.0,159.83893775085429,0.02991102036840266
3.37,103.5190653763246,0.0,159.839799262076,0.02991083140459497
3.38,103.5190477810417,0.0,159.84066076500554,0.02991064506054356
3.39,103.51903018584679,0.0,159.84152225964297,0.029910461290876343
3.4,103.51901259073985,0.0,159.84238374598837,0.02991028004805684
3.41,103.51899499572089,0.0,159.8432452240418,0.02991010128047922
3.42,103.5189774007899,0.0,159.84410669380335,0.02990992493750964
3.43,103.51895980594688,0.0,159.84496815527314,0.02990975096945233
3.44,103.51894221119183,0.0,159.84582960845117,0.02990957932751562
3.45,103.51892461652476,0.0,159.8466910533376,0.029909409963778014
3.46,103.51890702194567,0.0,159.84755248993247,0.029909242831154235
3.47,103.51888942745454,0.0,159.84841391823585,0.02990907788336128
3.48,103.51887183305139,0.0,159.84927533824785,0.029908915074884482
3.49,103.51885423873621,0.0,159.85013674996853,0.029908754360943562
3.5,103.51883664450901,0.0,159.85099815339797,0.029908595697458674
3.5100000000000002,103.51881905036977,0.0,159.85185954853625,0.02990843904101648
3.52,103.5188014563185,0.0,159.85272093538347,0.02990828434883618
3.5300000000000002,103.5187838623552,0.0,159.85358231393968,0.029908131578735585
3.54,103.51876626847988,0.0,159.85444368420497,0.02990798068909717
3.5500000000000003,103.51874867469252,0.0,159.85530504617944,0.02990783163946263
3.56,103.51873108099312,0.0,159.85616639986313,0.029907684399857096
3.5700000000000003,103.5187134873817,0.0,159.85702774525618,0.029907538936403435
3.58,103.51869589385825,0.0,159.8578890823586,0.029907395212847576
3.59,103.51867830042276,0.0,159.85875041117052,0.029907253193638586
3.6,103.51866070707524,0.0,159.85961173169198,0.029907112843905865
3.61,103.5186431138157,0.0,159.8604730439231,0.029906974129436357
3.62,103.51862552064411,0.0,159.86133434786393,0.02990683701665176
3.63,103.51860792756048,0.0,159.86219564351458,0.029906701472585735
3.64,103.51859033456483,0.0,159.8630569308751,0.02990656746486111
3.65,103.51857274165714,0.0,159.86391820994558,0.029906434961667096
3.66,103.51855514883741,0.0,159.8647794807261,0.029906303931736482
3.67,103.51853755610566,0.0,159.86564074321674,0.029906174344322852
3.68,103.51851996346186,0.0,159.8665019974176,0.0299060461691778
3.69,103.51850237090602,0.0,159.86736324332873,0.029905919376528114
3.7,103.51848477843815,0.0,159.8682244809502,0.029905793937053008
3.71,103.51846718605823,0.0,159.86908571028212,0.02990566982186133
3.72,103.51844959376628,0.0,159.8699469313246,0.02990554683486909
3.73,103.51843200156229,0.0,159.8708081440776,0.029905425335946954
3.74,103.51841440944627,0.0,159.87166934854136,0.0299053050765178
3.75,103.5183968174182,0.0,159.87253054471583,0.029905186032963934
3.7600000000000002,103.5183792254781,0.0,159.87339173260116,0.02990506818191264
3.77,103.51836163362594,0.0,159.8742529121974,0.029904951500236164
3.7800000000000002,103.51834404186175,0.0,159.87511408350463,0.029904835965051717
3.79,103.51832645018553,0.0,159.87597524652296,0.029904721553721484
3.8000000000000003,103.51830885859725,0.0,159.87683640125243,0.029904608243852618
3.81,103.51829126709694,0.0,159.87769754769315,0.029904496013297227
3.8200000000000003,103.51827367568458,0.0,159.87855868584518,0.02990438484015241
3.83,103.51825608436019,0.0,159.8794198157086,0.02990427470276021
3.84,103.51823849312375,0.0,159.88028093728352,0.029904165579707653
3.85,103.51822090197525,0.0,159.88114205056996,0.029904057449826733
3.86,103.51820331091471,0.0,159.88200315556807,0.0299039502921944
3.87,103.51818571994214,0.0,159.88286425227787,0.029903844086132586
3.88,103.51816812905751,0.0,159.8837253406995,0.02990373881120818
3.89,103.51815053826085,0.0,159.884586420833,0.029903634448433875
3.9,103.51813294755213,0.0,159.88544749267842,0.02990353098476465
3.91,103.51811535693138,0.0,159.88630855623592,0.029903428402626095
3.92,103.51809776639857,0.0,159.8871696115055,0.0299033266838308
3.93,103.51808017595371,0.0,159.8880306584873,0.029903225810489587
3.94,103.51806258559681,0.0,159.88889169718135,0.02990312576501154
3.95,103.51804499532786,0.0,159.8897527275878,0.029903026530103974
3.96,103.51802740514685,0.0,159.89061374970663,0.029902928088772446
3.97,103.5180098150538,0.0,159.891474763538,0.02990283042432077
3.98,103.5179922250487,0.0,159.89233576908197,0.029902733520351
3.99,103.51797463513155,0.0,159.8931967663386,0.02990263736076342
4.0,103.51795704530235,0.0,159.89405775530798,0.02990254192975657
4.01,103.5179394555611,0.0,159.89491873599022,0.029902447211827245
4.0200000000000005,103.5179218659078,0.0,159.89577970838536,0.02990235319177046
4.03,103.51790427634243,0.0,159.89664067249348,0.029902259854679494
4.04,103.51788668686504,0.0,159.89750162831467,0.02990216718594586
4.05,103.51786909747557,0.0,159.89836257584903,0.029902075171259316
4.0600000000000005,103.51785150817406,0.0,159.89922351509662,0.029901983796607863
4.07,103.51783391896049,0.0,159.90008444605752,0.02990189304827776
4.08,103.51781632983487,0.0,159.9009453687318,0.029901802912853485
4.09,103.51779874079719,0.0,159.90180628311956,0.02990171337721778
4.1,103.51778115184746,0.0,159.90266718922086,0.02990162442855163
4.11,103.51776356298566,0.0,159.90352808703582,0.029901536054941544
4.12,103.51774597421182,0.0,159.90438897656446,0.02990144824556775
4.13,103.51772838552593,0.0,159.90524985780692,0.029901360988812402
4.14,103.51771079692797,0.0,159.90611073076323,0.029901274273330315
4.15,103.51769320841795,0.0,159.90697159543348,0.029901188088086252
4.16,103.51767561999588,0.0,159.90783245181777,0.029901102422354903
4.17,103.51765803166175,0.0,159.9086932999162,0.029901017265720895
4.18,103.51764044341557,0.0,159.90955413972878,0.029900932608078787
4.19,103.51762285525731,0.0,159.91041497125565,0.029900848439633063
4.2,103.51760526718701,0.0,159.91127579449685,0.029900764750898152
4.21,103.51758767920465,0.0,159.9121366094525,0.029900681532698408
4.22,103.51757009131022,0.0,159.91299741612264,0.029900598776168123
4.23,103.51755250350374,0.0,159.91385821450737,0.029900516472751517
4.24,103.51753491578519,0.0,159.91471900460678,0.029900434614202744
4.25,103.51751732815458,0.0,159.91557978642092,0.029900353192585896
4.26,103.51749974061191,0.0,159.9164405599499,0.029900272200274997
4.2700000000000005,103.51748215315718,0.0,159.9173013251938,0.029900191629953995
4.28,103.51746456579038,0.0,159.91816208215263,0.02990011147461678
4.29,103.51744697851151,0.0,159.91902283082658,0.02990003172756717
4.3,103.51742939132059,0.0,159.91988357121568,0.029899952382418923
4.3100000000000005,103.5174118042176,0.0,159.92074430331996,0.029899873433095726
4.32,103.51739421720254,0.0,159.92160502713958,0.029899794873791883
4.33,103.51737663027542,0.0,159.92246574267458,0.029899716688719716
4.34,103.51735904343624,0.0,159.92332644992504,0.029899638862965882
4.3500000000000005,103.51734145668499,0.0,159.92418714889106,0.02989956138910532
4.36,103.51732387002167,0.0,159.9250478395727,0.02989948425991181
4.37,103.51730628344629,0.0,159.92590852197003,0.02989940746835796
4.38,103.51728869695884,0.0,159.92676919608314,0.029899331007615194
4.39,103.51727111055932,0.0,159.92762986191212,0.029899254871053788
4.4,103.51725352424774,0.0,159.92849051945706,0.029899179052242826
4.41,103.51723593802407,0.0,159.92935116871803,0.02989910354495023
4.42,103.51721835188835,0.0,159.93021180969507,0.029899028343142755
4.43,103.51720076584056,0.0,159.9310724423883,0.029898953440985983
4.44,103.51718317988069,0.0,159.93193306679782,0.02989887883284432
4.45,103.51716559400876,0.0,159.93279368292366,0.029898804513281012
4.46,103.51714800822475,0.0,159.93365429076593,0.029898730477058124
4.47,103.51713042252868,0.0,159.9345148903247,0.029898656719136555
4.48,103.51711283692053,0.0,159.93537548160006,0.029898583234676035
4.49,103.5170952514003,0.0,159.93623606459207,0.029898510019035117
4.5,103.51707766596802,0.0,159.93709663930082,0.02989843706777119
4.51,103.51706008062365,0.0,159.93795720572638,0.029898364376640476
4.5200000000000005,103.5170424953672,0.0,159.93881776386885,0.029898291941598012
4.53,103.5170249101987,0.0,159.9396783137283,0.029898219758797674
4.54,103.51700732511812,0.0,159.94053885530482,0.02989814782390131
4.55,103.51698974012545,0.0,159.94139938859846,0.0298980761241092
4.5600000000000005,103.51697215522071,0.0,159.94225991360935,0.029898004651869748
4.57,103.5169545704039,0.0,159.9431204303375,0.029897933402328464
4.58,103.516936985675,0.0,159.94398093878306,0.029897862370753155
4.59,103.51691940103404,0.0,159.94484143894607,0.02989779155253393
4.6000000000000005,103.516901816481,0.0,159.9457019308266,0.029897720943183177
4.61,103.51688423201587,0.0,159.94656241442476,0.029897650538335596
4.62,103.51686664763868,0.0,159.94742288974064,0.02989758033374817
4.63,103.5168490633494,0.0,159.94828335677428,0.029897510325300188
4.64,103.51683147914804,0.0,159.94914381552576,0.029897440508993223
4.65,103.5168138950346,0.0,159.9500042659952,0.029897370880951145
4.66,103.51679631100909,0.0,159.95086470818265,0.02989730143742013
4.67,103.5167787270715,0.0,159.95172514208818,0.02989723217476863
4.68,103.51676114322181,0.0,159.9525855677119,0.02989716308948741
4.69,103.51674355946007,0.0,159.9534459850539,0.029897094178189525
4.7,103.51672597578623,0.0,159.9543063941142,0.029897025437610317
4.71,103.5167083922003,0.0,159.95516679489293,0.029896956864607433
4.72,103.51669080870231,0.0,159.95602718739013,0.029896888456160814
4.73,103.51667322529222,0.0,159.95688757160593,0.029896820209372683
4.74,103.51665564197005,0.0,159.95774794754038,0.02989675212146758
4.75,103.5166380587358,0.0,159.95860831519357,0.02989668418979232
4.76,103.51662047558945,0.0,159.95946867456556,0.02989661566677573
4.7700000000000005,103.51660289253104,0.0,159.96032902565645,0.029896548165133735
4.78,103.51658530956053,0.0,159.9611893684663,0.029896480788010025
4.79,103.51656772667793,0.0,159.96204970299524,0.029896413534222198
4.8,103.51655014388326,0.0,159.9629100292433,0.029896346402587856
4.8100000000000005,103.5165325611765,0.0,159.96377034721056,0.029896279391924605
4.82,103.51651497855765,0.0,159.9646306568971,0.02989621250105004
4.83,103.51649739602671,0.0,159.965490958303,0.02989614572878177
4.84,103.51647981358369,0.0,159.9663512514284,0.029896079073937393
4.8500000000000005,103.51646223122857,0.0,159.9672115362733,0.02989601253533451
4.86,103.51644464896138,0.0,159.96807181283782,0.029895946111790722
4.87,103.51642706678209,0.0,159.96893208112203,0.029895879802123635
4.88,103.51640948469071,0.0,159.969792341126,0.029895813605150846
4.89,103.51639190268725,0.0,159.97065259284983,0.029895747519689958
4.9,103.51637432077169,0.0,159.97151283629358,0.029895681544558576
4.91,103.51635673894404,0.0,159.97237307145735,0.029895615678574294
4.92,103.5163391572043,0.0,159.9732332983412,0.029895549920554723
4.93,103.51632157555247,0.0,159.97409351694523,0.029895484269317457
4.94,103.51630399398854,0.0,159.97495372726948,0.029895418723680105
4.95,103.51628641251253,0.0,159.97581392931409,0.02989535328246026
4.96,103.5162688311244,0.0,159.9766741230791,0.029895287944475532
4.97,103.51625124982421,0.0,159.9775343085646,0.029895222708543515
4.98,103.51623366861192,0.0,159.97839448577065,0.02989515757139341
4.99,103.51621608748752,0.0,159.97925465469734,0.02989509252827448
5.0,103.51619850645103,0.0,159.9801148153448,0.02989502757755972
5.01,103.51618092550245,0.0,159.98097496771302,0.029894962717664238
5.0200000000000005,103.51616334464178,0.0,159.98183511180216,0.029894897947003143
5.03,103.51614576386902,0.0,159.98269524761224,0.02989483326399154
5.04,103.51612818318415,0.0,159.98355537514337,0.02989476866704454
5.05,103.51611060258718,0.0,159.98441549439562,0.02989470415457725
5.0600000000000005,103.51609302207812,0.0,159.98527560536908,0.02989463972500478
5.07,103.51607544165697,0.0,159.98613570806384,0.029894575376742234
5.08,103.5160578613237,0.0,159.98699580247995,0.02989451110820472
5.09,103.51604028107835,0.0,159.9878558886175,0.029894446917807353
5.1000000000000005,103.51602270092089,0.0,159.9887159664766,0.029894382803965235
5.11,103.51600512085133,0.0,159.9895760360573,0.029894318765093474
5.12,103.51598754086969,0.0,159.99043609735963,0.029894254799607178
5.13,103.51596996097592,0.0,159.99129615038376,0.029894190905921457
5.14,103.51595238117008,0.0,159.99215619512972,0.029894127082451417
5.15,103.51593480145212,0.0,159.99301623159764,0.02989406332761217
5.16,103.51591722182206,0.0,159.99387625978753,0.029893999639818817
5.17,103.5158996422799,0.0,159.99473627969948,0.02989393601748647
5.18,103.51588206282564,0.0,159.9955962913336,0.02989387245903024
5.19,103.51586448345927,0.0,159.99645629469,0.02989380896286523
5.2,103.5158469041808,0.0,159.9973162897687,0.029893745527406552
5.21,103.51582932499022,0.0,159.99817627656978,0.029893682151069308
5.22,103.51581174588755,0.0,159.99903625509336,0.029893618832268612
5.23,103.51579416687277,0.0,159.99989622533948,0.02989355556941957
5.24,103.51577658794588,0.0,160.00075618730827,0.02989349236115904
5.25,103.51575900910689,0.0,160.00161614099974,0.0298934292093947
5.26,103.51574143035579,0.0,160.00247608641402,0.029893366114018768
5.2700000000000005,103.51572385169258,0.0,160.00333602355119,0.029893303073802183
5.28,103.51570627311727,0.0,160.00419595241132,0.029893240087515878
5.29,103.51568869462984,0.0,160.0050558729945,0.029893177153930788
5.3,103.51567111623032,0.0,160.00591578530074,0.029893114271817855
5.3100000000000005,103.51565353791868,0.0,160.00677568933023,0.02989305143994801
5.32,103.51563595969495,0.0,160.00763558508297,0.02989298865709219
5.33,103.5156183815591,0.0,160.00849547255908,0.029892925922021328
5.34,103.51560080351112,0.0,160.00935535175861,0.029892863233506366
5.3500000000000005,103.51558322555105,0.0,160.01021522268167,0.02989280059031824
5.36,103.51556564767887,0.0,160.01107508532832,0.02989273799122788
5.37,103.51554806989458,0.0,160.01193493969865,0.02989267543500623
5.38,103.51553049219817,0.0,160.01279478579272,0.02989261292042422
5.39,103.51551291458965,0.0,160.01365462361062,0.029892550446252785
5.4,103.51549533706903,0.0,160.01451445315246,0.029892488011262867
5.41,103.51547775963628,0.0,160.01537427441826,0.0298924256142254
5.42,103.51546018229143,0.0,160.01623408740815,0.029892363253911317
5.43,103.51544260503447,0.0,160.0170938921222,0.029892300929091557
5.44,103.51542502786538,0.0,160.01795368856048,0.029892238638537058
5.45,103.51540745078418,0.0,160.01881347672307,0.02989217638101875
5.46,103.51538987379087,0.0,160.01967325661002,0.029892114155307577
5.47,103.51537229688545,0.0,160.02053302822148,0.029892051960174467
5.48,103.5153547200679,0.0,160.02139279155747,0.02989198979439036
5.49,103.51533714333824,0.0,160.02225254661812,0.029891927656726193
5.5,103.51531956669646,0.0,160.02311229340344,0.0298918655459529
5.51,103.51530199014258,0.0,160.02397203191356,0.029891803463096524
5.5200000000000005,103.51528441367657,0.0,160.02483176214855,0.029891741413018258
5.53,103.51526683729844,0.0,160.0256914841085,0.02989167939538749
5.54,103.5152492610082,0.0,160.02655119779348,0.029891617409590572
5.55,103.51523168480583,0.0,160.02741090320356,0.029891555455013846
5.5600000000000005,103.51521410869135,0.0,160.02827060033883,0.029891493531043662
5.57,103.51519653266475,0.0,160.02913028919937,0.029891431637066364
5.58,103.51517895672602,0.0,160.02998996978525,0.029891369772468302
5.59,103.51516138087517,0.0,160.03084964209657,0.029891307936635823
5.6000000000000005,103.51514380511222,0.0,160.03170930613337,0.02989124612895527
5.61,103.51512622943713,0.0,160.03256896189578,0.029891184348812994
5.62,103.51510865384992,0.0,160.03342860938386,0.029891122595595336
5.63,103.51509107835058,0.0,160.03428824859768,0.029891060868688653
5.64,103.51507350293913,0.0,160.0351478795373,0.029890999167479282
5.65,103.51505592761556,0.0,160.03600750220284,0.02989093749135358
5.66,103.51503835237986,0.0,160.03686711659438,0.02989087583969788
5.67,103.51502077723204,0.0,160.03772672271197,0.029890814211898542
5.68,103.51500320217208,0.0,160.0385863205557,0.02989075260734191
5.69,103.5149856272,0.0,160.03944591012566,0.029890691025414327
5.7,103.51496805231581,0.0,160.04030549142192,0.029890629465502142
5.71,103.51495047751949,0.0,160.04116506444456,0.029890567926991702
5.72,103.51493290281104,0.0,160.04202462919366,0.029890506409269352
5.73,103.51491532819045,0.0,160.04288418566932,0.029890444911721444
5.74,103.51489775365775,0.0,160.0437437338716,0.02989038343373432
5.75,103.51488017921292,0.0,160.04460327380056,0.029890321974694326
5.76,103.51486260485596,0.0,160.0454628054563,0.029890260533987814
5.7700000000000005,103.51484503058552,0.0,160.04632232908318,0.029890198020599727
5.78,103.51482745640445,0.0,160.047181844166,0.029890136736344424
5.79,103.51480988231124,0.0,160.04804135097788,0.029890075463282095
5.8,103.51479230830589,0.0,160.0489008495188,0.02989001420141274
5.8100000000000005,103.5147747343884,0.0,160.04976033978875,0.029889952950736362
5.82,103.51475716055876,0.0,160.05061982178776,0.029889891711252954
5.83,103.51473958681699,0.0,160.0514792955158,0.029889830482962523
5.84,103.51472201316308,0.0,160.0523387609729,0.029889769265865066
5.8500000000000005,103.51470443959703,0.0,160.05319821815903,0.029889708059960583
5.86,103.51468686611884,0.0,160.0540576670742,0.029889646865249073
5.87,103.5146692927285,0.0,160.0549171077184,0.029889585681730536
5.88,103.51465171942603,0.0,160.05577654009167,0.029889524509404974
5.89,103.5146341462114,0.0,160.05663596419396,0.029889463348272388
5.9,103.51461657308465,0.0,160.0574953800253,0.029889402198332776
5.91,103.51459900004575,0.0,160.0583547875857,0.029889341059586138
5.92,103.51458142709473,0.0,160.05921418687512,0.029889279932032473
5.93,103.51456385423154,0.0,160.06007357789358,0.029889218815671782
5.94,103.51454628145622,0.0,160.06093296064108,0.029889157710504065
5.95,103.51452870876876,0.0,160.06179233511764,0.029889096616529325
5.96,103.51451113616916,0.0,160.06265170132323,0.029889035533747554
5.97,103.51449356365742,0.0,160.06351105925788,0.02988897446215876
5.98,103.51447599123355,0.0,160.06437040892155,0.029888913401762942
5.99,103.51445841889753,0.0,160.06522975031427,0.029888852352560096
6.0,103.51444084664936,0.0,160.06608908343603,0.029888791314550228
6.01,103.51442327448906,0.0,160.06694840828683,0.02988873028773333
6.0200000000000005,103.51440570241662,0.0,160.06780772486667,0.029888669272109408
6.03,103.51438813043204,0.0,160.06866703317556,0.02988860826767846
6.04,103.5143705585353,0.0,160.0695263332137,0.029888547274166406
6.05,103.51435298672644,0.0,160.07038562498187,0.02988848629043699
6.0600000000000005,103.51433541500542,0.0,160.07124490848022,0.02988842531636602
6.07,103.51431784337227,0.0,160.0721041837087,0.02988836435195349
6.08,103.51430027182695,0.0,160.07296345066732,0.02988830339719941
6.09,103.51428270036949,0.0,160.0738227093561,0.029888242452103773
6.1000000000000005,103.5142651289999,0.0,160.07468195977503,0.02988818151666658
6.11,103.51424755771815,0.0,160.0755412019241,0.029888120590887832
6.12,103.51422998652426,0.0,160.07640043580332,0.029888059674767528
6.13,103.51421241541821,0.0,160.07725966141268,0.029887998768305668
6.140000000000001,103.51419484440002,0.0,160.0781188787522,0.029887937871502256
6.15,103.51417727346968,0.0,160.07897808782187,0.029887876984357284
6.16,103.5141597026272,0.0,160.0798372886217,0.02988781610687076
6.17,103.51414213187257,0.0,160.08069648115165,0.02988775523904268
6.18,103.5141245612058,0.0,160.08155566541174,0.02988769438087304
6.19,103.51410699062687,0.0,160.082414841402,0.029887633532361853
6.2,103.5140894201358,0.0,160.0832740091224,0.029887572693509105
6.21,103.51407184973259,0.0,160.08413316857295,0.029887511864314802
6.22,103.51405427941724,0.0,160.08499231975364,0.029887451044778943
6.23,103.51403670918972,0.0,160.0858514626645,0.029887390234901532
6.24,103.51401913905008,0.0,160.08671059730548,0.02988732943468256
6.25,103.51400156899827,0.0,160.08756972367664,0.02988726864412204
6.26,103.51398399903432,0.0,160.08842884177793,0.02988720786321996
6.2700000000000005,103.51396642915823,0.0,160.08928795160935,0.029887147091976325
6.28,103.51394885936999,0.0,160.09014705317094,0.029887086330391135
6.29,103.5139312896696,0.0,160.0910061464627,0.02988702557846439
6.3,103.51391372005706,0.0,160.09186523148455,0.02988696483619609
6.3100000000000005,103.51389615053239,0.0,160.0927243082366,0.029886904103586232
6.32,103.51387858109557,0.0,160.0935833767195,0.0298868433792528
6.33,103.51386101174657,0.0,160.0944424369347,0.02988678266047452
6.34,103.51384344248542,0.0,160.09530148888228,0.029886721947178837
6.3500000000000005,103.51382587331211,0.0,160.09616053256224,0.029886661239365748
6.36,103.51380830422664,0.0,160.09701956797454,0.029886600537035252
6.37,103.51379073522902,0.0,160.09787859511923,0.02988653984018735
6.38,103.51377316631924,0.0,160.09873761399624,0.029886479148822042
6.390000000000001,103.5137555974973,0.0,160.09959662460562,0.02988641846293933
6.4,103.5137380287632,0.0,160.10045562694737,0.029886357782539213
6.41,103.51372046011694,0.0,160.10131462102146,0.02988629710762169
6.42,103.51370289155852,0.0,160.10217360682793,0.02988623643818676
6.43,103.51368532308794,0.0,160.10303258436673,0.029886175774234424
6.44,103.51366775470521,0.0,160.1038915536379,0.029886115115764684
6.45,103.51365018641032,0.0,160.10475051464147,0.029886054462777537
6.46,103.51363261820326,0.0,160.10560946737735,0.029885993815272988
6.47,103.51361505008404,0.0,160.1064684118456,0.029885933173251028
6.48,103.51359748205267,0.0,160.10732734804623,0.029885872536711666
6.49,103.51357991410914,0.0,160.1081862759792,0.029885811905654897
6.5,103.51356234625345,0.0,160.10904519564454,0.02988575128008072
6.51,103.51354477848561,0.0,160.1099041070422,0.029885690659989143
6.5200000000000005,103.5135272108056,0.0,160.11076301017226,0.029885630045380158
6.53,103.51350964321344,0.0,160.11162190503467,0.029885569436253766
6.54,103.51349207570911,0.0,160.11248079162945,0.02988550883260997
6.55,103.51347450829263,0.0,160.1133396699566,0.029885448234448764
6.5600000000000005,103.51345694096399,0.0,160.11419854001608,0.029885387641770157
6.57,103.51343937372319,0.0,160.11505740180792,0.029885327054574144
6.58,103.51342180657022,0.0,160.1159162553321,0.029885266472860723
6.59,103.51340423950512,0.0,160.11677510058868,0.02988520589662883
6.6000000000000005,103.51338667252783,0.0,160.11763393757877,0.02988514532457988
6.61,103.51336910563838,0.0,160.11849276630343,0.02988508475555693
6.62,103.51335153883676,0.0,160.11935158676266,0.029885024189559985
6.63,103.51333397212296,0.0,160.12021039895646,0.02988496362658905
6.640000000000001,103.513316405497,0.0,160.12106920288483,0.029884903066644118
6.65,103.51329883895885,0.0,160.1219279985478,0.02988484250972519
6.66,103.51328127250855,0.0,160.1227867859453,0.02988478195583227
6.67,103.51326370614606,0.0,160.12364556507737,0.029884721404965356
6.68,103.51324613987141,0.0,160.12450433594404,0.029884660857124448
6.69,103.51322857368459,0.0,160.12536309854525,0.029884600312309544
6.7,103.5132110075856,0.0,160.12622185288103,0.029884539770520645
6.71,103.51319344157443,0.0,160.1270805989514,0.029884479231757754
6.72,103.5131758756511,0.0,160.12793933675633,0.029884418696020865
6.73,103.5131583098156,0.0,160.12879806629584,0.029884358163309983
6.74,103.51314074406791,0.0,160.1296567875699,0.029884297633625108
6.75,103.51312317840807,0.0,160.13051550057855,0.02988423710696624
6.76,103.51310561283604,0.0,160.13137420532175,0.029884176583333373
6.7700000000000005,103.51308804735186,0.0,160.13223290179954,0.029884116062726514
6.78,103.5130704819555,0.0,160.13309159001187,0.02988405554514566
6.79,103.51305291664697,0.0,160.1339502699588,0.029883995030590815
6.8,103.51303535142627,0.0,160.1348089416403,0.02988393451906197
6.8100000000000005,103.51301778629339,0.0,160.13566760505634,0.029883874010559135
6.82,103.51300022124835,0.0,160.13652626020698,0.029883813505082304
6.83,103.51298265629113,0.0,160.13738490709218,0.029883753002631477
6.84,103.51296509142175,0.0,160.13824354571193,0.029883692503206657
6.8500000000000005,103.51294752664019,0.0,160.13910217606627,0.029883632006807843
6.86,103.51292996194645,0.0,160.1399607981552,0.029883571513435035
6.87,103.51291239734054,0.0,160.14081941197873,0.029883511023059688
6.88,103.51289483282247,0.0,160.14167801753842,0.029883450535032243
6.890000000000001,103.5128772683922,0.0,160.1425366148349,0.02988339004908278
6.9,103.51285970404976,0.0,160.14339520386815,0.02988332956521129
6.91,103.51284213979513,0.0,160.14425378463818,0.029883269083417784
6.92,103.51282457562831,0.0,160.145112357145,0.029883208603702253
6.93,103.51280701154931,0.0,160.1459709213886,0.029883148126064706
6.94,103.51278944755813,0.0,160.14682947736898,0.02988308765050513
6.95,103.51277188365478,0.0,160.14768802508613,0.02988302717702354
6.96,103.51275431983923,0.0,160.14854656454006,0.029882966705619927
6.97,103.51273675611151,0.0,160.14940509573077,0.029882906236294294
6.98,103.5127191924716,0.0,160.15026361865827,0.029882845769046637
6.99,103.5127016289195,0.0,160.15112213332256,0.02988278530387696
7.0,103.51268406545522,0.0,160.1519806397236,0.029882724840785264
7.01,103.51266650207876,0.0,160.15283913786143,0.029882664379771544
7.0200000000000005,103.51264893879011,0.0,160.15369762773605,0.029882603920835804
7.03,103.51263137558928,0.0,160.15455610934745,0.029882543463978044
7.04,103.51261381247627,0.0,160.15541458269564,0.02988248300919826
7.05,103.51259624945108,0.0,160.1562730477806,0.02988242255649646
7.0600000000000005,103.5125786865137,0.0,160.15713150460232,0.029882362105872633
7.07,103.51256112366414,0.0,160.15798995316084,0.029882301657326787
7.08,103.5125435609024,0.0,160.15884839345614,0.02988224121085892
7.09,103.51252599822847,0.0,160.15970682548823,0.029882180766469032
7.1000000000000005,103.51250843564236,0.0,160.16056524925708,0.029882120324157126
7.11,103.51249087314407,0.0,160.16142366476274,0.029882059883923194
7.12,103.5124733107336,0.0,160.16228207200515,0.029881999445767245
7.13,103.51245574841093,0.0,160.16314047098433,0.029881939009689273
7.140000000000001,103.5124381861761,0.0,160.16399886170032,0.029881878575689278
7.15,103.51242062402905,0.0,160.1648572441533,0.029881818143720644
7.16,103.51240306196983,0.0,160.16571561834496,0.02988175771344465
7.17,103.51238549999842,0.0,160.16657398427557,0.029881697284793726
7.18,103.5123679381148,0.0,160.16743234194522,0.029881636857767863
7.19,103.512350376319,0.0,160.16829069135383,0.02988157643236707
7.2,103.512332814611,0.0,160.16914903250145,0.02988151600859134
7.21,103.5123152529908,0.0,160.17000736538805,0.029881455586440675
7.22,103.5122976914584,0.0,160.17086569001364,0.02988139516591508
7.23,103.51228013001382,0.0,160.1717240063782,0.029881334747014546
7.24,103.51226256865704,0.0,160.1725823144818,0.02988127432973908
7.25,103.51224500738806,0.0,160.17344061432433,0.029881213914088676
7.26,103.51222744620688,0.0,160.17429890590589,0.029881153500063342
7.2700000000000005,103.5122098851135,0.0,160.17515718922644,0.029881093087663072
7.28,103.51219232410794,0.0,160.17601546428597,0.02988103267688787
7.29,103.51217476319019,0.0,160.17687373108447,0.029880972267737733
7.3,103.51215720236023,0.0,160.177731989622,0.02988091186021266
7.3100000000000005,103.51213964161808,0.0,160.17859023989848,0.029880851454312653
7.32,103.51212208096374,0.0,160.179448481914,0.029880791050037714
7.33,103.51210452039719,0.0,160.18030671566848,0.02988073064738784
7.34,103.51208695991845,0.0,160.18116494116194,0.02988067024636303
7.3500000000000005,103.51206939952752,0.0,160.1820231583944,0.029880609846963287
7.36,103.5120518392244,0.0,160.18288136736587,0.02988054944918861
7.37,103.51203427900907,0.0,160.1837395680763,0.029880489053038996
7.38,103.51201671888155,0.0,160.18459776052572,0.02988042865851445
7.390000000000001,103.51199915884183,0.0,160.18545594471416,0.02988036826561497
7.4,103.51198159888992,0.0,160.18631412064158,0.029880307874340553
7.41,103.51196403902581,0.0,160.18717228830798,0.029880247484691203
7.42,103.51194647924952,0.0,160.18803044771337,0.02988018709666692
7.43,103.51192891956102,0.0,160.18888859885826,0.029880126710199722
7.44,103.51191135996031,0.0,160.1897467417442,0.029880066325065135
7.45,103.5118938004474,0.0,160.19060487637134,0.029880005941245447
7.46,103.51187624102228,0.0,160.19146300273968,0.029879945558740663
7.47,103.51185868168494,0.0,160.19232112084921,0.029879885177550775
7.48,103.51184112243541,0.0,160.19317923069997,0.02987982479767579
7.49,103.51182356327367,0.0,160.1940373322919,0.0298797644191157
7.5,103.51180600419971,0.0,160.19489542562505,0.029879704041870514
7.51,103.51178844521355,0.0,160.1957535106994,0.029879643665940227
7.5200000000000005,103.51177088631519,0.0,160.19661158751492,0.02987958329132484
7.53,103.51175332750462,0.0,160.1974696560717,0.029879522918024353
7.54,103.51173576878183,0.0,160.19832771636962,0.02987946254603877
7.55,103.51171821014684,0.0,160.19918576840877,0.02987940217536808
7.5600000000000005,103.51170065159965,0.0,160.2000438121891,0.029879341806012295
7.57,103.51168309314025,0.0,160.20090184771064,0.029879281437971406
7.58,103.51166553476864,0.0,160.2017598749734,0.02987922107124542
7.59,103.51164797648481,0.0,160.20261789397733,0.029879160705834334
7.6000000000000005,103.51163041828879,0.0,160.20347590472247,0.029879100341738147
7.61,103.51161286018055,0.0,160.2043339072088,0.029879039978956863
7.62,103.5115953021601,0.0,160.20519190143634,0.029878979617490475
7.63,103.51157774422747,0.0,160.20604988740507,0.02987891925733899
7.640000000000001,103.5115601863826,0.0,160.20690786511503,0.029878858898502402
7.65,103.51154262862553,0.0,160.20776583456617,0.029878798540980717
7.66,103.51152507095627,0.0,160.2086237957585,0.02987873818477393
7.67,103.51150751337478,0.0,160.20948174869204,0.029878677829882044
7.68,103.5114899558811,0.0,160.2103396933668,0.029878617476305058
7.69,103.5114723984752,0.0,160.21119762978273,0.029878557124042974
7.7,103.5114548411571,0.0,160.21205555793986,0.029878496773095786
7.71,103.51143728392678,0.0,160.21291347783904,0.02987843642338752
7.72,103.51141972678425,0.0,160.2137713894816,0.02987837607479526
7.73,103.5114021697295,0.0,160.21462929286758,0.02987831572731732
7.74,103.51138461276251,0.0,160.21548718799696,0.029878255380953702
7.75,103.51136705588333,0.0,160.21634507486974,0.029878195035704404
7.76,103.5113494990919,0.0,160.21720295348595,0.02987813469156943
7.7700000000000005,103.51133194238828,0.0,160.21806082384558,0.029878074348548778
7.78,103.51131438577242,0.0,160.21891868594858,0.029878014006642445
7.79,103.51129682924434,0.0,160.21977653979502,0.029877953665850436
7.8,103.51127927280406,0.0,160.22063438538484,0.029877893326172748
7.8100000000000005,103.51126171645154,0.0,160.2214922227181,0.02987783298760938
7.82,103.5112441601868,0.0,160.22235005179476,0.029877772650160336
7.83,103.51122660400986,0.0,160.2232078726148,0.029877712313825612
7.84,103.51120904792069,0.0,160.2240656851783,0.02987765197860521
7.8500000000000005,103.51119149191929,0.0,160.22492348948518,0.02987759164449913
7.86,103.51117393600569,0.0,160.22578128553548,0.02987753131150737
7.87,103.51115638017986,0.0,160.22663907332918,0.029877470979629936
7.88,103.5111388244418,0.0,160.2274968528663,0.029877410648866818
7.890000000000001,103.51112126879153,0.0,160.2283546241468,0.029877350319218027
7.9,103.51110371322903,0.0,160.22921238717072,0.029877289990683554
7.91,103.51108615775433,0.0,160.23007014193806,0.029877229663263404
7.92,103.5110686023674,0.0,160.2309278884488,0.029877169336957575
7.930000000000001,103.51105104706825,0.0,160.231785626703,0.02987710901176607
7.94,103.51103349185688,0.0,160.23264335670055,0.029877048687688885
7.95,103.51101593673329,0.0,160.23350107844152,0.02987698836472602
7.96,103.51099838169748,0.0,160.2343587919259,0.029876928042877476
7.97,103.51098082674945,0.0,160.2352164971537,0.029876867722143256
7.98,103.51096327188905,0.0,160.23607419415154,0.029876807401963985
7.99,103.51094571711451,0.0,160.23693188324188,0.029876747075576245
8.0,103.51092816242772,0.0,160.23778956408046,0.02987668675020158
8.01,103.51091060782869,0.0,160.23864723666728,0.02987662642584
8.02,103.5108930533174,0.0,160.2395049010023,0.02987656610249149
8.03,103.51087549889387,0.0,160.24036255708558,0.02987650578015606
8.040000000000001,103.5108579445581,0.0,160.24122020491708,0.02987644545883371
8.05,103.51084039031007,0.0,160.24207784449683,0.029876385138524433
8.06,103.5108228361498,0.0,160.24293547582482,0.029876324819228237
8.07,103.51080528207729,0.0,160.24379309890105,0.02987626450094512
8.08,103.51078772809252,0.0,160.2446507137255,0.02987620418367508
8.09,103.51077017419551,0.0,160.24550832029817,0.029876143867418114
8.1,103.51075262038626,0.0,160.24636591861912,0.029876083552174228
8.11,103.51073506666475,0.0,160.24722350868825,0.02987602323794342
8.120000000000001,103.510717513031,0.0,160.24808109050565,0.02987596292472569
8.13,103.51069995948501,0.0,160.2489386640713,0.02987590261252104
8.14,103.51068240602676,0.0,160.24979622938514,0.029875842301329465
8.15,103.51066485265628,0.0,160.25065378644726,0.029875781991150967
8.16,103.51064729937355,0.0,160.2515113352576,0.02987572168198555
8.17,103.51062974617857,0.0,160.25236887581616,0.029875661373833205
8.18,103.51061219307134,0.0,160.25322640812294,0.02987560106669394
8.19,103.51059464005186,0.0,160.254083932178,0.029875540760567757
8.2,103.51057708712014,0.0,160.25494144798128,0.029875480455454646
8.21,103.51055953427617,0.0,160.25579895553278,0.029875420151354616
8.22,103.51054198151996,0.0,160.25665645483252,0.02987535984826766
8.23,103.5105244288515,0.0,160.2575139458805,0.029875299546193786
8.24,103.5105068762708,0.0,160.25837142867672,0.029875239245132988
8.25,103.51048932377785,0.0,160.25922890322116,0.02987517894508527
8.26,103.51047177137264,0.0,160.26008636951386,0.02987511864605063
8.27,103.51045421905519,0.0,160.26094382755477,0.029875058348029063
8.28,103.5104366668255,0.0,160.26180127734392,0.029874998051020576
8.290000000000001,103.51041911468357,0.0,160.2626587188813,0.029874937755025165
8.3,103.51040156262938,0.0,160.26351615216694,0.029874877460042835
8.31,103.51038401066295,0.0,160.26437357720081,0.02987481716607358
8.32,103.51036645878428,0.0,160.2652309939829,0.029874756873117404
8.33,103.51034890699334,0.0,160.26608840251322,0.029874696581174306
8.34,103.51033135529018,0.0,160.2669458027918,0.029874636290244286
8.35,103.51031380367476,0.0,160.2678031948186,0.029874576000327342
8.36,103.5102962521471,0.0,160.26866057859363,0.029874515711423476
8.370000000000001,103.51027870070719,0.0,160.2695179541169,0.02987445542353269
8.38,103.51026114935503,0.0,160.27037532138843,0.02987439513665498
8.39,103.51024359809063,0.0,160.27123268040816,0.029874334850790347
8.4,103.51022604691397,0.0,160.27209003117613,0.02987427456593879
8.41,103.51020849582508,0.0,160.27294737369235,0.029874214282100315
8.42,103.51019094482393,0.0,160.2738047079568,0.029874153999274917
8.43,103.51017339391055,0.0,160.2746620339695,0.029874093717462597
8.44,103.51015584308492,0.0,160.2755193517304,0.029874033436663353
8.45,103.51013829234704,0.0,160.27637666123954,0.029873973156877186
8.46,103.51012074169691,0.0,160.27723396249695,0.0298739128781041
8.47,103.51010319113453,0.0,160.27809125550257,0.029873852600344086
8.48,103.51008564065991,0.0,160.2789485402564,0.029873792323597156
8.49,103.51006809027304,0.0,160.2798058167585,0.0298737320478633
8.5,103.51005053997393,0.0,160.28066308500885,0.029873671773142523
8.51,103.51003298976256,0.0,160.2815203450074,0.02987361149943482
8.52,103.51001543963896,0.0,160.2823775967542,0.0298735512267402
8.53,103.50999788960311,0.0,160.28323484024924,0.029873490955058656
8.540000000000001,103.509980339655,0.0,160.2840920754925,0.02987343068439019
8.55,103.50996278979466,0.0,160.28494930248402,0.0298733704147348
8.56,103.50994524002206,0.0,160.28580652122375,0.02987331014609249
8.57,103.50992769033724,0.0,160.2866637317117,0.029873249878463255
8.58,103.50991014074015,0.0,160.28752093394795,0.0298731896118471
8.59,103.50989259123081,0.0,160.2883781279324,0.02987312934624402
8.6,103.50987504180924,0.0,160.28923531366505,0.02987306908165402
8.61,103.5098574924754,0.0,160.29009249114597,0.0298730088180771
8.620000000000001,103.50983994322934,0.0,160.29094966037513,0.029872948555513253
8.63,103.50982239407102,0.0,160.2918068213525,0.029872888293962487
8.64,103.50980484500046,0.0,160.29266397407812,0.029872828033424795
8.65,103.50978729601765,0.0,160.29352111855198,0.029872767773900185
8.66,103.50976974712259,0.0,160.29437825477407,0.02987270751538865
8.67,103.50975219831528,0.0,160.2952353827444,0.029872647257890194
8.68,103.50973464959573,0.0,160.29609250246295,0.029872587001404813
8.69,103.50971710096394,0.0,160.29694961392977,0.029872526745932514
8.700000000000001,103.50969955241989,0.0,160.2978067171448,0.02987246649147329
8.71,103.5096820039636,0.0,160.29866381210806,0.029872406238027144
8.72,103.50966445559507,0.0,160.29952089881957,0.029872345985594077
8.73,103.50964690731429,0.0,160.3003779772793,0.029872285734174085
8.74,103.50962935912126,0.0,160.30123504748727,0.029872225483767174
8.75,103.50961181101599,0.0,160.30209210944346,0.02987216523437334
8.76,103.50959426299846,0.0,160.30294916314793,0.02987210498599258
8.77,103.50957671506869,0.0,160.3038062086006,0.0298720447386249
8.78,103.50955916722667,0.0,160.30466324580152,0.029871984492270298
8.790000000000001,103.50954161947242,0.0,160.30552027475065,0.029871924246928777
8.8,103.50952407180591,0.0,160.30637729544804,0.029871864002600328
8.81,103.50950652422715,0.0,160.30723430789365,0.02987180375928496
8.82,103.50948897673615,0.0,160.3080913120875,0.029871743516982668
8.83,103.5094714293329,0.0,160.3089483080296,0.029871683275693457
8.84,103.50945388201741,0.0,160.3098052957199,0.029871623035417322
8.85,103.50943633478967,0.0,160.31066227515848,0.02987156279615426
8.86,103.5094187876497,0.0,160.31151924634528,0.029871502557904283
8.870000000000001,103.50940124059746,0.0,160.3123762092803,0.02987144232066738
8.88,103.50938369363297,0.0,160.31323316396356,0.029871382084443555
8.89,103.50936614675625,0.0,160.31409011039506,0.02987132184923281
8.9,103.50934859996728,0.0,160.3149470485748,0.02987126161503514
8.91,103.50933105326605,0.0,160.31580397850277,0.029871201381850548
8.92,103.50931350665259,0.0,160.316660900179,0.029871141149679033
8.93,103.50929596012688,0.0,160.31751781360342,0.029871080918520598
8.94,103.50927841368892,0.0,160.31837471877608,0.029871020688375237
8.950000000000001,103.50926086733872,0.0,160.319231615697,0.029870960459242958
8.96,103.50924332107627,0.0,160.32008850436614,0.029870900231123754
8.97,103.50922577490157,0.0,160.32094538478353,0.02987084000401763
8.98,103.50920822881463,0.0,160.32180225694916,0.029870779777924582
8.99,103.50919068281544,0.0,160.322659120863,0.02987071955284461
9.0,103.509173136904,0.0,160.32351597652507,0.029870659328777718
9.01,103.50915559108032,0.0,160.3243728239354,0.029870599105723903
9.02,103.50913804534439,0.0,160.32522966309395,0.029870538883683167
9.03,103.50912049969621,0.0,160.32608649400075,0.02987047866265551
9.040000000000001,103.50910295413578,0.0,160.3269433166558,0.029870418442640927
9.05,103.50908540866313,0.0,160.32780013105904,0.029870358223639423
9.06,103.5090678632782,0.0,160.32865693721052,0.029870298005650997
9.07,103.50905031798105,0.0,160.32951373511025,0.02987023778867565
9.08,103.50903277277163,0.0,160.33037052475822,0.029870177572713378
9.09,103.50901522764998,0.0,160.33122730615443,0.029870117357764184
9.1,103.50899768261608,0.0,160.33208407929888,0.02987005714382807
9.11,103.50898013766994,0.0,160.33294084419154,0.029869996930905033
9.120000000000001,103.50896259281154,0.0,160.33379760083244,0.02986993671899507
9.13,103.5089450480409,0.0,160.33465434922158,0.02986987650809819
9.14,103.50892750335801,0.0,160.33551108935896,0.029869816298214384
9.15,103.50890995876287,0.0,160.33636782124458,0.029869756089343658
9.16,103.5088924142555,0.0,160.33722454487844,0.02986969588148601
9.17,103.50887486983588,0.0,160.3380812602605,0.02986963567464144
9.18,103.508857325504,0.0,160.33893796739082,0.029869575468809945
9.19,103.50883978125988,0.0,160.33979466626937,0.02986951526399153
9.200000000000001,103.50882223710352,0.0,160.34065135689616,0.02986945506018619
9.21,103.5088046930349,0.0,160.3415080392712,0.02986939485739393
9.22,103.50878714905404,0.0,160.34236471339446,0.029869334655614747
9.23,103.50876960516094,0.0,160.34322137926594,0.029869274454848643
9.24,103.5087520613556,0.0,160.3440780368857,0.029869214255095613
9.25,103.50873451763799,0.0,160.34493468625365,0.029869154056355665
9.26,103.50871697400814,0.0,160.34579132736985,0.029869093858628792
9.27,103.50869943046605,0.0,160.34664796023426,0.029869033661914998
9.28,103.50868188701172,0.0,160.34750458484694,0.029868973466214283
9.290000000000001,103.50866434364514,0.0,160.34836120120784,0.029868913271526642
9.3,103.50864680036631,0.0,160.349217809317,0.02986885307785208
9.31,103.50862925717523,0.0,160.35007440917437,0.029868792885190596
9.32,103.5086117140719,0.0,160.35093100077998,0.02986873269354219
9.33,103.50859417105633,0.0,160.35178758413383,0.029868672502906864
9.34,103.50857662812852,0.0,160.3526441592359,0.029868612313284613
9.35,103.50855908528845,0.0,160.35350072608622,0.02986855212467544
9.36,103.50854154253615,0.0,160.35435728468477,0.029868491937079345
9.370000000000001,103.50852399987158,0.0,160.35521383503155,0.02986843175049633
9.38,103.50850645729479,0.0,160.35607037712657,0.029868371564926388
9.39,103.50848891480574,0.0,160.35692691096983,0.029868311380369526
9.4,103.50847137240444,0.0,160.35778343656133,0.02986825119682574
9.41,103.5084538300909,0.0,160.35863995390105,0.029868191014295036
9.42,103.50843628786512,0.0,160.359496462989,0.029868130832777406
9.43,103.50841874572708,0.0,160.36035296382522,0.029868070652272857
9.44,103.5084012036768,0.0,160.36120945640965,0.029868010472781384
9.450000000000001,103.50838366171428,0.0,160.3620659407423,0.029867950294302986
9.46,103.50836611983951,0.0,160.3629224168232,0.02986789011683767
9.47,103.50834857805248,0.0,160.36377888465233,0.029867829940385428
9.48,103.50833103635321,0.0,160.36463534422973,0.029867769764946265
9.49,103.5083134947417,0.0,160.36549179555533,0.02986770959052018
9.5,103.50829595321794,0.0,160.36634823862917,0.029867649417107175
9.51,103.50827841178194,0.0,160.36720467345125,0.029867589244707244
9.52,103.50826087043369,0.0,160.36806110002155,0.02986752907332039
9.53,103.50824332917105,0.0,160.36891751872545,0.029867468898349705
9.540000000000001,103.50822578799408,0.0,160.36977392955816,0.029867408719852166
9.55,103.5082082469048,0.0,160.37063033214886,0.029867348542251003
9.56,103.50819070590322,0.0,160.3714867264976,0.029867288365546207
9.57,103.50817316498934,0.0,160.37234311260437,0.029867228189737787
9.58,103.50815562416315,0.0,160.37319949046915,0.029867168014825737
9.59,103.50813808342468,0.0,160.37405586009194,0.02986710784081006
9.6,103.5081205427739,0.0,160.37491222147275,0.029867047667690758
9.61,103.50810300221082,0.0,160.37576857461158,0.029866987495467824
9.620000000000001,103.50808546173543,0.0,160.37662491950843,0.029866927324141264
9.63,103.50806792134775,0.0,160.3774812561633,0.029866867153711077
9.64,103.50805038104777,0.0,160.37833758457617,0.02986680698417726
9.65,103.50803284083548,0.0,160.3791939047471,0.029866746815539816
9.66,103.5080153007109,0.0,160.380050216676,0.029866686647798745
9.67,103.50799776067402,0.0,160.38090652036294,0.029866626480954048
9.68,103.50798022072482,0.0,160.3817628158079,0.02986656631500572
9.69,103.50796268086334,0.0,160.38261910301088,0.029866506149953766
9.700000000000001,103.50794514108955,0.0,160.38347538197186,0.02986644598579818
9.71,103.50792760140347,0.0,160.3843316526909,0.029866385822538973
9.72,103.50791006180508,0.0,160.3851879151679,0.029866325660176135
9.73,103.50789252229438,0.0,160.38604416940296,0.02986626549870967
9.74,103.5078749828714,0.0,160.38690041539604,0.029866205338139575
9.75,103.50785744353611,0.0,160.3877566531471,0.029866145178465853
9.76,103.50783990428852,0.0,160.38861288265622,0.029866085019688505
9.77,103.50782236512863,0.0,160.38946910392335,0.02986602486180753
9.78,103.50780482605644,0.0,160.3903253169485,0.029865964704822924
9.790000000000001,103.50778728707195,0.0,160.39118152173165,0.029865904548734692
9.8,103.50776974817515,0.0,160.39203771827283,0.02986584439354283
9.81,103.50775220936606,0.0,160.39289390657203,0.029865784239247344
9.82,103.50773467064467,0.0,160.39375008662924,0.029865724085848228
9.83,103.50771713201098,0.0,160.39460625844447,0.029865663933345485
9.84,103.50769959346498,0.0,160.39546242201772,0.029865603781739112
9.85,103.50768205500668,0.0,160.39631857734898,0.029865543631029112
9.86,103.5076645166361,0.0,160.39717472443826,0.029865483481215486
9.870000000000001,103.5076469783532,0.0,160.39803086328558,0.029865423332298233
9.88,103.507629440158,0.0,160.3988869938909,0.02986536318427735
9.89,103.5076119020505,0.0,160.39974311625423,0.02986530303715284
9.9,103.50759436403071,0.0,160.4005992303756,0.0298652428909247
9.91,103.50757682609861,0.0,160.40145533625497,0.029865182745592935
9.92,103.50755928825421,0.0,160.40231143389238,0.02986512260115754
9.93,103.50754175049751,0.0,160.40316752328778,0.02986506245761852
9.94,103.50752421282851,0.0,160.40402360444122,0.02986500231497587
9.950000000000001,103.50750667524721,0.0,160.40487967735268,0.029864942173229592
9.96,103.50748913775361,0.0,160.40573574202213,0.029864882032379688
9.97,103.50747160034771,0.0,160.40659179844963,0.029864821892426157
9.98,103.50745406302951,0.0,160.40744784663514,0.029864761753368996
9.99,103.50743652579901,0.0,160.40830388657866,0.029864701615208208
