t,M,FN,FC
0.0,0.1,0.1,0.1
0.01,0.11510458413381888,0.09988685264188765,0.09465818194808867
0.02,0.13010865337373864,0.09974846806368026,0.0896042250460114
0.03,0.14501759447105336,0.09958642982190342,0.08483398814005624
0.04,0.15983631538055407,0.0994022793925499,0.08034270125269857
0.05,0.1745693358442782,0.09919752648827954,0.07612492992406975
0.06,0.1892208208343907,0.09897364261786405,0.07217459218399222
0.07,0.20379462311987093,0.09873205869271856,0.06848499591691268
0.08,0.218294318879127,0.09847416277301448,0.06504888072878902
0.09,0.23272322782971175,0.09820129673337355,0.06185845342926621
0.1,0.24708443623840798,0.09791475463678058,0.05890544156278741
0.11,0.26138082447891003,0.0976157802529272,0.05618116939406126
0.12,0.2756150809924603,0.09730556597655375,0.05367662103815548
0.13,0.2897897264815082,0.09698525094063225,0.05138252752671093
0.14,0.30390711772678825,0.09665592133678677,0.049289424819576134
0.15,0.31796946868235043,0.09631860922516369,0.047387744533635194
0.16,0.331978860731209,0.09597429261933003,0.045667886368002536
0.17,0.34593725316944224,0.09562389591561117,0.04412029038311112
0.18,0.3598464928520315,0.0952682906002512,0.0427355024504088
0.19,0.37370832265851844,0.09490829630328924,0.04150423345142812
0.2,0.3875243903157791,0.09454468175164367,0.04041742011844598
0.21,0.40129625490019705,0.09417816650532557,0.0394662653244482
0.22,0.4150253923945259,0.09380942298548606,0.03864227353672515
0.23,0.4287132030754528,0.09343907783174978,0.03793728993084788
0.24,0.4423610154842387,0.09306771438378227,0.037343513040459256
0.25,0.4559700925824077,0.09269587433904863,0.036853524278510866
0.26,0.46954163492863626,0.09232406029298419,0.036460283129426
0.27,0.4830767859984779,0.09195273757748701,0.036157147903795143
0.28,0.49657663474258834,0.09158233670825584,0.03593785834586346
0.29,0.5100422201883197,0.09121325534754267,0.03579654797129751
0.3,0.5234745333451163,0.09084586040430487,0.035727719868808246
0.31,0.5368745215700153,0.09048049042969257,0.03572624655401916
0.32,0.5502430900213948,0.09011745713405754,0.03578735035498762
0.33,0.5635811045934763,0.08975704675830529,0.03590661270688645
0.34,0.5768893946469621,0.0893995236800899,0.03607990983331318
0.35000000000000003,0.5901687533891052,0.08904512982109365,0.03630343623684072
0.36,0.6034199427437994,0.08869408834997963,0.036573671934798956
0.37,0.6166436927231783,0.08834660361056404,0.036887372822250616
0.38,0.6298407043309108,0.0880028634396797,0.03724154680330415
0.39,0.6430116510596224,0.0876630404097804,0.03763343673414231
0.4,0.6561571795239195,0.08732729235645528,0.03806051423539101
0.41000000000000003,0.669277912511916,0.08699576491004095,0.03852044546425164
0.42,0.682374447977773,0.08666859065432038,0.03901110189711864
0.43,0.6954473626731522,0.0863458921234916,0.03953051862412162
0.44,0.7084972112316498,0.08602778105181359,0.040076905413016596
0.45,0.7215245279730342,0.08571435983095538,0.04064862317718858
0.46,0.7345298291518509,0.08540572337504208,0.04124415908081734
0.47000000000000003,0.7475136136011511,0.0851019595486551,0.041862120119350796
0.48,0.7604763604179765,0.0848031469467553,0.04250125930705825
0.49,0.7734185325746654,0.0845093580529316,0.043160433522883644
0.5,0.7863405780349468,0.08422066025359176,0.04383858892770437
0.51,0.7992429296991039,0.0839371155453371,0.04453476301270435
0.52,0.8121260057097959,0.08365878058541262,0.04524808268727877
0.53,0.8249902106428334,0.0833857076953078,0.04597774973928495
0.54,0.8378359359129104,0.0831179449996317,0.046723038032679
0.55,0.8506635604601958,0.08285553693601264,0.047483285454360216
0.56,0.8634734511471771,0.08259852450022058,0.04825789008482479
0.5700000000000001,0.8762659634225021,0.08234694564689711,0.049046303606108115
0.58,0.8890414416677147,0.0821008354120449,0.04984802914875157
0.59,0.9018002197648501,0.08186022630165102,0.050662615172813744
0.6,0.9145426214047013,0.08162514841395635,0.05148965349916679
0.61,0.9272689607710481,0.08139562988308946,0.0523287720655648
0.62,0.939979542701264,0.08117169687488271,0.05317963503445372
0.63,0.9526746629170817,0.08095337364189623,0.054041941924941474
0.64,0.96535460880657,0.0807406830630864,0.05491541885240174
0.65,0.9780196594003083,0.0805336464926142,0.055799821073269154
0.66,0.9906700857577897,0.08033228395345454,0.056694929865409624
0.67,1.0033061514956292,0.08013661444860562,0.05760054746996066
0.68,1.0159281127483635,0.07994665582430169,0.05851649946012522
0.6900000000000001,1.0285362186297424,0.07976242501927946,0.0594426306920781
0.7000000000000001,1.0411307115782134,0.0795839382265722,0.060378802704541004
0.71,1.0537118273352994,0.07941121078110365,0.06132489562670118
0.72,1.066279795421687,0.07924425741679299,0.062280804034768385
0.73,1.0788348393452407,0.07908309233062474,0.06324643597361075
0.74,1.0913771766198919,0.07892772912304849,0.06422171402847561
0.75,1.103907019212632,0.07877818101718521,0.06520657177270603
0.76,1.1164245736288239,0.07863446084993753,0.06620095399331909
0.77,1.1289300409907146,0.07849658106091152,0.06720481694945989
0.78,1.1414236175025865,0.07836455391172398,0.0682181248366483
0.79,1.1539054945679834,0.07823839149861167,0.06924084965143423
0.8,1.1663758586014847,0.07811810558871421,0.07027297387814788
0.81,1.178834891442167,0.0780037078060023,0.0713144875431603
0.8200000000000001,1.191282770651285,0.0778952097499309,0.07236538635277928
0.8300000000000001,1.2037196695267827,0.07779262295834781,0.07342567234798508
0.84,1.2161457569960321,0.07769595882174553,0.07449535536343715
0.85,1.2285611981197946,0.0776052287878569,0.0755744497495379
0.86,1.2409661541602948,0.07752044435921836,0.07666297447210502
0.87,1.2533607825165438,0.07744161703484603,0.07776095408798514
0.88,1.2657452368761735,0.0773687583477712,0.07886841819165553
0.89,1.278119667522386,0.07730187997086867,0.0799853997745793
0.9,1.290484221359766,0.07724099369958057,0.08111193553497913
0.91,1.3028390418187155,0.07718611138590234,0.0822480668974563
0.92,1.3151842691850604,0.07713724504966599,0.08339383834904925
0.93,1.3275200406974947,0.07709440689301109,0.08454929724063708
0.9400000000000001,1.339846490545212,0.07705760928135164,0.08571449410830524
0.9500000000000001,1.352163749882153,0.07702686473194759,0.086889482880677
0.96,1.3644719471131763,0.07700218599253122,0.08807431968624875
0.97,1.3767712079152714,0.07698358603246926,0.08926906301842578
0.98,1.3890616551284334,0.07697107799603839,0.09047377445198054
0.99,1.4013434090348371,0.07696467527399706,0.09168851759377146
1.0,1.413616587480052,0.07696439152704761,0.09291335775147302
1.01,1.425881305918309,0.07697024068616548,0.09414836194755043
1.02,1.4381376774532795,0.07698223695202529,0.09539359893775139
1.03,1.450385812508495,0.07700039468491246,0.0966491408004668
1.04,1.4626258193925652,0.07702472855922553,0.09791506073081412
1.05,1.4748578043138365,0.07705525355517859,0.09919143316991338
1.06,1.4870818713969827,0.07709198495107505,0.10047833392597141
1.07,1.4992981226855537,0.07713493831665102,0.10177584027981407
1.08,1.511506657935003,0.07718412945919649,0.10308403176718252
1.09,1.5237075750861928,0.07723957452304325,0.10440298876305429
1.1,1.5359009702194228,0.07730128997197218,0.10573279274390582
1.11,1.5480869375949038,0.07736929259110424,0.1070735262707437
1.12,1.5602655696156176,0.07744359947353378,0.10842527317465046
1.1300000000000001,1.5724369567195011,0.07752422799258453,0.1097881189371582
1.1400000000000001,1.584601187765036,0.07761119587443265,0.11116214971053942
1.1500000000000001,1.5967583499647457,0.07770452117876693,0.11254745258429437
1.16,1.608908528932078,0.07780422230251322,0.11394411553909484
1.17,1.6210518086111552,0.0779103179600834,0.11535222767751616
1.18,1.6331882712750692,0.07802282717737469,0.11677187929116008
1.19,1.6453179977933317,0.07814176933976119,0.11820316128533279
1.2,1.6574410675788576,0.07826716417579989,0.11964616536864416
1.21,1.6695575586328129,0.07839903176060134,0.12110098400861884
1.22,1.6816675474480296,0.07853739249862865,0.12256771063152505
1.23,1.693771109101077,0.07868226713398918,0.12404643949581713
1.24,1.7058683174035687,0.07883367676935835,0.1255372654631001
1.25,1.7179592448770367,0.07899164285919234,0.12704028407432919
1.26,1.73004396278448,0.07915618721122986,0.12855559152572454
1.27,1.7421225409539247,0.0793273319584832,0.1300832849449475
1.28,1.7541950480366677,0.07950509959290483,0.1316234620397475
1.29,1.7662615515841549,0.07968951297332086,0.1331762210084355
1.3,1.778322118014792,0.0798805953177472,0.13474166060925893
1.31,1.7903768126501973,0.080078370205559,0.1363198801295224
1.32,1.8024256997514576,0.08028286157966007,0.13791097935470878
1.33,1.814468842544217,0.08049409374705575,0.13951505855209861
1.34,1.826506302772224,0.08071209131199307,0.1411322190667727
1.35,1.8385381411709407,0.08093687924067391,0.14276256272274848
1.36,1.8505644176562492,0.08116848288522546,0.14440619159411852
1.37,1.8625851911732583,0.081406927959064,0.14606320821760346
1.3800000000000001,1.8746005197253857,0.08165224053803864,0.14773371557098702
1.3900000000000001,1.8866104604034406,0.08190444706157515,0.1494178170515511
1.4000000000000001,1.8986150694101442,0.08216357433327214,0.15111561645831156
1.41,1.9106144017365427,0.08242964947971099,0.1528272182642481
1.42,1.9226085114675708,0.08270269998478798,0.15455272736441475
1.43,1.9345974519814162,0.08298275371129858,0.15629224891251683
1.44,1.946581275819309,0.0832698388829599,0.15804588843204878
1.45,1.958560034709115,0.08356398408489553,0.15981375179930166
1.46,1.9705337795889286,0.08386521826412054,0.1615959452263705
1.47,1.9825025606291964,0.08417357072984659,0.16339257524502554
1.48,1.9944664269907622,0.08448907112151958,0.16520374884560696
1.49,2.0064254270187676,0.08481174943011432,0.16702957336005547
1.5,2.0183796084481207,0.0851416360208429,0.1688701563381518
1.51,2.0303290182862814,0.0854787616164341,0.17072560561318473
1.52,2.0422737028324573,0.0858231572970813,0.17259602928753864
1.53,2.0542137076968063,0.0861748545003904,0.17448153571828115
1.54,2.0661490778194165,0.0865338850212961,0.17638223350284343
1.55,2.078079857294932,0.08690028098344244,0.1782982315485583
1.56,2.0900060894828614,0.08727407485250738,0.1802296390189379
1.57,2.1019278172091096,0.0876552994629211,0.1821765652405916
1.58,2.1138450826625577,0.08804398799981084,0.18413911974171884
1.59,2.1257579274107763,0.08844017399843696,0.18611741223920092
1.6,2.1376663924157344,0.08884389134362904,0.18811155262569237
1.61,2.149570518049517,0.0892551742692219,0.19012165095671305
1.62,2.1614703439678076,0.08967405733775297,0.19214781746090748
1.6300000000000001,2.1733659091611663,0.09010057544483364,0.1941901625213439
1.6400000000000001,2.185257252150188,0.09053476384349017,0.1962487966333745
1.6500000000000001,2.1971444108930642,0.0909766581285904,0.1983238304093438
1.6600000000000001,2.2090274227984668,0.09142629423588644,0.20041537456614225
1.67,2.2209063247384386,0.09188370844105982,0.20252353991275662
1.68,2.232781153061295,0.09234893735876677,0.20464843733782062
1.69,2.2446519434437695,0.09282201791471287,0.2067901778130056
1.7,2.256518730937221,0.09330298735028669,0.20894887237728924
1.71,2.268381550244853,0.09379188326595449,0.2111246320984578
1.72,2.2802404355758363,0.09428874359366593,0.21331756807630303
1.73,2.2920954206562607,0.09479360659557269,0.21552779143036427
1.74,2.303946538740689,0.09530651086284901,0.21775541328761103
1.75,2.3157938226237187,0.0958274953145122,0.22000054477012534
1.76,2.327637304651535,0.09635659919624338,0.22226329698278405
1.77,2.339477016733471,0.0968938620792079,0.22454378100094133
1.78,2.3513129903532795,0.09743932385882366,0.22684210785813488
1.79,2.3631452561594535,0.0979930246762008,0.22915838856902201
1.8,2.374973844240506,0.09855500496540757,0.231492734094991
1.81,2.386798784543084,0.09912530552697571,0.23384525529781802
1.82,2.3986201065857577,0.0997039674720209,0.23621606295227038
1.83,2.410437839467676,0.10029103222053051,0.2386052677340315
1.84,2.4222520118772253,0.10088654149965116,0.24101298020762627
1.85,2.4340626521006823,0.10149053734197647,0.243439310814346
1.86,2.445869788030873,0.10210306208383459,0.24588436986017387
1.87,2.457673447175828,0.102724158363576,0.24834826750370992
1.8800000000000001,2.4694736566635713,0.10335386911905488,0.2508311137443957
1.8900000000000001,2.4812704428793246,0.10399223750846551,0.2533330184391988
1.9000000000000001,2.4930638318150375,0.10463930697970568,0.2558540912641461
1.9100000000000001,2.5048538492667713,0.10529512130801466,0.2583944416876371
1.92,2.5166405206509417,0.1059597245541418,0.26095417897326645
1.93,2.528423871010731,0.10663316106216603,0.263533412167923
1.94,2.540203925022501,0.1073154754573154,0.26613225008988844
1.95,2.5519807070022003,0.10800671264378663,0.26875080131693685
1.96,2.5637542409117797,0.10870691780256457,0.27138917417443315
1.97,2.5755245503656004,0.10941613638924182,0.27404747672343255
1.98,2.587291658626315,0.11013441412948473,0.2767258167509522
1.99,2.5990555882630013,0.11086179693902135,0.2794243018299274
2.0,2.61081636155358,0.11159833100995897,0.28214303922560585
2.0100000000000002,2.6225740005576528,0.11234406282344817,0.2848821358699416
2.02,2.63432852698594,0.11309903911689263,0.2876416983779536
2.0300000000000002,2.646079962204743,0.1138633068813325,0.2904218330362288
2.04,2.657828327240397,0.11463691335882703,0.2932226457914227
2.05,2.6695736427837335,0.11541990603983798,0.2960442422387625
2.06,2.6813159291945383,0.11621233266061248,0.2988867276105487
2.07,2.6930552065060036,0.11701424120056604,0.3017502067646565
2.08,2.70479149440938,0.11782567987528862,0.30463478418087114
2.09,2.71652481193296,0.11864669706202868,0.3075405640780376
2.1,2.728255177877983,0.11947734139238564,0.31046765023202616
2.11,2.7399826108057534,0.12031766174586389,0.3134161459710843
2.12,2.7517071289428467,0.12116770722532866,0.3163861542035749
2.13,2.7634287501837873,0.12202752715399695,0.31937777740717793
2.14,2.7751474920937382,0.12289717107242919,0.3223911176180946
2.15,2.786863371911182,0.12377668873552024,0.325426276420249
2.16,2.7985764065506102,0.12466613010949107,0.3284833549344923
2.17,2.810286612605201,0.12556554536887973,0.3315624538078043
2.18,2.821994006316074,0.12647498488739708,0.33466367322074586
2.19,2.8336986032589184,0.12739449917692297,0.3377871130491359
2.2,2.8454004188239135,0.1283241389720691,0.3409328725928207
2.21,2.857099468136189,0.1292639552120832,0.3441010506097431
2.22,2.8687957659828474,0.13021399902395528,0.3472917453464417
2.23,2.8804893268138936,0.13117432171908813,0.35050505452820596
2.24,2.89218016474318,0.13214497478996823,0.353741075349234
2.25,2.9038682935493383,0.13312600990683604,0.3569999044627876
2.2600000000000002,2.9155537266767206,0.13411747891435724,0.36028163797135027
2.27,2.927236477236334,0.13511943382829295,0.363586371416782
2.2800000000000002,2.9389165579327066,0.13613192682240974,0.36691419981734863
2.29,2.950593980654059,0.1371550101710233,0.3702652179177869
2.3000000000000003,2.9622687572286686,0.1381887363452126,0.3736395197014681
2.31,2.9739408992098473,0.1392331579810337,0.37703719851719764
2.32,2.985610417794916,0.14028832786538983,0.38045834712123816
2.33,2.997277323824847,0.14135429893253143,0.3839030576682839
2.34,3.0089416277839054,0.14243112426055607,0.3873714217024359
2.35,3.0206033397992966,0.14351885706790898,0.3908635301481784
2.36,3.0322624696408043,0.14461755070988289,0.3943794733013527
2.37,3.043919026720438,0.14572725867511852,0.3979193408201342
2.38,3.055573020092075,0.14684803458210435,0.40148322171600603
2.39,3.0672244584511024,0.14797993217567718,0.405071204344736
2.4,3.078873350132601,0.1491230053233807,0.4086833763982704
2.41,3.0905197023176965,0.1502773079352837,0.4123198253953478
2.42,3.1021635216607857,0.1514428940211444,0.41598063827720316
2.43,3.1138048149473536,0.15261981775053185,0.41966590098401035
2.44,3.1254435885457164,0.15380813339636423,0.4233756987909378
2.45,3.137079848403915,0.1550078953311434,0.4271101163008569
2.46,3.148713600046609,0.15621915802318895,0.43086923743704786
2.47,3.160344848571972,0.15744197603287294,0.43465314543590833
2.48,3.171973598648581,0.1586764040088539,0.4384619228396589
2.49,3.1835998545123143,0.15992249668431166,0.4422956514890518
2.5,3.195223619963243,0.16118030887318108,0.4461544125160766
2.5100000000000002,3.2068448983625255,0.16244989546638713,0.450038286336669
2.52,3.2184636926293,0.16373131142807867,0.4539473526434159
2.5300000000000002,3.230080004925912,0.16502461178170783,0.4578816905550684
2.54,3.241693835858592,0.16632985158031985,0.4618413790098299
2.5500000000000003,3.253305186368292,0.16764708596450065,0.4658264958052039
2.56,3.2649140569854627,0.16897637013442943,0.4698371179640654
2.57,3.2765204477146814,0.17031775934245524,0.4738733217838519
2.58,3.288124358028332,0.17167130888922666,0.47793518283088665
2.59,3.299725786860283,0.173037074119821,0.48202277593470233
2.6,3.3113247325995725,0.1744151104198747,0.4861361751823656
2.61,3.322921193084082,0.17580547321171225,0.4902754539127999
2.62,3.3345151655942233,0.1772082179504765,0.49444068471111047
2.63,3.3461066468466143,0.17862340012025776,0.49863193940290684
2.64,3.357695632987762,0.180051075230224,0.5028492890486281
2.65,3.3692821195516083,0.18149129881065848,0.5070928039505349
2.66,3.3808661000268287,0.1829441264054749,0.511362554147205
2.67,3.3924475675347048,0.184409613572615,0.5156586088172831
2.68,3.4040265151378115,0.18588781588097697,0.5199810361633475
2.69,3.4156029352087,0.18737878890496057,0.5243299036253902
2.7,3.427176819419344,0.18888258822058665,0.5287052778766294
2.71,3.438748158730576,0.19039926940161564,0.5331072248193172
2.72,3.450316943381531,0.19192888801566682,0.5375358095805524
2.73,3.4618831628790865,0.19347149962033688,0.5419910965080886
2.74,3.473446805987304,0.1950271597593193,0.5464731491661471
2.75,3.4850078607168693,0.19659592395852268,0.5509820303312243
2.7600000000000002,3.4965663143145362,0.19817784772219035,0.5555178019879048
2.77,3.508122153252563,0.19977298652901854,0.5600805253246692
2.7800000000000002,3.519675362390073,0.20138139583640935,0.5646702608930096
2.79,3.5312259241969572,0.20300313108410792,0.5692870687542043
2.8000000000000003,3.5427738217516156,0.2046382476607751,0.5739310078818799
2.81,3.5543190372792353,0.20628680091435866,0.5786021364439949
2.82,3.5658615520578922,0.20794884614903145,0.5833005118150876
2.83,3.5774013464023904,0.20962443862136504,0.5880261905731898
2.84,3.5889383996481024,0.2113136335365034,0.5927792284967413
2.85,3.6004726901348154,0.21301648604433734,0.5975596805615049
2.86,3.61200419519057,0.21473305123567785,0.6023676009374798
2.87,3.6235328911155054,0.21646338413843055,0.6072030429858177
2.88,3.635058753165698,0.2182075397137691,0.6120660592557354
2.89,3.6465817555370075,0.21996557285230967,0.616956701481431
2.9,3.658101871153397,0.22173753837326318,0.6218750205919094
2.91,3.6696190690763406,0.22352349105983593,0.6268210668779234
2.92,3.6811333183045893,0.22532348559726076,0.6317948897368695
2.93,3.692644587318028,0.22713757657567538,0.6367965376987621
2.94,3.704152843300322,0.22896581849789394,0.6418260584734179
2.95,3.715658052115362,0.2308082657756942,0.6468834989478612
2.96,3.7271601782837007,0.2326649727261036,0.6519689051837255
2.97,3.7386591849589985,0.23453599356768662,0.6570823224146582
2.98,3.750155033904461,0.23642138241683075,0.6622237950437221
2.99,3.761647685469283,0.23832119328403387,0.6673933666408007
3.0,3.773137098565088,0.24023548007019027,0.6725910799399996
3.0100000000000002,3.78462323064237,0.24216429656287794,0.677816976837051
3.02,3.7961060376669344,0.24410769643264466,0.6830710983867162
3.0300000000000002,3.8075854720666555,0.24606573325173858,0.6883534847447437
3.04,3.8190614828757576,0.2480384604885381,0.693664175169856
3.0500000000000003,3.8305340198118762,0.250025931458497,0.6990032081331736
3.06,3.842003030840178,0.25202819934710446,0.7043706212497176
3.0700000000000003,3.853468462115535,0.2540453172065513,0.7097664512748787
3.08,3.8649302579493146,0.2560773379521229,0.715190734101555
3.09,3.8763883607761747,0.2581243143585928,0.7206435047572933
3.1,3.88784271112086,0.2601862990566161,0.7261247974014282
3.11,3.8992932475649913,0.2622633445291225,0.7316346453222212
3.12,3.910739906713865,0.26435550310771005,0.7371730809340017
3.13,3.9221826231632426,0.26646282696903806,0.7427401357743051
3.14,3.933621329466148,0.26858536813122097,0.7483358405010145
3.15,3.945055955430401,0.2707231784533287,0.7539602248253217
3.16,3.956486424150799,0.27287630965004933,0.7596133171315687
3.17,3.9679126590944755,0.2750448132550295,0.765295145157003
3.18,3.979334582101444,0.277228740626398,0.7710057358003695
3.19,3.99075211254425,0.2794281429469061,0.77674511504165
3.2,4.0021651672825165,0.28164307122037835,0.7825133079380304
3.21,4.01357366061748,0.28387357626816223,0.7883103386198631
3.22,4.024977504246535,0.2861197087255792,0.7941362302866336
3.23,4.036376607217768,0.28838151903837406,0.799991005202923
3.24,4.047770875884506,0.2906590574591661,0.8058746846943751
3.25,4.059160213859848,0.2929523740438984,0.8117872891436588
3.2600000000000002,4.070544521971214,0.295261518648289,0.8177288379864347
3.27,4.081923698211185,0.2975865409242695,0.8236993497067839
3.2800000000000002,4.0932976342975635,0.2999274903064772,0.8296988413418757
3.29,4.104666217899328,0.30228441601536826,0.8357273288066819
3.3000000000000003,4.1160293356955835,0.30465736706277724,0.8417848273392589
3.31,4.127386870984368,0.3070463922414839,0.8478713511572017
3.3200000000000003,4.138738703615959,0.30945154012160236,0.8539869134505371
3.33,4.150084709926173,0.3118728590469681,0.8601315263746128
3.34,4.161424762669668,0.3143103971315265,0.8663052010429895
3.35,4.1727587309532534,0.3167642022557206,0.8725079475203316
3.36,4.18408648016918,0.3192343220628787,0.8787397748152967
3.37,4.195407871928455,0.3217208039556031,0.8850006908734293
3.38,4.206722763041134,0.3242236950737095,0.8912907023359405
3.39,4.218031005083996,0.3267430422835381,0.8976098144427841
3.4,4.229332446812036,0.32927889222231205,0.9039580316343182
3.41,4.240626932804849,0.33183129126961475,0.9103353572280642
3.42,4.2519143033594995,0.33440028554299434,0.9167417934016627
3.43,4.2631943944145725,0.33698592089417334,0.9231773411834927
3.44,4.274467037474218,0.3395882429052566,0.9296420004432882
3.45,4.28573205953221,0.34220729688494106,0.9361357698827578
3.46,4.296989282995986,0.34484312786472365,0.9426586470262011
3.47,4.308238525610706,0.3474957805951111,0.9492106282111276
3.48,4.319479599403992,0.35016529952190834,0.9557917083614105
3.49,4.330712308319987,0.3528517287358491,0.9624018804693945
3.5,4.341936453502983,0.3555551120778194,0.9690411367766502
3.5100000000000002,4.3531518311202815,0.3582754930923286,0.9757094682980082
3.52,4.364358231998976,0.3610129150178738,0.9824068647483845
3.5300000000000002,4.375555441533383,0.363767420782812,0.9891333145297099
3.54,4.386743239592463,0.36653905300122935,0.9958888047178539
3.5500000000000003,4.3979214004272595,0.3693278539688134,1.0026733210495542
3.56,4.409089692578309,0.37213386565872236,1.0094868479093406
3.5700000000000003,4.420247878783085,0.37495712971745704,1.016329368316464
3.58,4.431395715521622,0.3777976874464924,1.023200863793095
3.59,4.442532950447078,0.38065557970067304,1.0301013135384365
3.6,4.453659326387569,0.3835308470452171,1.03703069575928
3.61,4.46477458027888,0.38642352971322724,1.043988987337068
3.62,4.475878442558614,0.3893336675813621,1.0509761636463812
3.63,4.486970637060516,0.3922613001651908,1.0579921985375662
3.64,4.49805088090882,0.3952064666145493,1.0650370643193685
3.65,4.509118884412573,0.3981692057088951,1.0721107317415608
3.66,4.52017435095998,0.40114955585266354,1.0792131699775755
3.67,4.531216976912733,0.4041475550706226,1.0863443466071327
3.68,4.542246451424553,0.40716324099753287,1.093504227558696
3.69,4.553262454552265,0.4101966507394843,1.1006927761468204
3.7,4.564264659353211,0.4132478210348216,1.1079099542226047
3.71,4.57525273190592,0.4163167882589924,1.1151557222232853
3.72,4.586226330575182,0.41940358837261293,1.1224300388213073
3.73,4.597185105897319,0.4225082569161418,1.12973286090215
3.74,4.608128700465469,0.42563082900455557,1.1370641435421578
3.75,4.619056748814859,0.42877133932202244,1.1444238399863684
3.7600000000000002,4.62996887730808,0.4319298221165784,1.1518119016263426
3.77,4.640864704020371,0.4351063111948005,1.159228277977991
3.7800000000000002,4.651743838624845,0.4383008399161713,1.1666729166577299
3.79,4.662605882254547,0.4415134410372944,1.1741457625513874
3.8000000000000003,4.6734504274044815,0.44474414681507696,1.1816467583754082
3.81,4.684277057836172,0.44799298912642355,1.189175845326837
3.8200000000000003,4.695085348447718,0.45125999936421685,1.1967329625305276
3.83,4.705874865158925,0.4545452084310727,1.204318047012028
3.84,4.716645164796438,0.4578486467330969,1.2119310336704734
3.85,4.727395794978885,0.4611703441736406,1.2195718552514727
3.86,4.738126294002006,0.46451033014705617,1.2272404423199978
3.87,4.748836190723791,0.4678686335324538,1.2349367232332746
3.88,4.759525004449616,0.4712452826874563,1.2426606241136684
3.89,4.77019224641737,0.4746403053265665,1.2504120683394342
3.9,4.7808374201394725,0.4780537284819714,1.2581909763799266
3.91,4.7914600173712785,0.48148557877977155,1.26599726694876
3.92,4.802059520071164,0.48493588228409107,1.2738308563514271
3.93,4.812635400342673,0.4884046644867241,1.2816916584410136
3.94,4.823187120334641,0.4918919502998079,1.2895795845865656
3.95,4.833714132141327,0.4953977640484992,1.2974945436414647
3.96,4.844215877702537,0.4989221294636473,1.3054364419117945
3.97,4.854691788703757,0.5024650696744699,1.3134051831247167
3.98,4.865141286476279,0.5060266072012272,1.3214006683968373
3.99,4.875563784214933,0.5096067638728466,1.329422796008469
4.0,4.885958691847593,0.5132055606586761,1.3374714609557818
4.01,4.896325403884841,0.5168230180513842,1.3455465559284785
4.0200000000000005,4.906663304155734,0.520459155903045,1.3536479708731493
4.03,4.916971766310382,0.524113993398302,1.361775592911182
4.04,4.927250153757653,0.5277875490458276,1.369929306303991
4.05,4.937497819602887,0.5314798406697806,1.3781089924182361
4.0600000000000005,4.947714106585597,0.5351908854012636,1.386314529691049
4.07,4.957898347017173,0.5389206996697802,1.3945457935952543
4.08,4.968049862718598,0.5426692991946944,1.4028026566045964
4.09,4.978167966420846,0.5464366989495535,1.411084988141091
4.1,4.988251971519344,0.5502229129714422,1.4193926544203181
4.11,4.998301177005557,0.5540279546308094,1.427725518599977
4.12,5.00831487079486,0.5578518365600362,1.4360834407036887
4.13,5.018292331508953,0.5616945706106752,1.4444662775636865
4.14,5.02823282851913,0.5655561678429489,1.4528738827847485
4.15,5.038135621989547,0.5694366385152504,1.4613061067081323
4.16,5.047999962920482,0.5733359920736409,1.469762796375506
4.17,5.057825094317962,0.5772542371356885,1.4782437955954562
4.18,5.067610255428316,0.581191381458888,1.4867489452890932
4.19,5.077354674158702,0.5851474319684953,1.4952780827598315
4.2,5.087057569577461,0.5891223947346685,1.5038310418810739
4.21,5.0967181525428265,0.5931162749590262,1.5124076531134594
4.22,5.1063356257973895,0.597129076963888,1.5210077434734592
4.23,5.115909184062573,0.6011608041815172,1.5296311365019737
4.24,5.125438014133095,0.6052114591433618,1.5382776522329265
4.25,5.134921298612694,0.6092810434442413,1.5469471073353607
4.26,5.144358223179985,0.6133695576822371,1.5556393154237276
4.2700000000000005,5.153747960189654,0.6174770015614345,1.56435408624063
4.28,5.163089675332566,0.6216033738359816,1.5730912259382483
4.29,5.1723825284869935,0.6257486722941262,1.5818505370829985
4.3,5.181625673926181,0.6299128937466777,1.590631818629516
4.3100000000000005,5.190818260525918,0.634096034015472,1.5994348658946418
4.32,5.1999594319721005,0.638298087921834,1.608259470531405
4.33,5.209048331975067,0.6425190492657586,1.6171054209817837
4.34,5.218084108667846,0.6467589108066024,1.6259725028514174
4.3500000000000005,5.227065899920544,0.6510176642791657,1.6348604974594418
4.36,5.235992840514081,0.6552953003692372,1.6437691824786076
4.37,5.2448640627217005,0.6595918087013664,1.6526983319450272
4.38,5.253678696628923,0.6639071778271174,1.6616477162429062
4.39,5.26243587045351,0.6682413952133249,1.670617102089276
4.4,5.271134710865423,0.6725944472303501,1.6796062525187276
4.41,5.279774350215938,0.6769663191476248,1.688614927723114
4.42,5.288353927221137,0.681356995122293,1.6976428850812708
4.43,5.296872574623501,0.6857664581741072,1.7066898775773418
4.44,5.305329426453747,0.6901946901810103,1.7157556546445332
4.45,5.313723618516878,0.6946416718675642,1.7248399621703956
4.46,5.322054288828951,0.699107382793331,1.7339425424960175
4.47,5.330320578053839,0.7035918013412499,1.7430631344152074
4.48,5.33852162994605,0.7080949047060711,1.7522014731747482
4.49,5.346656599608838,0.7126166689523594,1.761357291850197
4.5,5.35472464991683,0.7171570689671418,1.7705303206385585
4.51,5.362724944375061,0.7217160783808245,1.7797202855237306
4.5200000000000005,5.370656652749977,0.7262936696018131,1.7889269091899174
4.53,5.378518951609363,0.7308898138058084,1.798149911038971
4.54,5.386311024862278,0.7355044809251053,1.8073890072077412
4.55,5.394032064298972,0.7401376396378887,1.8166439105854166
4.5600000000000005,5.401681270223802,0.7447892573595635,1.825914330858636
4.57,5.4092578582486075,0.7494593003687254,1.8351999763962872
4.58,5.4167610543667495,0.7541477336769989,1.8445005526345881
4.59,5.424190092774251,0.7588545209589089,1.853815761282519
4.6000000000000005,5.431544219230772,0.7635796246028361,1.8631453011816137
4.61,5.438822691669871,0.7683230057018502,1.8724888683443046
4.62,5.4460247808092666,0.7730846240445459,1.8818461559922741
4.63,5.453149770761098,0.7778644381058762,1.8912168545948007
4.64,5.46019695972381,0.7826624050480159,1.900600652001805
4.65,5.467165662415352,0.7874784809351862,1.9099972355971353
4.66,5.474055208621066,0.7923126204710781,1.9194062899441875
4.67,5.480864943642677,0.7971647769698725,1.9288274966371581
4.68,5.487594229495136,0.8020349024191482,1.9382605350199276
4.69,5.4942424455358685,0.8069229474730503,1.9477050822464375
4.7,5.500808989094021,0.8118288614454549,1.957160813341065
4.71,5.507293276099712,0.8167525923031402,1.966627401259005
4.72,5.513694741301295,0.821694086686668,1.9761045171357512
4.73,5.520012834503507,0.8266532901989683,1.9855918323630684
4.74,5.526247027147935,0.8316301469981298,1.9950890159176486
4.75,5.53239681218284,0.8366245998416617,2.0045957347700876
4.76,5.538461703659144,0.8416365901491724,2.014111654419539
4.7700000000000005,5.544441237314294,0.846666057998591,2.023636438974929
4.78,5.550334971156132,0.8517129421223865,2.0331697512361555
4.79,5.556142486046754,0.8567771799037902,2.0427112527753066
4.8,5.561863384514546,0.8618587074305071,2.0522606042877953
4.8100000000000005,5.567497281121196,0.8669574598224455,2.06181746723005
4.82,5.573043819332311,0.8720733706994758,2.0713815014195225
4.83,5.57850266797107,0.8772063723116658,2.080952365745116
4.84,5.583873520023659,0.8823563955932066,2.0905297185193246
4.8500000000000005,5.589156093110639,0.8875233701622834,2.100113217576584
4.86,5.594350129958317,0.892707224320945,2.1097025203716124
4.87,5.599455398870114,0.8979078850549764,2.1192972840777644
4.88,5.604471690062057,0.9031252781322208,2.128897165958174
4.89,5.609398802944222,0.9083593284164262,2.1385018243341096
4.9,5.614236571846374,0.913609959265958,2.148110917017553
4.91,5.618984857825703,0.9188770927398979,2.1577241019809956
4.92,5.623643547428137,0.9241606496386255,2.167341037568585
4.93,5.628212552990259,0.9294605495077201,2.1769613826056458
4.94,5.632691812941245,0.9347767106418654,2.186584796508202
4.95,5.637081292104781,0.9401090500887532,2.1962109393924996
4.96,5.641380976287999,0.9454574837681062,2.2058394723004002
4.97,5.645590862023432,0.9508219266883666,2.2154700575230692
4.98,5.649710979513846,0.9562022924943424,2.225102358251276
4.99,5.653741383935759,0.9615984936524302,2.234736038867411
5.0,5.657682154707052,0.9670104414753631,2.244370765075994
5.01,5.661533395491227,0.9724380461321107,2.2540062040192272
5.0200000000000005,5.6652952338581954,0.9778812166640865,2.2636420243636457
5.03,5.6689678161631285,0.9833398610891086,2.2732778959842137
5.04,5.672551313323152,0.9888138863053697,2.2829134905658166
5.05,5.6760459207162555,0.994303198103271,2.2925484817099493
5.0600000000000005,5.679451856872373,0.9998077011994242,2.302182544939736
5.07,5.682769363384055,1.0053272992482705,2.311815357807607
5.08,5.685998704817128,1.0108618948537016,2.321446600002983
5.09,5.6891401624004105,1.0164113896903304,2.3310759532322614
5.1000000000000005,5.692194033228391,1.0219756845275896,2.3407031013005803
5.11,5.695160640593259,1.0275546790576622,2.350327730600938
5.12,5.698040328309825,1.0331482720055594,2.3599495300174342
5.13,5.700833460415761,1.0387563611444472,2.3695681910252424
5.14,5.70354042089827,1.0443788433105095,2.3791834077915612
5.15,5.706161612139936,1.0500156144420747,2.3887948771289533
5.16,5.708697448624056,1.0556665697085394,2.3984022979023822
5.17,5.711148365968419,1.0613316033489288,2.408005372202729
5.18,5.713514818060959,1.0670106087358397,2.4176038051491435
5.19,5.715797275905493,1.0727034784069918,2.427197304888473
5.2,5.717996227227447,1.0784101040823801,2.436785582682266
5.21,5.720112176013147,1.0841303766829247,2.4463683529818687
5.22,5.722145637722117,1.0898641864463556,2.4559453327273713
5.23,5.7240971422068805,1.0956114228698914,2.4655162420290684
5.24,5.725967235283921,1.1013719746832262,2.47508080460698
5.25,5.727756476479683,1.1071457299074812,2.4846387475442757
5.26,5.729465438547658,1.1129325758743467,2.494189801358386
5.2700000000000005,5.731094706985489,1.1187323992452307,2.503733700072109
5.28,5.732644878502837,1.124545086054595,2.5132701809080173
5.29,5.734116559041707,1.1303705217636164,2.5227989838221787
5.3,5.735510366893627,1.1362085911963204,2.532319852867815
5.3100000000000005,5.736826930700058,1.1420591785936987,2.5418325357218743
5.32,5.738066888831755,1.1479221676360296,2.5513367837066885
5.33,5.739230888857229,1.1537974414631484,2.560832351843625
5.34,5.740319586954458,1.1596848826985844,2.570318998797456
5.3500000000000005,5.741333646743864,1.1655843735131828,2.579796485706582
5.36,5.742273739606326,1.1714957955874128,2.589264577872218
5.37,5.743140544053481,1.1774190301383345,2.598723044623056
5.38,5.74393474504338,1.1833539579502896,2.6081716590747264
5.39,5.744657033442338,1.1893004593956193,2.61761019817071
5.4,5.7453081054867825,1.1952584144553844,2.627038442723247
5.41,5.7458886622450995,1.2012277027400817,2.636456177454242
5.42,5.746399409407957,1.2072082035151535,2.6458631906573213
5.43,5.746841058470452,1.2131997957467808,2.6552592722545967
5.44,5.747214323378962,1.2192023580815692,2.664644217084316
5.45,5.747519920752695,1.2252157688783398,2.674017824065545
5.46,5.747758569630383,1.2312399062330033,2.6833798959105493
5.47,5.747930990951601,1.2372746479995598,2.692730239143242
5.48,5.748037907038087,1.2433198718111023,2.702068664117638
5.49,5.748080041075059,1.249375455100818,2.711394985036301
5.5,5.748058118262837,1.255441275103938,2.720709019454778
5.51,5.747972869438328,1.2615172088315094,2.730010587025942
5.5200000000000005,5.74782502188463,1.2676031331903213,2.7392995121871024
5.53,5.747615302050162,1.2736989249669717,2.7485756231820373
5.54,5.747344435508279,1.2798044608434145,2.7578387519322636
5.55,5.747013146497803,1.285919617417286,2.767088734037258
5.5600000000000005,5.746622157463558,1.292044271222232,2.776325408774692
5.57,5.746172188596902,1.2981782987482329,2.7855486191006524
5.58,5.745663960794986,1.3043215764093463,2.794758210996002
5.59,5.745098198399548,1.3104739805148344,2.803954032854893
5.6000000000000005,5.744475618108342,1.3166353874529932,2.813135937517956
5.61,5.743796933407343,1.3228056736362312,2.8223037813369283
5.62,5.743062854397084,1.3289847155170038,2.8314574241202255
5.63,5.74227408741312,1.3351723896069079,2.840596729117875
5.64,5.74143133464651,1.341368572495781,2.8497215630064585
5.65,5.740535293764283,1.347573140870797,2.8588317958740515
5.66,5.739586662850078,1.353785971433143,2.867927300507194
5.67,5.738586139842833,1.3600069409206172,2.877007952399686
5.68,5.737534413122637,1.3662359263006547,2.8860736309227915
5.69,5.736432166205075,1.3724728046917463,2.8951242186445305
5.7,5.735280077473451,1.378717453380382,2.9041596012999524
5.71,5.734078819886854,1.3849697498384663,2.9131796677645894
5.72,5.732829060688227,1.3912295717407255,2.9221843100278995
5.73,5.73153146446575,1.3974967969034304,2.93117342285774
5.74,5.730186684509878,1.4037713034977735,2.940146904543281
5.75,5.728795384504117,1.4100529695514292,2.949104654842953
5.76,5.727358211923633,1.416341673583349,2.958046577382067
5.7700000000000005,5.725875808421473,1.4226372943705972,2.9669725786423697
5.78,5.724348809564336,1.4289397109651087,2.9758825679329357
5.79,5.7227778445790785,1.435248802710202,2.9847764573600775
5.8,5.721163536110004,1.4415644492568327,2.993654161796254
5.8100000000000005,5.719506500204398,1.4478865305733402,3.0025155988351666
5.82,5.717807352992279,1.4542149267626516,3.0113606883516484
5.83,5.716066703207386,1.460549518286906,3.0201893528963284
5.84,5.714285150691972,1.4668901860199715,3.029001517736991
5.8500000000000005,5.712463288808283,1.473236811187624,3.037797110669153
5.86,5.710601704385276,1.4795892753786941,3.0465760619716606
5.87,5.708700977681898,1.4859474605557985,3.0553383043609608
5.88,5.706761682366928,1.492311249065648,3.0640837729440284
5.89,5.704784385515375,1.4986805236489373,3.0728124051699663
5.9,5.702769647621447,1.5050551674498163,3.081524140780271
5.91,5.70071802290434,1.5114350639889271,3.0902189218930247
5.92,5.698630059554221,1.5178200971459794,3.0988966930483755
5.93,5.696506299013215,1.524210151269857,3.1075574007720723
5.94,5.69434727643804,1.5306051111364312,3.1162009937081283
5.95,5.6921535208183744,1.5370048619529846,3.1248274225734813
5.96,5.6899255550996966,1.5434092893638,3.1334366401054035
5.97,5.687663896323161,1.5498182794552626,3.142028601007798
5.98,5.6853690557825045,1.5562317187604835,3.150603261896407
5.99,5.683041539197994,1.5626494942634377,3.1591605812429053
6.0,5.680681845661456,1.5690714934249272,3.167700519455121
6.01,5.67829045713701,1.5754976043773732,3.176223039998093
6.0200000000000005,5.675867854137662,1.5819277156509952,3.184728107633234
6.03,5.6734145130536415,1.5883617162281676,3.19321568867891
6.04,5.67093090402292,1.5947994955879063,3.201685751212087
6.05,5.668417491014506,1.6012409437105701,3.2101382650270667
6.0600000000000005,5.665874731919888,1.6076859510822452,3.2185732015940944
6.07,5.663303078652633,1.6141344086988034,3.2269905340178497
6.08,5.6607029772561415,1.6205862080696432,3.2353902369958143
6.09,5.658074868019312,1.6270412412211086,3.243772286776532
6.1000000000000005,5.655419181926564,1.633499400775475,3.2521366614214458
6.11,5.652736342400854,1.6399605799204466,3.260483340629737
6.12,5.650026769451383,1.6464246723288294,3.2688123053649316
6.13,5.647290877101299,1.652891572216858,3.2771235380375665
6.140000000000001,5.644529073459314,1.6593611743477588,3.2854170224698507
6.15,5.641741760795477,1.6658333740350673,3.2936927438605306
6.16,5.638929335621116,1.672308067145714,3.3019506887499666
6.17,5.636092188772938,1.678785150102863,3.310190844985412
6.18,5.633230705501301,1.6852645198885141,3.318413201686499
6.19,5.630345265035135,1.6917460740581434,3.3266177492662417
6.2,5.6274362390514066,1.698229710780698,3.3348044795675174
6.21,5.6245039949473234,1.7047153287666585,3.3429733854966885
6.22,5.621548894807036,1.711202827296173,3.351124461109245
6.23,5.618571295284191,1.717692106225733,3.3592577016000775
6.24,5.615571547678394,1.7241830659901891,3.3673731032740584
6.25,5.612549998014166,1.7306756076045717,3.3754706635170146
6.26,5.609506987122381,1.7371696326657056,3.383550380767077
6.2700000000000005,5.606442850724186,1.743665043353625,3.3916122544864136
6.28,5.603357919477886,1.7501617424329037,3.3996562851357335
6.29,5.600252517680853,1.7566596332577264,3.4076824742306426
6.3,5.597126964788012,1.7631586197685274,3.415690824228246
6.3100000000000005,5.593981575811382,1.7696586064917086,3.4236813384819342
6.32,5.590816660876723,1.776159498541628,3.4316540212476547
6.33,5.587632525297118,1.782661201620887,3.439608877659478
6.34,5.584429469647844,1.7891636220204141,3.4475459137056044
6.3500000000000005,5.581207789842572,1.795666666619357,3.455465136204831
6.36,5.577967777210867,1.8021702428847715,3.463366552783472
6.37,5.574709718577001,1.8086742588711195,3.4712501718527333
6.38,5.571433895876474,1.8151786232491145,3.479116002578274
6.390000000000001,5.5681405858610775,1.8216832453288117,3.4869640548517786
6.4,5.56483006155203,1.8281880349711603,3.494794339294122
6.41,5.561502591661814,1.834692902628921,3.5026068672227577
6.42,5.55815844063787,1.8411977593478277,3.510401650630616
6.43,5.554797868731146,1.8477025167660537,3.5181787021658764
6.44,5.551421132065126,1.8542070871135332,3.5259380351121834
6.45,5.5480284827053525,1.8607113832111348,3.533679663369296
6.46,5.544620168729444,1.8672153184696958,3.541403601434184
6.47,5.541196434206159,1.873718806892707,3.549109864380415
6.48,5.537757518459425,1.8802217631086133,3.556798467821219
6.49,5.534303657368529,1.886724102318309,3.5644694279206823
6.5,5.5308350832041775,1.8932257403034032,3.5721227613710753
6.51,5.527352024510831,1.899726593432428,3.5797584853716797
6.5200000000000005,5.5238547061708845,1.9062265786593648,3.587376617612316
6.53,5.520343349468994,1.9127256135220365,3.5949771762572915
6.54,5.516818172156538,1.9192236161403726,3.60256017992979
6.55,5.513279388516239,1.9257205052145412,3.6101256476966843
6.5600000000000005,5.5097272094269085,1.932216200022951,3.6176735990537843
6.57,5.506161842428348,1.9387106204201205,3.6252040539115122
6.58,5.502583491750784,1.945203686836609,3.632717032578608
6.59,5.4989923572278485,1.9516953203473926,3.6402125556707654
6.6000000000000005,5.495388635665414,1.958185442589283,3.6476906441857384
6.61,5.4917725211101205,1.964673975745801,3.655151319504466
6.62,5.488144204460715,1.9711608425722988,3.662594603348198
6.63,5.484503873521275,1.977645966393816,3.6700205177659084
6.640000000000001,5.480851713054067,1.9841292711028358,3.677429085122114
6.65,5.4771879048320535,1.9906106811569422,3.68482032808508
6.66,5.473512627691045,1.9970901215763788,3.692194269615437
6.67,5.469826057581486,2.0035675179415033,3.69955093295518
6.68,5.466128367619896,2.010042796390147,3.706890341617079
6.69,5.462419728139821,2.0165158836148884,3.714212519374438
6.7,5.458700306405628,2.0229867069089167,3.721517490148562
6.71,5.45497026686008,2.0294551941345813,3.728805278059491
6.72,5.451229771512177,2.0359212736715118,3.736075907519987
6.73,5.447478979740215,2.0423848744491213,3.7433294031517477
6.74,5.443718048336546,2.0488459259440197,3.750565789775804
6.75,5.439947131551792,2.055304358177355,3.757785092403269
6.76,5.4361663811385235,2.0617601017120784,3.7649873362264263
6.7700000000000005,5.432375946394398,2.0682130876501366,3.772172546610155
6.78,5.4285759742047635,2.07466324762959,3.7793407490837034
6.79,5.424766609084714,2.081110513821661,3.7864919693328014
6.8,5.420947993220618,2.0875548189277016,3.793626233192113
6.8100000000000005,5.417120266414914,2.0939960962027824,3.800743566576079
6.82,5.413283566081623,2.1004342794649795,3.807843995443103
6.83,5.40943802754234,2.1068693030210763,3.8149275459539984
6.84,5.405583783933128,2.1133011016999936,3.8219942443804746
6.8500000000000005,5.40172096623787,2.119729610850911,3.829044117095773
6.86,5.397849703324499,2.1261547663403704,3.8360771905678437
6.87,5.393970121980602,2.132576504549326,3.8430934913528114
6.88,5.390082346948413,2.1389947623701433,3.8500930460887366
6.890000000000001,5.38618650095918,2.145409477203546,3.8570758814896604
6.9,5.382282704766921,2.1518205869555107,3.864042024339941
6.91,5.378371077181553,2.1582280300341146,3.8709915014888865
6.92,5.374451735108764,2.1646317453579367,3.8779243398093204
6.93,5.370524793599396,2.171031672380393,3.88484056610639
6.94,5.366590365840804,2.1774277510234508,3.891740207310256
6.95,5.36264856320327,2.183819921699118,3.898623290394054
6.96,5.358699495272312,2.190208125309639,3.9054898423586972
6.97,5.354743269878379,2.1965923032444494,3.9123398902279187
6.98,5.350779993125929,2.2029723973771054,3.9191734610435516
6.99,5.346809769421891,2.2093483500621707,3.925990581861043
7.0,5.342832701503535,2.215720104132075,3.932791279745214
7.01,5.338848890465715,2.222087602893934,3.9395755817662517
7.0200000000000005,5.334858435787521,2.228450790126336,3.9463435149959425
7.03,5.330861435375443,2.234809610081153,3.953095106488271
7.04,5.326857985702414,2.241164007513826,3.9598303831709214
7.05,5.322848181646372,2.247513927625018,3.966549372014704
7.0600000000000005,5.318832116560564,2.253859316070883,3.9732520999880485
7.07,5.314809882320567,2.260200118966592,3.979938594032745
7.08,5.310781569348551,2.26653628288329,3.9866088810604237
7.09,5.306747266636999,2.272867754845032,3.99326298794922
7.1000000000000005,5.302707061771858,2.279194482325698,3.999900941540632
7.11,5.2986610409551425,2.2855164132458876,4.00652276863657
7.12,5.294609289026971,2.2918334959697995,4.0131284959966
7.13,5.290551889487046,2.2981456793020847,4.019718150335374
7.140000000000001,5.286488924523162,2.304452912485798,4.026291758315905
7.15,5.282420475191261,2.310755145222646,4.0328493464558175
7.16,5.2783466212368335,2.3170523276406723,4.039390941239118
7.17,5.274267441109509,2.323344410290345,4.045916569117068
7.18,5.270183012036003,2.3296313441492793,4.052426256475459
7.19,5.266093410039961,2.335913080619225,4.058920029632215
7.2,5.261998709961303,2.3421895715230403,4.065397914835147
7.21,5.257898985475084,2.3484607691016635,4.071859938259863
7.22,5.2537943091098525,2.354726626011069,4.078306126007826
7.23,5.249684752265536,2.360987095319213,4.084736504104572
7.24,5.245570385230825,2.3672421305029725,4.091151098498069
7.25,5.241451277201174,2.3734916854451944,4.097549935056738
7.26,5.2373274965489385,2.3797357144594193,4.103933039453029
7.2700000000000005,5.233199110604833,2.385974172261094,4.110300437268598
7.28,5.2290661855046014,2.3922070139459755,4.116652154069819
7.29,5.2249287863679506,2.398434195004995,4.122988215332538
7.3,5.220786977314026,2.4046556713212466,4.129308646440871
7.3100000000000005,5.216640821476421,2.4108713991669695,4.135613472686164
7.32,5.212490381017736,2.417081335200527,4.141902719266086
7.33,5.208335717143662,2.423285436463379,4.148176411283858
7.34,5.204176890116612,2.4294836603770436,4.154434573747623
7.3500000000000005,5.200013959268889,2.435675964740055,4.1606772315699585
7.36,5.195846983015402,2.4418623077249135,4.166904409567522
7.37,5.191676018865897,2.448042647875031,4.173116132460839
7.38,5.187501123436756,2.4542169441016664,4.179312424874236
7.390000000000001,5.1833223524623175,2.460385155680858,4.185493311335898
7.4,5.17913976080574,2.466547242250344,4.19165881627808
7.41,5.174953402469406,2.472703163806483,4.197808964037453
7.42,5.170763331052237,2.4788528807465275,4.203943778661439
7.43,5.166569599992126,2.4849963538891484,4.210063283807761
7.44,5.162372261189503,2.491133544330846,4.21616750334641
7.45,5.1581713657436055,2.4972644135166298,4.222256461044765
7.46,5.153966963990344,2.5033889232399207,4.228330180555708
7.47,5.149759105513311,2.509507035639772,4.2343886854173505
7.48,5.145547839154406,2.515618713198087,4.2404319990528485
7.49,5.141333213024095,2.52172391873684,4.246460144770322
7.5,5.137115274511308,2.5278226154153085,4.252473145762877
7.51,5.132894070292966,2.5339147667272948,4.258471025108716
7.5200000000000005,5.128669646343143,2.5400003364983625,4.2644538057713595
7.53,5.124442047941854,2.5460792888830683,4.270421510599949
7.54,5.120211319683485,2.552151588362199,4.27637416232967
7.55,5.11597750548485,2.558217199740013,4.282311783582255
7.5600000000000005,5.111740648592883,2.5642760881414812,4.288234396866595
7.57,5.107500791591957,2.5703282190095327,4.294142024579442
7.58,5.1032579765823005,2.576373558113689,4.300034688945535
7.59,5.099012245915523,2.5824120715957197,4.305912411760473
7.6000000000000005,5.094763640712255,2.5884437258680473,4.311775214918632
7.61,5.090512201367952,2.594468487644202,4.317623120237304
7.62,5.086257967693785,2.600486323945075,4.323456149409966
7.63,5.082000978924829,2.606497202096381,4.329274324006492
7.640000000000001,5.077741273727949,2.612501089726136,4.335077665473439
7.65,5.073478890209422,2.618497954762132,4.340866195134402
7.66,5.0692138659222605,2.624487765429438,4.346639934190433
7.67,5.06494623787327,2.6304704902478884,4.352398903720529
7.68,5.060676042529819,2.6364460980296,4.358143124682192
7.69,5.056403315826324,2.6424145578764815,4.36387261791205
7.7,5.052128093170459,2.6483758391777603,4.369587404126555
7.71,5.04785040944908,2.654329911607518,4.375287503922741
7.72,5.043570299033874,2.6602767451222284,4.380972937779053
7.73,5.039287795786714,2.6662163099583105,4.386643726056251
7.74,5.03500293309528,2.6721485766310398,4.3922998889883775
7.75,5.030715744578615,2.6780735159632285,4.39794144645462
7.76,5.0264262631413725,2.6839910990406124,4.403568418291193
7.7700000000000005,5.02213452096868,2.68990129720902,4.409180824295578
7.78,5.0178405497965075,2.6958040820837885,4.414778684140628
7.79,5.013544380917834,2.701699425547483,4.420362017375064
7.8,5.009246045188602,2.7075872997476127,4.425930843424006
7.8100000000000005,5.004945573033465,2.7134676770943704,4.431485181589557
7.82,5.000642994451318,2.719340530258376,4.437025051051428
7.83,4.996338339020618,2.7252058321684385,4.442550470867616
7.84,4.9920316359045005,2.7310635560093224,4.448061459975112
7.8500000000000005,4.987722913855676,2.736913675219531,4.453558037190669
7.86,4.983412201221124,2.7427561634890982,4.459040221211608
7.87,4.979099525946568,2.7485909947573965,4.464508030616669
7.88,4.9747849155807495,2.75441814321095,4.469961483866904
7.890000000000001,4.970468397279481,2.760237583281264,4.4754005993066315
7.9,4.966149997809493,2.766049289642663,4.480825395164406
7.91,4.961829743938664,2.771853237229126,4.486235889432225
7.92,4.957507662238884,2.777649401222297,4.491632099929802
7.930000000000001,4.953183778563744,2.783437757023565,4.49701404447133
7.94,4.948858118419284,2.7892182802699987,4.502381740750742
7.95,4.944530706969007,2.7949909468323595,4.507735206342223
7.96,4.940201569038416,2.8007557328131023,4.513074458700851
7.97,4.935870729119374,2.8065126145443973,4.518399515163275
7.98,4.931538211374325,2.812261568586161,4.523710392948411
7.99,4.927204039640341,2.818002571724106,4.529007109158173
8.0,4.922868237433027,2.823735600967803,4.534289680778228
8.01,4.918530827950259,2.829460633548756,4.539558124678783
8.02,4.91419183407577,2.8351776469184937,4.544812457615397
8.03,4.909851278382578,2.8408866187466737,4.550052696229821
8.040000000000001,4.905509183136258,2.8465875269192047,4.55527885705087
8.05,4.901165570298055,2.852280349536373,4.560490956495311
8.06,4.8968204615278434,2.8579650649109998,4.565689010868803
8.07,4.892473878332398,2.8636416515657244,4.570873036329396
8.08,4.888125842282613,2.869310088229901,4.576043048833302
8.09,4.883776374345779,2.874970353841799,4.58119906430838
8.1,4.879425495193221,2.8806224275449814,4.586341098576601
8.11,4.875073225229853,2.886266288686357,4.5914691673480705
8.120000000000001,4.870719584597643,2.8919019168144118,4.596583286221744
8.13,4.86636459317897,2.8975292916774382,4.6016834706861625
8.14,4.862008270599849,2.903148393221798,4.606769736120215
8.15,4.857650636233053,2.9087592015901826,4.611842097793907
8.16,4.853291709201123,2.9143616971198965,4.616900570869148
8.17,4.848931508379241,2.919955860341152,4.621945170400561
8.18,4.8445700523980095,2.9255416719753775,4.626975911336313
8.19,4.840207359646098,2.931119112933542,4.631992808518947
8.2,4.835843448272788,2.93668816431449,4.636995876686255
8.21,4.831478336190384,2.942248807403297,4.641985130472145
8.22,4.8271120410765285,2.947801023669626,4.646960584407543
8.23,4.8227445804146925,2.9533447947659828,4.651922252911402
8.24,4.818375971783782,2.9588801025250864,4.656870150217305
8.25,4.814006232359801,2.9644069289600448,4.661804290503741
8.26,4.80963537903945,2.969925256262347,4.666724687863593
8.27,4.805263428510978,2.9754350668000527,4.6716313562872545
8.28,4.80089039725685,2.98093634311624,4.676524309663353
8.290000000000001,4.796516301556343,2.9864290679274643,4.68140356177949
8.3,4.792141157488047,2.991913224122229,4.686269126322977
8.31,4.7877649809322795,2.997388794759478,4.691121016881598
8.32,4.783387787573423,3.0028557630670947,4.695959246944369
8.33,4.779009592902162,3.008314112440416,4.700783829902312
8.34,4.774630412217654,3.0137638264407633,4.705594779049239
8.35,4.770250260629588,3.0192048887939857,4.710392107582548
8.36,4.765869153060183,3.024637283389016,4.715175828604023
8.370000000000001,4.761487104246081,3.030060994276444,4.719945955120649
8.38,4.75710412874017,3.035476005667096,4.724702500045432
8.39,4.752720240917333,3.0408823019305053,4.729445476197316
8.4,4.748335455235095,3.0462798675847664,4.734174896243067
8.41,4.743949785933538,3.0516686873053565,4.738890772766788
8.42,4.73956324694945,3.0570487459267297,4.743593118290664
8.43,4.735175852054371,3.0624200284363527,4.74828194524472
8.44,4.7307876148565065,3.067782519973351,4.7529572659675665
8.45,4.726398548802556,3.0731362058271707,4.757619092707145
8.46,4.722008667179478,3.0784810714362565,4.762267437621487
8.47,4.717617983116184,3.0838171023867336,4.766902312779475
8.48,4.713226509585153,3.089144284411116,4.771523730161613
8.49,4.708834259403988,3.09446260338702,4.7761317016608
8.5,4.704441245236888,3.0997720453358903,4.780726239083115
8.51,4.700047479596058,3.1050725964217443,4.785307354148599
8.52,4.695652974843043,3.1103642429499274,4.789875058492056
8.53,4.691257743189995,3.1156469713658814,4.79442936366385
8.540000000000001,4.686861796700864,3.120920768253929,4.798970281130716
8.55,4.682465147292519,3.126185620336063,4.803497822276564
8.56,4.678067806735801,3.1314415144707652,4.808011998403315
8.57,4.673669786656501,3.1366884376518223,4.812512820731714
8.58,4.669271098537881,3.1419263770070813,4.817000300401815
8.59,4.664871754089735,3.1471553197786277,4.821474448393288
8.6,4.660471764891731,3.1523752533397715,4.825935275604436
8.61,4.656071142154178,3.1575861652060926,4.8303827929055165
8.620000000000001,4.651669896962592,3.162788043021961,4.834817011086257
8.63,4.647268040279177,3.167980874559388,4.839237940856508
8.64,4.642865582944256,3.1731646477169004,4.84364559284691
8.65,4.6384625356776645,3.178339350518418,4.848039977609555
8.66,4.634058909080086,3.183504971112147,4.8524211056186575
8.67,4.629654713634343,3.1886614977694836,4.856788987271213
8.68,4.625249959706638,3.1938089188839345,4.861143632887673
8.69,4.62084465754775,3.1989472229700433,4.865485052712611
8.700000000000001,4.616438817294177,3.2040763986623357,4.869813256915395
8.71,4.612032448969234,3.2091964347142676,4.8741282555908585
8.72,4.6076255624841025,3.2143073199972,4.878430058759975
8.73,4.603218167638829,3.2194090434993714,4.882718676370536
8.74,4.598810274123277,3.224501594324891,4.886994118297821
8.75,4.594401891518035,3.229584961692742,4.891256394345281
8.76,4.589993029295265,3.2346591349357965,4.895505514245218
8.77,4.585583696819516,3.239724103499843,4.89974148765946
8.78,4.581173903534932,3.244779856923702,4.903964324151808
8.790000000000001,4.576763658831761,3.2498263848518985,4.9081740332090416
8.8,4.572352971844461,3.254863677054287,4.912370624272287
8.81,4.5679418516119314,3.2598917234089306,4.91655410671353
8.82,4.5635303070786115,3.2649105139011305,4.9207244898362195
8.83,4.559118347095541,3.269920038622475,4.924881782875872
8.84,4.5547059804213825,3.2749202877698975,4.929025995000683
8.85,4.550293215723408,3.2799112516447426,4.93315713531213
8.86,4.545880061578457,3.284892920651847,4.937275212845578
8.870000000000001,4.541466526473854,3.2898652852986294,4.941380236570887
8.88,4.537052618808288,3.294828336194189,4.945472215393008
8.89,4.532638346892663,3.2997820640484217,4.949551158152598
8.9,4.528223718950912,3.3047264596711408,4.953617073626614
8.91,4.523808743120768,3.30966151397121,4.957669970528919
8.92,4.519393427454512,3.3145872179556903,4.961709857510884
8.93,4.5149777799196755,3.319503562728994,4.965736743161986
8.94,4.510561808399715,3.324410539492054,4.9697506360104144
8.950000000000001,4.506145520694643,3.329308139541498,4.973751544523666
8.96,4.501728924521636,3.3341963542688378,4.977739477109146
8.97,4.497312027642195,3.339075175142678,4.981714442095066
8.98,4.492894837812641,3.3439445937146393,4.985676447738827
8.99,4.488477362574615,3.348804601646769,4.9896255022603
9.0,4.484059609395684,3.3536551906919647,4.993561613820612
9.01,4.479641585670776,3.3584963526930767,4.99748479052258
9.02,4.475223298722991,3.363328079582108,5.001395040411251
9.03,4.470804755804394,3.368150363379422,5.005292371474422
9.040000000000001,4.466385964096782,3.3729631961929565,5.009176791643168
9.05,4.461966930712423,3.3777665702174473,5.013048308792361
9.06,4.45754766269477,3.3825604777336706,5.016906930741199
9.07,4.45312816701915,3.3873449111076814,5.020752665253719
9.08,4.4487084505934344,3.3921198627900697,5.024585520039312
9.09,4.444288520258674,3.3968853253152265,5.028405502753244
9.1,4.439868382789715,3.4016412913006144,5.032212620997162
9.11,4.435448044895791,3.4063877534460527,5.036006882319605
9.120000000000001,4.431027513221086,3.411124704533011,5.039788294216519
9.13,4.426606794345276,3.4158521374239066,5.043556864131752
9.14,4.422185894784041,3.4205700450614223,5.0473125994575625
9.15,4.417764820989559,3.4252784204678255,5.051055507535124
9.16,4.413343579423663,3.429977256733038,5.054785595646944
9.17,4.408922176558025,3.434666547014017,5.058502871017389
9.18,4.404500618704916,3.4393462845603846,5.062207340832029
9.19,4.400078912118053,3.444016462698227,5.065899012226973
9.200000000000001,4.3956570629949,3.4486770748291624,5.069577892289138
9.21,4.391235077477311,3.453328114429674,5.073243988056708
9.22,4.386812961652122,3.4579695750504564,5.076897306519586
9.23,4.382390721551755,3.4626014503157627,5.080537854619848
9.24,4.37796836315478,3.467223733922768,5.084165639252187
9.25,4.373545892386477,3.4718364196409355,5.08778066726436
9.26,4.369123315119365,3.476439501311393,5.091382945457627
9.27,4.364700637173726,3.4810329728463207,5.094972480587194
9.28,4.3602778643181,3.485616828228343,5.098549279362646
9.290000000000001,4.355855002269766,3.490191061509933,5.10211334844838
9.3,4.351432056695213,3.494755666812818,5.105664694464034
9.31,4.347009033210576,3.4993106383274064,5.109203323984916
9.32,4.342585937382068,3.5038559703122107,5.1127292435424305
9.33,4.338162774726387,3.508391657093286,5.116242459624495
9.34,4.333739550711108,3.512917693063672,5.119742978675958
9.35,4.329316270798627,3.517434072670562,5.1232308070987775
9.36,4.32489294046729,3.521940790408902,5.1267059512523145
9.370000000000001,4.3204695650748866,3.526437840859457,5.130168417454502
9.38,4.316046149932239,3.5309252186676243,5.133618211981846
9.39,4.311622700306407,3.5354029185421023,5.13705534106981
9.4,4.307199221421177,3.5398709352543283,5.140479810913218
9.41,4.302775718457534,3.5443292636379233,5.14389162766665
9.42,4.298352196554121,3.5487778985881446,5.147290797444834
9.43,4.293928660807687,3.553216835061346,5.150677326323038
9.44,4.289505116273518,3.5576460680744426,5.154051220337457
9.450000000000001,4.285081567965859,3.5620655927043896,5.157412485485599
9.46,4.280658020858322,3.5664754040876554,5.160761127726664
9.47,4.276234479884278,3.5708754974197165,5.164097152981924
9.48,4.271810949937237,3.5752658679545504,5.167420567135099
9.49,4.267387435871216,3.579646511004136,5.170731376032731
9.5,4.262963942501094,3.5840174219379657,5.174029585484551
9.51,4.258540474602954,3.5883785961825607,5.177315201263847
9.52,4.254117036914409,3.5927300292209945,5.180588229107827
9.53,4.249693634134914,3.597071716592423,5.183848674717985
9.540000000000001,4.245270270951802,3.601403653884742,5.1870965437599255
9.55,4.240846952068325,3.6057258367267035,5.190331841863163
9.56,4.236423682097821,3.6100382608158568,5.193554574623628
9.57,4.232000465615629,3.614340921904286,5.196764747602965
9.58,4.227577307162923,3.6186338157972195,5.19996236632881
9.59,4.223154211247089,3.6229169383525632,5.203147436295127
9.6,4.2187311823421,3.6271902854804434,5.206319962962541
9.61,4.214308224888871,3.6314538531427516,5.209479951758683
9.620000000000001,4.209885343295618,3.6357076373527,5.212627408078512
9.63,4.205462541938195,3.6399516341743756,5.215762337284642
9.64,4.201039825160427,3.6441858397223124,5.218884744707674
9.65,4.196617197274433,3.648410250161058,5.2219946356465154
9.66,4.192194662560938,3.6526248617047514,5.225092015368695
9.67,4.187772225269579,3.6568296706167107,5.2281768891106815
9.68,4.183349889619193,3.6610246732090186,5.231249262078197
9.69,4.178927659798105,3.665209865842121,5.234309139446528
9.700000000000001,4.1745055399644,3.6693852449244297,5.237356526360825
9.71,4.170083534246191,3.673550806911928,5.240391427936414
9.72,4.165661646741868,3.677706548307789,5.2434138492590945
9.73,4.1612398815445655,3.681852465652859,5.246423795387516
9.74,4.156818242784087,3.685988555509562,5.249421271357051
9.75,4.152396734496462,3.690114814510815,5.252406282168871
9.76,4.14797536068408,3.6942312393370726,5.255378832795373
9.77,4.143554125322297,3.6983378267135527,5.258338928181023
9.78,4.139133032359704,3.702434573409866,5.261286573242634
9.790000000000001,4.1347120857183715,3.706521476239649,5.264221772869661
9.8,4.130291289294103,3.7105985320601995,5.267144531924476
9.81,4.125870646956661,3.7146657377721266,5.27005485524265
9.82,4.1214501625499995,3.7187230903189965,5.27295274763323
9.83,4.117029839892485,3.7227705866869902,5.27583821387901
9.84,4.1126096827771,3.7268082239045643,5.2787112587368
9.85,4.1081896949716485,3.730835999042119,5.2815718869377
9.86,4.103769880218951,3.7348539092116715,5.284420103187355
9.870000000000001,4.099350242237023,3.7388619515665344,5.287255912166225
9.88,4.094930784719256,3.742860123300999,5.2900793185298385
9.89,4.090511511334587,3.746848421650028,5.292890326909048
9.9,4.086092425727648,3.75082684388895,5.295688941910286
9.91,4.081673531518925,3.7547953873331616,5.298475168115813
9.92,4.0772548323049,3.7587540493378344,5.3012490100839615
9.93,4.072836331658175,3.7627028272976295,5.3040104723493835
9.94,4.068418033127613,3.766641718646415,5.306759559423291
9.950000000000001,4.063999940238435,3.7705707208569916,5.309496275793694
9.96,4.059582056492346,3.7744898314408215,5.3122206259256295
9.97,4.05516438536762,3.7783990479477665,5.314932614261403
9.98,4.050746930319201,3.782298367965829,5.317632245220814
9.99,4.046329694816989,3.786187789104835,5.320319523205736
