t,CC,PC,A_in
0.0,0.0,0.0,25.0
0.01,0.08977302867436285,0.0018850032400155308,7.881165989055583
0.02,0.1037040104793323,0.005197683096480018,2.4845108923064134
0.03,0.09614689131285319,0.008425362376574506,0.7832337014485493
0.04,0.08382565150816061,0.011183868939282289,0.24691179150539774
0.05,0.07167137190270863,0.013428992138414378,0.0778381151407829
0.06,0.060955421608513374,0.015210582557108507,0.024538206644680958
0.07,0.05184356674877059,0.01659726198965179,0.007735587908062697
0.08,0.0441929686136121,0.017654538808526625,0.002438618359483203
0.09,0.03779664819153366,0.01843944470939323,0.0007687651377318226
0.1,0.03245491961830843,0.019000118728209413,0.000242350109879996
0.11,0.02799323366287737,0.019376734190858863,7.639985694290707e-05
0.12,0.02426392170501776,0.01960266916887779,2.4085698944845595e-05
0.13,0.021143523920775377,0.019705604456634784,7.59254028780164e-06
0.14,0.01852927278748552,0.01970847479056538,2.393220566752889e-06
0.15,0.016335766166735332,0.019630270663631,7.551236661406855e-07
0.16,0.014492075679116723,0.01948670803273676,2.385272297317023e-07
0.17,0.012939305000906159,0.01929078560864226,7.53774542657624e-08
0.18,0.01162855093273462,0.01905324766456695,2.381699877001549e-08
0.19,0.010519206799259957,0.018782968315228597,7.836855133741995e-09
0.2,0.009577563522058706,0.018487268100991765,2.3218369554512805e-09
0.21,0.008775610096921987,0.018172185332534226,-1.903955186822784e-09
0.22,0.008090097940437089,0.01784268768154955,1.0828069261926893e-09
0.23,0.007501716356279754,0.017502858664385428,-9.416470033120562e-10
0.24,0.006994421276811535,0.017156049343214748,-1.662467460230609e-10
0.25,0.00655488967668078,0.016805001693182532,3.463658004511962e-11
0.26,0.006172051068035373,0.01645195445075604,-8.967629687183363e-11
0.27,0.00583669257744124,0.016098732289883122,-1.591685314387438e-11
0.28,0.00554116377416716,0.015746812541303185,-1.243517291073149e-10
0.29,0.005279124915432478,0.015397382076926229,-4.686595854531416e-11
0.3,0.005045278881031707,0.0150513976808896,1.894086946699264e-11
0.31,0.004835225223457271,0.014709619032340297,-8.763699830650682e-11
0.32,0.004645298506240846,0.014372645130237068,1.986978834479257e-10
0.33,0.00447248357636667,0.014040933384130382,2.4971436648350784e-09
0.34,0.004314236832361522,0.013714839848825827,8.479284719326637e-09
0.35000000000000003,0.0041683799984481565,0.013394643165627636,4.27043548639484e-09
0.36,0.004033185501664921,0.013080525144766755,-2.2705221946389023e-10
0.37,0.003907189461501465,0.012772612939424312,-4.282621402959348e-10
0.38,0.003789157675275067,0.012470986630935661,9.384836603231383e-10
0.39,0.003678056704733417,0.01217568565453998,4.4461277119836924e-10
0.4,0.003573026148708074,0.011886714957421728,-9.882420878698213e-11
0.41000000000000003,0.003473342480779627,0.011604053066034284,-1.0202120355541547e-11
0.42,0.0033783981654664608,0.01132765671497224,3.031376811143201e-10
0.43,0.0032876826342943116,0.011057465042526785,5.708314981771825e-10
0.44,0.003200762647595966,0.010793403915892586,5.541980130916604e-10
0.45,0.0031172705174068926,0.010535388500673096,3.5130112609517303e-10
0.46,0.0030368956928321852,0.01028332507724605,1.0411778592491304e-10
0.47000000000000003,0.0029593753486602077,0.010037113072325628,3.320491035588115e-12
0.48,0.0028844852930562494,0.009796647014870662,3.551403076705659e-11
0.49,0.002812032534384835,0.009561818133265402,9.467358140741745e-11
0.5,0.0027418525957093026,0.009332514864340101,2.2643389010866328e-10
0.51,0.0026737968178570074,0.009108625634571075,1.8394672323591367e-10
0.52,0.002607743242521451,0.008890036330113935,1.274641303758331e-10
0.53,0.002543575984714008,0.008676634850397873,2.4713371985008895e-11
0.54,0.002481202242635788,0.008468307217784564,-7.960141213318461e-11
0.55,0.0024205330379658482,0.008264941814828713,-8.180854504811431e-11
0.56,0.002361494728004801,0.008066426739874752,-6.17743862505102e-11
0.5700000000000001,0.0023040182150838133,0.007872652139857269,-6.180159055251516e-12
0.58,0.00224804282908829,0.00768350928314882,4.930161553290463e-11
0.59,0.0021935124650404136,0.00749889134190596,6.78328891110263e-11
0.6,0.0021403765694132577,0.007318693114191981,1.1249678057035665e-10
0.61,0.002088585707647612,0.007142811928557965,1.5110906935440704e-10
0.62,0.002038098342967308,0.0069711460954174215,1.4068614601404433e-10
0.63,0.001988870624107193,0.006803597080422978,7.141517822869482e-11
0.64,0.0019408652662355795,0.006640067502647397,-1.0093001820822799e-11
0.65,0.0018940458925773554,0.006480462303617434,-4.114988068790642e-11
0.66,0.0018483777751197063,0.006324688532545756,-1.1065912188937357e-11
0.67,0.0018038296191283712,0.006172654905432799,-2.1480645893040594e-11
0.68,0.0017603704067307752,0.006024272412261361,-8.782739552459856e-11
0.6900000000000001,0.0017179712746536102,0.005879453896586914,-8.518606378758787e-11
0.7000000000000001,0.001676604256349884,0.005738114220477341,4.265655347521831e-12
0.71,0.0016362426311007621,0.005600170186778726,8.746940367078141e-11
0.72,0.001596860411757683,0.005465540565607081,6.993014122164145e-11
0.73,0.0015584329531269485,0.005334145935507207,2.581229171394209e-11
0.74,0.0015209366279379229,0.005205908700728852,1.0395998630117308e-10
0.75,0.0014843470264741616,0.005080753375531278,1.5933123871406884e-10
0.76,0.0014486403785618062,0.0049586062730739315,1.364371136494475e-10
0.77,0.0014137966010404593,0.004839394895854596,1.2567668918965878e-10
0.78,0.0013797941639379686,0.004723048835794122,1.3102708697778388e-10
0.79,0.0013466108981745844,0.0046094995777139665,1.1236327475464342e-10
0.8,0.0013142255479223275,0.004498680166214318,6.103799878896275e-11
0.81,0.0012826216091156187,0.004390524568411627,1.8342607601954722e-11
0.8200000000000001,0.0012517783693415066,0.004284969054149654,-2.125808991192178e-11
0.8300000000000001,0.0012216771099100162,0.004181951165042107,-4.1198608714554746e-11
0.84,0.0011922997708771715,0.004081409921830063,-3.344478220032913e-11
0.85,0.0011636295419137077,0.003983285795768384,-3.849541932809973e-11
0.86,0.0011356491170740125,0.0038875206419158362,-3.3668583815078057e-11
0.87,0.0011083420250114291,0.0037940576825785046,-2.1119285909179028e-11
0.88,0.0010816920246618518,0.0037028416144050122,-2.8281935805661984e-12
0.89,0.0010556831629442989,0.0036138185217570668,1.8029123302396768e-11
0.9,0.0010303001559593273,0.003526935584347717,3.184412247449026e-11
0.91,0.0010055279295247905,0.003442141319509023,2.7391004060642976e-11
0.92,0.0009813517933529208,0.003359385594240099,2.2275698507714346e-11
0.93,0.0009577573095143572,0.0032786194188058368,1.766740428698857e-11
0.9400000000000001,0.0009347302941111564,0.003199794960761141,1.0099789675752681e-11
0.9500000000000001,0.0009122568601902996,0.0031228655607010536,3.006769988764368e-12
0.96,0.0008903250945008886,0.00304778570201533,-2.309332134553853e-11
0.97,0.0008689209645529236,0.0029745109304195054,-5.171974094246339e-11
0.98,0.0008480315635147282,0.002902997864133594,-7.713251119371689e-11
0.99,0.0008276442040169828,0.0028332041527804556,-9.130720619777252e-11
1.0,0.0008077463986091724,0.002765088447237379,-8.366741767873375e-11
1.01,0.0007883262191082869,0.0026986104143532906,-5.140102319961061e-11
1.02,0.0007693743577989125,0.002633730953186629,-5.7315190358435316e-11
1.03,0.0007508780333568804,0.002570411445555633,-5.988563048748586e-11
1.04,0.000732826163409669,0.002508614340700521,-5.802291426316417e-11
1.05,0.0007152079046581314,0.0024483029545812754,-5.057128833213019e-11
1.06,0.0006980126431742385,0.0023894414408945643,-3.63160434603684e-11
1.07,0.0006812303147406016,0.0023319950143686273,-1.71617862814658e-11
1.08,0.0006648518628444053,0.0022759302792787024,-2.6332371387130763e-12
1.09,0.0006488670194877859,0.002221213511571756,1.1345233814109992e-11
1.1,0.0006332663699894802,0.002167812215596674,2.2511271138547704e-11
1.11,0.0006180407445392557,0.0021156946374526193,2.800964172838797e-11
1.12,0.0006031812130579706,0.002064829739493301,2.4341033828034375e-11
1.1300000000000001,0.0005886789421916334,0.0020151876390565957,1.639683502001686e-11
1.1400000000000001,0.0005745252110851028,0.0019667395125479697,1.6029629985570346e-11
1.1500000000000001,0.0005607118332415271,0.0019194561321432915,1.386085268272436e-11
1.16,0.0005472306789655141,0.0018733094310253782,1.0363947010012615e-11
1.17,0.0005340738146880856,0.0018282719914429772,6.292290627095741e-12
1.18,0.0005212334965616257,0.0017843170234749571,2.7113705097386218e-12
1.19,0.0005087020421111295,0.0017414188009874133,-1.6629841030716902e-12
1.2,0.0004964719438273267,0.001699552190499114,-7.781463435162891e-12
1.21,0.0004845360075050025,0.0016586920872719195,-1.3031475618822346e-11
1.22,0.0004728871132187776,0.0016188142662138213,-1.6343922105270718e-11
1.23,0.0004615182870186344,0.0015798950678274084,-1.6435648196077544e-11
1.24,0.0004504226937038162,0.001541911380052342,-1.1795405843308097e-11
1.25,0.0004395940165212793,0.0015048409801409568,-7.538480451609597e-12
1.26,0.0004290258692301855,0.001468661976150884,-5.0839313109678136e-12
1.27,0.0004187117889803134,0.0014333527888847697,-2.1424097067932028e-12
1.28,0.0004086456016079931,0.001398892480364344,6.848870178836491e-13
1.29,0.00039882126471954993,0.0013652605963859893,2.5775496118129536e-12
1.3,0.0003892328624899074,0.0013324371502472004,2.4740516877845066e-12
1.31,0.00037987519504608443,0.0013004031471690414,5.475049029531199e-12
1.32,0.00037074261161198385,0.0012691395116527318,1.026840849253451e-11
1.33,0.00036182956013366464,0.0012386275757472797,1.510287189749532e-11
1.34,0.0003531307525352852,0.0012088492177842539,1.9608147271763027e-11
1.35,0.00034464102657304115,0.0011797867252087263,2.3336376712325317e-11
1.36,0.00033635534220557544,0.0011514227797350808,2.5757216428081925e-11
1.37,0.0003282687895776668,0.0011237405422846874,2.657411015064139e-11
1.3800000000000001,0.00032037668593553324,0.0010967245020284352,2.8500181937189746e-11
1.3900000000000001,0.0003126742901730548,0.0010703580400951186,2.945878515323823e-11
1.4000000000000001,0.0003051570410770473,0.0010446254929280959,2.9268218193403724e-11
1.41,0.0002978204855318229,0.0010195115517567324,2.7751512720742742e-11
1.42,0.00029066027515177076,0.0009950012500047959,2.4738764684808994e-11
1.43,0.0002836721629139388,0.0009710799506988534,2.0069465339711335e-11
1.44,0.00027685205882998647,0.0009477337866556053,1.4813171038656832e-11
1.45,0.00027019598340376574,0.0009249493167768222,1.0380873274908445e-11
1.46,0.0002636999477040111,0.0009027126195481064,6.121995271977306e-12
1.47,0.0002573601069948628,0.0008810104844804407,2.566538622430505e-12
1.48,0.0002511727056226538,0.000859830002674839,3.595860959258934e-13
1.49,0.0002451340739375228,0.0008391585564473552,2.695971281271316e-13
1.5,0.00023924062521502674,0.0008189838089540932,3.1967033096186874e-12
1.51,0.000233488940692239,0.0007992943618684845,3.3724194155007196e-12
1.52,0.00022787558807459076,0.0007800783923298076,2.154004101829389e-12
1.53,0.00022239721559744256,0.0007613243790483534,5.267748196437654e-13
1.54,0.0002170505620226518,0.0007430211910600284,-1.8978951937389095e-12
1.55,0.00021183243721526184,0.0007251579534300447,-5.611313231892605e-12
1.56,0.00020673971928671076,0.0007077240385579891,-1.1216294285924162e-11
1.57,0.00020176938652808588,0.0006907091227624803,-1.8457495251445136e-11
1.58,0.0001969187187823942,0.0006741035607989743,-2.0486165226305405e-11
1.59,0.0001921846805297038,0.0006578972249543188,-2.113976024536784e-11
1.6,0.00018756445503669266,0.000642080503983486,-1.9847113446426645e-11
1.61,0.00018305528883958593,0.0006266440079649087,-1.5930932916420862e-11
1.62,0.00017865448948964943,0.0006115785607356694,-8.599689194677533e-12
1.6300000000000001,0.00017435942329868334,0.0005968751923266886,3.0604972238450803e-12
1.6400000000000001,0.00017016761637792267,0.0005825253528958316,1.4285210018558024e-11
1.6500000000000001,0.00016607665661302982,0.0005685206997969736,2.0025553404817567e-11
1.6600000000000001,0.0001620840355685686,0.0005548527558364444,2.3720065276333634e-11
1.67,0.00015818738169146468,0.0005415134066141032,2.4061728686434776e-11
1.68,0.000154384378310801,0.0005284947219552979,1.9490625084712488e-11
1.69,0.00015067276185138734,0.0005157889493497781,8.175724334696939e-12
1.7,0.00014705032004732954,0.0005033885073906047,-1.2003325268466642e-11
1.71,0.00014351503491921692,0.0004912865195729811,-1.7088858098129666e-11
1.72,0.0001400647650990784,0.00047947562861406996,-1.4639293217763555e-11
1.73,0.0001366974440325682,0.00046794873639046807,-7.296131769600608e-12
1.74,0.00013341107581225732,0.0004566989884922406,6.76398823573532e-12
1.75,0.0001302037106425115,0.000445719682747671,2.9664759019302613e-11
1.76,0.0001270734432593237,0.00043500426343209126,6.384958791334694e-11
1.77,0.00012401841135014673,0.0004245463154767123,1.1210098224080628e-10
1.78,0.00012103681484665826,0.0004143396930702932,1.6770559799048576e-10
1.79,0.00011812697912267758,0.00040437893094930733,1.8389119392257753e-10
1.8,0.00011528711133112223,0.00039465767992761716,1.8813594816123445e-10
1.81,0.00011251552501580499,0.00038517015746895243,1.7540018168868158e-10
1.82,0.00010981057144921834,0.0003759107099800596,1.398159002508308e-10
1.83,0.00010717063820568393,0.00036687380800668113,7.463379669943893e-11
1.84,0.00010459414773450197,0.0003580540414295343,-2.782974666573524e-11
1.85,0.00010207955593310058,0.00034944611466028994,-1.7624565575477332e-10
1.86,9.962546190526565e-05,0.00034104524653604077,-2.919052630557747e-10
1.87,9.723045234176583e-05,0.0003328466042755752,-3.313948606365379e-10
1.8800000000000001,9.489303632005286e-05,0.0003248450665487226,-3.3736451235499095e-10
1.8900000000000001,9.261182397037859e-05,0.0003170358741861081,-2.953621773625927e-10
1.9000000000000001,9.038545629772712e-05,0.00030941437513010156,-1.88561091049868e-10
1.9100000000000001,8.821260401077975e-05,0.0003019760205619302,2.3906745568617032e-12
1.92,8.609196635088005e-05,0.00029471636102879143,2.995206503987378e-10
1.93,8.402226992099865e-05,0.000287631042570965,7.276824099876634e-10
1.94,8.200242406794609e-05,0.00028071634769795113,8.843231761677791e-10
1.95,8.00311553192497e-05,0.00027396792332934686,9.413899030236005e-10
1.96,7.810727853759412e-05,0.00026738172469066996,8.968257498787241e-10
1.97,7.622964622933841e-05,0.00026095383909548333,7.108579117670056e-10
1.98,7.439713601536194e-05,0.00025468044254308006,3.373728312604409e-10
1.99,7.260864965838467e-05,0.0002485577965359287,-2.764786636690509e-10
2.0,7.086311209028767e-05,0.00024258224489711791,-1.1906762217878454e-09
2.0100000000000002,6.915951417503925e-05,0.00023675030529853567,-2.185220642427663e-09
2.02,6.74969559131275e-05,0.00023105876174514344,-2.4701222276763665e-09
2.0300000000000002,6.587436296176125e-05,0.00022550404961498553,-2.5429090467546536e-09
2.04,6.429077174965998e-05,0.0002200828720074225,-2.308372295227241e-09
2.05,6.274524083866822e-05,0.0002147920067179233,-1.6552480744486922e-09
2.06,6.123685016914513e-05,0.0002096283035277458,-4.551787353863371e-10
2.07,5.9764700305354456e-05,0.00020458868149361755,1.4383257775564466e-09
2.08,5.8327911680853395e-05,0.00019967012623741393,4.1909265827176665e-09
2.09,5.6925663280735736e-05,0.00019486983944503252,6.532922264665534e-09
2.1,5.555713139135275e-05,0.00019018500266896213,7.993118229171018e-09
2.11,5.4221488956633884e-05,0.00018561277504610876,8.89577102233268e-09
2.12,5.2917944441453e-05,0.0001811504434957276,8.899369634657423e-09
2.13,5.164572490339554e-05,0.00017679535758591695,7.59462535524973e-09
2.14,5.0404075402835194e-05,0.0001725449274589193,4.499431983980836e-09
2.15,4.919225749472152e-05,0.00016839662823476197,-1.2486761127026767e-10
2.16,4.8009546847636415e-05,0.00016434803543821793,-1.2378724793641257e-09
2.17,4.6855265097137856e-05,0.0001603967738711981,-4.630727427721153e-10
2.18,4.5728742889480306e-05,0.00015654051146196869,2.783363048818072e-10
2.19,4.462931433053283e-05,0.00015277696353332366,3.02296339035912e-10
2.2,4.3556323481703644e-05,0.0001491038987248191,-7.963350718968156e-11
2.21,4.250913665154887e-05,0.0001455191423090436,-1.1746733505972292e-09
2.22,4.148712015804244e-05,0.0001420205687958886,-1.1488599939393112e-09
2.23,4.048967749618346e-05,0.0001386061050556712,-1.4532546185503904e-09
2.24,3.951621218665031e-05,0.00013527373145212046,-1.0161524559326812e-09
2.25,3.856615040553378e-05,0.0001320214713025548,-4.815903640168676e-10
2.2600000000000002,3.763893262574368e-05,0.0001288474026778155,-9.39784029876121e-11
2.27,3.6734008334554026e-05,0.00012574964353910883,2.012571120787444e-10
2.2800000000000002,3.585084275392506e-05,0.00012272636133979506,2.75862784025376e-10
2.29,3.498891041098003e-05,0.00011977575851110112,1.5798512793063948e-10
2.3000000000000003,3.414770488546966e-05,0.00011689610724389008,5.4936473511323265e-11
2.31,3.3326740394079405e-05,0.00011408573916292061,-2.4185091706193554e-10
2.32,3.252553807621931e-05,0.00011134301733484597,-6.490172032726173e-10
2.33,3.1743607330954236e-05,0.00010866627041063002,-8.829453977020421e-10
2.34,3.09804647963962e-05,0.00010605384826180509,-7.834962201487721e-10
2.35,3.023570026706091e-05,0.0001035043405439423,-5.854839145153975e-10
2.36,2.950892830591011e-05,0.00010101641809590947,-6.57441503729389e-10
2.37,2.8799628103214303e-05,9.858830804680997e-05,-6.370579749162788e-10
2.38,2.8107340040830333e-05,9.62184380928196e-05,-4.923807165600585e-10
2.39,2.743167181691243e-05,9.390546413912257e-05,-2.672150702322169e-10
2.4,2.6772383076307892e-05,9.164855720545204e-05,-1.763676188509914e-10
2.41,2.6128932787086864e-05,8.944586898707084e-05,-9.626244343810306e-11
2.42,2.550089895010516e-05,8.729595471233912e-05,-3.7283461140364744e-11
2.43,2.4887996681836347e-05,8.5197839249851e-05,1.2161626882968175e-11
2.44,2.428980262966308e-05,8.315007319213118e-05,4.147197547514977e-11
2.45,2.370602053184222e-05,8.115164243578465e-05,6.041623893561294e-11
2.46,2.313624403139721e-05,7.920115578579105e-05,6.111754971533114e-11
2.47,2.2580076517152878e-05,7.729725542786744e-05,3.726104933337743e-11
2.48,2.2037376923566844e-05,7.543945936604803e-05,2.5364858170058366e-11
2.49,2.1507706563323694e-05,7.362626553444112e-05,1.1900616696764453e-11
2.5,2.0990730920550848e-05,7.185652887589663e-05,7.564922051792979e-13
2.5100000000000002,2.0486143359538616e-05,7.012919986647582e-05,4.2750726824900593e-13
2.52,1.99936517782653e-05,6.844327877265354e-05,2.1774602605771698e-11
2.5300000000000002,1.9512948448296174e-05,6.679771163892733e-05,3.731166355066399e-11
2.54,1.9043730157001657e-05,6.519145975178469e-05,8.395402265791497e-12
2.5500000000000003,1.858576173433809e-05,6.362371872293307e-05,-2.902014957171756e-11
2.56,1.8138794927858613e-05,6.209363871556606e-05,-7.3893869381779e-11
2.57,1.770259461423626e-05,6.060041483939177e-05,-1.2471473587456547e-10
2.58,1.7276938799264048e-05,5.9143287150632976e-05,-1.7950182905050234e-10
2.59,1.6861386954241852e-05,5.772074849157331e-05,-2.1426913888885913e-10
2.6,1.645581589868931e-05,5.633237691079526e-05,-2.328406251596263e-10
2.61,1.6060006645123896e-05,5.497742290256692e-05,-2.2844376840042836e-10
2.62,1.5673744037795788e-05,5.365515011578795e-05,-1.9297187568743153e-10
2.63,1.5296821777411985e-05,5.236485253574585e-05,-1.174511733765017e-10
2.64,1.4928969230210694e-05,5.110560279237088e-05,-4.2893433152739654e-11
2.65,1.4569918736189484e-05,4.987648362233685e-05,-1.3530609679302187e-11
2.66,1.4219516284635244e-05,4.867696846429254e-05,8.186898258872796e-14
2.67,1.3877559470262352e-05,4.7506364216252476e-05,-1.1522024123053593e-11
2.68,1.35438516562201e-05,4.6363997493411556e-05,-5.908677466370407e-11
2.69,1.3218201421097042e-05,4.524921276443003e-05,-1.5339534658023628e-10
2.7,1.2900359506945408e-05,4.416115985262842e-05,-1.63887968603986e-10
2.71,1.2590169340113309e-05,4.3099301223771677e-05,-1.5617444444860817e-10
2.72,1.2287446152628782e-05,4.2063004598969724e-05,-1.209884754498736e-10
2.73,1.1992009793524972e-05,4.105165353594521e-05,-4.7760374563722755e-11
2.74,1.1703684728840036e-05,4.0064647429033156e-05,7.538293363374906e-11
2.75,1.1422289160326295e-05,3.9101361757661476e-05,1.5828159988442223e-10
2.7600000000000002,1.1147651156045342e-05,3.816120701462289e-05,1.6193021061099767e-10
2.77,1.0879615066299425e-05,3.724365214474822e-05,1.594079371928331e-10
2.7800000000000002,1.061802202964755e-05,3.6348153329506364e-05,1.507500965353771e-10
2.79,1.0362717679174276e-05,3.5474182139536776e-05,1.3613224288061515e-10
2.8000000000000003,1.011355214248963e-05,3.462122553464914e-05,1.1587016780706659e-10
2.81,9.870380041729193e-06,3.3788785863823725e-05,9.041990022978964e-11
2.82,9.63306049355403e-06,3.2976380865211084e-05,6.037770640037585e-11
2.83,9.401450747046882e-06,3.218352189961274e-05,2.7236337555698346e-11
2.84,9.175361181074569e-06,3.140955998399272e-05,-1.2656171320273791e-12
2.85,8.954699225762813e-06,3.065417818670757e-05,-2.8251322616785085e-11
2.86,8.739336749566512e-06,2.991693792194144e-05,-5.1942324882487874e-11
2.87,8.529149748478706e-06,2.9197414737483463e-05,-7.037630969502186e-11
2.88,8.324018346030661e-06,2.8495198314728016e-05,-8.140710260223818e-11
2.89,8.123826793291793e-06,2.7809892468674464e-05,-8.270466893395905e-11
2.9,7.928463468869739e-06,2.714111514792742e-05,-7.175511380197441e-11
2.91,7.73782087891029e-06,2.648849843469649e-05,-4.586068210004182e-11
2.92,7.551715117637955e-06,2.585141211834127e-05,-3.332807688971091e-11
2.93,7.37004926251496e-06,2.5229524498049768e-05,-3.019487555155028e-11
2.94,7.192747466344785e-06,2.462257617463799e-05,-2.5751882115306395e-11
2.95,7.019708801699338e-06,2.4030221636010524e-05,-2.0416536227955005e-11
2.96,6.8508357978416414e-06,2.3452127201204734e-05,-1.468219796927061e-11
2.97,6.68603444072576e-06,2.2887971020390505e-05,-9.118147851824625e-12
2.98,6.525214172996871e-06,2.2337443074870484e-05,-4.369586820987306e-12
2.99,6.3682878939911985e-06,2.1800245177079862e-05,-1.1576362549259132e-12
3.0,6.215140613943036e-06,2.127598372201736e-05,1.6006072337905215e-12
3.0100000000000002,6.065608691349754e-06,2.0764098648592814e-05,8.037298415609792e-12
3.02,5.919671475896862e-06,2.0264519139404466e-05,1.3840173585599239e-11
3.0300000000000002,5.777245376623313e-06,1.9776959031941313e-05,1.8603189235213142e-11
3.04,5.638249543003998e-06,1.93011415441823e-05,2.1887338398610643e-11
3.0500000000000003,5.502605864949691e-06,1.8836799274596128e-05,2.3220650652657412e-11
3.06,5.370238972807102e-06,1.8383674202141435e-05,2.2098192116924574e-11
3.0700000000000003,5.2410762373588275e-06,1.794151768626663e-05,1.7982065453689065e-11
3.08,5.115047769823397e-06,1.7510090466910042e-05,1.0301409867934139e-11
3.09,4.9920133953829735e-06,1.7088912858798683e-05,6.036768560980428e-12
3.1,4.8719059423600945e-06,1.6677754908676843e-05,4.8383926169663725e-12
3.11,4.754691572427282e-06,1.627650069465544e-05,3.1462574567027525e-12
3.12,4.640301615624769e-06,1.5884915150479132e-05,1.2695267187377024e-12
3.13,4.52866994992348e-06,1.5502771931869162e-05,-4.956062485382523e-13
3.14,4.419732933868166e-06,1.5129853186111985e-05,-1.858922856220164e-12
3.15,4.313429339220613e-06,1.4765949321648166e-05,-2.5291837442154315e-12
3.16,4.20970028360278e-06,1.4410858777661018e-05,-2.2071332505715608e-12
3.17,4.108457057812514e-06,1.4064277832386867e-05,-2.6420357135415984e-12
3.18,4.009615545245111e-06,1.3725918490491222e-05,-5.408083175400352e-12
3.19,3.91315178214729e-06,1.339569877814628e-05,-8.322001169501106e-12
3.2,3.819009551322947e-06,1.3073426250228996e-05,-1.1371028833519098e-11
3.21,3.7271340620874582e-06,1.2758913345009662e-05,-1.4536854997701261e-11
3.22,3.637471858811973e-06,1.245197707120161e-05,-1.7790171579355685e-11
3.23,3.549970729467761e-06,1.2152438695011106e-05,-2.1085226977338892e-11
3.24,3.4645796141705054e-06,1.186012342718705e-05,-2.4354379466545343e-11
3.25,3.381248513724651e-06,1.1574860110070877e-05,-2.7502650592394698e-11
3.2600000000000002,3.2999283981676963e-06,1.1296480904646251e-05,-3.040227856532131e-11
3.27,3.220571115314542e-06,1.1024820977588973e-05,-3.2887271655261537e-11
3.2800000000000002,3.1431351909899753e-06,1.0759738330806082e-05,-3.599630921693503e-11
3.29,3.067575654076501e-06,1.0501079015052134e-05,-3.983077519699535e-11
3.3000000000000003,2.993843563552821e-06,1.0248675512687739e-05,-4.3468476995030686e-11
3.31,2.9218942053703876e-06,1.0002374760859667e-05,-4.671435422933742e-11
3.3200000000000003,2.8516833665216196e-06,9.762025413012473e-06,-4.932494901527941e-11
3.33,2.783167246897811e-06,9.527477537266797e-06,-5.1003661447622835e-11
3.34,2.7163023711469987e-06,9.298582314797498e-06,-5.139600508287334e-11
3.35,2.6510455005318566e-06,9.075191738211902e-06,-5.0084862421611643e-11
3.36,2.5873535447875916e-06,8.85715830992804e-06,-4.658574039083012e-11
3.37,2.5251834739798097e-06,8.644334740552792e-06,-4.0342025826268354e-11
3.38,2.4644922303624266e-06,8.436573647260177e-06,-3.072024095475063e-11
3.39,2.4053090162228435e-06,8.23397477631846e-06,-2.707844644157859e-11
3.4,2.3475825436152865e-06,8.036362600646498e-06,-2.75142826308873e-11
3.41,2.2912516268493314e-06,7.843527744261577e-06,-2.869741618939675e-11
3.42,2.236280506217361e-06,7.655347788406244e-06,-3.079334994360078e-11
3.43,2.1826337414340167e-06,7.471701407532691e-06,-3.397666409400105e-11
3.44,2.130276155734698e-06,7.292468177943073e-06,-3.8430758879343354e-11
3.45,2.079172779974017e-06,7.117528386429706e-06,-4.434759724085587e-11
3.46,2.029288796724297e-06,6.9467628389153896e-06,-5.1927447486484695e-11
3.47,1.980589484374027e-06,6.7800526690936054e-06,-6.13786259551331e-11
3.48,1.93304016122636e-06,6.6172791470688375e-06,-7.291723968089591e-11
3.49,1.8866061295975696e-06,6.4583234879967696e-06,-8.676692905730006e-11
3.5,1.8413424466934187e-06,6.30337438497426e-06,-9.415061605669676e-11
3.5100000000000002,1.7971799493585094e-06,6.15219498307555e-06,-9.874247254535196e-11
3.52,1.7540769319575664e-06,6.004642490278284e-06,-1.014515202242915e-10
3.5300000000000002,1.712006629845363e-06,5.8606252990825745e-06,-1.0167094803414639e-10
3.54,1.6709427904478727e-06,5.720053556760701e-06,-9.87192074249858e-11
3.5500000000000003,1.630859650225608e-06,5.582839086584234e-06,-9.183645927028776e-11
3.56,1.5917319116369884e-06,5.448895309051255e-06,-8.018102078091169e-11
3.5700000000000003,1.5535347201016793e-06,5.31813716311348e-06,-6.282581241906696e-11
3.58,1.5162436409639592e-06,5.190481027403478e-06,-3.87548048122882e-11
3.59,1.4798346364560619e-06,5.065844641461804e-06,-6.859465667401815e-12
3.6,1.4442840426615342e-06,4.944147026964185e-06,3.40647933155022e-11
3.61,1.4096080424498098e-06,4.8254427491006245e-06,4.937094721527496e-11
3.62,1.3757607606854049e-06,4.709575300930339e-06,6.13018151304514e-11
3.63,1.342721445892098e-06,4.5964736394887835e-06,6.961550229911618e-11
3.64,1.3104709082529883e-06,4.486072042446013e-06,7.301530316589558e-11
3.65,1.2789905174423966e-06,4.3783066989519435e-06,7.004450924243825e-11
3.66,1.2482621917657753e-06,4.273115672280423e-06,5.907887846807654e-11
3.67,1.2182683872996407e-06,4.170438862473366e-06,3.8319104570488067e-11
3.68,1.1889920870314831e-06,4.070217968984825e-06,5.783286426351637e-12
3.69,1.1604167899996987e-06,3.9723964533251345e-06,-4.070060257798449e-11
3.7,1.1325265004335012e-06,3.876919501704971e-06,-1.0350224518585434e-10
3.71,1.1053048833269423e-06,3.783731297044606e-06,-1.783508326017277e-10
3.72,1.0787287234770753e-06,3.692753903357193e-06,-2.0071399130309729e-10
3.73,1.052788787298281e-06,3.6039546024846155e-06,-2.1722260989547414e-10
3.74,1.0274703030350632e-06,3.5172828846365062e-06,-2.2546087797744487e-10
3.75,1.0027588822965874e-06,3.432689559979597e-06,-2.2269373760003952e-10
3.7600000000000002,9.786405063638837e-07,3.3501267121381975e-06,-2.0585115021035727e-10
3.77,9.551015124970645e-07,3.269547651694732e-06,-1.7151236359519162e-10
3.7800000000000002,9.321285802425289e-07,3.1909068696902214e-06,-1.1589017882464782e-10
3.79,9.097087177401812e-07,3.11415999112482e-06,-3.4815217195779964e-11
3.8000000000000003,8.878292480306335e-07,3.0392637284582956e-06,7.62798128238072e-11
3.81,8.664777953624243e-07,2.9661758351105672e-06,2.223758486523037e-10
3.8200000000000003,8.456407747069892e-07,2.89484890914465e-06,3.658269458518622e-10
3.83,8.253019406474275e-07,2.8252244408966252e-06,3.8502767825355855e-10
3.84,8.054537287698705e-07,2.7572794207105287e-06,4.010656973707092e-10
3.85,7.860845788822824e-07,2.6909742640534744e-06,4.13474994846079e-10
3.86,7.671831459368165e-07,2.626270122543625e-06,4.217756033653723e-10
3.87,7.487382858081902e-07,2.563128835277896e-06,4.2547411755333187e-10
3.88,7.30739041072072e-07,2.501512880159704e-06,4.240642148698323e-10
3.89,7.131746267834567e-07,2.4413853252266652e-06,4.170271765059771e-10
3.9,6.960344162550519e-07,2.382709779978343e-06,4.0383240828019496e-10
3.91,6.793079268356528e-07,2.3254503467039497e-06,3.8393796153433363e-10
3.92,6.629848056885297e-07,2.269571571810091e-06,3.567910540297601e-10
3.93,6.470548155698022e-07,2.21503839714847e-06,3.218285908434497e-10
3.94,6.315078206068268e-07,2.16181611134363e-06,2.7847768526409166e-10
3.95,6.16333772076571e-07,2.1098703011206595e-06,2.2615617968817254e-10
3.96,6.015226941840006e-07,2.0591668026329345e-06,1.6427316651608775e-10
3.97,5.870646698404548e-07,2.009671652789823e-06,9.22295090482186e-11
3.98,5.729752767920757e-07,1.961438842992344e-06,3.789322447591035e-11
3.99,5.592377240401751e-07,1.914410693130072e-06,-7.124153780832051e-12
4.0,5.458345463974626e-07,1.8685271965730883e-06,-5.1990015581549506e-11
4.01,5.327572964957941e-07,1.8237594574953296e-06,-9.579043837525964e-11
4.0200000000000005,5.1999760887296e-07,1.7800788628219433e-06,-1.3751160908275305e-10
4.03,5.075471885446736e-07,1.7374570431948138e-06,-1.7603617760519925e-10
4.04,4.953977995765498e-07,1.6958658339380568e-06,-2.1013961033278617e-10
4.05,4.835412536560945e-07,1.655277236023549e-06,-2.384865436533222e-10
4.0600000000000005,4.7196939866468756e-07,1.6156633770364373e-06,-2.596271374608597e-10
4.07,4.60674107249572e-07,1.576996472140667e-06,-2.7199342866430554e-10
4.08,4.496472653958329e-07,1.5392487850444782e-06,-2.738956846960495e-10
4.09,4.388807609983867e-07,1.5023925889659333e-06,-2.6351875702057416e-10
4.1,4.28366472433965e-07,1.4664001275984309e-06,-2.3891843464307435e-10
4.11,4.180962571330991e-07,1.4312435760762165e-06,-1.9801779761807033e-10
4.12,4.0806194015210823e-07,1.396895001939912e-06,-1.386035705580414e-10
4.13,3.9826712324278275e-07,1.3633664320417663e-06,-7.34617959900942e-11
4.14,3.8875174008727017e-07,1.3307931661014822e-06,-6.183839322423945e-11
4.15,3.7946627521660674e-07,1.299007011972768e-06,-4.8353714923274784e-11
4.16,3.7040477111100603e-07,1.2679875671214464e-06,-3.33648273412488e-11
4.17,3.615613526883274e-07,1.2377147096655228e-06,-1.7294439440126037e-11
4.18,3.52930221049697e-07,1.2081685768944044e-06,-6.338826228043719e-13
4.19,3.445056472251228e-07,1.179329543788102e-06,1.6053909533874946e-11
4.2,3.3628196591911505e-07,1.1511782015364475e-06,3.2131421546108113e-11
4.21,3.282535692562986e-07,1.1236953360582873e-06,4.6883576290125205e-11
4.22,3.204149005270333e-07,1.0968619065206977e-06,5.951475526917138e-11
4.23,3.1276044793302954e-07,1.0706590238581902e-06,6.914581888049632e-11
4.24,3.052847383329682e-07,1.0450679292919254e-06,7.481112668233806e-11
4.25,2.9798233098811344e-07,1.0200699728489088e-06,7.545555766091566e-11
4.26,2.9084781130793294e-07,9.956465918812062e-07,6.993153049741246e-11
4.2700000000000005,2.838757845957132e-07,9.717792895851478e-07,5.6996023834962904e-11
4.28,2.7706086979417983e-07,9.484496135205426e-07,3.5307596545644825e-11
4.29,2.7042543175135535e-07,9.257347528847276e-07,3.142924077022378e-11
4.3,2.6395946951950995e-07,9.036003247259344e-07,3.914072710920173e-11
4.3100000000000005,2.5764712420247383e-07,8.819917504667088e-07,4.620523955210395e-11
4.32,2.5148461168441784e-07,8.608960727338217e-07,5.2478254562222497e-11
4.33,2.4546824031110637e-07,8.40300650623994e-07,5.781308520201835e-11
4.34,2.3959440790104584e-07,8.201931494798697e-07,6.206119839846719e-11
4.3500000000000005,2.3385959875662965e-07,8.005615306659779e-07,6.507253220840904e-11
4.36,2.2826038067528612e-07,7.813940413447046e-07,6.669581308389544e-11
4.37,2.2279340196062144e-07,7.626792042522481e-07,6.677887313753995e-11
4.38,2.1745538843356775e-07,7.444058074745905e-07,6.516896740786513e-11
4.39,2.1224314044352867e-07,7.265628942234617e-07,6.171309112465156e-11
4.4,2.0715352987952472e-07,7.091397526123035e-07,5.6258296974285644e-11
4.41,2.021834971813413e-07,6.921259054322407e-07,4.8652012365110303e-11
4.42,1.9733004835067182e-07,6.755110999280367e-07,3.874235669277052e-11
4.43,1.925902519622656e-07,6.592852975740658e-07,2.6378458605563632e-11
4.44,1.879621854423182e-07,6.434419421175573e-07,1.2632537292600304e-11
4.45,1.8344860550745584e-07,6.279906354325404e-07,4.528142252581719e-12
4.46,1.7904220008584145e-07,6.129062055490677e-07,-3.937346919735789e-12
4.47,1.747405160891368e-07,5.981802593846376e-07,-1.2575616334937963e-11
4.48,1.7054116610935583e-07,5.83804629306753e-07,-2.1172523072052768e-11
4.49,1.6644182597386803e-07,5.697713647870837e-07,-2.948707793767495e-11
4.5,1.624402323003986e-07,5.560727240556151e-07,-3.7250428225097315e-11
4.51,1.585341800520319e-07,5.427011657548102e-07,-4.4164840473435526e-11
4.5200000000000005,1.5472152009221286e-07,5.296493405937645e-07,-4.990268322675619e-11
4.53,1.5100015673975056e-07,5.169100830023666e-07,-5.410540979320232e-11
4.54,1.4736804532381813e-07,5.044764027854493e-07,-5.638254100412368e-11
4.55,1.438231897389565e-07,4.923414767769498e-07,-5.6310647973201826e-11
4.5600000000000005,1.4036364000007556e-07,4.804986404940653e-07,-5.343233485557764e-11
4.57,1.3698748979745778e-07,4.689413797914134e-07,-4.725522160697973e-11
4.58,1.3369287405175832e-07,4.576633225151834e-07,-3.7250926742850304e-11
4.59,1.3047796646900838e-07,4.4665823015729655e-07,-2.2854050097473124e-11
4.6000000000000005,1.2734024637150833e-07,4.359171979270741e-07,-1.573143584784493e-11
4.61,1.242779910521105e-07,4.25434356981308e-07,-1.4680565480521772e-11
4.62,1.2128981683977087e-07,4.15205122153535e-07,-1.3293887026366068e-11
4.63,1.1837398272332299e-07,4.052235325854049e-07,-1.1610254025455447e-11
4.64,1.1552877113180573e-07,3.95483707415067e-07,-9.678809045581514e-12
4.65,1.1275248539679465e-07,3.8597983707729796e-07,-7.559522560497075e-12
4.66,1.1004344721473452e-07,3.7670617460363266e-07,-5.3237318281642104e-12
4.67,1.073999941092694e-07,3.676570269224869e-07,-3.0546797690005046e-12
4.68,1.0482047689357517e-07,3.588267461592889e-07,-8.480538441271837e-13
4.69,1.0230325713269071e-07,3.5020972093660546e-07,1.1874750663839117e-12
4.7,9.984670460585022e-08,3.418003676742728e-07,2.9297137852622367e-12
4.71,9.744919476881351e-08,3.3359312188951986e-07,4.2424079597922775e-12
4.72,9.510910621619845e-08,3.255824294970994e-07,4.974703183565455e-12
4.73,9.282481814381209e-08,3.1776273810941404e-07,4.9606061182329065e-12
4.74,9.059470781098303e-08,3.101284883366474e-07,4.01844561525819e-12
4.75,8.841976729158627e-08,3.026831012323142e-07,3.1905892361107328e-12
4.76,8.632087126597481e-08,2.9549828584859264e-07,1.2920551825805632e-11
4.7700000000000005,8.427568684773333e-08,2.884973512732992e-07,2.31799264460331e-11
4.78,8.228291212292144e-08,2.816758387748009e-07,3.388653993372093e-11
4.79,8.034124574054132e-08,2.7502929128340814e-07,4.494703845955894e-11
4.8,7.844938465711038e-08,2.685532456608809e-07,5.6256482292920966e-11
4.8100000000000005,7.660602188123268e-08,2.6224322496993086e-07,6.769794056679373e-11
4.82,7.480984421817156e-08,2.5609473074372713e-07,7.91420860426985e-11
4.83,7.305953001442032e-08,2.5010323525539677e-07,9.0446789875622e-11
4.84,7.135374690227499e-08,2.442641737875304e-07,1.0145671637893978e-10
4.8500000000000005,6.969114954440565e-08,2.385729369016845e-07,1.1200291778934335e-10
4.86,6.807037737842897e-08,2.3302486270788715e-07,1.2190242903176215e-10
4.87,6.649005236147921e-08,2.2761522913413873e-07,1.3095786248429571e-10
4.88,6.494877671478063e-08,2.2233924619591706e-07,1.3895700274313562e-10
4.89,6.344513066821915e-08,2.1719204826568074e-07,1.4567240138749194e-10
4.9,6.197767020491417e-08,2.1216868634237222e-07,1.5086097174452033e-10
4.91,6.054492480579089e-08,2.0726412032092303e-07,1.5426358365424566e-10
4.92,5.914539519415142e-08,2.0247321126175463e-07,1.5560465823449092e-10
4.93,5.777755108024708e-08,1.977907136602839e-07,1.5459176264580126e-10
4.94,5.643982890585011e-08,1.932112677164257e-07,1.509152048563699e-10
4.95,5.513062958882592e-08,1.8872939160409806e-07,1.4424762840696557e-10
4.96,5.3848316267704295e-08,1.843394737407233e-07,1.3424360717585662e-10
4.97,5.259121204625168e-08,1.8003576505673316e-07,1.2053924014373797e-10
4.98,5.1357597738042805e-08,1.7581237126507172e-07,1.0275174615865497e-10
4.99,5.014570961103305e-08,1.716632451307002e-07,8.04790587009362e-11
5.0,4.895373713212954e-08,1.675821787400984e-07,5.3299420648109814e-11
5.01,4.7800249901541656e-08,1.636329409405172e-07,2.9659096631806807e-11
5.0200000000000005,4.673303748716308e-08,1.5997962959425842e-07,3.071889148623981e-11
5.03,4.569433575274741e-08,1.564239159867664e-07,3.171881088322473e-11
5.04,4.468326112271411e-08,1.5296277518602852e-07,3.264883340537914e-11
5.05,4.3698920549652055e-08,1.4959314982267963e-07,3.34983680014932e-11
5.0600000000000005,4.274041015972249e-08,1.463119454525773e-07,3.42562406756584e-11
5.07,4.1806813898062396e-08,1.4311602591937878e-07,3.4910681176396373e-11
5.08,4.08972021741871e-08,1.4000220871711487e-07,3.5449309685788e-11
5.09,4.00106305073937e-08,1.3696726035276715e-07,3.585912350860211e-11
5.1000000000000005,3.9146138172164e-08,1.3400789170884282e-07,3.612648376142437e-11
5.11,3.830274684356788e-08,1.3112075340595198e-07,3.623710206178608e-11
5.12,3.7479459242665945e-08,1.2830243116538142e-07,3.617602721729318e-11
5.13,3.6675257781912904e-08,1.2554944117167176e-07,3.5927631914754994e-11
5.14,3.5889103210560606e-08,1.2285822543519266e-07,3.5475599409313106e-11
5.15,3.5119933260061026e-08,1.2022514715471876e-07,3.480291021357021e-11
5.16,3.436666128946966e-08,1.1764648608000598e-07,3.3891828786719183e-11
5.17,3.362817493084818e-08,1.1511843387436618e-07,3.272389022367158e-11
5.18,3.29033347346678e-08,1.1263708947724378e-07,3.1279886944186725e-11
5.19,3.2190972815212247e-08,1.1019845446679104e-07,2.953985538200042e-11
5.2,3.148989149598107e-08,1.0779842842244483e-07,2.748306267395431e-11
5.21,3.079886195509239e-08,1.0543280428750096e-07,2.5087993349123974e-11
5.22,3.0116622870686206e-08,1.0309726373169092e-07,2.2332336017948255e-11
5.23,2.944187906632738e-08,1.0078737251375723e-07,1.919297006135776e-11
5.24,2.8773300156408954e-08,9.849857584403001e-08,1.5645952319904827e-11
5.25,2.8109519191554887e-08,9.622619374700155e-08,1.1666503782890746e-11
5.26,2.744913130402337e-08,9.396541642390286e-08,7.2289962774956825e-12
5.2700000000000005,2.6822756116482597e-08,9.182108993244766e-08,3.51958392497441e-12
5.28,2.6255338323715397e-08,8.987862868655219e-08,1.5104570129207448e-12
5.29,2.5701034151239828e-08,8.798105858603462e-08,-5.027004846130295e-13
5.3,2.5159392279873357e-08,8.612683496570861e-08,-2.506734928197276e-12
5.3100000000000005,2.4629964372423332e-08,8.431442338945676e-08,-4.4876053992061315e-12
5.32,2.4112304600249245e-08,8.254229803000521e-08,-6.430363685439586e-12
5.33,2.360596916982459e-08,8.080894004869668e-08,-8.319134266747777e-12
5.34,2.3110515849299133e-08,7.91128359752649e-08,-1.0137094300652939e-11
5.3500000000000005,2.262550349506095e-08,7.745247608760849e-08,-1.1866453607972769e-11
5.36,2.2150491578298683e-08,7.582635279156526e-08,-1.3488434658442774e-11
5.37,2.1685039711563406e-08,7.423295900068542e-08,-1.498325255634005e-11
5.38,2.1228707175330897e-08,7.267078651600609e-08,-1.6330095026105646e-11
5.39,2.078105244456371e-08,7.113832440582505e-08,-1.7507102397967618e-11
5.4,2.034163271527322e-08,6.963405738547459e-08,-1.849134759356403e-11
5.41,1.9910003431081916e-08,6.815646419709604e-08,-1.9258816111565583e-11
5.42,1.948571780978525e-08,6.67040159894128e-08,-1.978438601329903e-11
5.43,1.906832636991392e-08,6.527517469750491e-08,-2.0041807908369768e-11
5.44,1.865737645729587e-08,6.386839142258275e-08,-2.000368494028483e-11
5.45,1.8252411771618585e-08,6.248210481176142e-08,-1.964145277207585e-11
5.46,1.785297189299094e-08,6.111473943783396e-08,-1.8925359571921977e-11
5.47,1.745859180850547e-08,5.976470417904583e-08,-1.782444599877279e-11
5.48,1.706880143880042e-08,5.84303905988686e-08,-1.630652518797108e-11
5.49,1.668312516462196e-08,5.7110171325774336e-08,-1.4338162736876356e-11
5.5,1.63010813533861e-08,5.5802398433008894e-08,-1.1884656690486963e-11
5.51,1.592218188574094e-08,5.4505401818366285e-08,-8.910017527063513e-12
5.5200000000000005,1.55459316821287e-08,5.321748758396243e-08,-5.376948143751363e-12
5.53,1.5187852186937348e-08,5.199174393675404e-08,-3.204431446925097e-12
5.54,1.4848771192711486e-08,5.083100168118115e-08,-2.515981307965618e-12
5.55,1.4515979056939759e-08,4.969178888272219e-08,-1.7809325572613723e-12
5.5600000000000005,1.4189354167661238e-08,4.857368906643612e-08,-1.0061628768016869e-12
5.57,1.3868782828321187e-08,4.747631283696545e-08,-1.9924880634192883e-13
5.58,1.3554159102179938e-08,4.6399297345456944e-08,6.315154403921796e-13
5.59,1.3245384656722065e-08,4.5342305756483303e-08,1.4770991594995669e-12
5.6000000000000005,1.294236860806537e-08,4.430502671496428e-08,2.327716340699246e-12
5.61,1.2645027365370041e-08,4.328717381308834e-08,3.172806851125244e-12
5.62,1.2353284475247558e-08,4.228848505723342e-08,4.001017619122355e-12
5.63,1.206707046616983e-08,4.1308722334888564e-08,4.80018381804113e-12
5.64,1.178632269287824e-08,4.0347670881575155e-08,5.5573100500331465e-12
5.65,1.1510985180792658e-08,3.940513874776811e-08,6.258551529846425e-12
5.66,1.1241008470420594e-08,3.848095626581751e-08,6.889195268620424e-12
5.67,1.0976349461766103e-08,3.757497551686941e-08,7.433641257681665e-12
5.68,1.0716971258738936e-08,3.668706979778745e-08,7.87538365233878e-12
5.69,1.046284301356354e-08,3.5817133088074024e-08,8.19699195567785e-12
5.7,1.0213939771188208e-08,3.496507951679183e-08,8.380092202357592e-12
5.71,9.97024231369398e-09,3.4130842829484766e-08,8.405348142404784e-12
5.72,9.7317370047038e-09,3.3314375855099474e-08,8.252442425009421e-12
5.73,9.498415633791518e-09,3.251564997290654e-08,7.900057782319983e-12
5.74,9.270275260891021e-09,3.173465457942204e-08,7.325858213238837e-12
5.75,9.047318060705164e-09,3.097139655532843e-08,6.506470167217336e-12
5.76,8.829551167114905e-09,3.0225899732396117e-08,5.4174637280511845e-12
5.7700000000000005,8.616986517588313e-09,2.949820436040462e-08,4.033333797675564e-12
5.78,8.409640697589695e-09,2.878836657406412e-08,2.3274812799609103e-12
5.79,8.20397342043306e-09,2.8084303595882314e-08,1.8137113460849793e-12
5.8,8.001230225665165e-09,2.7390265786721803e-08,1.9350561116493152e-12
5.8100000000000005,7.802877152464732e-09,2.6711256046979394e-08,2.0397650108524326e-12
5.82,7.608877137690826e-09,2.604714748684654e-08,2.127270268862225e-12
5.83,7.419193996890298e-09,2.539781622712704e-08,2.197110822727547e-12
5.84,7.233792213713262e-09,2.4763140678475677e-08,2.2489373088761803e-12
5.8500000000000005,7.052636729328435e-09,2.4143000820636396e-08,2.282517050612868e-12
5.86,6.875692731838615e-09,2.3537277481680883e-08,2.2977390456173084e-12
5.87,6.702925445695962e-09,2.2945851617246562e-08,2.2946189534421954e-12
5.88,6.534299921117464e-09,2.2368603589775147e-08,2.273304083011212e-12
5.89,6.369780823500313e-09,2.1805412447750935e-08,2.2340783801170523e-12
5.9,6.209332222837281e-09,2.1256155204939087e-08,2.177367414919427e-12
5.91,6.052917383132174e-09,2.072070611962416e-08,2.103743369443098e-12
5.92,5.900498551815138e-09,2.019893597384815e-08,2.0139300250758636e-12
5.93,5.752036749158109e-09,1.9690711352649027e-08,1.908807750066592e-12
5.94,5.60749155769018e-09,1.9195893923298974e-08,1.7894184870232136e-12
5.95,5.466820911613047e-09,1.8714339714542903e-08,1.6569707404107857e-12
5.96,5.3299808862163215e-09,1.824589839583652e-08,1.512844564049438e-12
5.97,5.1969254872929775e-09,1.7790412556584855e-08,1.3585965486124277e-12
5.98,5.067606440554721e-09,1.7347716985380486e-08,1.1959648091241295e-12
5.99,4.94197298104743e-09,1.6917637949242064e-08,1.0268739724581082e-12
6.0,4.819971642566476e-09,1.649999247285239e-08,8.534401648350437e-13
6.01,4.701546047072163e-09,1.6094587617796927e-08,6.779759993208027e-13
6.0200000000000005,4.586636694105105e-09,1.5701219761802043e-08,5.029955633244239e-13
6.03,4.475180750201652e-09,1.53196738779735e-08,3.3121940609619185e-13
6.04,4.3671118383092285e-09,1.4949722814034584e-08,1.6557952622555824e-13
6.05,4.262445928049867e-09,1.4591418892378364e-08,-8.699323286999361e-14
6.0600000000000005,4.161055586004689e-09,1.4244327461862641e-08,-3.6352449366827337e-13
6.07,4.062847811777476e-09,1.390813066286041e-08,-6.439582676803308e-13
6.08,3.967741349941347e-09,1.3582550393289978e-08,-9.260334243215067e-13
6.09,3.875650407679529e-09,1.3267293022604081e-08,-1.2073185149752722e-12
6.1000000000000005,3.786484445284744e-09,1.2962048674708468e-08,-1.4852079968714147e-12
6.11,3.7001479666586367e-09,1.2666490510880646e-08,-1.7569184569640874e-12
6.12,3.616540309811129e-09,1.2380274012688374e-08,-2.0194848358100815e-12
6.13,3.5355554373598505e-09,1.2103036264908405e-08,-2.2697566514468692e-12
6.140000000000001,3.4570817270295265e-09,1.1834395238445092e-08,-2.504394223270785e-12
6.15,3.381001762151401e-09,1.1573949073249118e-08,-2.719864895915079e-12
6.16,3.3071921221626004e-09,1.1321275361236008e-08,-2.9124392631281763e-12
6.17,3.235523173105557e-09,1.1075930429204861e-08,-3.0781873916517366e-12
6.18,3.1658588581274033e-09,1.0837448621756978e-08,-3.212975045098804e-12
6.19,3.0980564879793676e-09,1.060534158421448e-08,-3.3124599078319514e-12
6.2,3.0319665315161963e-09,1.0379097545539045e-08,-3.372087808841392e-12
6.21,2.967432406195519e-09,1.0158180601250421e-08,-3.3870889456231596e-12
6.22,2.90429026857727e-09,9.942029996345154e-09,-3.352474108057214e-12
6.23,2.84236880482308e-09,9.730059408215201e-09,-3.2630309022855705e-12
6.24,2.7814890211956973e-09,9.521656229566647e-09,-3.1133199745904805e-12
6.25,2.7214640345583535e-09,9.31618085133823e-09,-2.8976712352725145e-12
6.26,2.662098862874186e-09,9.112965945620074e-09,-2.6101800825287283e-12
6.2700000000000005,2.603190215705628e-09,8.911315748572288e-09,-2.244703626330757e-12
6.28,2.544526284713829e-09,8.71050534334369e-09,-1.7948569123030883e-12
6.29,2.485886534158023e-09,8.509779942990339e-09,-1.2540091456010056e-12
6.3,2.4270414913949505e-09,8.308354173394253e-09,-6.152799147888448e-13
6.3100000000000005,2.4342078782724396e-09,8.332857859363772e-09,-1.7839039116077552e-12
6.32,2.4471049466880324e-09,8.376977335602953e-09,-3.024942270719008e-12
6.33,2.4641853296578343e-09,8.435416672196257e-09,-4.293626060285787e-12
6.34,2.485365893143627e-09,8.507891344333704e-09,-5.587338777590758e-12
6.3500000000000005,2.5105571136530105e-09,8.594094958513052e-09,-6.903298873718719e-12
6.36,2.539662899359485e-09,8.693698640259137e-09,-8.238556858598388e-12
6.37,2.5725804112225434e-09,8.806350421843162e-09,-9.58999240604495e-12
6.38,2.6091998841077362e-09,8.931674630002128e-09,-1.095431145880056e-11
6.390000000000001,2.6494044479067576e-09,9.069271273658161e-09,-1.2328043333576776e-11
6.4,2.6930699486575124e-09,9.21871543163778e-09,-1.370753782609584e-11
6.41,2.7400647696642198e-09,9.379556640391358e-09,-1.508896231613233e-11
6.42,2.790249652617469e-09,9.551318281712398e-09,-1.6468298872555245e-11
6.43,2.8434775187143122e-09,9.733496970456908e-09,-1.7841341358369104e-11
6.44,2.8995932897783407e-09,9.925561942262762e-09,-1.920369253575607e-11
6.45,2.95843370937975e-09,1.0126954441268966e-08,-2.0550761171116937e-11
6.46,3.0198271639554454e-09,1.0337087107835129e-08,-2.1877759140113764e-11
6.47,3.083593503929103e-09,1.0555343366260715e-08,-2.3179698532710723e-11
6.48,3.1495438648312556e-09,1.0781076812504467e-08,-2.4451388758216216e-11
6.49,3.2174804884193565e-09,1.1013610601903634e-08,-2.568743365032405e-11
6.5,3.2871965437978867e-09,1.1252236836893471e-08,-2.68822285721557e-11
6.51,3.358475948538413e-09,1.1496215954726475e-08,-2.8029957521301598e-11
6.5200000000000005,3.4310931897996808e-09,1.1744776115191807e-08,-2.9124590234862935e-11
6.53,3.5048131454476655e-09,1.1997112588334534e-08,-3.015987929449288e-11
6.54,3.579390905175689e-09,1.2252387142175101e-08,-3.112935723143909e-11
6.55,3.65457159162448e-09,1.2509727430428616e-08,-3.2026333631584575e-11
6.5600000000000005,3.730090181502259e-09,1.276822638022422e-08,-3.284389224048987e-11
6.57,3.80567132670479e-09,1.3026941579824345e-08,-3.357488806843423e-11
6.58,3.881029175435508e-09,1.3284894666344212e-08,-3.42119444954577e-11
6.59,3.9558671933255655e-09,1.3541070713471081e-08,-3.474745037640265e-11
6.6000000000000005,4.0298779845539236e-09,1.379441761918364e-08,-3.517355714595531e-11
6.61,4.10274311296741e-09,1.4043845493471264e-08,-3.548217592368755e-11
6.62,4.174132923200833e-09,1.4288226046053497e-08,-3.5664974619098475e-11
6.63,4.243706361797036e-09,1.4526391974099317e-08,-3.571337503665621e-11
6.640000000000001,4.311110798326992e-09,1.475713634994652e-08,-3.5618549980839316e-11
6.65,4.375981846509852e-09,1.4979212008820984e-08,-3.537142036117867e-11
6.66,4.4379431853330685e-09,1.5191330936556147e-08,-3.496265229729905e-11
6.67,4.496606380172445e-09,1.5392163657312267e-08,-3.438265422396078e-11
6.68,4.551570703912222e-09,1.5580338621295785e-08,-3.3621573996101375e-11
6.69,4.602422958065164e-09,1.57544415924787e-08,-3.266929599387712e-11
6.7,4.648737293892614e-09,1.5913015036317854e-08,-3.1515438227705085e-11
6.71,4.690075033524608e-09,1.605455750747436e-08,-3.014934944330431e-11
6.72,4.7259844910799296e-09,1.61775230375329e-08,-2.8560106226737708e-11
6.73,4.756000793786199e-09,1.628032052272109e-08,-2.6736510109453545e-11
6.74,4.779645703099943e-09,1.6361313111628792e-08,-2.4667084673327753e-11
6.75,4.7964274358266855e-09,1.6418817592927524e-08,-2.2340072655704547e-11
6.76,4.8058404852410214e-09,1.6451103783089764e-08,-1.9743433054438804e-11
6.7700000000000005,4.807365442206695e-09,1.6456393914108307e-08,-1.6864838232937254e-11
6.78,4.8004688162966795e-09,1.643286202121561e-08,-1.369167102520119e-11
6.79,4.784602856913259e-09,1.637863333060315e-08,-1.0211021840866604e-11
6.8,4.759205374408104e-09,1.629178364714076e-08,-6.409685770246798e-12
6.8100000000000005,4.723699561202348e-09,1.617033874209598e-08,-2.2741596893735042e-12
6.82,4.677493812906682e-09,1.6012273740853426e-08,2.209360634960062e-12
6.83,4.6199815494414125e-09,1.5815512510634098e-08,7.0549834401596755e-12
6.84,4.550541036156555e-09,1.557792704821475e-08,1.227712386278703e-11
6.8500000000000005,4.468535204951898e-09,1.5297336867647207e-08,1.7890506833518946e-11
6.86,4.373311475397117e-09,1.4971508387977832e-08,2.3910169972103676e-11
6.87,4.264201575851811e-09,1.4598154320966697e-08,3.0351466482322265e-11
6.88,4.155478746785979e-09,1.4226086508141349e-08,3.517754907502969e-11
6.890000000000001,4.04496809364836e-09,1.3847865001334589e-08,3.860677627380376e-11
6.9,3.9308313416773725e-09,1.3457201028357671e-08,4.080941153782946e-11
6.91,3.815121677612712e-09,1.3061114361526966e-08,4.141979031016686e-11
6.92,3.700212943749186e-09,1.2667721351265256e-08,4.002630034974126e-11
6.93,3.588816966615203e-09,1.2286294188737059e-08,3.6168982160727684e-11
6.94,3.4840008856512696e-09,1.1927320168483935e-08,2.933712942193406e-11
6.95,3.3892044818885298e-09,1.1602560951059969e-08,1.8966889416188016e-11
6.96,3.292904447871389e-09,1.1272665537325237e-08,9.068929426945077e-12
6.97,3.188446919984531e-09,1.0914918576021795e-08,2.2503093660940262e-12
6.98,3.087815290585065e-09,1.057027149250532e-08,-4.434690533240217e-12
6.99,2.991745436094504e-09,1.0241255709062491e-08,-1.0469307043168299e-11
7.0,2.9008949740245066e-09,9.930137068840688e-09,-1.5239812531191994e-11
7.01,2.8158323204031693e-09,9.638878523444544e-09,-1.8029388688185535e-11
7.0200000000000005,2.7370257472012694e-09,9.369102820532296e-09,-1.8012000256379754e-11
7.03,2.66483243975855e-09,9.122055191412299e-09,-1.4246268757345983e-11
7.04,2.5986420200772094e-09,8.895604473494149e-09,-8.482260768976353e-12
7.05,2.536009641004418e-09,8.681207703769083e-09,-8.002971665464102e-12
7.0600000000000005,2.478261786945464e-09,8.48354599345342e-09,-6.932473603080767e-12
7.07,2.4247229616063048e-09,8.300303957986887e-09,-5.399983439934815e-12
7.08,2.374491925397743e-09,8.1283921754956e-09,-3.5881638760563627e-12
7.09,2.3264275584136426e-09,7.963898685525008e-09,-1.7376244394358819e-12
7.1000000000000005,2.2791347234091187e-09,7.802040487772738e-09,-1.514224720624075e-13
7.11,2.2309501287787518e-09,7.637115040821518e-09,8.004358840375246e-13
7.12,2.180192877588605e-09,7.463359248591786e-09,7.363357218149427e-13
7.13,2.1423209757381036e-09,7.333771267574848e-09,3.140543613895124e-12
7.140000000000001,2.105994455384765e-09,7.209470970690269e-09,5.428521246048736e-12
7.15,2.070563037120417e-09,7.08822800586761e-09,7.420944257651559e-12
7.16,2.035321191475721e-09,6.967622272284061e-09,8.913149306293166e-12
7.17,1.9995093176543426e-09,6.845047929836978e-09,9.674095714020595e-12
7.18,1.9623149222671077e-09,6.71771740861636e-09,9.445327113582958e-12
7.19,1.9228737980661563e-09,6.582665418377331e-09,7.939933094675694e-12
7.2,1.8802712026791145e-09,6.436752958012674e-09,4.841510850185651e-12
7.21,1.840227454825327e-09,6.299629796720076e-09,2.9795326457334988e-12
7.22,1.8010015021407409e-09,6.165318467535726e-09,1.6291846916727356e-12
7.23,1.7610674933563782e-09,6.028580379953414e-09,1.5764203659467231e-13
7.24,1.7205569590187895e-09,5.889869131771256e-09,-1.292211972771929e-12
7.25,1.67970643214319e-09,5.749998628140682e-09,-2.5410680207322504e-12
7.26,1.6388663936448858e-09,5.610173766736526e-09,-3.370538475964815e-12
7.2700000000000005,1.5985102177706753e-09,5.4720211229270356e-09,-3.5205050448616092e-12
7.28,1.5592431175302752e-09,5.337619634943959e-09,-2.68646642486805e-12
7.29,1.5196690717459406e-09,5.202157341413652e-09,-2.281359201982942e-12
7.3,1.476611934982545e-09,5.054749034695161e-09,-2.8248998551524552e-12
7.3100000000000005,1.4339102088122102e-09,4.908560308709159e-09,-3.241601224800404e-12
7.32,1.3918831473042394e-09,4.76468511608277e-09,-3.4865429677519506e-12
7.33,1.3509443940626724e-09,4.624540476677769e-09,-3.5174295631206375e-12
7.34,1.3116019822263e-09,4.4898664775906354e-09,-3.294590312308224e-12
7.3500000000000005,1.274458334468658e-09,4.362726273152529e-09,-2.7809793390046627e-12
7.36,1.2402102629980393e-09,4.245506084929332e-09,-1.9421755891883144e-12
7.37,1.201430892176878e-09,4.112773721404573e-09,-1.102723766100662e-12
7.38,1.1408894620822546e-09,3.905525016307885e-09,-1.0189886905146916e-12
7.390000000000001,1.0785429291313999e-09,3.6920989846574377e-09,-8.415703368345568e-13
7.4,1.0147734537261119e-09,3.4738037556611924e-09,-5.765615929810183e-13
7.41,9.500314829709208e-10,3.252181140824259e-09,-2.338120041566439e-13
7.42,8.848357506731131e-10,3.029006633948979e-09,1.730722271540841e-13
7.43,8.197732773427239e-10,2.8062894111348983e-09,6.267282411848137e-13
7.44,7.554993701925333e-10,2.586272330778754e-09,1.1060365208873562e-12
7.45,6.927376231380877e-10,2.3714319335745494e-09,1.5861208919315192e-12
7.46,6.322799167976662e-10,2.164478442513438e-09,2.038348522705355e-12
7.47,5.749864184923032e-10,1.968355762883802e-09,2.430329924314994e-12
7.48,5.217855822457785e-10,1.7862414822712148e-09,2.725918950584716e-12
7.49,4.736741487846357e-10,1.6215468705585082e-09,2.8852127980568364e-12
7.5,4.317171455381534e-10,1.4779168799256716e-09,2.8645520059918866e-12
7.51,3.9704788663836513e-10,1.359230144849921e-09,2.6165204563684842e-12
7.5200000000000005,3.70867972920052e-10,1.269598982105674e-09,2.0899453738833087e-12
7.53,3.544472919207516e-10,1.2133693907645786e-09,1.229897325951311e-12
7.54,3.073310481817543e-10,1.0520880794128498e-09,1.6698008666576346e-12
7.55,2.49935827833117e-10,8.556289886043203e-10,2.5775327163737048e-12
7.5600000000000005,1.9348702668417023e-10,6.624099489924637e-10,3.4921099541631e-12
7.57,1.3833422565992172e-10,4.736271934722876e-10,4.391896971622944e-12
7.58,8.4851124705526e-11,2.90559477005256e-10,5.253289760911198e-12
7.59,3.343554278630498e-11,1.145680766193552e-10,6.050715914746369e-12
7.6000000000000005,-1.5490582112262267e-11,-5.290320859093704e-11,6.756634626407648e-12
7.61,-6.148119298452124e-11,-2.1032805746459224e-10,7.341536689734647e-12
7.62,-1.0406611380466885e-10,-3.5609762677412137e-10,7.773944499127795e-12
7.63,-1.4275104952673556e-10,-4.88520551225514e-10,8.020412049548063e-12
7.640000000000001,-1.7701758608459257e-10,-6.058229434582636e-10,8.045524936517039e-12
7.65,-2.063231903919402e-10,-7.061483940453267e-10,7.811900356116923e-12
7.66,-2.3010121034232616e-10,-7.875579714931863e-10,7.280187104990561e-12
7.67,-2.477608748091329e-10,-8.480302222418077e-10,6.4090655803413925e-12
7.68,-2.5868729364558083e-10,-8.854611706646508e-10,5.155247779933482e-12
7.69,-2.6224145768472845e-10,-8.976643190686691e-10,3.473477302091335e-12
7.7,-2.6632766451510754e-10,-9.116850724885925e-10,1.958147345471416e-12
7.71,-2.8853946239960106e-10,-9.87721716552185e-10,1.9291209150759728e-12
7.72,-3.0885451814820317e-10,-1.0572655106139968e-09,1.88903024342912e-12
7.73,-3.2724628773358897e-10,-1.1202255919869476e-09,1.8378382273322175e-12
7.74,-3.4369083705098774e-10,-1.176520032044603e-09,1.77554110553539e-12
7.75,-3.581668419181934e-10,-1.2260758362212068e-09,1.7021684587375029e-12
7.76,-3.7065558807555726e-10,-1.268828944011659e-09,1.617783209586179e-12
7.7700000000000005,-3.8114097118599116e-10,-1.3047242289715238e-09,1.5224816226777845e-12
7.78,-3.8960949683496333e-10,-1.333715498717018e-09,1.4163933045574635e-12
7.79,-3.960502805305044e-10,-1.3557654949250302e-09,1.2996812037190893e-12
7.8,-4.004550477032032e-10,-1.3708458933331067e-09,1.1725416106052946e-12
7.8100000000000005,-4.028181337062084e-10,-1.3789373037394562e-09,1.0352041576074535e-12
7.82,-4.03136483815227e-10,-1.3800292700029473e-09,8.879318190657288e-13
7.83,-4.014096532285265e-10,-1.3741202700431126e-09,7.310209112690009e-13
7.84,-3.9763980706693337e-10,-1.361217715840145e-09,5.648010924549144e-13
7.8500000000000005,-3.9183172037383264e-10,-1.341337953434898e-09,3.896353628098501e-13
7.86,-3.8399277811517066e-10,-1.314506262928891e-09,2.059200644689897e-13
7.87,-3.7752569875735853e-10,-1.292369980105095e-09,5.8332982484307e-14
7.88,-3.708698446625864e-10,-1.2695871236648239e-09,-7.318117790206307e-14
7.890000000000001,-3.632723197344876e-10,-1.2435805712770294e-09,-1.981437954480582e-13
7.9,-3.5484720597100543e-10,-1.2147408233098737e-09,-3.147697662960801e-13
7.91,-3.4571475698345e-10,-1.1834795056801004e-09,-4.21194192858253e-13
7.92,-3.360013979965003e-10,-1.1502293698530455e-09,-5.154723838163776e-13
7.930000000000001,-3.258397258482028e-10,-1.11544429284263e-09,-5.955798541219457e-13
7.94,-3.153685089899752e-10,-1.079599277211374e-09,-6.594123249961165e-13
7.95,-3.047326874866009e-10,-1.043190451070377e-09,-7.047857239297577e-13
7.96,-2.940833730162325e-10,-1.006735068079331e-09,-7.294361846834167e-13
7.97,-2.835778488703912e-10,-9.707715074465165e-10,-7.310200472873271e-13
7.98,-2.733795699539655e-10,-9.358592739288006e-10,-7.071138580414064e-13
7.99,-2.636581627852152e-10,-9.025789978316486e-10,-6.552143695152664e-13
8.0,-2.545894254957657e-10,-8.715324350091054e-10,-5.727385405482004e-13
8.01,-2.463553278306117e-10,-8.433424668638081e-10,-4.570235362491901e-13
8.02,-2.3914401114811644e-10,-8.186531003469832e-10,-3.0532672799690333e-13
8.03,-2.2930798587186706e-10,-7.849750888520043e-10,3.6439010031964564e-14
8.040000000000001,-2.179587210761559e-10,-7.461235898216567e-10,2.5837984363968447e-14
8.05,-2.0661159350969655e-10,-7.072792446902216e-10,2.5876197831865666e-14
8.06,-1.9534522697568918e-10,-6.687112413746247e-10,3.463649032979602e-14
8.07,-1.84238245277336e-10,-6.306887677917981e-10,5.02017017519022e-14
8.08,-1.7336927221783927e-10,-5.934810118586746e-10,7.065467199232735e-14
8.09,-1.6281693160040125e-10,-5.573571614921867e-10,9.407824094521439e-14
8.1,-1.5265984722822416e-10,-5.225864046092668e-10,1.1855524850470586e-13
8.11,-1.4297664290451023e-10,-4.894379291268475e-10,1.4216853456494486e-13
8.120000000000001,-1.3384594243246016e-10,-4.5818092296185577e-10,1.6300093902007746e-13
8.13,-1.2534636961527943e-10,-4.290845740312355e-10,1.7913530176423897e-13
8.14,-1.175565482561686e-10,-4.0241807025191333e-10,1.8865446269157608e-13
8.15,-1.1055510215832992e-10,-3.7845059954082176e-10,1.8964126169623173e-13
8.16,-1.0442065512496564e-10,-3.574513498148934e-10,1.8017853867234884e-13
8.17,-9.923183095927797e-11,-3.396895089910607e-10,1.583491335140702e-13
8.18,-9.506725346446915e-11,-3.2543426498625614e-10,1.222358861155387e-13
8.19,-9.200554644374145e-11,-3.149548057174123e-10,6.992163637089714e-14
8.2,-6.727350398920289e-11,-2.302841243602819e-10,4.0392050175405956e-13
8.21,-3.60742046392814e-11,-1.234719358608839e-10,8.546429900703728e-13
8.22,-4.577382765839483e-12,-1.5641133010746794e-11,1.3123715742277385e-12
8.23,2.7167661178563668e-11,9.303948855689856e-11,1.7757080582607458e-12
8.24,5.911162674136348e-11,2.024011332087948e-10,2.2432542462038684e-12
8.25,9.120521346999486e-11,3.122750053116908e-10,2.7136119420916045e-12
8.26,1.2339912091189395e-10,4.2249230923233256e-10,3.1853829499584273e-12
8.27,1.5564404861449537e-10,5.328842493374685e-10,3.657169073838846e-12
8.28,1.8789069612523525e-10,6.432820299938441e-10,4.127572117767303e-12
8.290000000000001,2.2008976299155357e-10,7.535168555682258e-10,4.5951938857784115e-12
8.3,2.521919487608752e-10,8.634199304273205e-10,5.058636181906466e-12
8.31,2.8414795298064097e-10,9.728224589378961e-10,5.5165008101860485e-12
8.32,3.159084751982861e-10,1.0815556454666964e-09,5.967389574651633e-12
8.33,3.4742421496124585e-10,1.189450694380472e-09,6.409904279337712e-12
8.34,3.7864587181695587e-10,1.2963388100459674e-09,6.8426467282787746e-12
8.35,4.0952414531285135e-10,1.4020511968299307e-09,7.264218725509294e-12
8.36,4.4000973499636777e-10,1.506419059099107e-09,7.673222075063771e-12
8.370000000000001,4.700533404149455e-10,1.6092736012202617e-09,8.068258580976753e-12
8.38,4.996056611160095e-10,1.710446027560106e-09,8.447930047282587e-12
8.39,5.286173966470004e-10,1.8097675424854046e-09,8.810838278015833e-12
8.4,5.570392465553535e-10,1.907069350362904e-09,9.15558507721096e-12
8.41,5.848219103885045e-10,2.002182655559351e-09,9.480772248902479e-12
8.42,6.119160876938883e-10,2.0949386624414923e-09,9.785001597124862e-12
8.43,6.382724780189403e-10,2.1851685753760745e-09,1.00668749259126e-11
8.44,6.638417809110959e-10,2.272703598729845e-09,1.0324994039300165e-11
8.45,6.885746959177908e-10,2.35737493686955e-09,1.0557960741322065e-11
8.46,7.124219225864638e-10,2.4390137941619505e-09,1.0764376836012804e-11
8.47,7.353341604645426e-10,2.5174513749737646e-09,1.0942844127406793e-11
8.48,7.572621090994664e-10,2.592518883671754e-09,1.1091964419538574e-11
8.49,7.781564680386706e-10,2.6640475246226644e-09,1.1210339516442612e-11
8.5,7.979679368295908e-10,2.731868502193244e-09,1.129657122215341e-11
8.51,8.166472150196619e-10,2.7958130207502386e-09,1.134926134070544e-11
8.52,8.341450021563197e-10,2.8557122846603952e-09,1.1367011676133198e-11
8.53,8.504119977869992e-10,2.911397498290461e-09,1.1348424032471167e-11
8.540000000000001,8.653989014591386e-10,2.9626998660071907e-09,1.1292100213753816e-11
8.55,8.790564127201677e-10,3.0094505921773132e-09,1.1196642024015655e-11
8.56,8.913352311175249e-10,3.0514808811675845e-09,1.1060651267291159e-11
8.57,9.021860561986453e-10,3.0886219373447523e-09,1.088272974761482e-11
8.58,9.115595875109643e-10,3.1207049650755624e-09,1.0661479269021116e-11
8.59,9.194065246019172e-10,3.1475611687267617e-09,1.039550163554454e-11
8.6,9.256775670189396e-10,3.1690217526650974e-09,1.0083398651219572e-11
8.61,9.303234143094667e-10,3.1849179212573154e-09,9.723772120080702e-12
8.620000000000001,9.332947660209342e-10,3.195080878870165e-09,9.315223846162338e-12
8.63,9.345423217007764e-10,3.1993418298703886e-09,8.85635563349911e-12
8.64,9.340167808964295e-10,3.197531978624735e-09,8.345769286125436e-12
8.65,9.316688431553284e-10,3.1894825294999515e-09,7.782066608075802e-12
8.66,9.27449208024909e-10,3.175024686862785e-09,7.163849403384693e-12
8.67,9.213085750526065e-10,3.1539896550799813e-09,6.489719476086596e-12
8.68,9.131976437858561e-10,3.126208638518288e-09,5.758278630215996e-12
8.69,9.030671137720932e-10,3.091512841544452e-09,4.96812866980738e-12
8.700000000000001,8.908676845587509e-10,3.0497334685252117e-09,4.117871398895075e-12
8.71,8.765500556932687e-10,3.0007017238273287e-09,3.206108621513871e-12
8.72,8.600649267230802e-10,2.9442488118175428e-09,2.231442141698108e-12
8.73,8.413629971956207e-10,2.8802059368626007e-09,1.1924737634822711e-12
8.74,8.481268648440084e-10,2.9033563112142975e-09,1.0117811300097647e-12
8.75,8.627406996307794e-10,2.953384616109581e-09,1.1026815903975063e-12
8.76,8.770188640061594e-10,3.002263827854618e-09,1.1926891621053696e-12
8.77,8.90948430450541e-10,3.049949689100329e-09,1.2816175283917153e-12
8.78,9.045164714443159e-10,3.0963979424976343e-09,1.369280372514903e-12
8.790000000000001,9.177100594678794e-10,3.141564330697463e-09,1.4554913777333041e-12
8.8,9.305162670016187e-10,3.18540459635072e-09,1.5400642273052494e-12
8.81,9.42922166525929e-10,3.227874482108335e-09,1.6228126044891105e-12
8.82,9.549148305212021e-10,3.2689297306212276e-09,1.703550192543248e-12
8.83,9.664813314678304e-10,3.3085260845403186e-09,1.7820906747260198e-12
8.84,9.776087418462068e-10,3.3466192865165296e-09,1.858247734295782e-12
8.85,9.882841341367232e-10,3.38316507920078e-09,1.9318350545108945e-12
8.86,9.984945808197716e-10,3.418119205243992e-09,2.0026663186297184e-12
8.870000000000001,1.0082271543757468e-09,3.4514374072970915e-09,2.0705552099106202e-12
8.88,1.017468927285037e-09,3.483075428010988e-09,2.1353154116119372e-12
8.89,1.026206972028037e-09,3.5129890100366075e-09,2.1967606069920373e-12
8.9,1.0344283610851384e-09,3.541133896024871e-09,2.2547044793092812e-12
8.91,1.042120166936734e-09,3.5674658286266996e-09,2.3089607118220276e-12
8.92,1.049269462063216e-09,3.591940550493014e-09,2.3593429877886344e-12
8.93,1.0558633189449766e-09,3.614513804274735e-09,2.40566499046746e-12
8.94,1.0618888100624085e-09,3.635141332622783e-09,2.4477404031168627e-12
8.950000000000001,1.0673330078959044e-09,3.6537788781880825e-09,2.485382908995207e-12
8.96,1.0721829849258553e-09,3.6703821836215478e-09,2.518406191360839e-12
8.97,1.0764258136326542e-09,3.6849069915741022e-09,2.5466239334721237e-12
8.98,1.0800485664966935e-09,3.697309044696667e-09,2.569849818587419e-12
8.99,1.0830383159983657e-09,3.707544085640164e-09,2.5878975299650847e-12
9.0,1.085382134618063e-09,3.715567857055512e-09,2.6005807508634787e-12
9.01,1.0870670948361775e-09,3.721336101593633e-09,2.6077131645409597e-12
9.02,1.0880802691331019e-09,3.7248045619054476e-09,2.609108454255886e-12
9.03,1.0884087299892286e-09,3.725928980641876e-09,2.604580303266616e-12
9.040000000000001,1.0880395498849493e-09,3.7246651004538403e-09,2.5939423948315065e-12
9.05,1.0869598013006568e-09,3.72096866399226e-09,2.5770084122089185e-12
9.06,1.0851565567167437e-09,3.7147954139080562e-09,2.55359203865721e-12
9.07,1.0826168886136018e-09,3.7061010928521497e-09,2.5235069574347396e-12
9.08,1.0793278694716238e-09,3.6948414434754616e-09,2.4865668517998652e-12
9.09,1.075276571771202e-09,3.6809722084289128e-09,2.4425854050109456e-12
9.1,1.0704500679927284e-09,3.6644491303634236e-09,2.39137630032634e-12
9.11,1.0648354306165959e-09,3.6452279519299154e-09,2.332753221004406e-12
9.120000000000001,1.0584197321231952e-09,3.6232644157793043e-09,2.2665298503034896e-12
9.13,1.051190044992921e-09,3.598514264562519e-09,2.1925198714819738e-12
9.14,1.0431334417061648e-09,3.570933240930476e-09,2.1105369677982048e-12
9.15,1.0342369947433185e-09,3.540477087534098e-09,2.020394822510542e-12
9.16,1.0244877765847748e-09,3.5071015470243035e-09,1.9219071188773442e-12
9.17,1.0138728597109259e-09,3.4707623620520145e-09,1.8148875401569685e-12
9.18,1.0023793166021642e-09,3.431415275268152e-09,1.6991497696077743e-12
9.19,9.899942197388818e-10,3.389016029323636e-09,1.5745074904881204e-12
9.200000000000001,9.76704641601469e-10,3.3435203668693793e-09,1.4407743860563403e-12
9.21,9.624976546703225e-10,3.2948840305563187e-09,1.2977641395708399e-12
9.22,9.473603314258327e-10,3.243062763035368e-09,1.145290434289955e-12
9.23,9.312797443483916e-10,3.1880123069574467e-09,9.831669534720444e-13
9.24,9.142429659183918e-10,3.129688404973476e-09,8.112073803754658e-13
9.25,8.962370686162253e-10,3.068046799734377e-09,6.292253982585783e-13
9.26,8.772491249222848e-10,3.0030432338910705e-09,4.3703469037974033e-13
9.27,8.572662073169625e-10,2.9346334500944774e-09,2.3444893999731034e-13
9.28,8.480373333504514e-10,2.9030397800328848e-09,1.7064024438733012e-13
9.290000000000001,8.424479944032232e-10,2.8839059630304626e-09,1.5524324891881275e-13
9.3,8.367046685012e-10,2.8642450148071976e-09,1.400639656347675e-13
9.31,8.308102037980005e-10,2.844066685454686e-09,1.251164043143193e-13
9.32,8.247674484472446e-10,2.8233807250645292e-09,1.1041457473659596e-13
9.33,8.185792506025519e-10,2.802196883728328e-09,9.597248668072498e-14
9.34,8.122484584175424e-10,2.780524911537682e-09,8.180414992583358e-14
9.35,8.057779200458357e-10,2.7583745585841926e-09,6.792357425104967e-14
9.36,7.991704836410515e-10,2.7357555749594606e-09,5.434476943550076e-14
9.370000000000001,7.924289973568083e-10,2.7126777107550816e-09,4.108174525831184e-14
9.38,7.855563093467286e-10,2.689150716062665e-09,2.814851149861551e-14
9.39,7.785552677644307e-10,2.665184340973807e-09,1.5559077935536926e-14
9.4,7.714287207635346e-10,2.6407883355801093e-09,3.3274543482033433e-15
9.41,7.641795164976598e-10,2.6159724499731708e-09,-8.532349484257283e-15
9.42,7.568105031204261e-10,2.5907464342445933e-09,-2.0006323782717623e-14
9.43,7.493245287854534e-10,2.5651200384859767e-09,-3.1080458768050185e-14
9.44,7.417244416463615e-10,2.539103012788922e-09,-4.174074466112718e-14
9.450000000000001,7.340130898567684e-10,2.5127051072450254e-09,-5.1973171682822887e-14
9.46,7.261933215702972e-10,2.4859360719458968e-09,-6.176373005400623e-14
9.47,7.182679849405659e-10,2.4588056569831315e-09,-7.10984099955514e-14
9.48,7.102399281211944e-10,2.4313236124483305e-09,-7.996320172833075e-14
9.49,7.021119992658023e-10,2.403499688433094e-09,-8.834409547321691e-14
9.5,6.938870465280096e-10,2.3753436350290236e-09,-9.62270814510822e-14
9.51,6.85567918061436e-10,2.3468652023277192e-09,-1.03598149882799e-13
9.52,6.771574620197011e-10,2.3180741404207813e-09,-1.1044329098923999e-13
9.53,6.686585265564249e-10,2.288980199399811e-09,-1.1674849499127728e-13
9.540000000000001,6.600739598252255e-10,2.2595931293564036e-09,-1.2249975210978447e-13
9.55,6.514066099797256e-10,2.2299226803821695e-09,-1.2768305256563197e-13
9.56,6.426593251735438e-10,2.199978602568705e-09,-1.3228438657969316e-13
9.57,6.338349535602995e-10,2.1697706460076097e-09,-1.3628974437284057e-13
9.58,6.249363432936126e-10,2.139308560790485e-09,-1.3968511616594658e-13
9.59,6.15966342527103e-10,2.1086020970089316e-09,-1.4245649217988374e-13
9.6,6.069277994143903e-10,2.0776610047545497e-09,-1.445898626355243e-13
9.61,5.978235621090943e-10,2.0464950341189396e-09,-1.4607121775374087e-13
9.620000000000001,5.886564787648331e-10,2.015113935193697e-09,-1.468865477554059e-13
9.63,5.794293975352298e-10,1.9835274580704332e-09,-1.470218428613915e-13
9.64,5.701451665739025e-10,1.951745352840744e-09,-1.4646309329257037e-13
9.65,5.60806634034471e-10,1.919777369596229e-09,-1.4519628926981492e-13
9.66,5.51416648070555e-10,1.887633258428489e-09,-1.4320742101399755e-13
9.67,5.419780568357743e-10,1.8553227694291253e-09,-1.4048247874599076e-13
9.68,5.324937084837486e-10,1.8228556526897377e-09,-1.3700745268666696e-13
9.69,5.229664511680979e-10,1.7902416583019274e-09,-1.3276833305689857e-13
9.700000000000001,5.1339913304244e-10,1.757490536357289e-09,-1.277511100775571e-13
9.71,5.037946022603982e-10,1.7246120369474346e-09,-1.2194177396951673e-13
9.72,4.941557069755905e-10,1.691615910163959e-09,-1.153263149536491e-13
9.73,4.844852953416366e-10,1.658511906098463e-09,-1.078907232508266e-13
9.74,4.747862155121565e-10,1.625309774842547e-09,-9.962098908192173e-14
9.75,4.6506131564076973e-10,1.5920192664878117e-09,-9.050310266780691e-14
9.76,4.5531344388109615e-10,1.558650131125858e-09,-8.052305422935452e-14
9.77,4.4554544838675557e-10,1.525212118848286e-09,-6.966683398743707e-14
9.78,4.357601773113677e-10,1.4917149797466965e-09,-5.792043216292696e-14
9.790000000000001,4.259604788085505e-10,1.4581684639126841e-09,-4.526983897669428e-14
9.8,4.1614920103192737e-10,1.4245823214378616e-09,-3.1701044649616e-14
9.81,4.063291921351162e-10,1.3909663024138235e-09,-1.720003940256236e-14
9.82,3.9709028748868764e-10,1.359339377970904e-09,-1.360334556685654e-14
9.83,3.880991279606942e-10,1.328560481399196e-09,-1.4109352001133572e-14
9.84,3.7915268856078247e-10,1.2979346717165662e-09,-1.4547729618327887e-14
9.85,3.702546229331762e-10,1.2674744561592707e-09,-1.492073047942214e-14
9.86,3.614085847220994e-10,1.2371923419635667e-09,-1.5230606645399e-14
9.870000000000001,3.5261822757177434e-10,1.2071008363657046e-09,-1.547961017724117e-14
9.88,3.438872051264281e-10,1.1772124466019525e-09,-1.566999313593122e-14
9.89,3.352191710302829e-10,1.1475396799085607e-09,-1.5804007582451866e-14
9.9,3.266177789275627e-10,1.1180950435217863e-09,-1.588390557778577e-14
9.91,3.180866824624914e-10,1.0888910446778853e-09,-1.59119391829156e-14
9.92,3.0962953527929277e-10,1.059940190613115e-09,-1.5890360458824017e-14
9.93,3.0124999102219074e-10,1.031254988563731e-09,-1.5821421466493684e-14
9.94,2.929517033354094e-10,1.0028479457659903e-09,-1.5707374266907262e-14
9.950000000000001,2.847383258631709e-10,9.747315694561446e-10,-1.555047092104738e-14
9.96,2.7661351224970215e-10,9.4691836687046e-10,-1.5352963489896767e-14
9.97,2.6858091613922556e-10,9.194208452451882e-10,-1.5117104034438058e-14
9.98,2.6064419117596514e-10,8.922515118165858e-10,-1.4845144615653908e-14
9.99,2.528069910041446e-10,8.654228738209094e-10,-1.453933729452699e-14
