t,T,V,I
0.0,1000.0,9400000.0,0.0
0.01,994.41461851334,8941556.616723252,5.4721263251209065
0.02,989.1263265151779,8505471.833703516,10.621704079437539
0.03,984.1178069651451,8090655.205467718,15.46755779060738
0.04,979.3728748796476,7696069.468212381,20.02729224682792
0.05,974.876392147381,7320727.94752433,24.31738332470751
0.06,970.6141895391426,6963692.089618318,28.35326121706238
0.07,966.5729954947616,6624069.114159674,32.14938649581384
0.08,962.7403710255503,6301009.782577221,35.71931970563588
0.09,959.1046499985619,5993706.274109416,39.07578525899822
0.1,955.6548843853354,5701390.165777862,42.23073007058771
0.11,952.3807942124316,5423330.513135469,45.195377208224706
0.12,949.2727208850404,5158832.017849178,47.980275957077396
0.13,946.3215850684625,4907233.293123352,50.59534705105229
0.14,943.5188472026573,4667905.207118443,53.049925096285136
0.15,940.8564717128496,4440249.312797641,55.35279707386259
0.16,938.3268933945178,4223696.349177972,57.51223851579022
0.17,935.922986679277,4017704.8185623405,59.536046617687546
0.18,933.6380371220191,3821759.6325613307,61.43157098027807
0.19,931.4657149864539,3635370.8239390906,63.205742111136175
0.2,929.4000508007146,3458072.3215001,64.86509782278185
0.21,927.4354126722444,3289420.7847319823,66.41580774905412
0.22,925.5664852313184,3128994.4952615676,67.8636961192302
0.23,923.7882500566773,2976392.3022931567,69.21426294469835
0.24,922.095967346282,2831232.6182633745,70.47270386853931
0.25,920.4851592331958,2693152.4671903495,71.64392825819789
0.26,918.9515938745988,2561806.575568024,72.73257646000381
0.27,917.4912706871327,2436866.508680545,73.74303582425622
0.28,916.1004067268245,2318019.8500928157,74.67945550336349
0.29,914.7754239171614,2204969.4206570694,75.54576033512264
0.3,913.5129368450538,2097432.5336412154,76.34566410653562
0.31,912.3097418893036,1995140.2902160774,77.082681397952
0.32,911.1628065107545,1897836.905243014,77.76013923672738
0.33,910.0692595849939,1805279.068697566,78.38118763567776
0.34,909.0263821959903,1717235.336961212,78.94880962935383
0.35000000000000003,908.0315990245132,1633485.5539552656,79.46583066797693
0.36,907.0824703094329,1553820.300875788,79.93492739262584
0.37,906.1766842456998,1478040.37234062,80.35863593544137
0.38,905.3120499136121,1405956.27848404,80.73935964701433
0.39,904.4864905750541,1337387.770863732,81.07937642350589
0.4,903.6980374190523,1272163.3919505032,81.38084554783704
0.41000000000000003,902.9448236565978,1210120.046314159,81.64581415100466
0.42,902.2250789664386,1151102.5927424151,81.87622329216924
0.43,901.5371242787766,1094963.4563859673,82.07391367168243
0.44,900.8793668340642,1041562.2594770344,82.24063104389147
0.45,900.2502955990765,990765.4709044931,82.37803124375202
0.46,899.64847691771,942446.0725420006,82.48768495655511
0.47000000000000003,899.0725502660282,896483.2399889044,82.57108236882631
0.48,898.5212244534412,852762.0415379547,82.6296373405832
0.49,897.9932740204446,811173.151610857,82.6646913622926
0.5,897.4875357239939,771612.5765974821,82.67751741171008
0.51,897.0029051676819,733981.3932981953,82.66932365073652
0.52,896.5383338861195,698185.5040406422,82.64125663639926
0.53,896.0928264009523,664135.4009864575,82.5944045550921
0.54,895.6654373622586,631745.9404994393,82.52980036135472
0.55,895.2552690229554,600936.1316002938,82.44842455829206
0.56,894.86146880701,571628.9340076847,82.35120787371856
0.5700000000000001,894.4832269418349,543751.0647006856,82.23903386362508
0.58,894.1197742122657,517232.8137295706,82.11274138227098
0.59,893.770379959325,492007.87167106743,81.9731267885099
0.6,893.4343500895463,468013.1634343535,81.8209461368633
0.61,893.1110251531977,445188.68932526244,81.65691729177776
0.62,892.7997786220869,423477.3760694878,81.48172182643324
0.63,892.5000152249163,402824.9343731696,81.29600685706207
0.64,892.2111693368038,383179.72253113333,81.1003868166961
0.65,891.932703459745,364492.6168365381,80.89544512929257
0.66,891.6641068386253,346716.8899016391,80.6817357367023
0.67,891.404894100788,329808.09353226674,80.45978459813719
0.68,891.1546039459209,313723.9466473833,80.23009113371124
0.6900000000000001,890.9127979609242,298424.2304432547,79.99312953236362
0.7000000000000001,890.6790594720474,283870.687931053,79.74935001797373
0.71,890.4529924387435,270026.9277753847,79.49918006903957
0.72,890.234220414195,256858.33315577105,79.24302556529713
0.73,890.0223855824765,244331.97588573408,78.98127185068513
0.74,889.8171478219921,232416.5339169774,78.71428476664434
0.75,889.6181838061391,221082.21240191162,78.44241164416546
0.76,889.4251861748339,210300.6696164449,78.16598221847381
0.77,889.2378627363878,200044.9460195127,77.88530950993459
0.78,889.0559357166976,190289.39704558675,77.60069065298629
0.79,888.8791410400964,181009.6289284553,77.31240769000681
0.8,888.7072276502861,172182.4377963115,77.02072832109796
0.81,888.5399568512785,163785.75108279704,76.72590663151192
0.8200000000000001,888.3771017025023,155798.57275525064,76.42818375980335
0.8300000000000001,888.218446434083,148200.93074277716,76.12778854349591
0.84,888.0637858954731,140973.8271029295,75.8249381279579
0.85,887.9129250279467,134099.1904586062,75.51983854898201
0.86,887.7656783660025,127559.83086121999,75.21268528346769
0.87,887.6218695582439,121339.39657443414,74.90366377860566
0.88,887.4813309208416,115422.33341390657,74.59294994512983
0.89,887.3439030090284,109793.84584545749,74.28071063065154
0.9,887.2094342080036,104439.85982838416,73.96710407145981
0.91,887.0777803478675,99346.98772703715,73.65228031796235
0.92,886.9488043362315,94502.49482378337,73.33638164052473
0.93,886.8223758088042,89894.26749200607,73.01954291547999
0.9400000000000001,886.6983707985717,85510.78293607873,72.70189199059065
0.9500000000000001,886.5766714209223,81341.08040603045,72.38355003291346
0.96,886.4571655715213,77374.73358495251,72.06463186254344
0.97,886.3397466436893,73601.8246745337,71.74524626487431
0.98,886.2243132576392,70012.9195745799,71.42549628972866
0.99,886.1107690031192,66599.04430052347,71.10547953566522
1.0,885.9990221953385,63351.66254977275,70.78528841963623
1.01,885.8889856428375,60262.654372956575,70.4650104334369
1.02,885.7805764254146,57324.29577373524,70.14472838903205
1.03,885.6737156853912,54529.239485701946,69.82452064916319
1.04,885.568328428047,51870.49659766234,69.5044613478118
1.05,885.464343331092,49341.41901438177,69.18462060066814
1.06,885.3616925649877,46935.68287965694,68.86506470362445
1.07,885.2603116215,44647.272761619395,68.54585632216435
1.08,885.1601391504225,42470.46659489061,68.22705467171382
1.09,885.0611168050368,40399.82140030491,67.90871568834703
1.1,884.9631890948854,38430.15968273404,67.59089219140365
1.11,884.8663032448171,36556.55640968306,67.27363403916804
1.12,884.7704090625347,34774.32675538104,66.9569882751586
1.1300000000000001,884.6754588119181,33079.01438057646,66.64099926802645
1.1400000000000001,884.5814070924628,31466.3802794704,66.3257088446929
1.1500000000000001,884.4882107250157,29932.39219350407,66.01115641652858
1.16,884.3958286429933,28473.214534039133,65.6973790994712
1.17,884.3042217883968,27085.19875030836,65.38441182883464
1.18,884.213353013856,25764.87424416387,65.07228746745983
1.19,884.1231869890437,24508.939690967392,64.76103690902833
1.2,884.0336901113676,23314.254757502535,64.4506891766471
1.21,883.9448304216241,22177.832271344767,64.14127151594953
1.22,883.8565775235376,21096.830751374808,63.83280948389863
1.23,883.7689025070679,20068.547288598726,63.525327033421625
1.24,883.6817778758546,19090.41080406701,63.21884659347487
1.25,883.5951774780515,18159.97562230077,62.91338914535689
1.26,883.5090764401973,17274.915326802387,62.608974295664446
1.27,883.4234511049162,16433.016966574574,62.30562034501536
1.28,883.3382789713971,15632.175521131374,62.00334435369757
1.29,883.2535386386932,14870.388627924844,61.702162204199205
1.3,883.1692097520234,14145.751585058684,61.402088660420105
1.31,883.0852729516138,13456.452590361396,61.10313742407545
1.32,883.0017098238224,12800.768193085485,60.8053211885724
1.33,882.9185028550369,12177.059000723797,60.508651689822486
1.34,882.8356353876522,11583.765579492589,60.21313975475367
1.35,882.7530915780665,11019.404542768714,59.91879534759014
1.36,882.6708563569846,10482.564852249712,59.62562761358057
1.37,882.5889153915551,9971.904289824295,59.33364492069996
1.3800000000000001,882.5072550492622,9486.146092982704,59.04285489941033
1.3900000000000001,882.4258623637751,9024.07577098328,58.75326448025655
1.4000000000000001,882.3447250023839,8584.538068778584,58.46487992970904
1.41,882.2638312348888,8166.434066415506,58.17770688439881
1.42,882.1831699042492,7768.7184412007,57.89175038340728
1.43,882.1027303985587,7390.396853523534,57.607014899089506
1.44,882.0225026243315,7030.523454970886,57.32350436644719
1.45,881.9424769812201,6688.198528762334,57.041222210921305
1.46,881.862644337914,6362.5662406184565,56.76017137487574
1.47,881.7829960091268,6052.812490837707,56.48035434288108
1.48,881.7035237338688,5758.162885818358,56.20177316557444
1.49,881.6242196547081,5477.880801662086,55.92442948242803
1.5,881.5450762979839,5211.265536593393,55.64832454346546
1.51,881.4660865551006,4957.6505638281715,55.373459229781524
1.52,881.3872436646873,4716.401865051147,55.09983407310722
1.53,881.3085411955786,4486.916340632369,54.82744927446605
1.54,881.2299730307221,4268.6203059217705,54.556304721805986
1.55,881.1515333518304,4060.968057007083,54.286400006809046
1.56,881.0732166247246,3863.440501101938,54.0177344409358
1.57,880.9950175854964,3675.5438629504365,53.75030707056638
1.58,880.9169312272995,3496.808450084947,53.48411669144501
1.59,880.8389527877542,3326.7874753493866,53.21916186244707
1.6,880.761077737032,3165.055942613684,52.95544091859546
1.61,880.6833017664937,3011.209584289026,52.692951983464376
1.62,880.6056207778422,2864.86384690368,52.431692981014706
1.6300000000000001,880.5280308728785,2725.6529327523103,52.17166164676402
1.6400000000000001,880.4505283437237,2593.2288852354495,51.912855538440134
1.6500000000000001,880.3731096634905,2467.2607161359674,51.655272046138876
1.6600000000000001,880.2957714774645,2347.4335803702684,51.398908401919066
1.67,880.2185105946922,2233.4479887891985,51.143761688947805
1.68,880.1413239799556,2125.0190570949944,50.88982885021916
1.69,880.0642087461839,2021.8757955989358,50.63710669678899
1.7,879.9871621472171,1923.7604317059809,50.38559191562323
1.71,879.910181570896,1830.4277631093419,50.13528107708363
1.72,879.8332645325365,1741.644546646279,49.88617064199134
1.73,879.7564086687005,1657.1889150787458,49.63825696836091
1.74,879.6796117312554,1576.8498207745356,49.39153631781684
1.75,879.6028715817558,1500.4265094431817,49.14600486165467
1.76,879.526186186086,1427.7280182325417,48.90165868661461
1.77,879.4495536093438,1358.5726966090956,48.65849380038666
1.78,879.3729720110097,1292.7877536133856,48.416506136803825
1.79,879.2964396403357,1230.2088258149213,48.17569156079147
1.8,879.2199548319453,1170.6795650642614,47.936045873083316
1.81,879.1435160016747,1114.0512486885336,47.69756481467236
1.82,879.0671216426058,1060.182407646979,47.46024407105031
1.83,878.9907703212803,1008.9384717128285,47.224079276246464
1.84,878.9144606741213,960.1914339925725,46.989066016638425
1.85,878.8381914040201,913.8195308832342,46.755199834581155
1.86,878.7619612770775,869.7069365869208,46.522476231864665
1.87,878.6857691195253,827.7434744011857,46.290890672974015
1.8800000000000001,878.6096138147892,787.8243412349542,46.060438588193705
1.8900000000000001,878.5334943006857,749.8498447868883,45.831115376563275
1.9000000000000001,878.4574095667729,713.7251549815518,45.602916408664925
1.9100000000000001,878.3813586518228,679.3600668807305,45.37583702927635
1.92,878.3053406414095,646.6687743829106,45.149872559896814
1.93,878.2293546656291,615.5696563459306,44.92501830112714
1.94,878.1533998969254,585.9850725067462,44.7012695349346
1.95,878.0774755480145,557.8411687468645,44.478621526808304
1.96,878.0015808699227,531.0676929675905,44.25706952778971
1.97,877.925715150116,505.59781944348833,44.0366087764039
1.98,877.8498777107136,481.3679812102509,43.817234500496625
1.99,877.7740679068003,458.31771159808216,43.59894191896397
2.0,877.6982851248163,436.38949305242954,43.38172624339676
2.0100000000000002,877.6225287810204,415.52861284531815,43.165582679644274
2.02,877.5467983200377,395.6830266916637,42.950506429285284
2.0300000000000002,877.4710932134742,376.8032286225174,42.73649269102594
2.04,877.395412958594,358.8421268265321,42.523536662027965
2.05,877.3197570770706,341.75492624428426,42.31163353915768
2.06,877.2441251137935,325.4990165736755,42.10077852017195
2.07,877.1685166357315,310.03386537942396,41.89096680484457
2.08,877.0929312308566,295.3209170596997,41.68219359602413
2.09,877.0173685071181,281.32349644660536,41.47445410063798
2.1,876.9418280914643,268.0067168188898,41.267743530644694
2.11,876.8663096289165,255.3373929296822,41.06205710392814
2.12,876.7908127816863,243.28395803697364,40.85739004514488
2.13,876.7153372283336,231.8163847273609,40.653737586527605
2.14,876.6398826629701,220.9061100624304,40.45109496863809
2.15,876.5644487944996,210.52596416630902,40.249457441080395
2.16,876.4890353458934,200.6501020720404,40.048820263176104
2.17,876.4136420535049,191.25393929666365,39.84917870459638
2.18,876.3382686664163,182.3140903744839,39.650528045959675
2.19,876.2629149458144,173.80831020569755,39.452863579396976
2.2,876.1875806644015,165.71543860009936,39.25618060907992
2.21,876.1122656058329,158.0153473740537,39.06047445171957
2.22,876.03696956418,150.68888986098585,38.86574043703717
2.23,875.9616923434229,143.7178531851467,38.67197390820323
2.24,875.8864337569671,137.0849127260843,38.479170222251135
2.25,875.8111936271807,130.77358866645318,38.28732475046701
2.2600000000000002,875.7359717849588,124.76820490995242,38.09643287875219
2.27,875.6607680693065,119.05384988929973,37.90649000796406
2.2800000000000002,875.5855823269416,113.61633916558792,37.717491554236354
2.29,875.5104144119192,108.44218007008735,37.52943294927608
2.3000000000000003,875.4352641852731,103.51853797129809,37.34230964064178
2.31,875.3601315146742,98.83320408245099,37.15611709200439
2.32,875.2850162741067,94.37456502885274,36.970850783387824
2.33,875.2099183435606,90.13157381329526,36.78650621139378
2.34,875.1348376087363,86.09372211022723,36.603078889411464
2.35,875.0597739607679,82.25101407070612,36.42056434781009
2.36,874.9847272959566,78.59394133262627,36.2389581341178
2.37,874.9096975155182,75.11345917179048,36.058255813187664
2.38,874.8346845253438,71.80096395719818,35.878452967349034
2.39,874.7596882357711,68.64827164171022,35.69954519654712
2.4,874.6847085613668,65.64759723650977,35.52152811847173
2.41,874.6097454207207,62.791535405556814,35.34439736867319
2.42,874.5347987362493,60.073041952578684,35.168148600668566
2.43,874.4598684340077,57.48541615417104,34.992777486038236
2.44,874.3849544435137,55.02228405778902,34.818279714511895
2.45,874.3100566975771,52.67758254741184,34.64465099404592
2.46,874.2351751321401,50.445544137157555,34.4718870508928
2.47,874.1603096861231,48.320682595793585,34.29998362966132
2.48,874.0854603012809,46.29777923183365,34.12893649336952
2.49,874.0106269220627,44.37186980597494,33.95874142349086
2.5,873.9358094954812,42.53823215762152,33.789394219992424
2.5100000000000002,873.8610079709878,40.79237440050536,33.62089070136706
2.52,873.7862223003527,39.13002365744354,33.45322670465973
2.5300000000000002,873.7114524375523,37.54711541083848,33.28639808548704
2.54,873.6366983386614,36.03978334242555,33.12040071805169
2.5500000000000003,873.5619599617503,34.604349637628324,32.95523049515184
2.56,873.4872372667877,33.2373158191076,32.790883328184925
2.57,873.4125302155483,31.935354001826717,32.627355147146915
2.58,873.3378387715238,30.695298547783167,32.46464190062748
2.59,873.26316289984,29.51413817653507,32.302739555800244
2.6,873.1885025671767,28.38900843834731,32.14164409840938
2.61,873.1138577416912,27.317184531275824,31.981351532752566
2.62,873.0392283929469,26.296074510633954,31.821857881659916
2.63,872.9646144918449,25.323212810545716,31.66315918646974
2.64,872.8900160105577,24.3962540617419,31.505251507001276
2.65,872.815432922468,23.51296724679336,31.348130921524028
2.66,872.7408652021091,22.671230124099917,31.191793526724375
2.67,872.6663128251093,21.869023906621297,31.036235437669767
2.68,872.591775768138,21.104428231366864,30.881452787769884
2.69,872.5172540088549,20.37561636003922,30.727441728735695
2.7,872.4427475258619,19.68085059910925,30.574198430536313
2.71,872.368256298657,19.018477969912183,30.421719081353515
2.72,872.2937803075905,18.386926077825407,30.26999988753427
2.73,872.2193195338239,17.78469917023665,30.119037073541666
2.74,872.1448739592893,17.210374409812893,29.968826881903684
2.75,872.0704435666529,16.66259831906045,29.819365573160514
2.7600000000000002,871.9960283392786,16.140083387370026,29.670649425810357
2.77,871.9216282611941,15.64160486338321,29.52267473625361
2.7800000000000002,871.8472433170583,15.165997694789473,29.375437818735683
2.79,871.772873492131,14.712153608033123,29.228935005288776
2.8000000000000003,871.6985187722431,14.279018347449833,29.083162645672086
2.81,871.6241791437692,13.8655890413355,28.938117107311143
2.82,871.5498545936006,13.470911688367927,28.793794775236073
2.83,871.4755451091204,13.094078781344553,28.65019205201875
2.84,871.4012506781796,12.734227040123734,28.507305357709168
2.85,871.3269712890741,12.390535248207364,28.36513112977094
2.86,871.252706930523,12.0622222074406,28.223665823015978
2.87,871.1784575916485,11.74854478674173,28.082905909538415
2.88,871.104223261955,11.448796060011919,27.942847878648013
2.89,871.0300039313121,11.162303545744033,27.803488236802735
2.9,870.9557995899356,10.888427527544536,27.664823507540905
2.91,870.8816102283712,10.62655945141335,27.526850231412798
2.92,870.8074358374779,10.376120410556382,27.389564965911738
2.93,870.7332764084135,10.136559699841976,27.252964285404737
2.94,870.6591319326197,9.907353436338935,27.11704478106285
2.95,870.5850024018081,9.688003255174026,26.98180306079102
2.96,870.510887807947,9.478035065342391,26.847235749157704
2.97,870.4367881432495,9.276997862375213,26.713339487324195
2.98,870.3627034001609,9.08446260586227,26.58011093297367
2.99,870.2886335713479,8.900021148562637,26.447546760240005
3.0,870.2145786496874,8.723285214468884,26.315643659636464
3.0100000000000002,870.1405386282568,8.553885432670636,26.184398337984113
3.02,870.0665135003237,8.39147041563196,26.053807518340204
3.0300000000000002,869.9925032593374,8.235705879594992,25.92386793992636
3.04,869.9185078989188,8.086273813022125,25.79457635805674
3.0500000000000003,869.8445274128536,7.9428716832589625,25.665929544066035
3.06,869.7705617950833,7.805211679456844,25.53792428523757
3.0700000000000003,869.6966110396976,7.6730199968409645,25.4105573847312
3.08,869.622675140928,7.546036153876701,25.28382566151134
3.09,869.5487540931399,7.424012340648509,25.157725950274937
3.1,869.474847890827,7.306712802820302,25.03225510137947
3.11,869.4009565286046,7.193913253913833,24.90740998077102
3.12,869.327080001204,7.085400314446574,24.78318746991237
3.13,869.253218303466,6.980970981702365,24.65958446571121
3.14,869.179371430337,6.880432123869261,24.53659788044836
3.15,869.105539376863,6.783599997315136,24.41422464170622
3.16,869.0317221381847,6.6902997901858425,24.29246169229716
3.17,868.9579197095335,6.600365186940241,24.17130599019219
3.18,868.8841320862264,6.513637952532236,24.050754508449668
3.19,868.8103592636626,6.42996754055086,23.93080423514418
3.2,868.7366012373188,6.349210719039698,23.81145217329555
3.21,868.6628580027465,6.271231210374982,23.692695340798103
3.22,868.589129555567,6.195899353894777,23.574530770349963
3.23,868.515415891469,6.12309178524904,23.456955509382638
3.24,868.4417170062054,6.052691128092128,23.339966619990708
3.25,868.3680328955895,5.984585700909577,23.2235611788618
3.2600000000000002,868.2943635554929,5.918669240194858,23.107736277206687
3.27,868.220708981842,5.854840635552835,22.992489020689654
3.2800000000000002,868.1470691706157,5.793003683538984,22.87781652935893
3.29,868.0734441178432,5.73306684247799,22.763715937577594
3.3000000000000003,867.9998338196008,5.674943004405587,22.650184393954493
3.31,867.9262382720103,5.618549285925231,22.537219061275437
3.3200000000000003,867.852657471237,5.5638068189306304,22.424817116434635
3.33,867.7790914134864,5.510640550753864,22.312975750366473
3.34,867.7055400950039,5.458979062139879,22.201692167977345
3.35,867.6320035120716,5.408754394047892,22.0909635880778
3.36,867.5584816610074,5.359901871125907,21.980787243315053
3.37,867.4849745381625,5.3123599437869045,21.871160380105614
3.38,867.411482139921,5.2660700420469615,21.762080258568147
3.39,867.3380044626969,5.220976423741824,21.653544152456707
3.4,867.2645415029336,5.1770260366571454,21.545549349094212
3.41,867.1910932571026,5.134168392146,21.43809314930603
3.42,867.1176597217016,5.092355438027849,21.33117286735404
3.43,867.0442408932533,5.051541437340324,21.22478583087081
3.44,866.9708367683052,5.011682858779227,21.11892938079413
3.45,866.897447343427,4.972738271280835,21.013600871301676
3.46,866.8240726152104,4.934668234957016,20.908797669746203
3.47,866.7507125802682,4.897435204358996,20.80451715659077
3.48,866.6773672352325,4.861003441660953,20.70075672534432
3.49,866.604036576755,4.825338934136256,20.597513782497423
3.5,866.5307206015048,4.790409297074182,20.494785747458586
3.5100000000000002,866.4574193061685,4.756183697940447,20.392570052490605
3.52,866.3841326874492,4.722632784294208,20.290864142647212
3.5300000000000002,866.3108607420654,4.689728615149302,20.18966547570997
3.54,866.2376034667507,4.657444583456061,20.088971522125657
3.5500000000000003,866.1643608582526,4.625755352984586,19.98877976494371
3.56,866.0911329133327,4.594636799916466,19.88908769975401
3.5700000000000003,866.0179196287651,4.564065957280813,19.789892834624897
3.58,865.9447210013366,4.534020950161305,19.69119269004163
3.59,865.8715370278455,4.50448094459467,19.592984798844967
3.6,865.7983677051017,4.475426099735653,19.49526670617007
3.61,865.7252130299255,4.446837522361877,19.398035969385653
3.62,865.6520729991478,4.418697214038592,19.301290158033506
3.63,865.578947609609,4.390988029323038,19.205026853768242
3.64,865.5058368581592,4.363693636151854,19.109243650297277
3.65,865.4327407416573,4.3367984781144235,19.01393815332112
3.66,865.3596592569709,4.310287731961181,18.919107980474013
3.67,865.2865924009756,4.284147272901831,18.824750761264756
3.68,865.2135401705547,4.258363642688339,18.73086413701783
3.69,865.1405025625995,4.232924019267806,18.63744576081477
3.7,865.0674795740081,4.207816180979667,18.544493297435913
3.71,864.9944712016854,4.183028478658472,18.45200442330235
3.72,864.9214774425433,4.1585498091850175,18.359976826418116
3.73,864.8484982934992,4.134369590309565,18.26840820631271
3.74,864.7755337514775,4.110477732000788,18.177296273983902
3.75,864.7025838134075,4.086864613303308,18.08663875184078
3.7600000000000002,864.6296484762245,4.063521060757587,17.99643337364705
3.77,864.5567277368691,4.040438327862077,17.906677884464646
3.7800000000000002,864.4838215922867,4.017608071410653,17.81737004059759
3.79,864.4109300394279,3.9950223326034884,17.728507609536162
3.8000000000000003,864.3380530752476,3.9726735194613303,17.640088369901257
3.81,864.2651906967055,3.9505543900995512,17.552110111389066
3.8200000000000003,864.1923429007655,3.9286580332260708,17.464570634716036
3.83,864.1195096843958,3.906977852770295,17.377467751564076
3.84,864.0466910445681,3.8855075533388455,17.290799284526003
3.85,863.9738869782585,3.8642411263670438,17.204563067051275
3.86,863.9010974824465,3.8431728344187674,17.11875694339203
3.87,863.8283225541151,3.8222971984514094,17.033378768549294
3.88,863.7555621902507,3.801608986025596,16.948426408219557
3.89,863.682816387843,3.7811032000900813,16.863897738741482
3.9,863.610085143885,3.760775065885037,16.779790647043015
3.91,863.5373684553726,3.740620020630772,16.69610303058865
3.92,863.4646663193048,3.7206337038175485,16.612832797326995
3.93,863.3919787326831,3.7008119479644113,16.529977865638564
3.94,863.319305692512,3.6811507680179862,16.44753616428389
3.95,863.2466471957987,3.661646352857968,16.3655056323518
3.96,863.1740032395526,3.6422950573411947,16.283884219208026
3.97,863.101373820786,3.6230933947286696,16.202669884444006
3.98,863.0287589365132,3.604038027998276,16.121860597825986
3.99,862.9561585837512,3.585125762879996,16.041454339244332
4.0,862.8835727595189,3.5663535413762038,15.961449098663122
4.01,862.8110014608374,3.5477184355976896,15.881842876069957
4.0200000000000005,862.73844468473,3.5292176405863986,15.802633681426043
4.03,862.6659024282221,3.5108484686493724,15.723819534616526
4.04,862.593374688341,3.492608344002474,15.645398465401021
4.05,862.5208614621158,3.4744947977304568,15.567368513364451
4.0600000000000005,862.4483627465777,3.456505461887503,15.489727727868068
4.07,862.3758785387595,3.4386380649115313,15.41247416800079
4.08,862.3034088356959,3.420890427356153,15.335605902530679
4.09,862.2309536344231,3.4032604576973715,15.259121009856743
4.1,862.1585129319792,3.385746147200228,15.183017577960946
4.11,862.086086725404,3.368345566150035,15.107293704360446
4.12,862.0136750117385,3.351056860076733,15.031947496060106
4.13,861.9412777880256,3.3338782478458726,14.95697706950513
4.14,861.8688950513096,3.3168080165308513,14.882380550534105
4.15,861.7965267986361,3.2998445182418537,14.808156074332171
4.16,861.7241730270526,3.2829861673431933,14.734301785384476
4.17,861.6518337336075,3.2662314373704118,14.660815837429707
4.18,861.5795089153509,3.2495788581631713,14.587696393413932
4.19,861.507198569334,3.2330270137643966,14.514941625444903
4.2,861.4349026926096,3.216574539907636,14.442549714746383
4.21,861.3626212822318,3.2002201216356023,14.370518851612644
4.22,861.2903543352554,3.183962488605566,14.298847235362972
4.23,861.2181018487373,3.16780041537629,14.227533074296991
4.24,861.1458638197349,3.1517327195101803,14.156574585649961
4.25,861.0736402453073,3.135758259391747,14.085969995548165
4.26,861.0014311225144,3.119875931415441,14.015717538964466
4.2700000000000005,860.9292364484177,3.104084667224192,13.945815459674016
4.28,860.8570562200794,3.0883834346018997,13.876262010210842
4.29,860.784890434563,3.0727712350343572,13.807055451824004
4.3,860.7127390889332,3.0572471021989505,13.738194054434176
4.3100000000000005,860.6406021802555,3.041810098597312,13.669676096590049
4.32,860.5684797055972,3.02645931601023,13.60149986542568
4.33,860.4963716620256,3.0111938743884927,13.533663656617708
4.34,860.4242780466097,2.996012920373009,13.466165774342743
4.3500000000000005,860.3521988564197,2.980915625492806,13.399004531234837
4.36,860.2801340885263,2.965901184227151,13.332178248343162
4.37,860.2080837400014,2.9509688147665556,13.265685255090448
4.38,860.1360478079181,2.9361177573890482,13.199523889231122
4.39,860.0640262893503,2.9213472734872314,13.13369249680977
4.4,859.9920191813727,2.9066566433968735,13.068189432119407
4.41,859.9200264810613,2.8920451667704734,13.003013057660763
4.42,859.848048185493,2.8775121619213713,12.93816174410139
4.43,859.7760842917453,2.8630569648645925,12.87363387023492
4.44,859.704134796897,2.848678928566634,12.80942782294054
4.45,859.6321996980279,2.834377420431541,12.745541997142093
4.46,859.5602789922183,2.8201518233390903,12.68197479576852
4.47,859.4883726765497,2.8060015351850605,12.618724629714048
4.48,859.4164807481044,2.791925967949749,12.555789917798364
4.49,859.3446032039657,2.7779245471151173,12.493169086727125
4.5,859.2727400412177,2.763996709997602,12.430860571052081
4.51,859.2008912569453,2.750141906291349,12.368862813132488
4.5200000000000005,859.1290568482344,2.736359597691755,12.307174263096234
4.53,859.0572368121718,2.7226492572354943,12.24579337880105
4.54,858.985431145845,2.709010368845543,12.184718625795933
4.55,858.9136398463426,2.6954424259159078,12.123948477282278
4.5600000000000005,858.8418629107537,2.6819449318412683,12.063481414076238
4.57,858.7701003361685,2.668517399731404,12.003315924570845
4.58,858.6983521196781,2.6551593518714625,11.943450504698117
4.59,858.6266182583744,2.6418703193631017,11.883883657891483
4.6000000000000005,858.5548987493497,2.6286498409790204,11.824613895047852
4.61,858.4831935896977,2.6154974636056716,11.765639734490927
4.62,858.4115027765126,2.6024127420178695,11.706959701934204
4.63,858.3398263068897,2.589395238444079,11.64857233044407
4.64,858.2681641779249,2.5764445222874928,11.590476160403128
4.65,858.1965163867146,2.563560169346642,11.532669739473205
4.66,858.1248829303566,2.550741762057856,11.475151622559569
4.67,858.0532638059494,2.537988889313175,11.41792037177485
4.68,857.9816590105919,2.5253011461478687,11.360974556403036
4.69,857.9100685413841,2.51267813331415,11.304312752861078
4.7,857.8384923954268,2.500119457569849,11.247933544675382
4.71,857.7669305698215,2.487624730114086,11.19183552242351
4.72,857.6953830616704,2.4751935680655097,11.136017283719656
4.73,857.6238498680768,2.4628255935805377,11.080477433171637
4.74,857.5523309861443,2.450520433701237,11.025214582346438
4.75,857.4808264129779,2.438277719734615,10.970227349735362
4.76,857.4093361456827,2.426097087675254,10.915514360720021
4.7700000000000005,857.3378601813652,2.4139781780797835,10.86107424753788
4.78,857.2663985171321,2.4019206358245957,10.80690564924773
4.79,857.1949511500912,2.3899241099764525,10.753007211695222
4.8,857.1235180773513,2.3779882535768326,10.699377587479624
4.8100000000000005,857.0520992960213,2.366112722938961,10.646015435927366
4.82,856.9806948032115,2.354297178284782,10.59291942304692
4.83,856.9093045960324,2.3425412834525696,10.540088221496598
4.84,856.8379286715958,2.3308447056699486,10.487520510551477
4.8500000000000005,856.7665670270139,2.319207115410815,10.435214976069133
4.86,856.6952196593999,2.307628186488838,10.383170310463736
4.87,856.6238865658675,2.2961075966805904,10.331385212698779
4.88,856.5525677435312,2.284645026310328,10.27985838820799
4.89,856.4812631895063,2.273240158528481,10.228588548875916
4.9,856.4099729009091,2.2618926792604395,10.177574413006914
4.91,856.3386968748562,2.2506022770848837,10.126814705291652
4.92,856.2674351084651,2.2393686436232394,10.07630815679016
4.93,856.1961875988542,2.2281914741418,10.02605350492181
4.94,856.1249543431425,2.2170704657700413,9.976049493377976
4.95,856.0537353384498,2.2060053180775894,9.926294872111193
4.96,855.9825305818965,2.1949957330198058,9.876788397303809
4.97,855.911340070604,2.184041414845629,9.82752883133546
4.98,855.8401638016941,2.1731420705053446,9.778514942774175
4.99,855.7690017722896,2.1622974097099066,9.729745506351017
5.0,855.6978539795139,2.151507143930796,9.68121930288453
5.01,855.6267204204912,2.140770986772819,9.63293511927021
5.0200000000000005,855.5556010923465,2.1300886539053594,9.584891748449063
5.03,855.4844959922051,2.1194598629916412,9.537087989376097
5.04,855.4134051171936,2.1088843342243515,9.489522647020067
5.05,855.3423284644392,2.0983617899989815,9.44219453231876
5.0600000000000005,855.2712660310694,2.0878919543403462,9.3951024621215
5.07,855.2002178142129,2.0774745531676135,9.34824525917497
5.08,855.1291838109989,2.067109314239617,9.3016217520925
5.09,855.0581640185574,2.0567959671174663,9.255230775324595
5.1000000000000005,854.987158434019,2.0465342437279768,9.20907116917227
5.11,854.9161670545151,2.036323877724916,9.163141779714756
5.12,854.8451898771779,2.026164604274978,9.11744145876744
5.13,854.7742268991402,2.01605616022895,9.071969063867263
5.14,854.7032781175354,2.0059982840763264,9.026723458242683
5.15,854.632343529498,1.9959907158999217,8.981703510783634
5.16,854.5614231321629,1.986033197358423,8.936908096013923
5.17,854.4905169226657,1.9761254724952242,8.89233609413529
5.18,854.4196248981428,1.9662672868531215,8.847986390924508
5.19,854.3487470557315,1.9564583872513963,8.803857877687943
5.2,854.2778833925693,1.9466985220369355,8.759949451257256
5.21,854.2070339057949,1.9369874410515362,8.716260013960449
5.22,854.1361985925475,1.92732489559922,8.672788473592938
5.23,854.0653774499672,1.9177106384325495,8.629533743391105
5.24,853.9945704751942,1.9081444242223256,8.58649474206924
5.25,853.9237776653703,1.8986260090123113,8.543670393723376
5.26,853.8529990176373,1.88915515010599,8.501059627791827
5.2700000000000005,853.782234529138,1.879731606199647,8.458661379047967
5.28,853.7114841970158,1.87035513735708,8.416474587572282
5.29,853.640748018415,1.8610255049842996,8.374498198724377
5.3,853.5700259904803,1.8517424718210458,8.332731163117899
5.3100000000000005,853.4993181103572,1.8425058023030492,8.291172436658531
5.32,853.428624375192,1.8333152621273756,8.249820980446357
5.33,853.3579447821318,1.824170618182523,8.208675760740277
5.34,853.287279328324,1.815071638644783,8.167735748950768
5.3500000000000005,853.2166280109169,1.806018092958604,8.126999921612878
5.36,853.1459908270598,1.797009751816961,8.086467260359232
5.37,853.0753677739023,1.7880463871578163,8.046136751896164
5.38,853.0047588485945,1.7791277724710046,8.0060073880406
5.39,852.9341640482879,1.7702536824222546,7.966078165623343
5.4,852.8635833701342,1.7614238928101085,7.926348086457485
5.41,852.7930168112856,1.7526381806438436,7.8868161573304985
5.42,852.7224643688957,1.74389632412857,7.847481389978147
5.43,852.651926040118,1.7351981026503331,7.808342801058415
5.44,852.5814018221071,1.7265432953989208,7.769399409319536
5.45,852.5108917120184,1.717931687783928,7.730650248432491
5.46,852.4403957070078,1.7093630603150807,7.692094344576915
5.47,852.3699138042318,1.7008371972897312,7.6537307342393746
5.48,852.2994460008478,1.6923538840871708,7.615558458591626
5.49,852.2289922940136,1.683912907168633,7.577576563490635
5.5,852.1585526808879,1.675514054077289,7.539784099478554
5.51,852.0881271586301,1.667157113448455,7.502180121779584
5.5200000000000005,852.0177157244001,1.6588418751623808,7.464763690252735
5.53,851.9473183753588,1.650568130135286,7.4275338694564335
5.54,851.8769351086673,1.6423356703306737,7.390489728645008
5.55,851.806565921488,1.6341442888033795,7.353630341755085
5.5600000000000005,851.7362108109833,1.6259937796995676,7.31695478740558
5.57,851.6658697743168,1.6178839382567352,7.280462148897715
5.58,851.5955428086525,1.6098145608037073,7.244151514214997
5.59,851.5252299111551,1.6017854447469753,7.20802197595511
5.6000000000000005,851.4549310789903,1.5937963882868744,7.172072629915111
5.61,851.384646309324,1.5858471907782448,7.13630257688926
5.62,851.314375599323,1.5779376527430609,7.10071092273199
5.63,851.2441189461548,1.5700675757770806,7.0652967778925575
5.64,851.1738763469875,1.5622367625498434,7.030059257415037
5.65,851.10364779899,1.554445016804671,6.994997480938318
5.66,851.0334332993317,1.546692143358668,6.96011057269612
5.67,850.9632328451829,1.5389779480735866,6.925397661426249
5.68,850.8930464337143,1.5313022369714748,6.890857877616761
5.69,850.8228740620973,1.523664817269705,6.856490356729011
5.7,850.7527157275041,1.516065497536929,6.82229423968329
5.71,850.6825714271076,1.5085040873599085,6.788268671821349
5.72,850.6124411580812,1.5009803973435172,6.754412802906402
5.73,850.5423249175992,1.49349423911074,6.720725787123121
5.74,850.4722227028363,1.4860454253026754,6.687206783077651
5.75,850.4021345109682,1.4786337695622571,6.653854953741916
5.76,850.3320603391708,1.4712590857493655,6.620669463768364
5.7700000000000005,850.262000184621,1.4639211887750128,6.587649482343879
5.78,850.1919540444962,1.4566198948578164,6.55479418406722
5.79,850.1219219159747,1.4493550211835704,6.522102747784346
5.8,850.0519037962351,1.4421263859052487,6.489574356588432
5.8100000000000005,849.9818996824572,1.434933808143003,6.457208197819863
5.82,849.9119095718208,1.4277771079841661,6.425003463066245
5.83,849.841933461507,1.4206561064759953,6.392959348134513
5.84,849.771971348697,1.413570624983052,6.36107505058095
5.8500000000000005,849.702023230573,1.4065204857934026,6.329349772041185
5.86,849.6320891043177,1.3995055124418259,6.2977827194724805
5.87,849.5621689671146,1.3925255293867138,6.266373103911857
5.88,849.4922628161478,1.3855803620100748,6.235120140476113
5.89,849.4223706486019,1.3786698366175325,6.204023048361817
5.9,849.3524924616625,1.3717937804383256,6.173081050845308
5.91,849.2826282525155,1.3649520216224824,6.142293375271825
5.92,849.2127780183476,1.3581443886240978,6.1116592506825445
5.93,849.1429417563463,1.351370710714039,6.08117790978732
5.94,849.0731194636995,1.3446308184152973,6.050848590639775
5.95,849.0033111375958,1.337924543134904,6.0206705352210275
5.96,848.9335167752246,1.3312517171639278,5.990642989439686
5.97,848.8637363737759,1.324612173677477,5.960765203131852
5.98,848.7939699304402,1.3180057467346973,5.931036430061119
5.99,848.724217442409,1.3114322712787754,5.901455927918579
6.0,848.654478906874,1.3048915829859775,5.872022957715537
6.01,848.5847543210278,1.2983835176072762,5.84273678113501
6.0200000000000005,848.5150436820638,1.291907912229075,5.813596665603367
6.03,848.4453469871756,1.2854646048875926,5.784601882739074
6.04,848.3756642335579,1.2790534344611864,5.755751707919538
6.05,848.3059954184058,1.2726742406703553,5.727045420281113
6.0600000000000005,848.2363405389151,1.266326864077739,5.698482302719095
6.07,848.1666995922823,1.2600111460881187,5.670061641887736
6.08,848.0970725757045,1.2537269289484156,5.641782728200225
6.09,848.0274594863794,1.247474055266942,5.613644853786109
6.1000000000000005,847.9578603215053,1.2412523682292407,5.585647313408346
6.11,847.8882750782814,1.235061712238992,5.557789407186356
6.12,847.8187037539072,1.228901932505369,5.530070438842795
6.13,847.7491463455833,1.2227728750428413,5.5024897157027235
6.140000000000001,847.6796028505103,1.2166743866711736,5.475046548693599
6.15,847.61007326589,1.2106063150154283,5.447740252345286
6.16,847.5405575889248,1.2045685085059619,5.4205701447900445
6.17,847.4710558168174,1.1985608162951162,5.393535547405239
6.18,847.4015679467713,1.1925830876453525,5.36663578218922
6.19,847.3320939759906,1.1866351729399525,5.33987017609593
6.2,847.2626339016801,1.180716923462166,5.313238060087743
6.21,847.1931877210455,1.1748281912653926,5.286738768578694
6.22,847.1237554312926,1.1689688291731815,5.2603716394344895
6.23,847.0543370296283,1.1631386907792323,5.23413601397251
6.24,846.9849325132598,1.157337630447396,5.208031236961806
6.25,846.9155418793952,1.1515655033116718,5.182056656623098
6.26,846.8461651252433,1.1458221657876393,5.1562116268465
6.2700000000000005,846.7768022480128,1.1401074716729818,5.1304954902821125
6.28,846.7074532449141,1.134421279563047,5.104907610496338
6.29,846.6381181131574,1.1287634472337964,5.079447347614493
6.3,846.568796849954,1.1231338332201133,5.054114065164877
6.3100000000000005,846.4994894525158,1.1175322968119072,5.028907130061878
6.32,846.4301959180551,1.1119586980502192,5.003825912589081
6.33,846.360916243785,1.1064128977233219,4.978869786382361
6.34,846.2916504269193,1.100894757308971,4.954038128174483
6.3500000000000005,846.2223984646721,1.0954041383002668,4.929330314809819
6.36,846.1531603542584,1.0899409032344216,4.904745727800941
6.37,846.0839360928939,1.0845049155474875,4.880283752685598
6.38,846.0147256777946,1.079096039371239,4.8559437781275046
6.390000000000001,845.9455291061773,1.0737141395279046,4.831725195893365
6.4,845.8763463752598,1.0683590815248993,4.807627400829911
6.41,845.8071774822599,1.0630307315495553,4.783649790840917
6.42,845.7380224243965,1.0577289564638548,4.759791766864241
6.43,845.6688811988889,1.0524536237991622,4.73605273284885
6.44,845.5997538029571,1.0472046017509553,4.712432095731847
6.45,845.5306402338218,1.0419817591735598,4.688929265415512
6.46,845.4615404887041,1.0367849655748778,4.665543654744313
6.47,845.392454564826,1.031614091111122,4.642274679481953
6.48,845.3233824594099,1.0264690065747413,4.619121758252586
6.49,845.2543241696789,1.0213495832977626,4.596084312037175
6.5,845.1852796928566,1.0162556932849756,4.573161764878732
6.51,845.1162490261677,1.0111872091920937,4.550353543772195
6.5200000000000005,845.0472321668368,1.0061440042924452,4.527659078493968
6.53,844.9782291120897,1.00112595247152,4.505077801577977
6.54,844.9092398591525,0.9961329282215132,4.482609148291705
6.55,844.8402644052522,0.9911648066358711,4.460252556612248
6.5600000000000005,844.771302747616,0.9862214634038371,4.438007467202361
6.57,844.7023548834721,0.9813027748049975,4.415873323386509
6.58,844.6334208100493,0.9764086177038255,4.393849571126911
6.59,844.5645005245767,0.9715388695442275,4.371935658999588
6.6000000000000005,844.4955940242842,0.9666934083440886,4.350131038170411
6.61,844.4267013064024,0.9618721126898184,4.328435162371158
6.62,844.3578223681624,0.9570748617886367,4.3068474881203
6.63,844.2889572067961,0.9523015363225629,4.285367478342043
6.640000000000001,844.2201058195359,0.9475520172291833,4.263994597197444
6.65,844.1512682036149,0.9428261857920222,4.242728310466643
6.66,844.0824443562668,0.938123923896784,4.221568086634183
6.67,844.0136342747256,0.9334451140290335,4.200513396878344
6.68,843.9448379562266,0.9287896392718735,4.1795637150604765
6.69,843.8760553980048,0.9241573833036238,4.158718517714317
6.7,843.8072865972968,0.9195482303955009,4.137977284035336
6.71,843.738531551339,0.9149620654092943,4.117339495870047
6.72,843.6697902573687,0.9103987737950463,4.096804637705348
6.73,843.6010627126241,0.9058582415887309,4.076372196657842
6.74,843.5323489143437,0.9013403552331432,4.056041661748032
6.75,843.4636488597665,0.8968450015705669,4.035812523869365
6.76,843.3949625461324,0.8923720682184815,4.015684277306769
6.7700000000000005,843.3262899706818,0.8879214433527177,3.9956564188581924
6.78,843.2576311306557,0.8834930157013069,3.9757284478084407
6.79,843.1889860232957,0.8790866745410522,3.955899865914027
6.8,843.1203546458439,0.8747023096941033,3.936170177388037
6.8100000000000005,843.0517369955433,0.87033981152453,3.9165388888849826
6.82,842.9831330696372,0.8659990709348963,3.897005509485669
6.83,842.9145428653699,0.8616799793628324,3.877569550682043
6.84,842.8459663799857,0.8573824287776094,3.858230526362057
6.8500000000000005,842.7774036107302,0.8531063117029918,3.8389879529073663
6.86,842.708854554849,0.8488515213767126,3.8198413498776556
6.87,842.6403192095888,0.8446179514621839,3.800790238772349
6.88,842.5717975721967,0.8404054961198472,3.7818341433365465
6.890000000000001,842.5032896399204,0.8362140500371306,3.7629725896892237
6.9,842.434795410008,0.8320435084256602,3.7442051063108326
6.91,842.3663148797085,0.8278937670184688,3.725531224030884
6.92,842.2978480462715,0.8237647220672069,3.7069504760155483
6.93,842.2293949069472,0.8196562703393531,3.6884623977552424
6.94,842.1609554589861,0.8155683091154242,3.670066527052226
6.95,842.0925296996397,0.8115007361861867,3.6517624040081973
6.96,842.02411762616,0.8074534498499052,3.6335495710119634
6.97,841.9557192357993,0.8034263489504754,3.615427572814222
6.98,841.8873345258108,0.7994193328455204,3.5973959564531226
6.99,841.8189634934483,0.79543230136615,3.579454271162078
7.0,841.7506061359663,0.7914651548433204,3.5616020684194503
7.01,841.6822624506195,0.787517794105231,3.5438389019365486
7.0200000000000005,841.6139324346636,0.7835901204747195,3.5261643276456094
7.03,841.5456160853547,0.7796820357666578,3.5085779036877907
7.04,841.4773133999496,0.775793442285346,3.491079190401151
7.05,841.4090243757056,0.7719242428219087,3.473667750308641
7.0600000000000005,841.3407490098806,0.7680743406516899,3.456343148106088
7.07,841.2724872997333,0.7642436395316494,3.4391049506501883
7.08,841.2042392425226,0.7604320437003914,3.4219527269934615
7.09,841.1360048355085,0.7566394578827673,3.4048860485007424
7.1000000000000005,841.0677840759513,0.7528657872709076,3.387904488545401
7.11,840.9995769611119,0.7491109375278338,3.3710076226081704
7.12,840.9313834882518,0.7453748147858634,3.3541950282831556
7.13,840.8632036546331,0.7416573256440424,3.337466285266459
7.140000000000001,840.7950374575188,0.7379583771655753,3.320820975344805
7.15,840.7268848941719,0.734277876875258,3.3042586823841664
7.16,840.6587459618565,0.7306157327569061,3.2877789923183824
7.17,840.5906206578372,0.7269718532507882,3.271381493137787
7.18,840.522508979379,0.7233461472510561,3.2550657748778296
7.19,840.4544109237477,0.7197385241042168,3.2388314296118956
7.2,840.3863264882095,0.7161488936492079,3.2226780516117066
7.21,840.3182556700314,0.7125771661660915,3.2066052371396236
7.22,840.2501984664808,0.7090232523631305,3.190612584395557
7.23,840.182154874826,0.7054870633927507,3.174699693580238
7.24,840.1141248923354,0.7019685108491349,3.1588661668845006
7.25,840.0461085162785,0.6984675067658138,3.143111608478548
7.26,839.9781057439251,0.6949839636132602,3.127435624501233
7.2700000000000005,839.9101165725456,0.6915177942964806,3.11183782304933
7.28,839.8421409994112,0.6880689121526099,3.096317814166817
7.29,839.7741790217934,0.6846372309485019,3.080875209834142
7.3,839.7062306369645,0.6812226648783233,3.065509623957502
7.3100000000000005,839.6382958421973,0.677825128584949,3.0502206724257706
7.32,839.5703746347654,0.6744445371803103,3.0350079731644426
7.33,839.5024670119425,0.6710808061576212,3.01987114588229
7.34,839.4345729710034,0.6677338514295678,3.0048098121760183
7.3500000000000005,839.3666925092232,0.6644035893282673,2.9898235955262646
7.36,839.2988256238779,0.6610899366030725,2.9749121212874776
7.37,839.2309723122435,0.6577928104183736,2.9600750166777834
7.38,839.1631325715972,0.6545121283514025,2.9453119107688637
7.390000000000001,839.0953063992165,0.6512478083900358,2.9306224344758283
7.4,839.0274937923796,0.6479997689305994,2.916006220547093
7.41,838.9596947483651,0.6447679287756699,2.9014629035542465
7.42,838.8919092644524,0.641552207133294,2.8869921199028967
7.43,838.8241373379212,0.6383525236241646,2.8725935079614864
7.44,838.7563789660521,0.6351687982633651,2.8582667078131117
7.45,838.6886341461263,0.6320009514621909,2.8440113613049642
7.46,838.6209028754253,0.6288489040279293,2.8298271120675014
7.47,838.5531851512313,0.6257125771617003,2.8157136055048775
7.48,838.4854809708272,0.6225918924562972,2.8016704887853674
7.49,838.4177903314965,0.6194867718940286,2.787697410831798
7.5,838.3501132305229,0.6163971378445566,2.7737940223119666
7.51,838.2824496651913,0.6133229130627396,2.759959975629072
7.5200000000000005,838.2147996327866,0.6102640206864712,2.7461949249121385
7.53,838.1471631305948,0.607220384234967,2.732498526008226
7.54,838.0795401559019,0.6041919276390845,2.7188704366029586
7.55,838.011930705995,0.601178575206036,2.705310316078255
7.5600000000000005,837.9443347781616,0.5981802516035941,2.691817825448128
7.57,837.8767523696898,0.5951968818742911,2.678392627414646
7.58,837.8091834778681,0.5922283914333909,2.665034386358882
7.59,837.7416280999859,0.5892747060668623,2.6517427683318706
7.6000000000000005,837.6740862333329,0.5863357519293511,2.638517441045562
7.61,837.6065578751995,0.5834114555421537,2.6253580738637807
7.62,837.5390430228769,0.580501743791188,2.612264337793174
7.63,837.4715416736562,0.5776065439249675,2.5992359054741687
7.640000000000001,837.40405382483,0.5747257835525728,2.5862724511719275
7.65,837.3365794736908,0.5718593906643101,2.573373650833883
7.66,837.269118617532,0.5690072936395615,2.56053918210968
7.67,837.2016712536472,0.5661694211817139,2.5477687241571063
7.68,837.1342373793311,0.5633457023488588,2.535061957729096
7.69,837.0668169918788,0.5605360665528691,2.5224185651679236
7.7,836.9994100885856,0.5577404435575417,2.5098382303966638
7.71,836.932016666748,0.5549587634767383,2.4973206389106335
7.72,836.8646367236627,0.5521909567725282,2.484865477768848
7.73,836.7972702566269,0.5494369542533293,2.472472435585472
7.74,836.7299172629387,0.5466966870720519,2.4601412025212737
7.75,836.6625777398964,0.5439700867242381,2.4478714702750706
7.76,836.5952516847992,0.5412570850481596,2.435662932098718
7.7700000000000005,836.5279390949468,0.5385576142321141,2.4235152828987956
7.78,836.4606399676393,0.5358716067952656,2.411428219019719
7.79,836.3933543001775,0.5331989955911026,2.3994014382992246
7.8,836.3260820898628,0.5305397138072172,2.3874346400795163
7.8100000000000005,836.2588233339973,0.527893694963485,2.3755275251991868
7.82,836.1915780298833,0.5252608729102473,2.363679795985141
7.83,836.1243461748239,0.5226411818264901,2.3518911562445144
7.84,836.057127766123,0.5200345562180269,2.3401613112565967
7.8500000000000005,835.9899228010847,0.5174409309156781,2.328489967764751
7.86,835.9227312770139,0.514860241073454,2.316876833968341
7.87,835.8555531912158,0.5122924221675432,2.305321619517932
7.88,835.7883885409965,0.5097374100228563,2.2938240356221913
7.890000000000001,835.7212373236625,0.5071951407778712,2.2823837949046686
7.9,835.654099536521,0.5046655508773464,2.2710006113735486
7.91,835.5869751768796,0.5021485770822336,2.2596742004611334
7.92,835.5198642420465,0.49964415646796867,2.248404279016211
7.930000000000001,835.4527667293307,0.4971522264227618,2.2371905652964212
7.94,835.3856826360415,0.49467272464588896,2.226032778960624
7.95,835.3186119594887,0.4922055891459812,2.2149306410612604
7.96,835.251554696983,0.4897507582393158,2.203883874036721
7.97,835.1845108458356,0.48730817054810677,2.192892201703712
7.98,835.1174804033581,0.48487776499879504,2.1819553492496198
7.99,835.0504633668626,0.48245948085221085,2.1710730433297374
8.0,834.983459733662,0.48005325769754914,2.1602450120454315
8.01,834.9164695010699,0.4776590353839404,2.1494709847169995
8.02,834.8494926663999,0.4752767540593358,2.138750692009594
8.03,834.7825292269667,0.4729063541693392,2.128083865927368
8.040000000000001,834.7155791800855,0.47054777645557055,2.1174702398060816
8.05,834.6486425230718,0.46820096195403116,2.106909548305715
8.06,834.5817192532419,0.46586585199346486,2.0964015274030654
8.07,834.5148093679124,0.46354238819372356,2.08594591438436
8.08,834.447912864401,0.4612305124641305,2.07554244783786
8.09,834.3810297400255,0.45893016700184386,2.065190867646471
8.1,834.3141599921042,0.45664129429022043,2.0548909149803447
8.11,834.2473036179564,0.4543638370971796,2.044642332289489
8.120000000000001,834.1804606149016,0.45209773847356644,2.034444863296372
8.13,834.1136309802599,0.44984294175151696,2.0242982529885354
8.14,834.0468147113523,0.44759939054281966,2.0142022476111916
8.15,833.9800118055,0.44536702878630285,2.0041565948872
8.16,833.9132222600249,0.4431458007528345,1.9941610440404518
8.17,833.8464460722495,0.4409356509185421,1.9842153452080633
8.18,833.7796832394966,0.4387365240343574,1.9743192497631195
8.19,833.7129337590901,0.436548365126047,1.9644725103150082
8.2,833.646197628354,0.4343711194927005,1.9546748807026084
8.21,833.579474844613,0.4322047327052193,1.944926115987473
8.22,833.5127654051922,0.4300491506048065,1.9352259724470227
8.23,833.4460693074178,0.42790431930145306,1.9255742075677222
8.24,833.379386548616,0.4257701851724286,1.915970580038273
8.25,833.3127171261139,0.4236466948607692,1.906414849742797
8.26,833.2460610372387,0.42153379527376617,1.896906777754025
8.27,833.1794182793188,0.4194314335814548,1.8874461263264801
8.28,833.1127888496827,0.41733955721510285,1.8780326588896663
8.290000000000001,833.0461727456596,0.4152581138656992,1.8686661400412512
8.3,832.9795699645795,0.41318705148244356,1.8593463355402606
8.31,832.9129805037724,0.41112631830635704,1.850073012481834
8.32,832.8464043605694,0.40907586288437453,1.8408459393710785
8.33,832.7798415323019,0.4070356339600657,1.831664885559125
8.34,832.7132920163019,0.4050055805297333,1.8225296215341396
8.35,832.6467558099022,0.4029856518430167,1.8134399189254458
8.36,832.5802329104355,0.4009757974014812,1.8043955504972276
8.370000000000001,832.5137233152359,0.3989759669572055,1.7953962901422298
8.38,832.4472270216374,0.3969861105113721,1.7864419128754683
8.39,832.380744026975,0.39500617831285373,1.7775321948279215
8.4,832.3142743285839,0.3930361208568031,1.7686669132402402
8.41,832.2478179238002,0.39107588888324124,1.759845846456449
8.42,832.1813748099603,0.3891254333756461,1.7510687739176483
8.43,832.1149449844012,0.387184705559541,1.7423354761557168
8.44,832.0485284444605,0.3852536569010832,1.7336457347870153
8.45,831.9821251874765,0.3833322391056526,1.724999332506088
8.46,831.915735210788,0.38142040411643985,1.7163960530793636
8.47,831.8493585117338,0.37951810415332965,1.7078356814912499
8.48,831.7829950876543,0.37762529174369447,1.699318004059628
8.49,831.7166449358897,0.3757419195738941,1.6908428078732871
8.5,831.6503080537808,0.3738679405619289,1.682409881065729
8.51,831.5839844386692,0.3720033078600033,1.6740190128239036
8.52,831.517674087897,0.37014797485324274,1.6656699933823962
8.53,831.4513769988068,0.36830189515841105,1.6573626140176185
8.540000000000001,831.385093168742,0.36646502262262715,1.6490966670419953
8.55,831.3188225950458,0.36463731132208366,1.640871945798159
8.56,831.2525652750629,0.362818715560762,1.6326882446531312
8.57,831.1863212061381,0.3610091898691511,1.6245453589925158
8.58,831.1200903856167,0.35920868900296393,1.6164430852146887
8.59,831.0538728108446,0.3574171679418551,1.608381220724985
8.6,830.9876684791685,0.3556345818881374,1.6003595639298893
8.61,830.9214773879353,0.3538608862654999,1.5923779142312244
8.620000000000001,830.8552995344925,0.3520960367177238,1.5844360720203388
8.63,830.7891349161886,0.3503399891351291,1.5765338387967625
8.64,830.722983530372,0.3485926996868738,1.5686710173131415
8.65,830.6568453743921,0.34685412470007626,1.560847411032593
8.66,830.5907204455989,0.3451242207152454,1.5530628243774631
8.67,830.5246087413425,0.34340294448924696,1.5453170627425945
8.68,830.4585102589739,0.34169025299412126,1.5376099324899613
8.69,830.3924249958446,0.3399861034159,1.529941240943309
8.700000000000001,830.3263529493067,0.33829045315342354,1.522310796382791
8.71,830.2602941167128,0.3366032598171588,1.5147184080396114
8.72,830.1942484954159,0.33492448122801505,1.5071638860906549
8.73,830.1282160827698,0.3332540754161623,1.4996470416531307
8.74,830.0621968761287,0.3315920006198479,1.492167686779209
8.75,829.9961908728474,0.32993821528421396,1.4847256344506592
8.76,829.9301980702811,0.32829267806011464,1.4773206985734875
8.77,829.8642184657859,0.32665534780293304,1.4699526939725749
8.78,829.7982520567183,0.3250261835713987,1.462621436386316
8.790000000000001,829.732298840435,0.32340514464193654,1.4553267425618026
8.8,829.6663588142936,0.3217921905337967,1.4480684304197933
8.81,829.6004319756526,0.32018728092905124,1.4408463185391127
8.82,829.5345183218701,0.31859037570652593,1.4336602263785996
8.83,829.4686178503056,0.3170014349441841,1.4265099742948353
8.84,829.4027305583187,0.31542041891800776,1.419395383537195
8.85,829.3368564432698,0.3138472881008785,1.4123162762428987
8.86,829.2709955025197,0.31228200316145843,1.4052724754320611
8.870000000000001,829.2051477334296,0.310724524963071,1.3982638050027425
8.88,829.1393131333617,0.30917481456258317,1.3912900897260043
8.89,829.0734916996785,0.30763283320928436,1.3843511552409522
8.9,829.0076834297428,0.30609854234376893,1.3774468280497927
8.91,828.9418883209182,0.3045719035968167,1.370576935512882
8.92,828.876106370569,0.30305287878827397,1.363741305843778
8.93,828.8103375760597,0.3015414299259346,1.3569397681042898
8.94,828.7445819347556,0.3000375192044206,1.3501721521995305
8.950000000000001,828.6788394440225,0.29854110902739306,1.3434382889538776
8.96,828.6131101012265,0.2970521620592992,1.3367380102893862
8.97,828.5473939037348,0.2955706410852747,1.3300711487388146
8.98,828.4816908489145,0.29409650906791335,1.3234375376414549
8.99,828.4160009341336,0.2926297291539787,1.3168370111653402
9.0,828.3503241567608,0.2911702646733952,1.3102694043026788
9.01,828.2846605141649,0.2897180791382387,1.3037345528652855
9.02,828.2190100037157,0.28827313624172807,1.2972322934800138
9.03,828.153372622783,0.28683539985721573,1.2907624635841901
9.040000000000001,828.0877483687377,0.28540483403717853,1.2843249014210427
9.05,828.0221372389511,0.28398140301221,1.2779194460351413
9.06,827.9565392307948,0.28256507119000923,1.2715459372678206
9.07,827.8909543416411,0.28115580315437355,1.2652042157526184
9.08,827.8253825688629,0.27975356366418885,1.2588941229107067
9.09,827.7598239098336,0.27835831765242075,1.2526155009463245
9.1,827.6942783619271,0.2769700302251055,1.2463681928422095
9.11,827.6287459225179,0.2755886666771627,1.24015204241942
9.120000000000001,827.563226588981,0.2742141925410613,1.2339668945229085
9.13,827.497720358692,0.2728465734681844,1.2278125945667158
9.14,827.4322272290271,0.27148577527328344,1.221688988703422
9.15,827.3667471973628,0.2701317639415868,1.215595923850652
9.16,827.3012802610764,0.2687845056278824,1.2095332476868585
9.17,827.2358264175455,0.267443966655601,1.2035008086471075
9.18,827.1703856641484,0.26611011351589886,1.1974984559188622
9.19,827.1049579982641,0.2647829128667409,1.1915260394377671
9.200000000000001,827.0395434172718,0.2634623315319833,1.1855834098834328
9.21,826.9741419185515,0.26214833650045766,1.1796704186752238
9.22,826.9087534994834,0.26084089492505214,1.1737869179680367
9.23,826.8433781574488,0.25953997412179597,1.1679327606480894
9.24,826.778015889829,0.2582455415689415,1.1621078003287049
9.25,826.7126666940062,0.25695756490604776,1.156311891346095
9.26,826.647330567363,0.2556760119330631,1.1505448887551455
9.27,826.5820075072825,0.25440085061351253,1.1448066483758732
9.28,826.5166975111483,0.2531320490891378,1.1390970269812852
9.290000000000001,826.4514005763448,0.25186957564523044,1.1334158818764752
9.3,826.3861167002566,0.2506133987216856,1.1277630710421978
9.31,826.3208458802691,0.2493634869149022,1.1221384531654448
9.32,826.2555881137681,0.2481198089768932,1.1165418876355608
9.33,826.19034339814,0.2468823338143945,1.1109732345403498
9.34,826.1251117307718,0.24565103048797446,1.105432354662186
9.35,826.0598931090508,0.244425868211143,1.0999191094741227
9.36,825.9946875303651,0.24320681634946098,1.094433361136002
9.370000000000001,825.9294949921032,0.24199384441964925,1.0889749724905629
9.38,825.8643154916542,0.2407869220886988,1.0835438070595556
9.39,825.7991490264078,0.2395860191729789,1.0781397290398442
9.4,825.7339955937539,0.23839110563734695,1.0727626032995206
9.41,825.6688551910835,0.23720215159425787,1.067412295374013
9.42,825.6037278157875,0.23601912730287314,1.0620886714621955
9.43,825.5386134652579,0.23484200318009188,1.056791598461853
9.44,825.4735121368869,0.23367074985723352,1.051520944155858
9.450000000000001,825.4084238280674,0.23250533806341225,1.0462765768262066
9.46,825.3433485361927,0.2313457386616973,1.0410583653724441
9.47,825.2782862586567,0.23019192265982322,1.0358661793460722
9.48,825.2132369928539,0.22904386120939083,1.0306998889469614
9.49,825.1482007361793,0.22790152560506727,1.0255593650197592
9.5,825.0831774860284,0.22676488728378597,1.0204444790503004
9.51,825.0181672397972,0.22563391782394687,1.0153551031620156
9.52,824.9531699948823,0.22450858894461662,1.0102911101123409
9.53,824.8881857486808,0.22338887250472853,1.0052523732891274
9.540000000000001,824.8232144985905,0.22227474050228274,1.0002387667070503
9.55,824.7582562420093,0.22116616507354692,0.99525016500402
9.56,824.6933109763363,0.2200631184922554,0.9902864434375883
9.57,824.6283786989706,0.21896557316881002,0.9853474778813601
9.58,824.5634594073118,0.21787350164948,0.9804331448214023
9.59,824.4985530987605,0.21678687662645554,0.9755433213827434
9.6,824.4336597707174,0.2157056710037474,0.9706778855107046
9.61,824.3687794205841,0.21462985777120944,0.9658367156202595
9.620000000000001,824.3039120457623,0.213559410039027,0.9610196906902788
9.63,824.2390576436546,0.2124943010519013,0.9562266903014834
9.64,824.174216211664,0.2114345041883483,0.9514575946331263
9.65,824.1093877471939,0.2103799929599993,0.9467122844596816
9.66,824.0445722476485,0.20933074101090085,0.9419906411475297
9.67,823.9797697104324,0.20828672211681465,0.9372925466516443
9.68,823.9149801329506,0.20724791018451755,0.9326178835122776
9.69,823.8502035126089,0.20621427925110147,0.927966534851647
9.700000000000001,823.7854398468135,0.2051858034832732,0.9233383843706204
9.71,823.720689132971,0.20416245717665513,0.9187333163454057
9.72,823.6559513684888,0.20314421475508407,0.9141512156242315
9.73,823.5912265507745,0.20213105076991197,0.9095919676240375
9.74,823.5265146772366,0.20112293989930574,0.9050554583271591
9.75,823.461815745284,0.20011985694661596,0.9005415743005905
9.76,823.3971297523259,0.19912177683236365,0.8960502028700144
9.77,823.3324566957722,0.19812867460641437,0.8915812318042987
9.78,823.2677965730335,0.1971405254442046,0.8871345493867188
9.790000000000001,823.2031493815207,0.19615730464420666,0.8827100444561379
9.8,823.1385151186454,0.19517898762721858,0.8783076064039526
9.81,823.0738937818195,0.1942055499356527,0.8739271251710292
9.82,823.0092853684557,0.1932369672328256,0.8695684912446493
9.83,822.944689875967,0.1922732153022475,0.8652315956554495
9.84,822.880107301767,0.1913142700469117,0.8609163299743638
9.85,822.81553764327,0.19036010748858384,0.8566225863095651
9.86,822.7509808978906,0.18941070376709157,0.8523502573034066
9.870000000000001,822.686437063044,0.1884660351396136,0.8480992361293628
9.88,822.6219061361459,0.18752607797996998,0.8438694164889742
9.89,822.5573881146126,0.18659080877791032,0.839660692608784
9.9,822.4928829958611,0.18566020413840414,0.8354729592372833
9.91,822.4283907773086,0.18473424078422349,0.8313061116551321
9.92,822.3639114563728,0.18381289558941383,0.8271600458099326
9.93,822.2994450304723,0.1828961455243095,0.8230346580943184
9.94,822.2349914970258,0.18198396766419345,0.818929845380682
9.950000000000001,822.170550853453,0.1810763391978555,0.8148455050554906
9.96,822.1061230971738,0.18017323742696517,0.8107815350165638
9.97,822.0417082256087,0.17927463976544275,0.8067378336703451
9.98,821.9773062361785,0.17838052373883215,0.8027142999291795
9.99,821.912917126305,0.17749086698367297,0.7987108332085883
