t,x1,x2,z
0.0,10.06066,212.132,100.0
0.01,10.047080695010493,212.4916880178957,99.97841963094153
0.02,10.033518486443286,212.85076568464802,99.95687766716952
0.03,10.019973496234208,213.20922953563218,99.93537432588677
0.04,10.00644572251957,213.5670800983486,99.91390957346698
0.05,9.992935163398851,213.92431826456834,99.89248335304194
0.06,9.979441817368269,214.2809448859948,99.87109561029322
0.07,9.965965682924049,214.6369608143315,99.84974629090246
0.08,9.952506758562409,214.99236690128188,99.82843534055125
0.09,9.939065042779575,215.34716399854943,99.8071627049212
0.1,9.925640534071764,215.70135295783763,99.7859283296939
0.11,9.912233230935202,216.0549346308499,99.76473216055099
0.12,9.898843129873574,216.40790980264222,99.74357414746181
0.13,9.88547022502251,216.76027917906188,99.72245424549155
0.14,9.872114513537019,217.1120435669506,99.70137240320796
0.15,9.858775992644444,217.4632037755697,99.68032856902315
0.16,9.845454659572138,217.8137606141804,99.65932269134925
0.17,9.83215051154744,218.163714892044,99.63835471859834
0.18,9.818863545797699,218.51306741842177,99.61742459918254
0.19,9.805593759550263,218.86181900257498,99.59653228151396
0.2,9.792341149603203,219.20997045298503,99.57567771406198
0.21,9.779105708291434,219.5575225700252,99.55486084589162
0.22,9.765887430362136,219.90447615845113,99.53408162574597
0.23,9.752686311650848,220.25083202499556,99.51334000222286
0.24,9.7395023479931,220.59659097639127,99.49263592392016
0.25,9.72633553522443,220.9417538193711,99.47196933943572
0.26,9.713185869180371,221.28632136066776,99.45134019736736
0.27,9.700053345696457,221.63029440701413,99.43074844631293
0.28,9.68693796060822,221.97367376514293,99.41019403487029
0.29,9.673839686999296,222.31646018842486,99.38967691544643
0.3,9.660758566038998,222.6586545899182,99.36919702904936
0.31,9.64769455990111,223.0002576974057,99.34875432991262
0.32,9.63464766405649,223.34127031676482,99.3283487666951
0.33,9.621617873825185,223.6816932535194,99.30798028808094
0.34,9.608605184376426,224.02152731283942,99.28764884277956
0.35000000000000003,9.595609590728625,224.36077329954122,99.2673543795256
0.36,9.582631087749384,224.69943201808744,99.24709684707895
0.37,9.569669669748945,225.03750427123856,99.22687619431818
0.38,9.556725328134556,225.37499085227364,99.20669237077945
0.39,9.543798055986592,225.71189256016717,99.18654532560511
0.4,9.530887846707778,226.04821019510928,99.166435007854
0.41000000000000003,9.517994693498368,226.38394455676502,99.14636136662213
0.42,9.505118589356146,226.71909644427444,99.12632435104261
0.43,9.492259527076417,227.05366665625246,99.10632391028564
0.44,9.479417499252017,227.387655990789,99.08635999355857
0.45,9.466592498273307,227.72106524544898,99.06643255010587
0.46,9.453784516328179,228.05389521727218,99.04654152920912
0.47000000000000003,9.440993545402044,228.38614670277337,99.02668688018701
0.48,9.428219577277849,228.71782049794228,99.00686855239536
0.49,9.415462603536058,229.0489173982436,98.98708649522712
0.5,9.402722615554671,229.37943819861692,98.96734065811232
0.51,9.38999960450921,229.70938369347687,98.94763099051815
0.52,9.377293562473982,230.03875467674845,98.92795744192767
0.53,9.36460448341346,230.36755194189936,98.90831996182074
0.54,9.351932358868165,230.69577628180036,98.88871849975716
0.55,9.339277180102183,231.02342848879488,98.86915300533525
0.56,9.32663893823011,231.35050935470292,98.84962342818943
0.5700000000000001,9.314017624217039,231.67701967082124,98.83012971799025
0.58,9.301413228878568,232.0029602279232,98.81067182444433
0.59,9.288825742880801,232.32833181625887,98.79124969729439
0.6,9.27625515674034,232.65313522555488,98.77186328631926
0.61,9.263701460824295,232.97737124501464,98.75251254133384
0.62,9.251164645350277,233.30104066331816,98.73319741218917
0.63,9.238644700386399,233.62414426862213,98.71391784877237
0.64,9.226141615851276,233.94668284855987,98.69467380100663
0.65,9.213655381514032,234.26865719024144,98.67546521885127
0.66,9.201185986994966,234.5900680802534,98.6562920523017
0.67,9.188733423543075,234.91091630449102,98.63715425136942
0.68,9.176297682584906,235.23120264829538,98.6180517660984
0.6900000000000001,9.163878754009877,235.5509278966152,98.59898454658425
0.7000000000000001,9.151476627602143,235.8700928338718,98.5799525429582
0.71,9.139091293040591,236.18869824395892,98.56095570538709
0.72,9.126722739898842,236.50674491024282,98.54199398407334
0.73,9.114370957645242,236.8242336155622,98.523067329255
0.74,9.10203593564288,237.1411651422283,98.5041756912057
0.75,9.089717663149568,237.45754027202474,98.48531902023468
0.76,9.077416129317855,237.77335978620778,98.46649726668677
0.77,9.065131323195024,238.08862446550603,98.44771038094242
0.78,9.052863233723087,238.40333509012063,98.42895831341765
0.79,9.04061184973879,238.7174924397252,98.41024101456411
0.8,9.02837715997361,239.03109729346588,98.39155843486904
0.81,9.016159153104137,239.3441504297836,98.37291052486579
0.8200000000000001,9.003957818505562,239.6566526237583,98.35429723529107
0.8300000000000001,8.991773145081334,239.9686046512341,98.33571851684071
0.84,8.979605121391083,240.28000728836852,98.31717432019636
0.85,8.967453735904252,240.59086131073846,98.29866459607842
0.86,8.9553189770001,240.90116749334007,98.28018929524605
0.87,8.943200832967708,241.2109266105888,98.26174836849712
0.88,8.931099292005973,241.52013943631945,98.24334176666831
0.89,8.919014342223607,241.82880674378612,98.22496944063498
0.9,8.906945971639143,242.13692930566214,98.20663134131131
0.91,8.894894168180931,242.44450789404027,98.18832741965015
0.92,8.882858919687138,242.75154328043251,98.17005762664319
0.93,8.87084021390575,243.05803623577015,98.15182191332077
0.9400000000000001,8.85883803849457,243.36398753040385,98.13362023075207
0.9500000000000001,8.846852381021217,243.6693979341035,98.11545253004495
0.96,8.834883229036572,243.9742682157859,98.09731876236219
0.97,8.822930570396233,244.27859914232226,98.07921887899191
0.98,8.810994392819905,244.5823914801726,98.06115283125098
0.99,8.799074683990709,244.88564599501743,98.04312057050677
1.0,8.787171595176456,245.18836047007494,98.02512224208496
1.01,8.973488697116903,245.49449948554957,98.02512221510057
1.02,9.16161077680749,245.80806533338148,98.02512221510057
1.03,9.351533958321772,246.1291286364809,98.02512221510057
1.04,9.543254713693884,246.45775986200525,98.02512221510057
1.05,9.736769566957792,246.79402932638337,98.02512221510057
1.06,9.93207509414465,247.13800719157683,98.02512221510057
1.07,10.129167923319166,247.48976346732994,98.02512221510057
1.08,10.328044734619786,247.84936801422845,98.02512221510057
1.09,10.528702260298866,248.21689054587662,98.02512221510057
1.1,10.73113728476285,248.5924006310743,98.02512221510057
1.11,10.935346644328142,248.9759676985758,98.02512221510057
1.12,11.141327226503366,249.36766104615052,98.02512221510057
1.1300000000000001,11.349075971472237,249.767549829657,98.02512221510057
1.1400000000000001,11.558589871615819,250.1757030699238,98.02512221510057
1.1500000000000001,11.769865971466897,250.59218965570554,98.02512221510057
1.16,11.982901367734135,251.01707834600555,98.02512221510057
1.17,12.197693209326271,251.45043777239795,98.02512221510057
1.18,12.414238695340593,251.89233643449052,98.02512221510057
1.19,12.632535075070308,252.34284270219032,98.02512221510057
1.2,12.852579651252421,252.80202482888873,98.02512221510057
1.21,13.074369778312317,253.2699509477872,98.02512221510057
1.22,13.297902862331036,253.74668907402776,98.02512221510057
1.23,13.523176361018274,254.23230710684288,98.02512221510057
1.24,13.750187783557298,254.7268728315624,98.02512221510057
1.25,13.978934687207177,255.23045391799744,98.02512221510057
1.26,14.209414680637826,255.74311792634657,98.02512221510057
1.27,14.44162542445437,256.2649323099612,98.02512221510057
1.28,14.67556463007312,256.7959644162701,98.02512221510057
1.29,14.911230059639072,257.3362814888675,98.02512221510057
1.3,15.148619525943412,257.88595066960033,98.02512221510057
1.31,15.38773089170843,258.44503900027496,98.02512221510057
1.32,15.628562066547882,259.0136134229605,98.02512221510057
1.33,15.871111011567221,259.591740784902,98.02512221510057
1.34,16.115375737964964,260.1794878398147,98.02512221510057
1.35,16.36135430651254,260.7769212497073,98.02512221510057
1.36,16.609044827419314,261.3841075869382,98.02512221510057
1.37,16.858445460197625,262.00111333627217,98.02512221510057
1.3800000000000001,17.109554411592736,262.62800489515064,98.02512221510057
1.3900000000000001,17.362369936333614,263.2648485765658,98.02512221510057
1.4000000000000001,17.61689033733918,263.9117106114309,98.02512221510057
1.41,17.873113966739297,264.5686571517035,98.02512221510057
1.42,18.131039224595618,265.23575427138553,98.02512221510057
1.43,18.390664558741882,265.913067968557,98.02512221510057
1.44,18.651988464562372,266.6006641673292,98.02512221510057
1.45,18.91500948064806,267.29860871425603,98.02512221510057
1.46,19.17972619262992,268.0069673857477,98.02512221510057
1.47,19.44613723480615,268.72580589252095,98.02512221510057
1.48,19.714241287856122,269.4551898787871,98.02512221510057
1.49,19.98403707859296,270.1951849241867,98.02512221510057
1.5,20.255523379707054,270.9458565457144,98.02512221510057
1.51,20.528699009500478,271.7072701996347,98.02512221510057
1.52,20.803562831612336,272.47949128338945,98.02512221510057
1.53,21.080113754735006,273.26258513749497,98.02512221510057
1.54,21.358350732321327,274.0566170474312,98.02512221510057
1.55,21.638272762282682,274.86165224552127,98.02512221510057
1.56,21.919878885377262,275.6777559098551,98.02512221510057
1.57,22.203168179634105,276.50499315424497,98.02512221510057
1.58,22.488139770075282,277.34342905284717,98.02512221510057
1.59,22.774792825070424,278.19312863451347,98.02512221510057
1.6,23.063126555123574,279.0541568826638,98.02512221510057
1.61,23.353140212456974,279.92657873697596,98.02512221510057
1.62,23.64483309058348,280.81045909506093,98.02512221510057
1.6300000000000001,23.938204523867633,281.705862814124,98.02512221510057
1.6400000000000001,24.233253887075342,282.61285471261135,98.02512221510057
1.6500000000000001,24.52998059491223,283.53149957184314,98.02512221510057
1.6600000000000001,24.82838410155059,284.4618621376314,98.02512221510057
1.67,25.128463900144983,285.40400712188415,98.02512221510057
1.68,25.430219530779354,286.35799920432373,98.02512221510057
1.69,25.733650577407033,287.32390303402315,98.02512221510057
1.7,26.038756654757567,288.30178323077683,98.02512221510057
1.71,26.34553741576832,289.2917043867684,98.02512221510057
1.72,26.653992551176724,290.29373106810544,98.02512221510057
1.73,26.964121789089617,291.3079278163401,98.02512221510057
1.74,27.275924894545813,292.334359149975,98.02512221510057
1.75,27.58940166907186,293.3730895659556,98.02512221510057
1.76,27.90455195023103,294.42418354114767,98.02512221510057
1.77,28.221375611165527,295.48770553380126,98.02512221510057
1.78,28.539872560131887,296.563719985,98.02512221510057
1.79,28.860042740824365,297.65229132009864,98.02512221510057
1.8,29.181886140316166,298.7534839501697,98.02512221510057
1.81,29.50540277618393,299.86736227337286,98.02512221510057
1.82,29.830592697934936,300.9939906763537,98.02512221510057
1.83,30.157455988683118,302.13343353562874,98.02512221510057
1.84,30.485992764725317,303.28575521894993,98.02512221510057
1.85,30.816203175113888,304.4510200866551,98.02512221510057
1.86,31.148087401225645,305.62929249300424,98.02512221510057
1.87,31.481645656327153,306.8206367875014,98.02512221510057
1.8800000000000001,31.816878185136357,308.02511731620297,98.02512221510057
1.8900000000000001,32.153785263380584,309.24279842301087,98.02512221510057
1.9000000000000001,32.49236719735086,310.47374445095244,98.02512221510057
1.9100000000000001,32.83262432411817,311.7180197426424,98.02512221510057
1.92,33.174557013023346,312.97568863918974,98.02512221510057
1.93,33.5181656642837,314.2468154825647,98.02512221510057
1.94,33.86345070722429,315.5314646184455,98.02512221510057
1.95,34.21041259598103,316.8297004021361,98.02512221510057
1.96,34.55905181243283,318.1415871956158,98.02512221510057
1.97,34.90936886692379,319.46718936740666,98.02512221510057
1.98,35.26136430055838,320.8065712905135,98.02512221510057
1.99,35.61503868119298,322.1597973478499,98.02512221510057
2.0,35.97039324917515,323.5269374009602,98.025122213394
2.0100000000000002,35.90850284191662,324.8996723059641,97.94331856028192
2.02,35.846706312793025,326.26965919659256,97.86168661114533
2.0300000000000002,35.78500386171486,327.63690238458577,97.78022612724014
2.04,35.72339551376947,329.00140618189516,97.69893683614173
2.05,35.661881291392675,330.36317490054915,97.61781846544213
2.06,35.60046121436444,331.7222128525586,97.53687074275608
2.07,35.539135299892465,333.078524349765,97.45609339573004
2.08,35.477903563036605,334.432113702955,97.37548615209526
2.09,35.416766016136975,335.7829852230542,97.29504873959624
2.1,35.35572266888067,337.1311432209884,97.21478088599902
2.11,35.29477352849558,338.4765920072791,97.13468231911547
2.12,35.23391859980236,339.8193358919356,97.05475276680974
2.13,35.17315788526632,341.1593791843467,96.97499195700479
2.14,35.11249138504938,342.4967261931727,96.89539961768881
2.15,35.051919097062054,343.8313812262374,96.81597547692174
2.16,34.9914410170153,345.16334859041996,96.73671926284177
2.17,34.93105713847253,346.49263259154657,96.65763070367183
2.18,34.870767452901525,347.81923753428276,96.578709527726
2.19,34.81057194972635,349.1431677220251,96.49995546341611
2.2,34.75047061628272,350.46442745674557,96.42136823926053
2.21,34.69046343790842,351.7830210389024,96.3429475838898
2.22,34.63055039813902,353.098952767403,96.2646932260494
2.23,34.57073147866592,354.412226939449,96.18660489460872
2.24,34.51100665938767,355.7228478504288,96.10868231856742
2.25,34.45137591846154,357.03081979380846,96.030925227062
2.2600000000000002,34.39183923235499,358.33614706102384,95.95333334937231
2.27,34.33239657589724,359.6388339413722,95.87590641492802
2.2800000000000002,34.273047922330775,360.93888472190395,95.79864415331508
2.29,34.21379324336287,362.2363036873142,95.7215462942823
2.3000000000000003,34.15463250921714,363.53109511983484,95.64461256774777
2.31,34.095565688685014,364.82326329912564,95.56784270380537
2.32,34.03659274786143,366.11281250481244,95.4912364325721
2.33,33.977713647155866,367.399747022492,95.41479348382656
2.34,33.918928348857584,368.6840711285158,95.33851358792477
2.35,33.86023681416273,369.96578909596343,95.26239647544054
2.36,33.80163900281507,371.2449051953594,95.1864418771224
2.37,33.74313487314436,372.52142369459244,95.11064952389839
2.38,33.684724382104704,373.79534885883265,95.03501914688104
2.39,33.62640748531291,375.06668495045045,94.95955047737225
2.4,33.5681841370869,376.3354362289341,94.88424324686817
2.41,33.51005429048405,377.6016069508084,94.80909718706413
2.42,33.45201789733953,378.8652013695524,94.73411202985955
2.43,33.39407490830474,380.1262237355179,94.65928750736282
2.44,33.33622527266858,381.38467829626927,94.5846233518708
2.45,33.278468935248014,382.6405693026195,94.51011929550519
2.46,33.22080584098344,383.89390099969165,94.43577507075094
2.47,33.16323593455916,385.1446776276494,94.36159041041225
2.48,33.105759159474964,386.39290342349415,94.28756504750426
2.49,33.04837545807515,387.63858262100126,94.21369871525688
2.5,32.99108477157769,388.8817194506561,94.13999114711864
2.5100000000000002,32.93388704010332,390.1223181395903,94.06644207676038
2.52,32.87678220270464,391.3603829115179,93.99305123807927
2.5300000000000002,32.819770197395215,392.5959179866716,93.91981836520246
2.54,32.762850961178714,393.82892758173875,93.84674319249096
2.5500000000000003,32.70602443007797,395.0594159097976,93.77382545454348
2.56,32.64929053916412,396.28738718025346,93.70106488620024
2.57,32.59264922103256,397.5128456020449,93.62846122234971
2.58,32.53610040669658,398.7357953817595,93.55601419804218
2.59,32.479644027512514,399.95624071957843,93.48372354873405
2.6,32.423280013875456,401.1741858120198,93.4115890101225
2.61,32.36700829524214,402.3896348518879,93.33961031814856
2.62,32.31082880015381,403.6025920282223,93.26778720900009
2.63,32.254741456259254,404.8130615262473,93.19611941911488
2.64,32.19874619033768,406.02104752732083,93.1246066851836
2.65,32.142842928321706,407.22655420888344,93.05324874415292
2.66,32.087031595320276,408.42958574440786,92.98204533322854
2.67,32.031312115641654,409.6301463033476,92.91099618987815
2.68,31.975684412816324,410.82824005108654,92.84010105183457
2.69,31.920148409102445,412.0238711500388,92.76935965702931
2.7,31.864704024542032,413.21704376174904,92.69877174346598
2.71,31.809351179601606,414.4077620410177,92.62833704957437
2.72,31.754089794084447,415.59603013832185,92.55805531406459
2.73,31.698919787032395,416.78185220003303,92.48792627591381
2.74,31.64384107674413,417.9652323683772,92.41794967436864
2.75,31.588853580793494,419.14617478139394,92.34812524894767
2.7600000000000002,31.53395721604775,420.32468357289616,92.27845273944371
2.77,31.47915189868591,421.50076287242933,92.20893188592636
2.7800000000000002,31.424437544217014,422.67441680523126,92.13956242874433
2.79,31.369814067498428,423.8456494921911,92.07034410852788
2.8000000000000003,31.31528138275413,425.01446504980953,92.00127666619125
2.81,31.260839403436435,426.18086759051346,91.93235984291358
2.82,31.206488040474284,427.3448612266397,91.86359337989892
2.83,31.152227205174082,428.50645006384144,91.79497701877342
2.84,31.098056808749313,429.6656382021586,91.72651050152092
2.85,31.043976761812626,430.8224297371738,91.65819357041318
2.86,30.98998697439205,431.9768287599761,91.59002596801207
2.87,30.93608735594711,433.12883935712597,91.52200743717167
2.88,30.88227781538503,434.278465610619,91.45413772104037
2.89,30.828558261076886,435.42571159785075,91.38641656306301
2.9,30.77492860087378,436.57058139158056,91.31884370698302
2.91,30.721388742122986,437.7130790598965,91.25141889684451
2.92,30.667938591684155,438.8532086661789,91.18414187699443
2.93,30.614578055945437,439.99097426906536,91.11701239208463
2.94,30.561307040839683,441.12637992241474,91.05003018707406
2.95,30.508125451860597,442.25942967527146,90.9831950072308
2.96,30.455033194078904,443.3901275718299,90.9165065981343
2.97,30.40203017215852,444.5184776513989,90.8499647056774
2.98,30.34911628983669,445.6444839496515,90.78356907599097
2.99,30.296291446719508,446.76815050631643,90.7173194549804
3.0,30.243555544430336,447.8894813504303,90.65121558921435
3.0100000000000002,30.190908484859474,449.0084805045402,90.58525722567146
3.02,30.13835016945514,450.12515198640745,90.51944411163761
3.0300000000000002,30.085880499235454,451.2394998089823,90.45377599470746
3.04,30.033499374800424,452.3515279803779,90.38825262278596
3.0500000000000003,29.981206696343943,453.4612405038451,90.32287374408982
3.06,29.929002363665774,454.56864137774625,90.25763910714913
3.0700000000000003,29.87688627618353,455.67373459553005,90.19254846080878
3.08,29.824858332944686,456.77652414570554,90.12760155423001
3.09,29.772918432638537,457.8770140118165,90.06279813689197
3.1,29.721066473608214,458.97520817241616,89.99813795859318
3.11,29.669302353862662,460.07111060104086,89.93362076945303
3.12,29.617625971088618,461.16472526618503,89.86924631991342
3.13,29.566037222662626,462.2560561312751,89.80501436074013
3.14,29.514536005662993,463.34510715464415,89.74092464302443
3.15,29.46312221632564,464.4318822908632,89.67697691810278
3.16,29.411795748235296,465.51638549515866,89.61317093729065
3.17,29.360556496526144,466.5986207131655,89.54950645249988
3.18,29.30940435631893,467.6785918847448,89.48598321600872
3.19,29.258339222418044,468.7563029447263,89.42260098041695
3.2,29.207360989320705,469.8317578228898,89.35935949864705
3.21,29.15646955122615,470.90496044394604,89.2962585239453
3.22,29.10566480204482,471.9759147275182,89.23329780988281
3.23,29.05494663540757,473.0446245881227,89.17047711035676
3.24,29.004314944674828,474.11109393515085,89.10779617959138
3.25,28.953769622945813,475.1753266728495,89.04525477213912
3.2600000000000002,28.903310563067702,476.2373267003026,88.98285264288175
3.27,28.85293765764485,477.29709791141227,88.92058954703148
3.2800000000000002,28.802650799047942,478.3546441948798,88.85846524013203
3.29,28.75244987942322,479.409969434187,88.79647947805975
3.3000000000000003,28.702334790701638,480.46307750757745,88.73463201702474
3.31,28.65230542460809,481.5139722880374,88.67292261357194
3.3200000000000003,28.602361672065324,482.5626576448724,88.61135102448618
3.33,28.552503422207007,483.609137446314,88.54991700663507
3.34,28.502730565440615,484.6534155514522,88.48862031745497
3.35,28.453042992081556,485.69549581384086,88.42746071473384
3.36,28.403440592225675,486.73538208183913,88.36643795659049
3.37,28.353923255756303,487.7730781985984,88.30555180147549
3.38,28.304490872351355,488.8085880020486,88.24480200817189
3.39,28.255143331490363,489.8419153248858,88.184188335796
3.4,28.205880522461584,490.873063994558,88.12371054379811
3.41,28.156702334369026,491.9020378332526,88.06336839196335
3.42,28.107608656139554,492.9288406578829,88.00316164041239
3.43,28.058599376529926,493.9534762800749,87.9430900496022
3.44,28.009674384133888,494.9759485061539,87.88315338032689
3.45,27.960833567389223,495.9962611371316,87.82335139371843
3.46,27.91207681458482,497.0144179686927,87.76368385124741
3.47,27.863404013867758,498.03042279118165,87.70415051472384
3.48,27.81481505325036,499.0442793895892,87.64475114629789
3.49,27.76630982000905,500.0559915452013,87.5854855083606
3.5,27.717888200337192,501.0655630365537,87.52635336348632
3.5100000000000002,27.6695500813783,502.0729976338827,87.46735447476692
3.52,27.621295350171685,503.0782991020116,87.40848860563794
3.5300000000000002,27.57312389361317,504.0814712004648,87.34975551987166
3.54,27.52503559846062,505.0825176834583,87.29115498157766
3.5500000000000003,27.477030351339398,506.0814422998911,87.2326867552033
3.56,27.429108038747916,507.0782487933357,87.17435060553427
3.5700000000000003,27.381268547063097,508.07294090203,87.11614629769505
3.58,27.333511762545907,509.0655223588675,87.05807359714949
3.59,27.28583757134682,510.0559968913888,87.00013226970121
3.6,27.238245859511355,511.0443682217728,86.94232208149425
3.61,27.190736512985552,512.0306400668271,86.88464279901349
3.62,27.14330941762148,513.0148161379798,86.82709418908519
3.63,27.09596445918275,513.9969001412699,86.76967601887746
3.64,27.04870152334999,514.9768957773388,86.71238805590087
3.65,27.001520495726368,515.9548067414213,86.65523006800886
3.66,26.95442126124283,516.9306367250173,86.59820182329716
3.67,26.907403704259263,517.9043894156151,86.5413030901204
3.68,26.860467709818714,518.8760684931857,86.48453363730303
3.69,26.81361316288524,519.8456776323234,86.42789323401053
3.7,26.76683994833956,520.8132205022645,86.37138164974817
3.71,26.720147950983385,521.7787007668816,86.31499865436145
3.72,26.673537055543736,522.742122084678,86.25874401803627
3.73,26.62700714667725,523.7034881087822,86.20261751129934
3.74,26.58055810897452,524.6628024869417,86.14661890501847
3.75,26.534189826964397,525.6200688615179,86.09074797040289
3.7600000000000002,26.487902185118312,526.5752908694806,86.0350044790035
3.77,26.441695067854592,527.5284721424015,85.9793882027133
3.7800000000000002,26.395568359542796,528.4796163064498,85.92389891376754
3.79,26.349521944508012,529.4287269823851,85.86853638474425
3.8000000000000003,26.303555707035184,530.3758077855533,85.81330038856431
3.81,26.25766953137343,531.3208623258796,85.75819069849197
3.8200000000000003,26.21186330174037,532.2638942078637,85.703207088135
3.83,26.16613690151929,533.2049070328883,85.64834933130597
3.84,26.1204902138831,534.1439043974366,85.59361720212927
3.85,26.074923122692855,535.0808898905232,85.53901047519571
3.86,26.029435511774793,536.0158670957726,85.4845289254374
3.87,25.98402726492405,536.9488395914167,85.43017232812795
3.88,25.938698265908386,537.87981095029,85.37594045888267
3.89,25.89344839847193,538.8087847398259,85.32183309365878
3.9,25.848277546338867,539.7357645220527,85.26785000875566
3.91,25.803185593217194,540.6607538535899,85.21399098081501
3.92,25.758172422802435,541.5837562856439,85.16025578682111
3.93,25.713237918781356,542.5047753640043,85.10664420410097
3.94,25.668381964835703,543.4238146290398,85.05315601032459
3.95,25.623604444645917,544.3408776156947,84.99979098350514
3.96,25.578905241894866,545.2559678534841,84.94654890199918
3.97,25.53428424027156,546.1690888664908,84.89342954450687
3.98,25.48974132347489,547.0802441733609,84.84043269007222
3.99,25.44527637521734,547.9894372873003,84.78755811808321
4.0,25.40088927922871,548.89667171607,84.73480560827207
4.01,25.356579919259854,549.8019509619829,84.68217494071547
4.0200000000000005,25.312348179086385,550.7052785218998,84.62966589583473
4.03,25.26819394251243,551.6066578872245,84.57727825439603
4.04,25.22411709330557,552.5060925441057,84.52501179749832
4.05,25.180117513429355,553.4035859787022,84.47286630625686
4.0600000000000005,25.136195085580635,554.2991416696404,84.42084156225636
4.07,25.09234969321411,555.1927630879497,84.36893734755505
4.08,25.048581219796148,556.0844536992888,84.31715344455067
4.09,25.00488954880747,556.9742169639452,84.2654896359806
4.1,24.96127456374587,557.8620563368339,84.21394570492184
4.11,24.917736148128935,558.7479752674968,84.16252143479103
4.12,24.874274185496734,559.6319772001018,84.1112166093445
4.13,24.83088855941453,560.5140655734414,84.06003101267828
4.14,24.787579153475498,561.3942438209324,84.00896442922816
4.15,24.744345851303418,562.272515370615,83.95801664376967
4.16,24.7011885365554,563.1488836451509,83.90718744141815
4.17,24.65810709292458,564.0233520618239,83.85647660762874
4.18,24.615101404142823,564.8959240325376,83.80588392819648
4.19,24.57217135398345,565.7666029638153,83.75540918925623
4.2,24.52931682626393,566.6353922567988,83.7050521772828
4.21,24.48653770484859,567.5022953072477,83.6548126790909
4.22,24.443833873651332,568.367315505538,83.60469048183523
4.23,24.40120521663833,569.2304562366619,83.55468537301049
4.24,24.35865161783075,570.0917208802261,83.50479714045134
4.25,24.316172961307437,570.9511128104516,83.45502557233256
4.26,24.273769131024167,571.808635396706,83.40537045713694
4.2700000000000005,24.23144000976238,572.6642920065684,83.35583158347154
4.28,24.189185481235445,573.5180859997098,83.30640874043465
4.29,24.14700542944766,574.3700207297647,83.25710171750346
4.3,24.10489973845125,575.220099545045,83.20791030449134
4.3100000000000005,24.062868292348366,576.0683257885404,83.15883429154765
4.32,24.020910975293187,576.9147027979203,83.10987346915775
4.33,23.97902767149391,577.7592339055342,83.0610276281428
4.34,23.937218265214824,578.6019224384129,83.01229655965973
4.3500000000000005,23.895482640778337,579.4427717182698,82.96368005520118
4.36,23.853820682567044,580.2817850615011,82.91517790659539
4.37,23.81223227502574,581.1189657791879,82.86678990600605
4.38,23.77071730266348,581.9543171770964,82.81851584593232
4.39,23.729275650055634,582.7878425556794,82.77035551920868
4.4,23.687907201845896,583.6195452100768,82.72230871900481
4.41,23.646611842748374,584.4494284301172,82.6743752388256
4.42,23.60538945754959,585.2774955003184,82.62655487251097
4.43,23.564239931110563,586.103749699889,82.57884741423584
4.44,23.523163148368802,586.9281943027288,82.53125265850998
4.45,23.482158994340416,587.7508325774302,82.48377040017802
4.46,23.4412273541221,588.571667787279,82.43640043441927
4.47,23.400368112893204,589.3907031902557,82.38914255674767
4.48,23.359581155592313,590.2079420400237,82.34199656295259
4.49,23.31886636647062,591.0233875872908,82.2949622490173
4.5,23.27822363065894,591.837043075064,82.24803941140304
4.51,23.23765283342552,592.648911740907,82.20122784691375
4.5200000000000005,23.197153860113254,593.4589968171388,82.1545273526843
4.53,23.15672659614122,594.2673015308355,82.10793772618023
4.54,23.11637092700618,595.0738291038336,82.06145876519759
4.55,23.076086738284143,595.8785827527321,82.01509026786279
4.5600000000000005,23.035873915631857,596.6815656888953,81.96883203263238
4.57,22.995732344788383,597.482781118455,81.92268385829287
4.58,22.95566191157657,598.2822322423137,81.87664554396058
4.59,22.915662501904624,599.0799222561469,81.83071688908142
4.6000000000000005,22.87573400176762,599.8758543504055,81.78489769343075
4.61,22.835876297249026,600.6700317103183,81.73918775711316
4.62,22.79608927452224,601.4624575158954,81.69358688056231
4.63,22.75637281985212,602.2531349419295,81.64809486454072
4.64,22.7167268195965,603.0420671579998,81.60271151013967
4.65,22.677151160207718,603.8292573284735,81.55743661877891
4.66,22.637645728234165,604.614708612509,81.51226999220654
4.67,22.598210410321794,605.3984241640585,81.46721143249883
4.68,22.55884509321565,606.18040713187,81.42226074206
4.69,22.519549663761396,606.9606606594906,81.3774177236221
4.7,22.480324008469875,607.7391878865777,81.33268218016657
4.71,22.441168013683292,608.5159919484094,81.28805391495354
4.72,22.40208156636981,609.291075973509,81.2435327316636
4.73,22.36306455359456,610.0644430852388,81.19911843430268
4.74,22.324116862517286,610.8360964018135,81.15481082720112
4.75,22.285238380393466,611.6060390363041,81.11060971501344
4.76,22.246428994575478,612.3742740966417,81.06651490271817
4.7700000000000005,22.207688592513723,613.1408046856213,81.02252619561746
4.78,22.1690170617578,613.9056339009053,80.97864339933695
4.79,22.130414289957614,614.6687648350276,80.93486631982545
4.8,22.09188016486454,615.4302005753967,80.89119476335472
4.8100000000000005,22.05341457433257,616.1899442043003,80.84762853651921
4.82,22.015017406319448,616.9479987989083,80.80416744623584
4.83,21.976688548887818,617.7043674312768,80.76081129974365
4.84,21.938427890206363,618.4590531683519,80.7175599046037
4.8500000000000005,21.900235318550955,619.2120590719734,80.6744130686987
4.86,21.862110722305804,619.9633881988783,80.63137060023281
4.87,21.824053989964582,620.7130436007051,80.5884323077314
4.88,21.786065010131598,621.4610283239966,80.54559800004073
4.89,21.748143671522904,622.2073454102048,80.50286748632782
4.9,21.710289862967468,622.9519978956936,80.46024057608008
4.91,21.672503473400354,623.6949888117658,80.41771707910377
4.92,21.63478439137871,624.4363211860663,80.37529680544058
4.93,21.597132505682588,625.1759980408555,80.33297956547017
4.94,21.559547705461384,625.9140223925953,80.29076516993479
4.95,21.522029879972983,626.6503972527076,80.24865342989412
4.96,21.484578918584607,627.3851256275796,80.20664415672503
4.97,21.447194710773672,628.1182105185673,80.16473716212123
4.98,21.409877146128647,628.8496549220007,80.12293225809296
4.99,21.3726261143499,629.5794618291887,80.08122925696675
5.0,21.335441505250547,630.3076342264228,80.03962797138506
5.01,21.298323208757317,631.0341750949823,79.99812821430602
5.0200000000000005,21.261271114911388,631.7590874111389,79.9567297990031
5.03,21.22428511386926,632.4823741461607,79.91543253906481
5.04,21.18736509590359,633.2040382663174,79.87423624839445
5.05,21.15051095140405,633.9240827328847,79.83314074120975
5.0600000000000005,21.11372257087819,634.6425105021486,79.79214583204256
5.07,21.07699984495227,635.3593245254102,79.75125133573867
5.08,21.040342664372133,636.0745277489904,79.71045706745734
5.09,21.003750920004048,636.7881231142338,79.66976284267112
5.1000000000000005,20.967224502835563,637.5001135575147,79.62916847716549
5.11,20.930763303976356,638.21050201024,79.58867378703862
5.12,20.894367214659102,638.9192913988546,79.54827858870101
5.13,20.8580361261836,639.6264846450013,79.50798269886602
5.14,20.821769929403004,640.332084666933,79.46778593446639
5.15,20.78556851566168,641.0360943769541,79.42768811280546
5.16,20.749431776575445,641.7385166820279,79.38768905152115
5.17,20.713359603880775,642.4393544841967,79.34778856856119
5.18,20.677351889435528,643.1386106805863,79.30798648218274
5.19,20.64140852521962,643.836288163412,79.26828261095216
5.2,20.605529403335762,644.5323898199817,79.22867677374458
5.21,20.56971441601013,645.226918532703,79.18916878974363
5.22,20.533963455593074,645.9198771790868,79.1497584784411
5.23,20.498276414559847,646.6112686317528,79.11044565963665
5.24,20.46265318551128,647.3010957584339,79.07123015343741
5.25,20.427093661174492,647.9893614219825,79.03211178025776
5.26,20.391597734403593,648.6760684803737,78.99309036081891
5.2700000000000005,20.356165298180393,649.3612197867121,78.95416571614862
5.28,20.3207962456151,650.0448181892352,78.91533766758087
5.29,20.28549046994702,650.7268665313193,78.87660603675556
5.3,20.25024786454527,651.4073676514844,78.83797064561814
5.3100000000000005,20.215068322909456,652.0863243833988,78.7994313164193
5.32,20.179951738670418,652.7637395558845,78.76098787171468
5.33,20.144898005590896,653.439615992922,78.7226401343645
5.34,20.109907017566236,654.113956513655,78.68438792753327
5.3500000000000005,20.074978668625118,654.7867639323961,78.6462310746894
5.36,20.040112852930235,655.4580410586308,78.60816939960502
5.37,20.005309464779007,656.1277906970237,78.57020272635548
5.38,19.97056839860428,656.7960156474221,78.53233087931913
5.39,19.93588954897502,657.4627187048624,78.49455368317702
5.4,19.901272810597035,658.1279026595737,78.45687096291243
5.41,19.866718077998122,658.7915702978319,78.41928254376084
5.42,19.8322252450991,659.4537244031185,78.3817882511415
5.43,19.797794206767136,660.1143677519538,78.3443879109027
5.44,19.763424858064454,660.7735031159225,78.30708134920253
5.45,19.729117094182637,661.4311332618569,78.2698683924981
5.46,19.69487081044306,662.087260951843,78.23274886754508
5.47,19.66068590229737,662.7418889432257,78.19572260139738
5.48,19.62656226532792,663.3950199886151,78.15878942140681
5.49,19.59249979524824,664.0466568358911,78.12194915522268
5.5,19.558498387903477,664.6968022282102,78.08520163079146
5.51,19.524557939270856,665.3454589040105,78.0485466763564
5.5200000000000005,19.49067834546013,665.9926295970173,78.01198412045714
5.53,19.456859502714043,666.638317036249,77.97551379192949
5.54,19.423101307408775,667.2825239460228,77.93913551990481
5.55,19.3894036560544,667.9252530459601,77.9028491338099
5.5600000000000005,19.35576644529534,668.5665070509923,77.86665446336649
5.57,19.322189571910823,669.2062886713663,77.8305513385909
5.58,19.288672932815324,669.8446006126507,77.79453958979373
5.59,19.25521642505904,670.4814455757404,77.75861904757943
5.6000000000000005,19.22181994582832,671.1168262568634,77.72278954284597
5.61,19.18848339244614,671.7507453475856,77.68705090678448
5.62,19.155206662372557,672.383205534817,77.65140297087886
5.63,19.121989653205134,673.0142095008168,77.61584556690548
5.64,19.088832262679436,673.6437599231999,77.58037852693268
5.65,19.055734388669446,674.2718594749415,77.54500168332059
5.66,19.022695929188053,674.8985108243834,77.50971486872062
5.67,18.989716782387482,675.5237166352398,77.47451791607517
5.68,18.956796846559758,676.1474795666023,77.43941065861725
5.69,18.92393601970204,676.7698022738747,77.40439292981652
5.7,18.89113419985313,677.390687408061,77.36946456342045
5.71,18.858391285603926,678.0101376146831,77.33462539351649
5.72,18.825707175679998,678.6281555346784,77.29987525448038
5.73,18.793081768941832,679.2447438044052,77.26521398097583
5.74,18.760514964385113,679.8599050556492,77.23064140795402
5.75,18.72800666114102,680.4736419156294,77.19615737065331
5.76,18.695556758476528,681.0859570070043,77.16176170459877
5.7700000000000005,18.663165155794683,681.6968529478772,77.1274542456019
5.78,18.63083175263492,682.3063323518031,77.09323482976014
5.79,18.598556448673335,682.9143978277941,77.05910329345654
5.8,18.566339143722985,683.5210519803255,77.02505947335942
5.8100000000000005,18.534179737734185,684.1262974093419,76.99110320642188
5.82,18.502078130794807,684.7301367102631,76.95723432988153
5.83,18.470034223130554,685.3325724739901,76.92345268126002
5.84,18.43804791510528,685.9336072869114,76.88975809836268
5.8500000000000005,18.406119107221244,686.5332437309082,76.85615041927818
5.86,18.374247700119458,687.1314843833615,76.82262948237808
5.87,18.342433594579926,687.7283318171568,76.7891951263165
5.88,18.31067669152198,688.3237886006915,76.75584719002973
5.89,18.27897689200454,688.9178572978799,76.72258551273578
5.9,18.247334097226428,689.5105404681593,76.68940993393409
5.91,18.215748208526666,690.1018406664964,76.65632029340509
5.92,18.184219127384747,690.691760443393,76.62331643120986
5.93,18.15274675542094,691.2803023448921,76.59039818768969
5.94,18.12133099439659,691.8674689125838,76.55756540346573
5.95,18.08997174621441,692.4532626836112,76.52481791943859
5.96,18.058668912889736,693.0376861907298,76.49215557678504
5.97,18.027422396110914,693.6207419631135,76.45957821691252
5.98,17.99623209795602,694.2024325250568,76.42708568153215
5.99,17.96509792079936,694.7827603961517,76.3946778126487
6.0,17.934019767152595,695.3617280915832,76.36235445254391
6.01,17.902997539664952,695.9393381221358,76.33011544377621
6.0200000000000005,17.872031141123383,696.5155929941991,76.29796062918012
6.03,17.841120474452737,697.0904952097744,76.26588985186606
6.04,17.810265442715913,697.664047266481,76.23390295521982
6.05,17.779465949114048,698.2362516575623,76.20199978290222
6.0600000000000005,17.748721896986677,698.8071108718923,76.1701801788487
6.07,17.71803318981191,699.3766273939809,76.1384439872689
6.08,17.687399731206586,699.9448037039815,76.10679105264634
6.09,17.656821424926463,700.5116422776961,76.07522121973794
6.1000000000000005,17.626298174866363,701.0771455865819,76.04373433357365
6.11,17.59582988506037,701.6413160977577,76.01233023945609
6.12,17.565416459681963,702.2041562740098,75.98100878296009
6.13,17.535057803044225,702.7656685737986,75.94976980993235
6.140000000000001,17.504753819599973,703.3258554512644,75.91861316649101
6.15,17.474504413941972,703.8847193562337,75.88753869902528
6.16,17.444309490803054,704.4422627342258,75.85654625419504
6.17,17.414168955056326,704.9984880264585,75.82563567893038
6.18,17.384082711715322,705.5533976698548,75.79480682043133
6.19,17.35405066593417,706.1069940970489,75.76405952616734
6.2,17.324072723007777,706.6592797363919,75.73339364387695
6.21,17.294148788371984,707.2102570119592,75.70280902156739
6.22,17.26427876760373,707.7599283435557,75.67230550751417
6.23,17.23446256642124,708.3082961467223,75.64188295026065
6.24,17.204700090594372,708.8553628328445,75.61154119861247
6.25,17.174991245728933,709.4011308094036,75.58128010162434
6.26,17.145335937862022,709.9456024793067,75.55109950863472
6.2700000000000005,17.115734073206482,710.4887802411831,75.52099926925031
6.28,17.086185558113264,711.0306664894341,75.49097923334355
6.29,17.056690299071487,711.5712636142391,75.46103925105211
6.3,17.02724820270853,712.1105740015615,75.43117917277853
6.3100000000000005,16.99785917579012,712.6486000331558,75.4013988491898
6.32,16.968523125220386,713.1853440865734,75.37169813121703
6.33,16.93923995804196,713.7208085351689,75.34207687005492
6.34,16.910009581436036,714.2549957481067,75.3125349171615
6.3500000000000005,16.880831902722463,714.7879080903672,75.2830721242576
6.36,16.85170682935982,715.3195479227529,75.25368834332656
6.37,16.82263426894548,715.8499176018952,75.22438342661374
6.38,16.79361412921572,716.3790194802604,75.19515722662616
6.390000000000001,16.764646318045745,716.9068559061559,75.16600959613214
6.4,16.73573074344984,717.4334292237368,75.1369403881608
6.41,16.706867313581377,717.9587417730122,75.1079494560017
6.42,16.67805593673294,718.4827958898514,75.07903665320451
6.43,16.649296521336378,719.0055939059903,75.05020183357851
6.44,16.6205889759629,719.5271381490375,75.02144485119224
6.45,16.591933209323138,720.0474309424809,74.99276556037306
6.46,16.563329130267242,720.5664746056941,74.96416381570681
6.47,16.534776647784934,721.0842714539425,74.93563947203735
6.48,16.506275671005614,721.6008237983895,74.90719238446619
6.49,16.477826109198418,722.1161339461031,74.87882240835206
6.5,16.449427871772308,722.6302042000623,74.85052939931056
6.51,16.42108086827614,723.143036859163,74.82231321321372
6.5200000000000005,16.392785008245344,723.6546342182472,74.79417370619022
6.53,16.36454020126201,724.1649985681008,74.76611073462483
6.54,16.33634635724233,724.6741321954169,74.73812415515671
6.55,16.308203386241292,725.1820373828311,74.71021382467983
6.5600000000000005,16.28011119845118,725.6887164089288,74.68237960034259
6.57,16.25206970420159,726.1941715482503,74.6546213395475
6.58,16.224078813959427,726.6984050712981,74.62693889995064
6.59,16.19613843832894,727.2014192445429,74.5993321394614
6.6000000000000005,16.168248488051713,727.7032163304298,74.5718009162419
6.61,16.140408874006685,728.2037985873847,74.5443450887068
6.62,16.11261950721015,728.7031682698208,74.51696451552276
6.63,16.084880298815786,729.2013276281451,74.48965905560806
6.640000000000001,16.057191160114648,729.6982789087642,74.46242856813221
6.65,16.029552002535194,730.1940243540907,74.43527291251559
6.66,16.001962737643282,730.6885662025501,74.40819194842896
6.67,15.974423277142186,731.1819066885864,74.38118553579315
6.68,15.946933532872613,731.6740480426691,74.35425353477859
6.69,15.919493416812703,732.1649924912994,74.32739580580495
6.7,15.892102841078055,732.6547422570156,74.30061220954074
6.71,15.864761717921718,733.1432995584009,74.27390260690287
6.72,15.837469959734216,733.6306666100888,74.24726685905627
6.73,15.810227479043554,734.1168456227697,74.22070482741351
6.74,15.783034188515234,734.601838803197,74.19421637363439
6.75,15.755890000952258,735.0856483541937,74.16780135962551
6.76,15.728794829295142,735.5682764746589,74.14145964753989
6.7700000000000005,15.701748586621921,736.0497253595737,74.11519109977657
6.78,15.674751186148184,736.5299972000075,74.0889955789802
6.79,15.64780254121854,737.0090941831153,74.0628729480414
6.8,15.620902565068311,737.4870184918726,74.03682307011677
6.8100000000000005,15.594051171177115,737.963772305484,74.01084580859818
6.82,15.567248273269717,738.4393577993895,73.98494102711226
6.83,15.540493785206623,738.913777145148,73.95910858952941
6.84,15.513787620984072,739.3870325104419,73.93334835996342
6.8500000000000005,15.487129694734005,739.8591260590852,73.90766020277103
6.86,15.460519920724055,740.330059951028,73.88204398255156
6.87,15.433958213357503,740.7998363423644,73.85649956414652
6.88,15.407444487173274,741.2684573853376,73.83102681263915
6.890000000000001,15.380978656845908,741.7359252283468,73.80562559335414
6.9,15.35456063718554,742.2022420159533,73.78029577185708
6.91,15.32819034313787,742.6674098888872,73.75503721395422
6.92,15.301867689784146,743.1314309840527,73.72984978569195
6.93,15.275592592341143,743.5943074345356,73.70473335335645
6.94,15.249364966161135,744.0560413696088,73.67968778347328
6.95,15.223184726731883,744.5166349147389,73.654712942807
6.96,15.197051789676596,744.9760901915924,73.62980869836076
6.97,15.170966070753922,745.4344093180418,73.60497491737591
6.98,15.144927485857917,745.8915944081726,73.58021146733158
6.99,15.118935951018031,746.3476475722887,73.55551821594429
7.0,15.092991382399077,746.8025709169192,73.53089503116757
7.01,15.067093696301212,747.2563665448246,73.50634178119155
7.0200000000000005,15.041242809159916,747.7090365550032,73.48185833444255
7.03,15.015438637545968,748.160583042697,73.45744455958271
7.04,14.98968109816542,748.6110080993988,73.43310032550956
7.05,14.963970107859579,749.0603138128573,73.40882550135562
7.0600000000000005,14.938305583604981,749.5085022670846,73.38461995648805
7.07,14.912687442513377,749.9555755423619,73.3604835605082
7.08,14.887115601831697,750.4015357152455,73.33641618325123
7.09,14.861589978942034,750.8463848585737,73.31241769478574
7.1000000000000005,14.836110491361623,751.2901250414732,73.2884879654133
7.11,14.810677056742819,751.7327583293643,73.2646268656681
7.12,14.785289592873069,752.1742867839683,73.24083426631661
7.13,14.759948017674894,752.6147124633138,73.21711003835703
7.140000000000001,14.734652249205864,753.0540374217421,73.19345405301905
7.15,14.70940220535604,753.4922637092744,73.16986618180825
7.16,14.684197804106372,753.9293933721651,73.14634629646739
7.17,14.659038963854048,754.3654284535946,73.12289426892768
7.18,14.633925603128281,754.800370993076,73.09950997135067
7.19,14.608857640590214,755.2342230264602,73.07619327612773
7.2,14.583834995032861,755.6669865859433,73.0529440558797
7.21,14.558857585381016,756.0986637000716,73.02976218345657
7.22,14.533925330691183,756.5292563937486,73.00664753193696
7.23,14.509038150151497,756.9587666882406,72.9835999746279
7.24,14.484195963081655,757.3871966011836,72.96061938506423
7.25,14.459398688932827,757.8145481465887,72.9377056370084
7.26,14.434646247287596,758.2408233348485,72.91485860445002
7.2700000000000005,14.409938557859858,758.6660241727441,72.89207816160535
7.28,14.38527554049478,759.0901526634495,72.86936418291711
7.29,14.360657115168689,759.5132108065401,72.84671654305394
7.3,14.336083201989013,759.9352005979965,72.8241351169101
7.3100000000000005,14.311553721194205,760.3561240302129,72.80161977960499
7.32,14.287068593153665,760.7759830920012,72.77917040648285
7.33,14.26262773836766,761.1947797685989,72.7567868731123
7.34,14.238231077467251,761.6125160416743,72.73446905528603
7.3500000000000005,14.213878531214215,762.0291938893332,72.71221682902028
7.36,14.189570020500973,762.4448152861245,72.69003007055458
7.37,14.165305466350508,762.8593822030467,72.66790865635134
7.38,14.14108478991629,763.2728966075546,72.64585246309535
7.390000000000001,14.116907912482198,763.6853604635645,72.62386136769352
7.4,14.092774755462456,764.0967757314609,72.60193524727443
7.41,14.068685240401539,764.5071443681029,72.58007397918793
7.42,14.044639288974105,764.9164683268299,72.55827744100478
7.43,14.020636822984923,765.3247495574681,72.53654551051625
7.44,13.996677764368785,765.7319900063366,72.5148780657337
7.45,13.972762035190446,766.1381916162535,72.49327498488826
7.46,13.948889557644529,766.5433563265423,72.47173614643036
7.47,13.925060254055467,766.9474860730376,72.45026142902938
7.48,13.901274046877404,767.350582788092,72.42885071157328
7.49,13.877530858694152,767.7526484005817,72.40750387316814
7.5,13.853830612110512,768.1536848353005,72.3862207931782
7.51,13.830173229711267,768.5536940127354,72.36500135124062
7.5200000000000005,13.806558634422304,768.9526778511092,72.34384542713092
7.53,13.782986749305323,769.3506382652299,72.32275290083878
7.54,13.759457497549526,769.7475771664505,72.30172365257079
7.55,13.73597080247151,770.1434964626741,72.28075756274997
7.5600000000000005,13.71252658751516,770.5383980583613,72.25985451201551
7.57,13.68912477625155,770.932283854535,72.23901438122232
7.58,13.665765292378815,771.3251557487869,72.21823705144061
7.59,13.642448059722062,771.7170156352836,72.19752240395565
7.6000000000000005,13.61917300223325,772.1078654047725,72.17687032026723
7.61,13.59594004399109,772.4977069445877,72.15628068208942
7.62,13.572749109200933,772.8865421386561,72.13575337135006
7.63,13.54960012219466,773.2743728675033,72.11528827019052
7.640000000000001,13.526493007430576,773.6612010082599,72.0948852609652
7.65,13.503427689493309,774.0470284346669,72.07454422624124
7.66,13.480404093093686,774.4318570170825,72.05426504879809
7.67,13.457422143068642,774.8156886224874,72.03404761162713
7.68,13.4344817643811,775.1985251144914,72.01389179793134
7.69,13.411582882119866,775.5803683533386,71.99379749112487
7.7,13.38872542149953,775.9612201959144,71.97376457483267
7.71,13.365909307860342,776.3410824957507,71.95379293289014
7.72,13.343134466668117,776.7199571030324,71.93388244934273
7.73,13.320400823514115,777.097845864603,71.91403300844557
7.74,13.297708304114956,777.4747506239707,71.89424449466308
7.75,13.275056834312478,777.8506732213151,71.87451679266859
7.76,13.25244634007366,778.2256154934919,71.85484978734397
7.7700000000000005,13.229876747490493,778.5995792740401,71.83524336377927
7.78,13.207347982779886,778.9725663931873,71.81569740727231
7.79,13.184859972283551,779.3445786778559,71.7962118033283
7.8,13.162412642467894,779.7156179516692,71.77678643765951
7.8100000000000005,13.140005919923906,780.0856860349573,71.75742119618482
7.82,13.117639731367069,780.4547847447632,71.73811596502938
7.83,13.095314003637228,780.8229158948485,71.71887063052428
7.84,13.073028663698492,781.1900812956998,71.69968507920603
7.8500000000000005,13.050783638599883,781.5562827541628,71.68055919784057
7.86,13.028578855359648,781.9215220723523,71.6614928734938
7.87,13.006414241265128,782.2858010505022,71.6424859933467
7.88,12.984289723748825,782.6491214857967,71.62353844477107
7.890000000000001,12.96220523036573,783.0114851721637,71.60465011534312
7.9,12.940160688793213,783.3728939002798,71.58582089284302
7.91,12.918156026830879,783.7333494575765,71.56705066525461
7.92,12.896191172400442,784.0928536282462,71.54833932076502
7.930000000000001,12.874266053545593,784.4514081932472,71.52968674776425
7.94,12.852380598431882,784.8090149303104,71.51109283484487
7.95,12.830534735346564,785.1656756139445,71.49255747080164
7.96,12.808728392698495,785.5213920154421,71.47408054463115
7.97,12.786961499017979,785.8761659028853,71.4556619455314
7.98,12.765233982956655,786.2299990411516,71.43730156290151
7.99,12.743545773287362,786.5828931919198,71.4189992863413
8.0,12.721896798904003,786.9348501136753,71.40075500565099
8.01,12.700286988821421,787.2858715617166,71.38256861083076
8.02,12.678716272175267,787.6359592881607,71.36443999208039
8.03,12.65718457822187,787.9851150419488,71.34636903979899
8.040000000000001,12.6356918363381,788.3333405688523,71.32835564458452
8.05,12.614237976021261,788.6806376114786,71.31039969723348
8.06,12.592822926888932,789.0270079092766,71.29250108874055
8.07,12.57144661867885,789.3724531985428,71.27465971029821
8.08,12.550108981248783,789.7169752124272,71.25687545329636
8.09,12.528809944576397,790.0605756809387,71.23914820932201
8.1,12.507549438759119,790.4032563309511,71.22147787015885
8.11,12.486327394014019,790.7450188862089,71.20386432778692
8.120000000000001,12.465143740677668,791.0858650673331,71.18630747438223
8.13,12.443998409206024,791.425796591827,71.16880720231642
8.14,12.422891330174282,791.7648151740817,71.15136340415637
8.15,12.40182243427676,792.1029225253826,71.13397597266385
8.16,12.380791652326755,792.4401203539145,71.11664480079511
8.17,12.359798915256425,792.7764103647675,71.09936978170063
8.18,12.338844154116654,793.111794259943,71.08215080872462
8.19,12.317927300076922,793.4462737383598,71.06498777540472
8.2,12.297048284416002,793.7798504957037,71.04788057548161
8.21,12.27620703842522,794.112526222798,71.03082910300387
8.22,12.25540349358175,794.4443026085455,71.01383325213871
8.23,12.234637581511201,794.7751813393038,70.9968929172123
8.24,12.213909233956374,795.1051640983635,70.98000799274321
8.25,12.193218382777111,795.434252565954,70.96317837344206
8.26,12.172564959950165,795.7624484192489,70.94640395421125
8.27,12.151948897569037,796.089753332372,70.9296846301445
8.28,12.131370127843844,796.4161689764019,70.91302029652655
8.290000000000001,12.110828583101174,796.7416970193788,70.89641084883286
8.3,12.090324195783948,797.0663391263089,70.87985618272917
8.31,12.069856898451254,797.390096959171,70.86335619407123
8.32,12.049426623778233,797.7129721769214,70.84691077890436
8.33,12.02903330455591,798.0349664354994,70.8305198334632
8.34,12.008676873691066,798.3560813878333,70.8141832541713
8.35,11.988357264206085,798.6763186838457,70.79790093764075
8.36,11.96807440923882,798.995679970459,70.78167278067193
8.370000000000001,11.947828242042435,799.3141668916015,70.765498680253
8.38,11.927618695985279,799.6317810882118,70.74937853355975
8.39,11.907445704550726,799.9485241982457,70.73331223795505
8.4,11.88730920133704,800.2643978566807,70.71729969098864
8.41,11.867209120057225,800.5794036955225,70.70134079039673
8.42,11.847145394538892,800.8935433438097,70.68543543410162
8.43,11.8271179587241,801.2068184276199,70.66958352021142
8.44,11.807126746669226,801.5192305700748,70.65378494701964
8.45,11.787171692544815,801.8307813913465,70.63803961300489
8.46,11.76725273063543,802.1414725086624,70.62234741683046
8.47,11.74736979533953,802.4513055363109,70.60670825734405
8.48,11.727522821169298,802.760282085647,70.59112203357736
8.49,11.707711742750512,803.0684037650981,70.57558864474576
8.5,11.6879364948224,803.3756721801692,70.56010799024796
8.51,11.668197012237501,803.6820889334487,70.54467996966562
8.52,11.648493229961508,803.9876556246138,70.52930448276307
8.53,11.628825083073135,804.2923738504362,70.51398142948683
8.540000000000001,11.609192506763968,804.5962452047877,70.49871070996542
8.55,11.5895954363376,804.8992712786219,70.48349222451039
8.56,11.57003380715695,805.201453658297,70.46832587372351
8.57,11.55050755471138,805.5027939277369,70.45321155835882
8.58,11.531016614633069,805.8032936689654,70.43814917928833
8.59,11.511560922665923,806.1029544611201,70.42313863756517
8.6,11.492140414665423,806.401777880459,70.40817983442317
8.61,11.47275502659848,806.6997655003638,70.39327267127648
8.620000000000001,11.453404694543275,806.9969188913473,70.37841704971935
8.63,11.434089354689126,807.2932396210568,70.36361287152569
8.64,11.41480894333631,807.5887292542812,70.34886003864884
8.65,11.395563396895925,807.883389352955,70.3341584532211
8.66,11.376352651889746,808.1772214761639,70.31950801755353
8.67,11.357176644950057,808.4702271801509,70.30490863413553
8.68,11.338035312819512,808.7624080183205,70.29036020563457
8.69,11.318928592350979,809.0537655412445,70.27586263489576
8.700000000000001,11.299856420507384,809.3443012966676,70.26141582494164
8.71,11.280818734361574,809.6340168295121,70.24701967897172
8.72,11.261815471096147,809.9229136818839,70.23267410036229
8.73,11.242846568003314,810.2109933930773,70.2183789926659
8.74,11.223911962484735,810.4982574995803,70.20413425961122
8.75,11.205011592051383,810.7847075350803,70.18993980510257
8.76,11.186145394323379,811.0703450304693,70.17579553321961
8.77,11.167313307029847,811.3551715138487,70.16170134821711
8.78,11.148515268008763,811.6391885105355,70.14765715452442
8.790000000000001,11.129751215206797,811.9223975430668,70.13366285674535
8.8,11.111021086679173,812.2048001312055,70.11971835965765
8.81,11.092324820589507,812.4863977919457,70.10582356821286
8.82,11.073662355209654,812.7671920395178,70.09197838753575
8.83,11.055033628919567,813.0471843853937,70.07818272292421
8.84,11.03643858020714,813.3263763382928,70.0644364798488
8.85,11.01787714766805,813.6047694041862,70.05073956395238
8.86,10.99934927000562,813.8823650863029,70.03709188104989
8.870000000000001,10.98085488603065,814.1591648851352,70.02349333712793
8.88,10.962393934661286,814.4351702984429,70.00994383834447
8.89,10.943966354922845,814.7103828212599,69.99644329102844
8.9,10.925572085947682,814.984803945899,69.98299160167952
8.91,10.907211066949657,815.2584351600179,69.96958867709098
8.92,10.888883237236898,815.5312779476125,69.95623442428665
8.93,10.87058853625715,815.8033337924973,69.94292875029952
8.94,10.852326903564656,816.0746041757931,69.92967156233155
8.950000000000001,10.834098278819773,816.3450905759141,69.91646276775448
8.96,10.81590260178885,816.6147944685741,69.90330227410944
8.97,10.797739812344028,816.8837173267912,69.89018998910664
8.98,10.77960985046313,817.1518606208928,69.87712582062505
8.99,10.761512656229481,817.4192258185213,69.86410967671212
9.0,10.743448169831767,817.685814384639,69.85114146558332
9.01,10.725416331563872,817.9516277815329,69.83822109562202
9.02,10.707417081824735,818.2166674688206,69.82534847537897
9.03,10.68945036111819,818.4809349034546,69.81252351357209
9.040000000000001,10.67151611005281,818.7444315397283,69.7997461190861
9.05,10.653614269341766,819.0071588292809,69.78701620097222
9.06,10.635744779802659,819.2691182211021,69.77433366844782
9.07,10.61790758235737,819.5303111615377,69.76169843089613
9.08,10.600102618031915,819.7907390942951,69.74911039786586
9.09,10.582329827956283,820.0504034604476,69.73656947907095
9.1,10.564589153364283,820.3093056984401,69.72407558439015
9.11,10.546880535593393,820.5674472440944,69.7116286238668
9.120000000000001,10.529203916084608,820.8248295306141,69.69922850770843
9.13,10.511559236382286,821.0814539885897,69.68687514628645
9.14,10.493946438133992,821.3373220460041,69.67456845013587
9.15,10.47636546309034,821.5924351282373,69.66230832995488
9.16,10.458816253104851,821.846794658072,69.65009469660464
9.17,10.441298750133793,822.1004020556986,69.63792746110889
9.18,10.423812896236026,822.3532587387203,69.62580653465359
9.19,10.40635863357285,822.6053661221583,69.6137318285867
9.200000000000001,10.388935904407854,822.8567256184572,69.60170325441774
9.21,10.371544651106763,823.1073386374894,69.58972072381758
9.22,10.35418481613728,823.3572065865616,69.57778414861801
9.23,10.33685634206893,823.6063308704186,69.56589344081148
9.24,10.31955917157292,823.8547128912493,69.55404851255072
9.25,10.302293247421968,824.1023540486915,69.54224927614852
9.26,10.285058512490162,824.3492557398374,69.53049564407728
9.27,10.267854909752806,824.5954193592382,69.51878752896874
9.28,10.250682382286257,824.84084629891,69.5071248436137
9.290000000000001,10.23354087326778,825.0855379483384,69.49550750096161
9.3,10.216430325975399,825.3294956944837,69.4839354141203
9.31,10.199350683787724,825.5727209217864,69.47240849635564
9.32,10.18230189018382,825.8152150121723,69.46092666109124
9.33,10.165283888743042,826.0569793450574,69.44948982190805
9.34,10.14829662314488,826.2980152973529,69.43809789254414
9.35,10.13134003716881,826.5383242434713,69.42675078689429
9.36,10.114414074694142,826.7779075553304,69.41544841900972
9.370000000000001,10.09751867969986,827.0167666023597,69.40419070309773
9.38,10.080653796264476,827.2549027515039,69.39297755352136
9.39,10.063819368565872,827.4923173672297,69.38180888479917
9.4,10.047015340880797,827.7290118114613,69.37068461160912
9.41,10.030241657550766,827.964987436835,69.35960464921698
9.42,10.013498263024855,828.2002455952453,69.34856891293366
9.43,9.99678510187253,828.4347876404277,69.33757731795129
9.44,9.980102118761721,828.6686149236372,69.3266297796176
9.450000000000001,9.963449258458654,828.9017287936529,69.3157262134356
9.46,9.946826465827726,829.1341305967828,69.30486653506327
9.47,9.930233685831318,829.3658216768689,69.2940506603133
9.48,9.913670863529658,829.5968033752913,69.28327850515271
9.49,9.89713794408066,829.8270770309738,69.27254998570264
9.5,9.88063487273977,830.0566439803882,69.261865018238
9.51,9.864161594859812,830.2855055575595,69.25122351918714
9.52,9.847718055890825,830.5136630940701,69.2406254051316
9.53,9.831304201379918,830.7411179190653,69.2300705928058
9.540000000000001,9.814919976971112,830.9678713592577,69.21955899909672
9.55,9.798565328405179,831.1939247389319,69.2090905410436
9.56,9.782240201519496,831.4192793799496,69.19866513583766
9.57,9.765944542247876,831.6439366017543,69.18828270082174
9.58,9.74967829662043,831.867897721376,69.1779431534901
9.59,9.733441410763398,832.0911640534364,69.16764641148801
9.6,9.717233830898994,832.313736910153,69.15739239261153
9.61,9.701055503345268,832.5356176013445,69.14718101480712
9.620000000000001,9.684906374515922,832.7568074344355,69.13701219617147
9.63,9.668786390920184,832.9773077144608,69.12688585495106
9.64,9.652695499162634,833.1971197440711,69.11680190954193
9.65,9.636633645943052,833.416244823537,69.1067602784894
9.66,9.620600778056266,833.6346842507543,69.09676088048771
9.67,9.604596842391997,833.8524393212485,69.08680363437972
9.68,9.588621785934697,834.0695113281798,69.07688845915668
9.69,9.572675555763405,834.2859015623478,69.06701527395784
9.700000000000001,9.55675809905158,834.5016113121964,69.0571839980702
9.71,9.540869363066957,834.7166418638183,69.04739455092822
9.72,9.525009295171381,834.9309945009602,69.03764685211345
9.73,9.509177842820657,835.1446705050276,69.0279408213543
9.74,9.493374953564393,835.3576711550892,69.01827637852573
9.75,9.47760057504585,835.5699977278822,69.00865344364888
9.76,9.46185465500178,835.7816514978165,68.99907193689084
9.77,9.44613714126227,835.9926337369801,68.98953177856433
9.78,9.430447981750596,836.2029457151436,68.98003288912739
9.790000000000001,9.414787124483055,836.4125886997654,68.97057518918308
9.8,9.399154517568824,836.6215639559954,68.96115859947916
9.81,9.383550109209793,836.8298727466812,68.95178304090787
9.82,9.367973847700409,837.0375163323722,68.94244843450548
9.83,9.352425681427532,837.2444959713242,68.93315470145212
9.84,9.33690555887027,837.450812919505,68.92390176307146
9.85,9.32141342859983,837.6564684305979,68.91468954083031
9.86,9.305949239279352,837.8614637560081,68.90551795633844
9.870000000000001,9.290512939663767,838.0658001448661,68.89638693134822
9.88,9.275104478599637,838.2694788440335,68.8872963877543
9.89,9.259723805024995,838.4725010981072,68.87824624759337
9.9,9.244370867973466,838.6748681489097,68.86923643307631
9.91,9.229045616631891,838.8765812285352,68.86026686702812
9.92,9.213748000239713,839.0776415714536,68.85133747212225
9.93,9.19847796810631,839.2780504124087,68.84244817101371
9.94,9.183235469631983,839.4778089838773,68.83359888649967
9.950000000000001,9.168020454307795,839.6769185160728,68.8247895415192
9.96,9.152832871715438,839.8753802369503,68.81602005915303
9.97,9.13767267152706,840.0731953722108,68.80729036262326
9.98,9.12253980350512,840.2703651453057,68.79860037529303
9.99,9.107434217502243,840.4668907774413,68.78995002066632
