t,R,B,C
0.0,0.00077,0.00073,0.00091
0.01,0.0007700008992579379,0.0007299933563060839,0.0009100143237357254
0.02,0.0007700018241111858,0.0007299867131878164,0.0009100286025087418
0.03,0.0007700027744332605,0.0007299800707293389,0.0009100428363785437
0.04,0.0007700037500789194,0.0007299734290268163,0.000910057025414236
0.05,0.0007700047509748887,0.0007299667881260998,0.0009100711696552865
0.06,0.000770005776977232,0.0007299601481213645,0.0009100852691721239
0.07,0.0007700068279492652,0.000729953509102718,0.0009100993240304582
0.08,0.0007700079037543036,0.0007299468711602671,0.0009101133342959997
0.09,0.0007700090042556627,0.0007299402343841194,0.0009101273000344586
0.1,0.0007700101293166581,0.0007299335988643821,0.0009101412213115451
0.11,0.0007700112788006053,0.0007299269646911626,0.0009101550981929694
0.12,0.0007700124525708202,0.0007299203319545679,0.0009101689307444418
0.13,0.0007700136504906178,0.0007299137007447055,0.0009101827190316725
0.14,0.0007700148724233141,0.0007299070711516828,0.0009101964631203715
0.15,0.0007700161182322245,0.0007299004432656067,0.0009102101630762493
0.16,0.0007700173877812096,0.000729893817176101,0.0009102238189649688
0.17,0.0007700186809750212,0.0007298871929364967,0.0009102374308486705
0.18,0.0007700199977102234,0.0007298805706073917,0.0009102509987901998
0.19,0.0007700213378605311,0.0007298739502696632,0.0009102645228543708
0.2,0.0007700227012996592,0.000729867332004189,0.0009102780031059979
0.21,0.0007700240879013225,0.0007298607158918465,0.0009102914396098952
0.22,0.0007700254975392361,0.000729854102013513,0.000910304832430877
0.23,0.0007700269300871147,0.0007298474904500662,0.0009103181816337574
0.24,0.0007700283854186731,0.0007298408812823835,0.0009103314872833507
0.25,0.0007700298634076263,0.0007298342745913425,0.0009103447494444712
0.26,0.0007700313639276891,0.0007298276704578204,0.000910357968181933
0.27,0.0007700328868525764,0.0007298210689626949,0.0009103711435605504
0.28,0.0007700344320560031,0.0007298144701868434,0.0009103842756451374
0.29,0.000770035999423359,0.0007298078741966331,0.0009103973645066816
0.3,0.0007700375888466133,0.0007298012810502542,0.0009104104102196489
0.31,0.0007700392002038263,0.0007297946908231831,0.0009104234128511512
0.32,0.0007700408333729831,0.0007297881035909905,0.0009104363724682605
0.33,0.0007700424882320682,0.0007297815194292468,0.0009104492891380486
0.34,0.0007700441646590667,0.0007297749384135228,0.0009104621629275874
0.35000000000000003,0.0007700458625319631,0.0007297683606193888,0.000910474993903949
0.36,0.0007700475817287423,0.0007297617861224157,0.0009104877821342052
0.37,0.0007700493221273891,0.0007297552149981741,0.0009105005276854279
0.38,0.0007700510836058883,0.0007297486473222346,0.000910513230624689
0.39,0.0007700528660422245,0.0007297420831701675,0.0009105258910190604
0.4,0.0007700546693143827,0.0007297355226175438,0.0009105385089356139
0.41000000000000003,0.0007700564933072477,0.0007297289657316007,0.0009105510844446567
0.42,0.0007700583379197863,0.0007297224125625691,0.0009105636176230974
0.43,0.0007700602030352453,0.0007297158631796649,0.0009105761085404751
0.44,0.0007700620885358478,0.0007297093176533401,0.0009105885572658486
0.45,0.0007700639943038169,0.0007297027760540467,0.0009106009638682771
0.46,0.0007700659202213758,0.0007296962384522367,0.0009106133284168194
0.47000000000000003,0.0007700678661707475,0.0007296897049183621,0.0009106256509805344
0.48,0.0007700698320341552,0.0007296831755228748,0.0009106379316284813
0.49,0.0007700718176938222,0.000729676650336227,0.0009106501704297191
0.5,0.0007700738230319715,0.0007296701294288705,0.0009106623674533066
0.51,0.0007700758479308262,0.0007296636128712574,0.0009106745227683028
0.52,0.0007700778922726095,0.0007296571007338397,0.0009106866364437668
0.53,0.000770079956009448,0.0007296505930129211,0.0009106987085640854
0.54,0.00077008203943086,0.0007296440893469282,0.0009107107392876272
0.55,0.0007700841424923278,0.0007296375897286049,0.000910722728699515
0.56,0.0007700862650848758,0.0007296310942190679,0.0009107346768707376
0.5700000000000001,0.0007700884070995281,0.0007296246028794337,0.0009107465838722838
0.58,0.0007700905684273089,0.000729618115770819,0.0009107584497751424
0.59,0.0007700927489592423,0.0007296116329543401,0.0009107702746503023
0.6,0.0007700949485863525,0.0007296051544911137,0.0009107820585687522
0.61,0.0007700971671996637,0.0007295986804422565,0.0009107938016014811
0.62,0.0007700994046902001,0.0007295922108688849,0.0009108055038194777
0.63,0.0007701016609489858,0.0007295857458321155,0.0009108171652937308
0.64,0.0007701039358670451,0.0007295792853930649,0.0009108287860952294
0.65,0.000770106229335402,0.0007295728296128496,0.0009108403662949621
0.66,0.0007701085412450808,0.0007295663785525863,0.0009108519059639178
0.67,0.0007701108714871057,0.0007295599322733914,0.0009108634051730854
0.68,0.0007701132199525008,0.0007295534908363815,0.0009108748639934536
0.6900000000000001,0.0007701155865322902,0.0007295470543026732,0.0009108862824960114
0.7000000000000001,0.0007701179711174983,0.0007295406227333831,0.0009108976607517473
0.71,0.0007701203735991491,0.0007295341961896277,0.0009109089988316505
0.72,0.0007701227938682668,0.0007295277747325236,0.0009109202968067096
0.73,0.0007701252318158756,0.0007295213584231874,0.0009109315547479134
0.74,0.0007701276873329998,0.0007295149473227356,0.0009109427727262508
0.75,0.0007701301603106632,0.0007295085414922847,0.0009109539508127106
0.76,0.0007701326506398904,0.0007295021409929514,0.0009109650890782818
0.77,0.0007701351582117053,0.0007294957458858522,0.0009109761875939529
0.78,0.0007701376829171322,0.0007294893562321038,0.0009109872464307129
0.79,0.0007701402246471953,0.0007294829720928225,0.0009109982656595507
0.8,0.0007701427832929186,0.0007294765935291251,0.0009110092453514548
0.81,0.0007701453587453265,0.000729470220602128,0.0009110201855774145
0.8200000000000001,0.000770147950895443,0.0007294638533729479,0.0009110310864084182
0.8300000000000001,0.0007701505596342923,0.0007294574919027013,0.0009110419479154549
0.84,0.0007701531848528987,0.0007294511362525047,0.0009110527701695134
0.85,0.0007701558264422863,0.0007294447864834747,0.0009110635532415826
0.86,0.0007701584842934792,0.000729438442656728,0.0009110742972026513
0.87,0.0007701611582975017,0.000729432104833381,0.0009110850021237082
0.88,0.0007701638483453779,0.0007294257730745504,0.0009110956680757421
0.89,0.000770166554328132,0.0007294194474413526,0.000911106295129742
0.9,0.0007701692761367882,0.0007294131279949042,0.0009111168833566967
0.91,0.0007701720136623706,0.0007294068147963219,0.0009111274328275949
0.92,0.0007701747667959033,0.0007294005079067222,0.0009111379436134255
0.93,0.0007701775354284107,0.0007293942073872216,0.0009111484157851773
0.9400000000000001,0.0007701803194509169,0.0007293879132989367,0.0009111588494138391
0.9500000000000001,0.000770183118754446,0.0007293816257029841,0.0009111692445703997
0.96,0.0007701859332300222,0.0007293753446604803,0.0009111796013258481
0.97,0.0007701887627686696,0.0007293690702325419,0.000911189919751173
0.98,0.0007701916072614126,0.0007293628024802856,0.0009112001999173631
0.99,0.0007701944665992753,0.0007293565414648276,0.0009112104418954074
1.0,0.0007701973406732816,0.0007293502872472849,0.0009112206457562946
1.01,0.000770200229374456,0.0007293440398887738,0.0009112308115710137
1.02,0.0007702031325938225,0.000729337799450411,0.0009112409394105533
1.03,0.0007702060502224055,0.0007293315659933128,0.0009112510293459024
1.04,0.0007702089821512289,0.0007293253395785961,0.0009112610814480497
1.05,0.000770211928271317,0.0007293191202673773,0.0009112710957879841
1.06,0.000770214888473694,0.0007293129081207729,0.0009112810724366942
1.07,0.0007702178626493839,0.0007293067031998997,0.0009112910114651693
1.08,0.0007702208506894111,0.000729300505565874,0.0009113009129443978
1.09,0.0007702238524847998,0.0007292943152798125,0.0009113107769453686
1.1,0.0007702268679265739,0.0007292881324028317,0.0009113206035390707
1.11,0.0007702298969057578,0.0007292819569960482,0.0009113303927964927
1.12,0.0007702329393133756,0.0007292757891205786,0.0009113401447886235
1.1300000000000001,0.0007702359950404515,0.0007292696288375395,0.000911349859586452
1.1400000000000001,0.0007702390639780096,0.0007292634762080473,0.000911359537260967
1.1500000000000001,0.0007702421460170742,0.0007292573312932187,0.0009113691778831573
1.16,0.0007702452410486693,0.0007292511941541703,0.0009113787815240116
1.17,0.0007702483489638194,0.0007292450648520185,0.0009113883482545189
1.18,0.0007702514696535483,0.00072923894344788,0.0009113978781456679
1.19,0.0007702546030088803,0.0007292328300028714,0.0009114073712684476
1.2,0.0007702577489208397,0.000729226724578109,0.0009114168276938466
1.21,0.0007702609072804506,0.0007292206272347096,0.0009114262474928538
1.22,0.0007702640779787371,0.0007292145380337898,0.0009114356307364581
1.23,0.0007702672609067235,0.000729208457036466,0.0009114449774956482
1.24,0.0007702704559554338,0.0007292023843038549,0.000911454287841413
1.25,0.0007702736630158923,0.000729196319897073,0.0009114635618447414
1.26,0.0007702768819791232,0.0007291902638772369,0.000911472799576622
1.27,0.0007702801127361506,0.000729184216305463,0.0009114820011080438
1.28,0.0007702833551779987,0.0007291781772428682,0.0009114911665099955
1.29,0.0007702866091956917,0.0007291721467505688,0.0009115002958534662
1.3,0.0007702898746802539,0.0007291661248896813,0.0009115093892094443
1.31,0.0007702931515227091,0.0007291601117213225,0.000911518446648919
1.32,0.0007702964396140819,0.0007291541073066089,0.0009115274682428788
1.33,0.0007702997388453961,0.0007291481117066569,0.0009115364540623127
1.34,0.0007703030491076761,0.0007291421249825833,0.0009115454041782096
1.35,0.0007703063702919461,0.0007291361471955045,0.0009115543186615582
1.36,0.0007703097022892302,0.0007291301784065371,0.0009115631975833473
1.37,0.0007703130449905525,0.0007291242186767977,0.0009115720410145658
1.3800000000000001,0.0007703163982869373,0.0007291182680674029,0.0009115808490262025
1.3900000000000001,0.0007703197620694088,0.0007291123266394691,0.0009115896216892462
1.4000000000000001,0.000770323136228991,0.0007291063944541131,0.0009115983590746857
1.41,0.0007703265206567083,0.0007291004715724513,0.0009116070612535099
1.42,0.0007703299152435846,0.0007290945580556003,0.0009116157282967075
1.43,0.0007703333198806443,0.0007290886539646767,0.0009116243602752675
1.44,0.0007703367344589115,0.0007290827593607969,0.0009116329572601786
1.45,0.0007703401588694105,0.0007290768743050777,0.0009116415193224296
1.46,0.0007703435930031652,0.0007290709988586356,0.0009116500465330094
1.47,0.0007703470367512,0.000729065133082587,0.0009116585389629067
1.48,0.0007703504900045388,0.0007290592770380488,0.0009116669966831105
1.49,0.0007703539526542063,0.0007290534307861371,0.0009116754197646095
1.5,0.0007703574245912262,0.0007290475943879689,0.0009116838082783926
1.51,0.0007703609057066228,0.0007290417679046605,0.0009116921622954485
1.52,0.0007703643958914203,0.0007290359513973286,0.0009117004818867662
1.53,0.0007703678950366429,0.0007290301449270896,0.0009117087671233344
1.54,0.0007703714030333147,0.0007290243485550603,0.0009117170180761419
1.55,0.0007703749197724599,0.0007290185623423571,0.0009117252348161775
1.56,0.0007703784451451028,0.0007290127863500967,0.0009117334174144301
1.57,0.0007703819790422675,0.0007290070206393954,0.0009117415659418886
1.58,0.000770385521354978,0.00072900126527137,0.0009117496804695416
1.59,0.0007703890719742588,0.0007289955203071371,0.0009117577610683782
1.6,0.0007703926307911338,0.0007289897858078131,0.0009117658078093869
1.61,0.0007703961976966273,0.0007289840618345146,0.0009117738207635568
1.62,0.0007703997725817635,0.0007289783484483582,0.0009117818000018767
1.6300000000000001,0.0007704033553375665,0.0007289726457104605,0.0009117897455953351
1.6400000000000001,0.0007704069458550604,0.0007289669536819379,0.0009117976576149213
1.6500000000000001,0.0007704105440252695,0.0007289612724239072,0.0009118055361316237
1.6600000000000001,0.000770414149739218,0.0007289556019974848,0.0009118133812164314
1.67,0.00077041776288793,0.0007289499424637874,0.0009118211929403331
1.68,0.0007704213833624297,0.0007289442938839314,0.0009118289713743176
1.69,0.0007704250110537413,0.0007289386563190335,0.0009118367165893738
1.7,0.0007704286458528889,0.0007289330298302102,0.0009118444286564906
1.71,0.0007704322876508967,0.0007289274144785781,0.0009118521076466566
1.72,0.000770435936338789,0.0007289218103252536,0.0009118597536308607
1.73,0.0007704395918075898,0.0007289162174313535,0.0009118673666800918
1.74,0.0007704432539483234,0.0007289106358579942,0.0009118749468653386
1.75,0.0007704469228458186,0.0007289050654669626,0.0009118824942889307
1.76,0.000770450599903517,0.000728899504763841,0.0009118900092664319
1.77,0.0007704542853601325,0.0007288939534521444,0.0009118974919250564
1.78,0.000770457979139565,0.0007288884115591759,0.0009119049423411096
1.79,0.0007704616811657151,0.0007288828791122388,0.0009119123605908968
1.8,0.000770465391362483,0.0007288773561386361,0.0009119197467507233
1.81,0.0007704691096537691,0.0007288718426656711,0.0009119271008968942
1.82,0.0007704728359634736,0.000728866338720647,0.000911934423105715
1.83,0.000770476570215497,0.000728860844330867,0.0009119417134534907
1.84,0.0007704803123337394,0.000728855359523634,0.0009119489720165268
1.85,0.0007704840622421013,0.0007288498843262514,0.0009119561988711286
1.86,0.0007704878198644831,0.0007288444187660224,0.0009119633940936012
1.87,0.0007704915851247849,0.00072883896287025,0.0009119705577602499
1.8800000000000001,0.0007704953579469071,0.0007288335166662374,0.0009119776899473801
1.8900000000000001,0.00077049913825475,0.0007288280801812879,0.0009119847907312969
1.9000000000000001,0.000770502925972214,0.0007288226534427045,0.0009119918601883057
1.9100000000000001,0.0007705067210231993,0.0007288172364777906,0.0009119988983947118
1.92,0.0007705105233316064,0.000728811829313849,0.0009120059054268203
1.93,0.0007705143328213355,0.0007288064319781832,0.0009120128813609367
1.94,0.0007705181494162869,0.0007288010444980962,0.0009120198262733662
1.95,0.0007705219730403611,0.0007287956669008914,0.000912026740240414
1.96,0.0007705258036174582,0.0007287902992138716,0.0009120336233383854
1.97,0.0007705296410714786,0.0007287849414643401,0.0009120404756435856
1.98,0.0007705334853263226,0.0007287795936796002,0.0009120472972323202
1.99,0.0007705373363058906,0.000728774255886955,0.000912054088180894
2.0,0.000770541193934083,0.0007287689281137076,0.0009120608485656127
2.0100000000000002,0.0007705450581347999,0.0007287636103871613,0.0009120675784627812
2.02,0.0007705489288319417,0.0007287583027346191,0.000912074277948705
2.0300000000000002,0.0007705528059494089,0.0007287530051833843,0.0009120809470996894
2.04,0.0007705566894111015,0.00072874771776076,0.0009120875859920395
2.05,0.00077056057914092,0.0007287424404940493,0.0009120941947020608
2.06,0.0007705644750627648,0.0007287371734105556,0.0009121007733060583
2.07,0.0007705683771005361,0.0007287319165375818,0.0009121073218803376
2.08,0.0007705722851781343,0.0007287266699024312,0.0009121138405012037
2.09,0.0007705761992194596,0.000728721433532407,0.0009121203292449619
2.1,0.0007705801191484125,0.0007287162074548124,0.0009121267881879177
2.11,0.0007705840448888932,0.0007287109916969503,0.0009121332174063761
2.12,0.000770587976364802,0.0007287057862861242,0.0009121396169766426
2.13,0.0007705919135000393,0.000728700591249637,0.0009121459869750223
2.14,0.0007705958562185055,0.000728695406614792,0.0009121523274778205
2.15,0.0007705998044441007,0.0007286902324088924,0.0009121586385613425
2.16,0.0007706037581007254,0.0007286850686592413,0.0009121649203018938
2.17,0.0007706077171122798,0.0007286799153931419,0.0009121711727757792
2.18,0.0007706116814026644,0.0007286747726378974,0.0009121773960593044
2.19,0.0007706156508957793,0.0007286696404208108,0.0009121835902287744
2.2,0.000770619625515525,0.0007286645187691854,0.0009121897553604946
2.21,0.0007706236051858017,0.0007286594077103245,0.0009121958915307703
2.22,0.0007706275898305098,0.000728654307271531,0.0009122019988159068
2.23,0.0007706315793735496,0.0007286492174801082,0.0009122080772922092
2.24,0.0007706355737388214,0.0007286441383633593,0.0009122141270359829
2.25,0.0007706395728502256,0.0007286390699485874,0.0009122201481235331
2.2600000000000002,0.0007706435766316625,0.0007286340122630957,0.0009122261406311653
2.27,0.0007706475850070322,0.0007286289653341873,0.0009122321046351844
2.2800000000000002,0.0007706515979002354,0.0007286239291891655,0.000912238040211896
2.29,0.0007706556152351721,0.0007286189038553333,0.0009122439474376051
2.3000000000000003,0.0007706596369357428,0.0007286138893599941,0.0009122498263886173
2.31,0.0007706636629258479,0.0007286088857304507,0.0009122556771412376
2.32,0.0007706676931293874,0.0007286038929940067,0.0009122614997717713
2.33,0.000770671727470262,0.000728598911177965,0.0009122672943565239
2.34,0.0007706757658723717,0.0007285939403096288,0.0009122730609718004
2.35,0.000770679808259617,0.0007285889804163013,0.0009122787996939062
2.36,0.0007706838545558982,0.0007285840315252856,0.0009122845105991466
2.37,0.0007706879046851157,0.000728579093663885,0.0009122901937638269
2.38,0.0007706919585711697,0.0007285741668594026,0.0009122958492642522
2.39,0.0007706960161379605,0.0007285692511391415,0.000912301477176728
2.4,0.0007707000773093885,0.000728564346530405,0.0009123070775775593
2.41,0.000770704142009354,0.0007285594530604961,0.0009123126505430516
2.42,0.0007707082101617574,0.0007285545707567181,0.0009123181961495101
2.43,0.0007707122816904988,0.0007285496996463741,0.00091232371447324
2.44,0.0007707163565194788,0.0007285448397567673,0.0009123292055905468
2.45,0.0007707204345725975,0.0007285399911152009,0.0009123346695777356
2.46,0.0007707245157737554,0.000728535153748978,0.0009123401065111117
2.47,0.0007707286000468526,0.0007285303276854018,0.0009123455164669804
2.48,0.0007707326873157898,0.0007285255129517754,0.0009123508995216468
2.49,0.0007707367775044669,0.0007285207095754021,0.0009123562557514164
2.5,0.0007707408705367844,0.0007285159175835851,0.0009123615852325944
2.5100000000000002,0.0007707449663366427,0.0007285111370036272,0.0009123668880414861
2.52,0.000770749064827942,0.0007285063678628321,0.0009123721642543967
2.5300000000000002,0.0007707531659345827,0.0007285016101885025,0.0009123774139476315
2.54,0.0007707572695804651,0.0007284968640079418,0.0009123826371974958
2.5500000000000003,0.0007707613756894895,0.0007284921293484531,0.0009123878340802949
2.56,0.0007707654841855562,0.0007284874062373398,0.0009123930046723341
2.57,0.0007707695949925656,0.0007284826947019046,0.0009123981490499185
2.58,0.000770773708034418,0.0007284779947694511,0.0009124032672893535
2.59,0.0007707778232350136,0.0007284733064672822,0.0009124083594669444
2.6,0.000770781940518253,0.0007284686298227013,0.0009124134256589964
2.61,0.0007707860598080362,0.0007284639648630113,0.0009124184659418148
2.62,0.0007707901810282638,0.0007284593116155155,0.0009124234803917049
2.63,0.0007707943041028359,0.0007284546701075171,0.0009124284690849719
2.64,0.000770798428955653,0.0007284500403663193,0.0009124334320979212
2.65,0.0007708025555106153,0.000728445422419225,0.000912438369506858
2.66,0.0007708066836916231,0.0007284408162935378,0.0009124432813880875
2.67,0.0007708108134225769,0.0007284362220165605,0.0009124481678179151
2.68,0.0007708149446273768,0.0007284316396155964,0.0009124530288726461
2.69,0.0007708190772299234,0.0007284270691179487,0.0009124578646285855
2.7,0.0007708232111541167,0.0007284225105509205,0.000912462675162039
2.71,0.0007708273463238571,0.000728417963941815,0.0009124674605493115
2.72,0.0007708314826630452,0.0007284134293179354,0.0009124722208667084
2.73,0.000770835620095581,0.0007284089067065849,0.000912476956190535
2.74,0.000770839758545365,0.0007284043961350665,0.0009124816665970967
2.75,0.0007708438979362974,0.0007283998976306835,0.0009124863521626984
2.7600000000000002,0.0007708480381922786,0.000728395411220739,0.0009124910129636459
2.77,0.000770852179237209,0.0007283909369325362,0.000912495649076244
2.7800000000000002,0.0007708563209949887,0.0007283864747933783,0.0009125002605767981
2.79,0.0007708604633895182,0.0007283820248305684,0.0009125048475416137
2.8000000000000003,0.0007708646063446979,0.0007283775870714097,0.0009125094100469959
2.81,0.0007708687497844279,0.0007283731615432054,0.0009125139481692498
2.82,0.0007708728936326086,0.0007283687482732586,0.0009125184619846809
2.83,0.0007708770378131403,0.0007283643472888726,0.0009125229515695946
2.84,0.0007708811822499234,0.0007283599586173504,0.0009125274170002958
2.85,0.0007708853268668584,0.0007283555822859952,0.0009125318583530902
2.86,0.0007708894715878451,0.0007283512183221103,0.0009125362757042827
2.87,0.0007708936163367843,0.0007283468667529986,0.0009125406691301788
2.88,0.0007708977610375762,0.0007283425276059637,0.0009125450387070836
2.89,0.000770901905614121,0.0007283382009083083,0.0009125493845113025
2.9,0.0007709060499903191,0.0007283338866873358,0.0009125537066191408
2.91,0.0007709101940900708,0.0007283295849703494,0.0009125580051069036
2.92,0.0007709143378372764,0.0007283252957846521,0.0009125622800508963
2.93,0.0007709184811558364,0.0007283210191575473,0.0009125665315274244
2.94,0.000770922623969651,0.000728316755116338,0.0009125707596127927
2.95,0.0007709267662026204,0.0007283125036883273,0.0009125749643833068
2.96,0.0007709309077786451,0.0007283082649008186,0.0009125791459152718
2.97,0.0007709350487453829,0.0007283040386748985,0.0009125833042687022
2.98,0.0007709391903715095,0.0007282998238837015,0.000912587439342882
2.99,0.0007709433329721638,0.0007282956202187458,0.0009125915511626157
3.0,0.0007709474765010483,0.0007282914276817565,0.0009125956398002852
3.0100000000000002,0.0007709516209118656,0.0007282872462744585,0.0009125997053282729
3.02,0.0007709557661583184,0.0007282830759985769,0.0009126037478189611
3.0300000000000002,0.000770959912194109,0.000728278916855837,0.0009126077673447318
3.04,0.0007709640589729401,0.0007282747688479635,0.0009126117639779673
3.0500000000000003,0.0007709682064485143,0.0007282706319766816,0.0009126157377910499
3.06,0.0007709723545745341,0.0007282665062437164,0.0009126196888563617
3.0700000000000003,0.0007709765033047021,0.000728262391650793,0.0009126236172462851
3.08,0.000770980652592721,0.0007282582881996362,0.0009126275230332021
3.09,0.000770984802392293,0.0007282541958919714,0.0009126314062894951
3.1,0.000770988952657121,0.0007282501147295234,0.0009126352670875463
3.11,0.0007709931033409073,0.0007282460447140172,0.0009126391054997378
3.12,0.0007709972543973547,0.0007282419858471781,0.0009126429215984519
3.13,0.0007710014057801657,0.000728237938130731,0.0009126467154560708
3.14,0.0007710055574430427,0.0007282339015664011,0.0009126504871449769
3.15,0.0007710097093396886,0.0007282298761559133,0.0009126542367375521
3.16,0.0007710138614238056,0.0007282258619009926,0.0009126579643061788
3.17,0.0007710180136490964,0.0007282218588033642,0.0009126616699232393
3.18,0.0007710221659692637,0.0007282178668647531,0.0009126653536611158
3.19,0.0007710263183380099,0.0007282138860868843,0.0009126690155921904
3.2,0.0007710304707090376,0.0007282099164714831,0.0009126726557888453
3.21,0.0007710346230360494,0.0007282059580202741,0.0009126762743234629
3.22,0.0007710387752727478,0.0007282020107349828,0.0009126798712684253
3.23,0.0007710429273728354,0.000728198074617334,0.0009126834466961146
3.24,0.0007710470792900148,0.0007281941496690529,0.0009126870006789134
3.25,0.0007710512309779885,0.0007281902358918644,0.0009126905332892036
3.2600000000000002,0.0007710553823904591,0.0007281863332874937,0.0009126940445993675
3.27,0.0007710595334811292,0.0007281824418576657,0.0009126975346817874
3.2800000000000002,0.0007710636842037013,0.0007281785616041056,0.0009127010036088453
3.29,0.000771067834511878,0.0007281746925285384,0.0009127044514529238
3.3000000000000003,0.0007710719843593618,0.000728170834632689,0.0009127078782864048
3.31,0.0007710761336998553,0.0007281669879182828,0.0009127112841816707
3.3200000000000003,0.0007710802824870611,0.0007281631523870445,0.0009127146692111035
3.33,0.0007710844306746817,0.0007281593280406995,0.0009127180334470857
3.34,0.0007710885782164198,0.0007281555148809725,0.0009127213769619994
3.35,0.0007710927250659778,0.0007281517129095887,0.0009127246998282268
3.36,0.0007710968711770583,0.0007281479221282732,0.0009127280021181501
3.37,0.0007711010165033638,0.000728144142538751,0.0009127312839041516
3.38,0.0007711051609985972,0.0007281403741427472,0.0009127345452586134
3.39,0.0007711093046164606,0.0007281366169419869,0.0009127377862539179
3.4,0.0007711134473106569,0.000728132870938195,0.0009127410069624472
3.41,0.0007711175890348884,0.0007281291361330967,0.0009127442074565837
3.42,0.000771121729742858,0.0007281254125284168,0.0009127473878087093
3.43,0.000771125869388268,0.0007281217001258807,0.0009127505480912064
3.44,0.000771130007924821,0.0007281179989272133,0.0009127536883764573
3.45,0.0007711341453062196,0.0007281143089341396,0.0009127568087368441
3.46,0.0007711382814861664,0.0007281106301483848,0.000912759909244749
3.47,0.0007711424164183638,0.0007281069625716737,0.0009127629899725544
3.48,0.0007711465500565147,0.0007281033062057316,0.0009127660509926424
3.49,0.0007711506823543212,0.0007280996610522835,0.0009127690923773951
3.5,0.0007711548132654863,0.0007280960271130543,0.0009127721141991951
3.5100000000000002,0.0007711589427437124,0.0007280924043897693,0.0009127751165304242
3.52,0.0007711630707427019,0.0007280887928841534,0.0009127780994434648
3.5300000000000002,0.0007711671972161576,0.0007280851925979316,0.0009127810630106992
3.54,0.000771171322117782,0.0007280816035328291,0.0009127840073045095
3.5500000000000003,0.0007711754454012775,0.0007280780256905708,0.0009127869323972779
3.56,0.0007711795670203469,0.0007280744590728819,0.0009127898383613868
3.5700000000000003,0.0007711836869286926,0.0007280709036814874,0.0009127927252692183
3.58,0.0007711878050800172,0.0007280673595181123,0.0009127955931931546
3.59,0.0007711919214280234,0.0007280638265844818,0.000912798442205578
3.6,0.0007711960359264136,0.0007280603048823208,0.0009128012723788706
3.61,0.0007712001485288903,0.0007280567944133544,0.0009128040837854147
3.62,0.0007712042591891563,0.0007280532951793075,0.0009128068764975927
3.63,0.000771208367860914,0.0007280498071819056,0.0009128096505877864
3.64,0.000771212474497866,0.0007280463304228733,0.0009128124061283785
3.65,0.0007712165790537148,0.0007280428649039358,0.0009128151431917509
3.66,0.0007712206814821632,0.0007280394106268182,0.0009128178618502858
3.67,0.0007712247817369135,0.0007280359675932456,0.0009128205621763656
3.68,0.0007712288797716683,0.0007280325358049429,0.0009128232442423725
3.69,0.0007712329755401303,0.0007280291152636353,0.0009128259081206887
3.7,0.000771237068996002,0.0007280257059710477,0.0009128285538836964
3.71,0.0007712411600929858,0.0007280223079289053,0.0009128311816037778
3.72,0.0007712452487847846,0.0007280189211389331,0.0009128337913533152
3.73,0.0007712493350251007,0.0007280155456028561,0.0009128363832046907
3.74,0.0007712534187676366,0.0007280121813223995,0.0009128389572302866
3.75,0.0007712574999660951,0.0007280088282992881,0.0009128415135024852
3.7600000000000002,0.0007712615785741788,0.0007280054865352472,0.0009128440520936686
3.77,0.00077126565454559,0.0007280021560320018,0.000912846573076219
3.7800000000000002,0.0007712697278340313,0.0007279988367912769,0.0009128490765225187
3.79,0.0007712737983932056,0.0007279955288147976,0.00091285156250495
3.8000000000000003,0.000771277866176815,0.0007279922321042888,0.0009128540310958949
3.81,0.0007712819311385624,0.0007279889466614757,0.0009128564823677358
3.8200000000000003,0.0007712859932321501,0.0007279856724880835,0.0009128589163928548
3.83,0.0007712900524112809,0.0007279824095858369,0.0009128613332436343
3.84,0.0007712941086296573,0.0007279791579564612,0.0009128637329924564
3.85,0.0007712981618409818,0.0007279759176016813,0.0009128661157117034
3.86,0.000771302211998957,0.0007279726885232225,0.0009128684814737573
3.87,0.0007713062590572855,0.0007279694707228097,0.0009128708303510006
3.88,0.0007713103029696697,0.0007279662642021678,0.0009128731624158154
3.89,0.0007713143436898124,0.0007279630689630221,0.0009128754777405839
3.9,0.000771318381171416,0.0007279598850070976,0.0009128777763976884
3.91,0.0007713224153681833,0.0007279567123361192,0.000912880058459511
3.92,0.0007713264462338164,0.0007279535509518121,0.0009128823239984342
3.93,0.0007713304737220183,0.0007279504008559014,0.0009128845730868398
3.94,0.0007713344977864914,0.000727947262050112,0.0009128868057971103
3.95,0.0007713385183809382,0.000727944134536169,0.0009128890222016279
3.96,0.0007713425354590614,0.0007279410183157976,0.0009128912223727747
3.97,0.0007713465489745634,0.0007279379133907227,0.0009128934063829331
3.98,0.000771350558881147,0.0007279348197626693,0.0009128955743044852
3.99,0.0007713545651325145,0.0007279317374333626,0.0009128977262098133
4.0,0.0007713585676823687,0.0007279286664045276,0.0009128998621712995
4.01,0.0007713625664844119,0.0007279256066778893,0.0009129019822613261
4.0200000000000005,0.000771366561492347,0.0007279225582551728,0.0009129040865522754
4.03,0.0007713705526598762,0.0007279195211381032,0.0009129061751165295
4.04,0.0007713745399407023,0.0007279164953284055,0.0009129082480264707
4.05,0.0007713785232885278,0.0007279134808278047,0.0009129103053544811
4.0600000000000005,0.0007713825026570553,0.000727910477638026,0.0009129123471729432
4.07,0.0007713864779999873,0.0007279074857607944,0.0009129143735542388
4.08,0.0007713904492710264,0.0007279045051978349,0.0009129163845707505
4.09,0.0007713944164238752,0.0007279015359508725,0.0009129183802948604
4.1,0.0007713983794122362,0.0007278985780216323,0.0009129203607989506
4.11,0.0007714023381898119,0.0007278956314118395,0.0009129223261554034
4.12,0.000771406292710305,0.000727892696123219,0.0009129242764366011
4.13,0.000771410242927418,0.0007278897721574959,0.000912926211714926
4.14,0.0007714141887948536,0.0007278868595163952,0.0009129281320627601
4.15,0.0007714181302663141,0.0007278839582016421,0.0009129300375524856
4.16,0.0007714220672955022,0.0007278810682149614,0.0009129319282564849
4.17,0.0007714259998361204,0.0007278781895580784,0.0009129338042471402
4.18,0.0007714299278418715,0.000727875322232718,0.0009129356655968336
4.19,0.0007714338513299413,0.0007278724662038671,0.0009129375123393522
4.2,0.0007714377712743264,0.0007278696208828021,0.0009129393439267821
4.21,0.0007714416880023515,0.0007278667860550314,0.0009129411602043589
4.22,0.0007714456014910999,0.0007278639617087492,0.0009129429612302503
4.23,0.0007714495117176548,0.0007278611478321502,0.0009129447470626241
4.24,0.0007714534186590998,0.0007278583444134288,0.0009129465177596479
4.25,0.0007714573222925179,0.0007278555514407797,0.0009129482733794894
4.26,0.0007714612225949927,0.0007278527689023972,0.0009129500139803164
4.2700000000000005,0.0007714651195436074,0.0007278499967864759,0.0009129517396202965
4.28,0.0007714690131154452,0.0007278472350812101,0.0009129534503575974
4.29,0.0007714729032875897,0.0007278444837747946,0.0009129551462503869
4.3,0.000771476790037124,0.0007278417428554238,0.0009129568273568326
4.3100000000000005,0.0007714806733411316,0.000727839012311292,0.0009129584937351021
4.32,0.0007714845531766958,0.000727836292130594,0.0009129601454433634
4.33,0.0007714884295208997,0.0007278335823015242,0.0009129617825397838
4.34,0.0007714923023508269,0.0007278308828122769,0.0009129634050825315
4.3500000000000005,0.0007714961716435607,0.0007278281936510468,0.0009129650131297736
4.36,0.0007715000373761842,0.0007278255148060285,0.0009129666067396782
4.37,0.000771503899525781,0.0007278228462654163,0.000912968185970413
4.38,0.0007715077580694343,0.0007278201880174047,0.0009129697508801455
4.39,0.0007715116129842274,0.0007278175400501883,0.0009129713015270435
4.4,0.0007715154642472436,0.0007278149023519617,0.0009129728379692748
4.41,0.0007715193118355664,0.0007278122749109191,0.0009129743602650068
4.42,0.000771523155726279,0.0007278096577152552,0.0009129758684724075
4.43,0.0007715269958964646,0.0007278070507531646,0.0009129773626496445
4.44,0.0007715308323232068,0.0007278044540128416,0.0009129788428548854
4.45,0.0007715346649835887,0.0007278018674824807,0.0009129803091462981
4.46,0.0007715384938546938,0.0007277992911502766,0.0009129817615820501
4.47,0.0007715423189136053,0.0007277967250044236,0.0009129832002203091
4.48,0.0007715461401374066,0.0007277941690331163,0.000912984625119243
4.49,0.000771549957503181,0.0007277916232245492,0.0009129860363370193
4.5,0.0007715537709880118,0.0007277890875669167,0.0009129874339318057
4.51,0.0007715575805689824,0.0007277865620484135,0.0009129888179617701
4.5200000000000005,0.0007715613862231761,0.0007277840466572338,0.00091299018848508
4.53,0.0007715651879276761,0.0007277815413815724,0.0009129915455599032
4.54,0.0007715689856595659,0.0007277790462096237,0.0009129928892444072
4.55,0.0007715727793959288,0.0007277765611295821,0.00091299421959676
4.5600000000000005,0.000771576569113848,0.0007277740861296422,0.000912995536675129
4.57,0.0007715803547904069,0.0007277716211979985,0.0009129968405376822
4.58,0.0007715841364026889,0.0007277691663228455,0.000912998131242587
4.59,0.0007715879139277773,0.0007277667214923777,0.0009129994088480114
4.6000000000000005,0.0007715916873427554,0.0007277642866947895,0.0009130006734121228
4.61,0.0007715954566247064,0.0007277618619182756,0.0009130019249930892
4.62,0.0007715992217507138,0.0007277594471510304,0.0009130031636490779
4.63,0.0007716029826978609,0.0007277570423812482,0.000913004389438257
4.64,0.000771606739443231,0.0007277546475971239,0.0009130056024187939
4.65,0.0007716104919639075,0.0007277522627868517,0.0009130068026488565
4.66,0.0007716142402369735,0.0007277498879386261,0.0009130079901866124
4.67,0.0007716179842395125,0.0007277475230406419,0.0009130091650902294
4.68,0.0007716217239486079,0.0007277451680810932,0.0009130103274178749
4.69,0.0007716254593413429,0.0007277428230481748,0.000913011477227717
4.7,0.0007716291903948009,0.000727740487930081,0.0009130126145779231
4.71,0.0007716329170860651,0.0007277381627150065,0.0009130137395266611
4.72,0.000771636639392219,0.0007277358473911456,0.0009130148521320985
4.73,0.0007716403572903457,0.000727733541946693,0.0009130159524524032
4.74,0.0007716440707575288,0.000727731246369843,0.0009130170405457427
4.75,0.0007716477797708515,0.0007277289606487902,0.0009130181164702848
4.76,0.0007716514843073971,0.0007277266847717292,0.0009130191802841972
4.7700000000000005,0.0007716551843442488,0.0007277244187268543,0.0009130202320456477
4.78,0.0007716588798584903,0.0007277221625023601,0.0009130212718128038
4.79,0.0007716625708272046,0.0007277199160864411,0.0009130222996438333
4.8,0.0007716662572274751,0.0007277176794672918,0.0009130233155969039
4.8100000000000005,0.0007716699390363852,0.0007277154526331068,0.0009130243197301832
4.82,0.0007716736162310181,0.0007277132355720803,0.000913025312101839
4.83,0.0007716772887884574,0.0007277110282724072,0.000913026292770039
4.84,0.000771680956685786,0.0007277088307222817,0.0009130272617929508
4.8500000000000005,0.0007716846199000876,0.0007277066429098984,0.0009130282192287422
4.86,0.0007716882784084454,0.0007277044648234519,0.0009130291651355809
4.87,0.0007716919321879426,0.0007277022964511365,0.0009130300995716346
4.88,0.0007716955812156627,0.0007277001377811469,0.0009130310225950708
4.89,0.000771699225468689,0.0007276979888016774,0.0009130319342640575
4.9,0.0007717028649241048,0.0007276958495009227,0.0009130328346367622
4.91,0.0007717064995589933,0.0007276937198670771,0.0009130337237713526
4.92,0.000771710129350438,0.0007276915998883353,0.0009130346017259965
4.93,0.0007717137542755223,0.0007276894895528917,0.0009130354685588615
4.94,0.0007717173743113292,0.0007276873888489408,0.0009130363243281155
4.95,0.0007717209894349424,0.0007276852977646771,0.0009130371690919258
4.96,0.000771724599623445,0.0007276832162882951,0.0009130380029084605
4.97,0.0007717282048539203,0.0007276811444079894,0.000913038825835887
4.98,0.0007717318051034518,0.0007276790821119543,0.0009130396379323733
4.99,0.0007717354003491227,0.0007276770293883844,0.0009130404392560867
5.0,0.0007717389905680164,0.0007276749862254743,0.0009130412298651953
5.01,0.0007717425757372162,0.0007276729526114184,0.0009130420098178667
5.0200000000000005,0.0007717461558338054,0.0007276709285344112,0.0009130427791722683
5.03,0.0007717497308348673,0.0007276689139826473,0.0009130435379865682
5.04,0.0007717533007174852,0.0007276669089443209,0.0009130442863189337
5.05,0.0007717568654587426,0.0007276649134076269,0.0009130450242275329
5.0600000000000005,0.0007717604250357228,0.0007276629273607596,0.0009130457517705332
5.07,0.0007717639794255089,0.0007276609507919135,0.0009130464690061024
5.08,0.0007717675286051844,0.0007276589836892831,0.0009130471759924082
5.09,0.0007717710725518327,0.000727657026041063,0.0009130478727876184
5.1000000000000005,0.0007717746112425369,0.0007276550778354475,0.0009130485594499005
5.11,0.0007717781446543805,0.0007276531390606313,0.0009130492360374223
5.12,0.0007717816727644468,0.0007276512097048088,0.0009130499026083515
5.13,0.0007717851955498192,0.0007276492897561746,0.0009130505592208558
5.14,0.0007717887129875808,0.000727647379202923,0.0009130512059331029
5.15,0.000771792225054815,0.0007276454780332487,0.0009130518428032605
5.16,0.0007717957317286054,0.0007276435862353461,0.0009130524698894963
5.17,0.000771799232986035,0.0007276417037974098,0.0009130530872499778
5.18,0.0007718027288041872,0.0007276398307076341,0.000913053694942873
5.19,0.0007718062191601453,0.0007276379669542137,0.0009130542930263494
5.2,0.0007718097040309928,0.000727636112525343,0.0009130548815585749
5.21,0.000771813183393813,0.0007276342674092165,0.0009130554605977169
5.22,0.0007718166572256891,0.0007276324315940288,0.0009130560302019435
5.23,0.0007718201255037044,0.0007276306050679744,0.0009130565904294219
5.24,0.0007718235882049424,0.0007276287878192476,0.0009130571413383202
5.25,0.0007718270453064862,0.0007276269798360431,0.0009130576829868059
5.26,0.0007718304967854194,0.0007276251811065553,0.0009130582154330467
5.2700000000000005,0.0007718339426188251,0.0007276233916189787,0.0009130587387352105
5.28,0.0007718373827837867,0.000727621611361508,0.0009130592529514647
5.29,0.0007718408172573875,0.0007276198403223374,0.0009130597581399773
5.3,0.000771844246016711,0.0007276180784896616,0.0009130602543589157
5.3100000000000005,0.0007718476690388403,0.0007276163258516749,0.0009130607416664478
5.32,0.0007718510863008588,0.0007276145823965721,0.0009130612201207411
5.33,0.0007718544977798499,0.0007276128481125474,0.0009130616897799636
5.34,0.0007718579034528968,0.0007276111229877956,0.0009130621507022828
5.3500000000000005,0.000771861303297083,0.000727609407010511,0.0009130626029458664
5.36,0.0007718646972894916,0.000727607700168888,0.0009130630465688821
5.37,0.000771868085407206,0.0007276060024511213,0.0009130634816294976
5.38,0.0007718714676273097,0.0007276043138454055,0.0009130639081858806
5.39,0.0007718748439268859,0.0007276026343399348,0.0009130643262961989
5.4,0.0007718782142830179,0.0007276009639229039,0.0009130647360186201
5.41,0.0007718815786994544,0.0007275993025733557,0.0009130651373843528
5.42,0.0007718849378528291,0.0007275976500394036,0.0009130655297443102
5.43,0.0007718882920404436,0.0007275960061993447,0.0009130659128329146
5.44,0.000771891641253816,0.0007275943710364196,0.00091306628669374
5.45,0.0007718949854844648,0.000727592744533869,0.0009130666513703601
5.46,0.000771898324723908,0.0007275911266749333,0.0009130670069063491
5.47,0.0007719016589636637,0.0007275895174428533,0.0009130673533452806
5.48,0.0007719049881952501,0.0007275879168208691,0.0009130676907307285
5.49,0.0007719083124101856,0.0007275863247922217,0.0009130680191062668
5.5,0.000771911631599988,0.0007275847413401512,0.0009130683385154693
5.51,0.0007719149457561758,0.0007275831664478986,0.0009130686490019098
5.5200000000000005,0.000771918254870267,0.0007275816000987042,0.0009130689506091623
5.53,0.0007719215589337799,0.0007275800422758085,0.0009130692433808006
5.54,0.0007719248579382325,0.0007275784929624521,0.0009130695273603986
5.55,0.0007719281518751432,0.0007275769521418757,0.0009130698025915301
5.5600000000000005,0.0007719314407360299,0.0007275754197973197,0.000913070069117769
5.57,0.000771934724512411,0.0007275738959120246,0.0009130703269826893
5.58,0.0007719380031958045,0.0007275723804692311,0.0009130705762298647
5.59,0.0007719412767777288,0.0007275708734521796,0.0009130708169028691
5.6000000000000005,0.0007719445452497019,0.0007275693748441108,0.0009130710490452765
5.61,0.0007719478086032421,0.0007275678846282651,0.0009130712727006607
5.62,0.0007719510668298674,0.000727566402787883,0.0009130714879125954
5.63,0.0007719543199210962,0.0007275649293062053,0.0009130716947246548
5.64,0.0007719575678684464,0.0007275634641664724,0.0009130718931804124
5.65,0.0007719608106634364,0.0007275620073519248,0.0009130720833234425
5.66,0.0007719640482975842,0.0007275605588458031,0.0009130722651973185
5.67,0.0007719672807624083,0.0007275591186313478,0.0009130724388456147
5.68,0.0007719705080494264,0.0007275576866917995,0.0009130726043119047
5.69,0.000771973730150157,0.0007275562630103988,0.0009130727616397625
5.7,0.0007719769470561183,0.0007275548475703861,0.0009130729108727619
5.71,0.0007719801587588283,0.0007275534403550021,0.0009130730520544768
5.72,0.0007719833652498053,0.0007275520413474872,0.000913073185228481
5.73,0.0007719865665205673,0.000727550650531082,0.0009130733104383485
5.74,0.0007719897625626327,0.0007275492678890271,0.0009130734277276531
5.75,0.0007719929533675196,0.000727547893404563,0.0009130735371399687
5.76,0.000771996138926746,0.0007275465270609304,0.0009130736387188692
5.7700000000000005,0.0007719993192318304,0.0007275451688413696,0.0009130737325079283
5.78,0.0007720024942742907,0.0007275438187291213,0.0009130738185507201
5.79,0.0007720056640456453,0.0007275424767074259,0.0009130738968908183
5.8,0.0007720088285374121,0.0007275411427595241,0.0009130739675717969
5.8100000000000005,0.0007720119877411095,0.0007275398168686564,0.0009130740306372297
5.82,0.0007720151416482555,0.0007275384990180634,0.0009130740861306905
5.83,0.0007720182902503685,0.0007275371891909855,0.0009130741340957533
5.84,0.0007720214335389665,0.0007275358873706634,0.000913074174575992
5.8500000000000005,0.0007720245715055678,0.0007275345935403376,0.0009130742076149804
5.86,0.0007720277041416904,0.0007275333076832485,0.0009130742332562923
5.87,0.0007720308314388525,0.0007275320297826369,0.0009130742515435016
5.88,0.0007720339533885725,0.0007275307598217432,0.0009130742625201823
5.89,0.0007720370699823684,0.000727529497783808,0.0009130742662299082
5.9,0.0007720401812117584,0.0007275282436520717,0.000913074262716253
5.91,0.0007720432870682606,0.000727526997409775,0.0009130742520227909
5.92,0.0007720463875433933,0.0007275257590401586,0.0009130742341930955
5.93,0.0007720494826286746,0.0007275245285264626,0.0009130742092707408
5.94,0.0007720525723156227,0.0007275233058519279,0.0009130741772993006
5.95,0.0007720556565957559,0.000727522090999795,0.0009130741383223488
5.96,0.0007720587354605921,0.0007275208839533044,0.0009130740923834594
5.97,0.0007720618089016496,0.0007275196846956966,0.0009130740395262061
5.98,0.0007720648769104467,0.0007275184932102122,0.0009130739797941628
5.99,0.0007720679394785015,0.0007275173094800917,0.0009130739132309035
6.0,0.000772070996597332,0.0007275161334885758,0.0009130738398800018
6.01,0.0007720740482584567,0.0007275149652189048,0.0009130737597850319
6.0200000000000005,0.0007720770944533935,0.0007275138046543195,0.0009130736729895674
6.03,0.0007720801351736608,0.0007275126517780602,0.0009130735795371823
6.04,0.0007720831704107764,0.0007275115065733676,0.0009130734794714505
6.05,0.0007720862001562589,0.0007275103690234822,0.0009130733728359459
6.0600000000000005,0.0007720892244016263,0.0007275092391116448,0.0009130732596742421
6.07,0.0007720922431383967,0.0007275081168210954,0.0009130731400299133
6.08,0.0007720952563580885,0.0007275070021350751,0.0009130730139465332
6.09,0.0007720982640522196,0.0007275058950368241,0.0009130728814676758
6.1000000000000005,0.0007721012662123084,0.000727504795509583,0.0009130727426369148
6.11,0.0007721042628298728,0.0007275037035365925,0.0009130725974978241
6.12,0.0007721072538964313,0.000727502619101093,0.0009130724460939777
6.13,0.0007721102394035018,0.0007275015421863251,0.0009130722884689494
6.140000000000001,0.0007721132193426027,0.0007275004727755293,0.0009130721246663131
6.15,0.000772116193705252,0.0007274994108519463,0.0009130719547296426
6.16,0.0007721191624829681,0.0007274983563988164,0.0009130717787025118
6.17,0.0007721221256672689,0.0007274973093993804,0.0009130715966284947
6.18,0.0007721250832496727,0.0007274962698368786,0.0009130714085511649
6.19,0.0007721280352216977,0.0007274952376945519,0.0009130712145140965
6.2,0.0007721309815748621,0.0007274942129556404,0.0009130710145608633
6.21,0.0007721339223006839,0.000727493195603385,0.0009130708087350391
6.22,0.0007721368573906815,0.0007274921856210261,0.000913070597080198
6.23,0.000772139786836373,0.0007274911829918042,0.0009130703796399136
6.24,0.0007721427106292764,0.0007274901876989599,0.0009130701564577598
6.25,0.0007721456287609102,0.0007274891997257339,0.0009130699275773107
6.26,0.0007721485412227923,0.0007274882190553665,0.00091306969304214
6.2700000000000005,0.000772151448006441,0.0007274872456710983,0.0009130694528958216
6.28,0.0007721543491033745,0.0007274862795561699,0.0009130692071819293
6.29,0.0007721572445051108,0.000727485320693822,0.0009130689559440372
6.3,0.0007721601342031684,0.0007274843690672949,0.0009130686992257188
6.3100000000000005,0.0007721630181890651,0.0007274834246598292,0.0009130684370705484
6.32,0.0007721658964543193,0.0007274824874546655,0.0009130681695220995
6.33,0.0007721687689904492,0.0007274815574350444,0.0009130678966239463
6.34,0.0007721716357889728,0.0007274806345842063,0.0009130676184196623
6.3500000000000005,0.0007721744968414083,0.0007274797188853919,0.0009130673349528217
6.36,0.0007721773521392741,0.0007274788103218416,0.0009130670462669982
6.37,0.0007721802016740883,0.0007274779088767961,0.0009130667524057658
6.38,0.0007721830454373688,0.0007274770145334957,0.0009130664534126982
6.390000000000001,0.0007721858834206341,0.0007274761272751813,0.0009130661493313692
6.4,0.0007721887156154022,0.0007274752470850932,0.0009130658402053531
6.41,0.0007721915420131913,0.000727474373946472,0.0009130655260782233
6.42,0.0007721943626055196,0.0007274735078425582,0.000913065206993554
6.43,0.0007721971773839054,0.0007274726487565926,0.0009130648829949189
6.44,0.0007721999863398667,0.0007274717966718154,0.000913064554125892
6.45,0.0007722027894649216,0.0007274709515714673,0.0009130642204300469
6.46,0.0007722055867505885,0.0007274701134387888,0.0009130638819509579
6.47,0.0007722083781883855,0.0007274692822570205,0.0009130635387321985
6.48,0.0007722111637698307,0.000727468458009403,0.0009130631908173426
6.49,0.0007722139434864423,0.0007274676406791767,0.0009130628382499643
6.5,0.0007722167173297385,0.0007274668302495823,0.0009130624810736373
6.51,0.0007722194852912376,0.0007274660267038602,0.0009130621193319356
6.5200000000000005,0.0007722222473624576,0.0007274652300252511,0.0009130617530684329
6.53,0.0007722250035349167,0.0007274644401969954,0.0009130613823267031
6.54,0.000772227753800133,0.0007274636572023338,0.0009130610071503202
6.55,0.0007722304981496249,0.0007274628810245067,0.000913060627582858
6.5600000000000005,0.0007722332365749105,0.0007274621116467548,0.0009130602436678905
6.57,0.0007722359690675078,0.0007274613490523184,0.0009130598554489913
6.58,0.0007722386956189351,0.0007274605932244383,0.0009130594629697344
6.59,0.0007722414162207107,0.000727459844146355,0.0009130590662736937
6.6000000000000005,0.0007722441308643525,0.0007274591018013089,0.0009130586654044431
6.61,0.000772246839541379,0.0007274583661725407,0.0009130582604055564
6.62,0.000772249542243308,0.0007274576372432908,0.0009130578513206075
6.63,0.000772252238961658,0.0007274569149968,0.0009130574381931703
6.640000000000001,0.0007722549296879471,0.0007274561994163086,0.0009130570210668186
6.65,0.0007722576144136934,0.0007274554904850572,0.0009130565999851264
6.66,0.000772260293130415,0.0007274547881862864,0.0009130561749916675
6.67,0.0007722629658296302,0.0007274540925032367,0.0009130557461300157
6.68,0.0007722656325028572,0.0007274534034191488,0.0009130553134437449
6.69,0.0007722682931416141,0.000727452720917263,0.000913054876976429
6.7,0.0007722709477374191,0.00072745204498082,0.0009130544367716419
6.71,0.0007722735962817904,0.0007274513755930603,0.0009130539928729575
6.72,0.0007722762387662462,0.0007274507127372245,0.0009130535453239496
6.73,0.0007722788751823045,0.000727450056396553,0.0009130530941681921
6.74,0.0007722815055214837,0.0007274494065542866,0.0009130526394492588
6.75,0.0007722841297753019,0.0007274487631936656,0.0009130521812107236
6.76,0.0007722867479352771,0.0007274481262979307,0.0009130517194961605
6.7700000000000005,0.0007722893599929277,0.0007274474958503224,0.0009130512543491432
6.78,0.0007722919659397719,0.0007274468718340812,0.0009130507858132456
6.79,0.0007722945657673276,0.0007274462542324477,0.0009130503139320417
6.8,0.0007722971594671133,0.0007274456430286625,0.0009130498387491053
6.8100000000000005,0.000772299747030647,0.000727445038205966,0.0009130493603080103
6.82,0.0007723023284494469,0.0007274444397475988,0.0009130488786523304
6.83,0.0007723049037150311,0.0007274438476368015,0.0009130483938256397
6.84,0.0007723074730062444,0.0007274432618330583,0.0009130479056125244
6.8500000000000005,0.0007723100368710676,0.0007274426822490398,0.000913047413287223
6.86,0.0007723125953475877,0.000727442108862081,0.0009130469168289259
6.87,0.0007723151484381554,0.0007274415416540485,0.0009130464162662303
6.88,0.0007723176961451215,0.0007274409806068093,0.0009130459116277337
6.890000000000001,0.0007723202384708366,0.00072744042570223,0.0009130454029420335
6.9,0.0007723227754176513,0.0007274398769221773,0.0009130448902377271
6.91,0.0007723253069879166,0.0007274393342485183,0.0009130443735434119
6.92,0.0007723278331839829,0.0007274387976631195,0.0009130438528876853
6.93,0.0007723303540082011,0.0007274382671478479,0.0009130433282991447
6.94,0.0007723328694629219,0.00072743774268457,0.0009130427998063874
6.95,0.0007723353795504959,0.0007274372242551529,0.000913042267438011
6.96,0.0007723378842732739,0.0007274367118414632,0.0009130417312226127
6.97,0.0007723403836336065,0.0007274362054253677,0.00091304119118879
6.98,0.0007723428776338445,0.0007274357049887332,0.0009130406473651403
6.99,0.0007723453662763386,0.0007274352105134265,0.0009130400997802609
7.0,0.0007723478495634394,0.0007274347219813144,0.0009130395484627494
7.01,0.0007723503274974978,0.0007274342393742636,0.000913038993441203
7.0200000000000005,0.0007723528000808643,0.000727433762674141,0.0009130384347442193
7.03,0.0007723552673158897,0.0007274332918628133,0.0009130378724003954
7.04,0.0007723577292049247,0.0007274328269221473,0.0009130373064383289
7.05,0.00077236018575032,0.0007274323678340097,0.0009130367368866173
7.0600000000000005,0.0007723626369544262,0.0007274319145802675,0.0009130361637738577
7.07,0.0007723650828195943,0.0007274314671427873,0.0009130355871286478
7.08,0.0007723675233481747,0.0007274310255034359,0.0009130350069795849
7.09,0.0007723699585425182,0.0007274305896440801,0.0009130344233552662
7.1000000000000005,0.0007723723884049756,0.0007274301595465868,0.0009130338362842893
7.11,0.0007723748129378975,0.0007274297351928227,0.0009130332457952516
7.12,0.0007723772321436346,0.0007274293165646544,0.0009130326519167504
7.13,0.0007723796460245376,0.000727428903643949,0.0009130320546773832
7.140000000000001,0.0007723820545829572,0.0007274284964125731,0.0009130314541057474
7.15,0.0007723844578212442,0.0007274280948523935,0.0009130308502304403
7.16,0.0007723868557417493,0.000727427698945277,0.0009130302430800593
7.17,0.0007723892483468231,0.0007274273086730905,0.000913029632683202
7.18,0.0007723916356388164,0.0007274269240177004,0.0009130290190684655
7.19,0.0007723940176200798,0.000727426544960974,0.0009130284022644474
7.2,0.0007723963942929641,0.0007274261714847778,0.0009130277822997451
7.21,0.0007723987656598199,0.0007274258035709785,0.0009130271592029559
7.22,0.0007724011317229981,0.0007274254412014431,0.0009130265330026773
7.23,0.0007724034924848492,0.0007274250843580382,0.0009130259037275065
7.24,0.000772405847947724,0.0007274247330226307,0.0009130252714060411
7.25,0.0007724081981139732,0.0007274243871770874,0.0009130246360668785
7.26,0.0007724105429859474,0.0007274240468032751,0.000913023997738616
7.2700000000000005,0.0007724128825659975,0.0007274237118830604,0.000913023356449851
7.28,0.0007724152168564741,0.0007274233823983102,0.000913022712229181
7.29,0.0007724175458597278,0.0007274230583308913,0.0009130220651052032
7.3,0.0007724198695781095,0.0007274227396626704,0.0009130214151065153
7.3100000000000005,0.0007724221880139698,0.0007274224263755145,0.0009130207622617144
7.32,0.0007724245011696594,0.0007274221184512901,0.0009130201065993981
7.33,0.000772426809047529,0.0007274218158718642,0.0009130194481481637
7.34,0.0007724291116499294,0.0007274215186191035,0.0009130187869366086
7.3500000000000005,0.0007724314089792111,0.0007274212266748747,0.0009130181229933303
7.36,0.000772433701037725,0.0007274209400210447,0.000913017456346926
7.37,0.0007724359878278218,0.0007274206586394803,0.0009130167870259933
7.38,0.0007724382693518521,0.0007274203825120482,0.0009130161150591294
7.390000000000001,0.0007724405456121667,0.0007274201116206152,0.0009130154404749319
7.4,0.0007724428166111162,0.0007274198459470481,0.0009130147633019982
7.41,0.0007724450823510513,0.0007274195854732137,0.0009130140835689255
7.42,0.0007724473428343229,0.0007274193301809788,0.0009130134013043114
7.43,0.0007724495980632814,0.0007274190800522101,0.000913012716536753
7.44,0.0007724518480402778,0.0007274188350687744,0.0009130120292948482
7.45,0.0007724540927676626,0.0007274185952125385,0.0009130113396071939
7.46,0.0007724563322477866,0.0007274183604653693,0.0009130106475023878
7.47,0.0007724585664830005,0.0007274181308091335,0.0009130099530090272
7.48,0.000772460795475655,0.0007274179062256977,0.0009130092561557094
7.49,0.0007724630192281008,0.000727417686696929,0.000913008556971032
7.5,0.0007724652377426886,0.0007274174722046939,0.0009130078554835922
7.51,0.000772467451021769,0.0007274172627308594,0.0009130071517219876
7.5200000000000005,0.0007724696590676929,0.0007274170582572922,0.0009130064457148154
7.53,0.0007724718618828108,0.000727416858765859,0.0009130057374906732
7.54,0.0007724740594694737,0.0007274166642384268,0.0009130050270781582
7.55,0.000772476251830032,0.0007274164746568621,0.0009130043145058679
7.5600000000000005,0.0007724784389668366,0.0007274162900030319,0.0009130035998023997
7.57,0.0007724806208822381,0.0007274161102588029,0.000913002882996351
7.58,0.0007724827975785872,0.0007274159354060419,0.0009130021641163192
7.59,0.0007724849690582345,0.0007274157654266157,0.0009130014431909016
7.6000000000000005,0.000772487135323531,0.000727415600302391,0.0009130007202486957
7.61,0.0007724892963768273,0.0007274154400152348,0.000912999995318299
7.62,0.000772491452220474,0.0007274152845470136,0.0009129992684283087
7.63,0.0007724936028568218,0.0007274151338795943,0.0009129985396073223
7.640000000000001,0.0007724957482882215,0.0007274149879948437,0.0009129978088839371
7.65,0.0007724978885170238,0.0007274148468746286,0.0009129970762867506
7.66,0.0007725000235455793,0.0007274147105008159,0.0009129963418443602
7.67,0.0007725021533762388,0.000727414578855272,0.0009129956055853633
7.68,0.0007725042780113529,0.0007274144519198641,0.0009129948675383572
7.69,0.0007725063974532725,0.0007274143296764587,0.0009129941277319394
7.7,0.0007725085117043481,0.0007274142121069227,0.0009129933861947073
7.71,0.0007725106207669306,0.000727414099193123,0.0009129926429552582
7.72,0.0007725127246433705,0.0007274139909169262,0.0009129918980421896
7.73,0.0007725148233360186,0.0007274138872601991,0.0009129911514840989
7.74,0.0007725169168472256,0.0007274137882048085,0.0009129904033095833
7.75,0.0007725190051793422,0.0007274136937326213,0.0009129896535472404
7.76,0.0007725210883347192,0.0007274136038255041,0.0009129889022256677
7.7700000000000005,0.0007725231663157072,0.000727413518465324,0.0009129881493734624
7.78,0.0007725252391246569,0.0007274134376339473,0.0009129873950192218
7.79,0.000772527306763919,0.0007274133613132411,0.0009129866391915436
7.8,0.0007725293692358443,0.0007274132894850722,0.0009129858819190251
7.8100000000000005,0.0007725314265427833,0.0007274132221313073,0.0009129851232302635
7.82,0.0007725334786870869,0.0007274131592338131,0.0009129843631538564
7.83,0.0007725355256711058,0.0007274131007744566,0.0009129836017184013
7.84,0.0007725375674971905,0.0007274130467351044,0.0009129828389524953
7.8500000000000005,0.000772539604167692,0.0007274129970976233,0.0009129820748847359
7.86,0.0007725416356849608,0.0007274129518438802,0.0009129813095437205
7.87,0.0007725436620513477,0.0007274129109557418,0.0009129805429580467
7.88,0.0007725456832692034,0.0007274128744150748,0.0009129797751563116
7.890000000000001,0.0007725476993408784,0.0007274128422037462,0.0009129790061671128
7.9,0.0007725497102687237,0.0007274128143036226,0.0009129782360190476
7.91,0.0007725517160550899,0.0007274127906965708,0.0009129774647407135
7.92,0.0007725537167023276,0.0007274127713644576,0.0009129766923607077
7.930000000000001,0.0007725557122127876,0.00072741275628915,0.0009129759189076278
7.94,0.0007725577025888207,0.0007274127454525144,0.0009129751444100711
7.95,0.0007725596878327774,0.0007274127388364178,0.0009129743688966351
7.96,0.0007725616679470085,0.000727412736422727,0.0009129735923959171
7.97,0.0007725636429338648,0.0007274127381933088,0.0009129728149365145
7.98,0.0007725656127956968,0.0007274127441300298,0.0009129720365470248
7.99,0.0007725675775348554,0.000727412754214757,0.0009129712572560452
8.0,0.0007725695371536911,0.0007274127684293571,0.0009129704770921733
8.01,0.0007725714916545549,0.0007274127867556968,0.0009129696960840063
8.02,0.0007725734410397972,0.000727412809175643,0.0009129689142601419
8.03,0.0007725753853117688,0.0007274128356710624,0.0009129681316491771
8.040000000000001,0.0007725773244728205,0.0007274128662238219,0.0009129673482797096
8.05,0.0007725792585253029,0.0007274129008157882,0.0009129665641803368
8.06,0.0007725811874715667,0.000727412939428828,0.0009129657793796559
8.07,0.0007725831113139628,0.0007274129820448082,0.0009129649939062644
8.08,0.0007725850300548416,0.0007274130286455955,0.0009129642077887598
8.09,0.0007725869436965541,0.0007274130792130569,0.0009129634210557394
8.1,0.0007725888522414507,0.000727413133729059,0.0009129626337358004
8.11,0.0007725907556918824,0.0007274131921754685,0.0009129618458575406
8.120000000000001,0.0007725926540501997,0.0007274132545341523,0.0009129610574495572
8.13,0.0007725945473187535,0.0007274133207869772,0.0009129602685404475
8.14,0.0007725964354998942,0.0007274133909158099,0.000912959479158809
8.15,0.0007725983185959728,0.0007274134649025173,0.0009129586893332391
8.16,0.0007726001966093399,0.0007274135427289661,0.0009129578990923352
8.17,0.0007726020695423462,0.0007274136243770232,0.0009129571084646947
8.18,0.0007726039373973423,0.0007274137098285552,0.000912956317478915
8.19,0.0007726058001766791,0.000727413799065429,0.0009129555261635935
8.2,0.0007726076578827072,0.0007274138920695114,0.0009129547345473276
8.21,0.0007726095105177773,0.0007274139888226689,0.0009129539426587146
8.22,0.0007726113580842401,0.0007274140893067688,0.000912953150526352
8.23,0.0007726132005844463,0.0007274141935036775,0.0009129523581788373
8.24,0.0007726150380207466,0.0007274143013952618,0.0009129515656447676
8.25,0.0007726168703954917,0.0007274144129633886,0.0009129507729527406
8.26,0.0007726186977154111,0.0007274145281928449,0.000912949980119369
8.27,0.0007726205201926086,0.0007274146472053823,0.0009129491865991617
8.28,0.0007726223379481909,0.0007274147700620661,0.0009129483920956837
8.290000000000001,0.0007726241509891046,0.0007274148967478285,0.0009129475966249531
8.3,0.0007726259593222967,0.000727415027247601,0.0009129468002029881
8.31,0.0007726277629547139,0.0007274151615463157,0.0009129460028458069
8.32,0.0007726295618933027,0.0007274152996289046,0.0009129452045694278
8.33,0.0007726313561450099,0.0007274154414802995,0.0009129444053898688
8.34,0.0007726331457167824,0.0007274155870854322,0.0009129436053231482
8.35,0.0007726349306155668,0.0007274157364292346,0.0009129428043852842
8.36,0.0007726367108483098,0.0007274158894966386,0.000912942002592295
8.370000000000001,0.0007726384864219583,0.0007274160462725761,0.0009129411999601987
8.38,0.0007726402573434589,0.000727416206741979,0.0009129403965050135
8.39,0.0007726420236197584,0.0007274163708897792,0.0009129395922427577
8.4,0.0007726437852578035,0.0007274165387009086,0.0009129387871894494
8.41,0.0007726455422645409,0.000727416710160299,0.0009129379813611069
8.42,0.0007726472946469173,0.0007274168852528823,0.0009129371747737483
8.43,0.0007726490424118796,0.0007274170639635905,0.0009129363674433917
8.44,0.0007726507855663743,0.0007274172462773553,0.0009129355593860555
8.45,0.0007726525241173482,0.0007274174321791087,0.0009129347506177577
8.46,0.0007726542580717482,0.0007274176216537827,0.0009129339411545166
8.47,0.0007726559874365209,0.0007274178146863088,0.0009129331310123503
8.48,0.0007726577122186131,0.0007274180112616193,0.0009129323202072771
8.49,0.0007726594324249713,0.0007274182113646459,0.0009129315087553152
8.5,0.0007726611480625426,0.0007274184149803206,0.0009129306966724826
8.51,0.0007726628591382735,0.0007274186220935751,0.0009129298839747977
8.52,0.0007726645656591108,0.0007274188326893413,0.0009129290706782786
8.53,0.0007726662676320011,0.0007274190467525512,0.0009129282567989435
8.540000000000001,0.0007726679650638912,0.0007274192642681367,0.0009129274423528105
8.55,0.000772669657961728,0.0007274194852210296,0.000912926627355898
8.56,0.000772671346332458,0.0007274197095961619,0.000912925811824224
8.57,0.000772673030183028,0.0007274199373784653,0.0009129249957738068
8.58,0.0007726747095203849,0.0007274201685528717,0.0009129241792206645
8.59,0.0007726763843514753,0.0007274204031043133,0.0009129233621808153
8.6,0.0007726780546832457,0.0007274206410177215,0.0009129225446702776
8.61,0.0007726797205226433,0.0007274208822780286,0.0009129217267050693
8.620000000000001,0.0007726813818766145,0.0007274211268701663,0.0009129209083012088
8.63,0.000772683038752106,0.0007274213747790665,0.0009129200894747141
8.64,0.0007726846911560648,0.0007274216259896612,0.0009129192702416035
8.65,0.0007726863390954376,0.000727421880486882,0.0009129184506178952
8.66,0.0007726879825771708,0.0007274221382556611,0.0009129176306196074
8.67,0.0007726896216082114,0.0007274223992809302,0.0009129168102627582
8.68,0.0007726912561955062,0.0007274226635476212,0.0009129159895633659
8.69,0.0007726928863460016,0.000727422931040666,0.0009129151685374486
8.700000000000001,0.0007726945120666447,0.0007274232017449966,0.0009129143472010245
8.71,0.000772696133364382,0.0007274234756455447,0.0009129135255701119
8.72,0.0007726977502461604,0.0007274237527272423,0.0009129127036607288
8.73,0.0007726993627189264,0.0007274240329750213,0.0009129118814888937
8.74,0.0007727009707896269,0.0007274243163738135,0.0009129110590706245
8.75,0.0007727025744652087,0.0007274246029085508,0.0009129102364219394
8.76,0.0007727041737526183,0.0007274248925641652,0.0009129094135588567
8.77,0.0007727057686588027,0.0007274251853255884,0.0009129085904973946
8.78,0.0007727073591907084,0.0007274254811777525,0.0009129077672535712
8.790000000000001,0.0007727089453552823,0.0007274257801055891,0.0009129069438434048
8.8,0.000772710527159471,0.0007274260820940305,0.0009129061202829135
8.81,0.0007727121046102214,0.0007274263871280081,0.0009129052965881155
8.82,0.00077271367771448,0.000727426695192454,0.0009129044727750291
8.83,0.0007727152464791936,0.0007274270062723003,0.0009129036488596723
8.84,0.0007727168109113091,0.0007274273203524786,0.0009129028248580634
8.85,0.0007727183710177731,0.0007274276374179209,0.0009129020007862206
8.86,0.0007727199268055323,0.000727427957453559,0.0009129011766601622
8.870000000000001,0.0007727214782815336,0.0007274282804443249,0.0009129003524959062
8.88,0.0007727230254527235,0.0007274286063751504,0.0009128995283094707
8.89,0.0007727245683260489,0.0007274289352309674,0.0009128987041168742
8.9,0.0007727261069084564,0.0007274292669967079,0.0009128978799341346
8.91,0.0007727276412068929,0.0007274296016573035,0.0009128970557772704
8.92,0.0007727291712283051,0.0007274299391976865,0.0009128962316622995
8.93,0.0007727306969796395,0.0007274302796027883,0.0009128954076052402
8.94,0.0007727322184678431,0.0007274306228575412,0.0009128945836221107
8.950000000000001,0.0007727337356998625,0.000727430968946877,0.0009128937597289292
8.96,0.0007727352486826446,0.0007274313178557274,0.0009128929359417139
8.97,0.0007727367574231358,0.0007274316695690243,0.0009128921122764829
8.98,0.0007727382619282831,0.0007274320240716998,0.0009128912887492545
8.99,0.0007727397622050332,0.0007274323813486857,0.0009128904653760468
9.0,0.0007727412582603328,0.0007274327413849138,0.0009128896421728781
9.01,0.0007727427501011285,0.000727433104165316,0.0009128888191557665
9.02,0.0007727442377343673,0.0007274334696748242,0.0009128879963407302
9.03,0.0007727457211669957,0.0007274338378983704,0.0009128871737437874
9.040000000000001,0.0007727472004059606,0.0007274342088208864,0.0009128863513809564
9.05,0.0007727486754582086,0.0007274345824273039,0.0009128855292682551
9.06,0.0007727501463306865,0.0007274349587025551,0.0009128847074217019
9.07,0.000772751613030341,0.0007274353376315717,0.0009128838858573151
9.08,0.0007727530755641189,0.0007274357191992856,0.0009128830645911127
9.09,0.0007727545339389668,0.0007274361033906288,0.0009128822436391129
9.1,0.0007727559881618315,0.0007274364901905331,0.000912881423017334
9.11,0.0007727574382396598,0.0007274368795839302,0.000912880602741794
9.120000000000001,0.0007727588841793984,0.0007274372715557523,0.0009128797828285113
9.13,0.000772760325987994,0.0007274376660909312,0.000912878963293504
9.14,0.0007727617636723933,0.0007274380631743986,0.0009128781441527903
9.15,0.000772763197239543,0.0007274384627910867,0.0009128773254223885
9.16,0.0007727646266963901,0.0007274388649259271,0.0009128765071183165
9.17,0.0007727660520498809,0.0007274392695638517,0.0009128756892565927
9.18,0.0007727674733069626,0.0007274396766897926,0.0009128748718532353
9.19,0.0007727688904745815,0.0007274400862886815,0.0009128740549242624
9.200000000000001,0.0007727703035596846,0.0007274404983454504,0.0009128732384856923
9.21,0.0007727717125692186,0.0007274409128450311,0.0009128724225535431
9.22,0.0007727731175101301,0.0007274413297723555,0.0009128716071438329
9.23,0.000772774518389366,0.0007274417491123555,0.0009128707922725802
9.24,0.0007727759152138729,0.000727442170849963,0.0009128699779558029
9.25,0.0007727773079905976,0.0007274425949701099,0.0009128691642095193
9.26,0.0007727786967264868,0.000727443021457728,0.0009128683510497476
9.27,0.0007727800814284874,0.0007274434502977493,0.0009128675384925059
9.28,0.0007727814621035458,0.0007274438814751055,0.0009128667265538125
9.290000000000001,0.000772782838758609,0.0007274443149747287,0.0009128659152496855
9.3,0.0007727842114006236,0.0007274447507815507,0.0009128651045961432
9.31,0.0007727855800365364,0.0007274451888805034,0.0009128642946092037
9.32,0.000772786944673294,0.0007274456292565186,0.0009128634853048852
9.33,0.0007727883053178434,0.0007274460718945283,0.000912862676699206
9.34,0.0007727896619771311,0.0007274465167794644,0.0009128618688081841
9.35,0.0007727910146581039,0.0007274469638962586,0.0009128610616478378
9.36,0.0007727923633677085,0.0007274474132298429,0.0009128602552341853
9.370000000000001,0.0007727937081128918,0.0007274478647651492,0.0009128594495832448
9.38,0.0007727950489006003,0.0007274483184871094,0.0009128586447110343
9.39,0.0007727963857377809,0.0007274487743806553,0.0009128578406335723
9.4,0.0007727977186313801,0.0007274492324307189,0.0009128570373668768
9.41,0.000772799047588345,0.000727449692622232,0.0009128562349269661
9.42,0.000772800372615622,0.0007274501549401265,0.0009128554333298582
9.43,0.000772801693720158,0.0007274506193693344,0.0009128546325915715
9.44,0.0007728030109088996,0.0007274510858947873,0.000912853832728124
9.450000000000001,0.0007728043241887936,0.0007274515545014175,0.0009128530337555341
9.46,0.0007728056335667869,0.0007274520251741564,0.0009128522356898198
9.47,0.0007728069390498261,0.0007274524978979363,0.0009128514385469994
9.48,0.0007728082406448578,0.0007274529726576888,0.000912850642343091
9.49,0.0007728095383588288,0.0007274534494383461,0.0009128498470941129
9.5,0.000772810832198686,0.0007274539282248397,0.0009128490528160833
9.51,0.000772812122171376,0.0007274544090021018,0.0009128482595250202
9.52,0.0007728134082838454,0.0007274548917550641,0.0009128474672369421
9.53,0.0007728146905430413,0.0007274553764686586,0.0009128466759678669
9.540000000000001,0.00077281596895591,0.0007274558631278171,0.0009128458857338128
9.55,0.0007728172435293985,0.0007274563517174714,0.0009128450965507983
9.56,0.0007728185142704536,0.0007274568422225535,0.0009128443084348413
9.57,0.0007728197811860218,0.0007274573346279955,0.00091284352140196
9.58,0.0007728210442830499,0.0007274578289187289,0.0009128427354681727
9.59,0.0007728223035684847,0.0007274583250796858,0.0009128419506494976
9.6,0.0007728235590492729,0.0007274588230957981,0.0009128411669619527
9.61,0.0007728248107323612,0.0007274593229519975,0.0009128403844215564
9.620000000000001,0.0007728260586246964,0.0007274598246332161,0.0009128396030443269
9.63,0.0007728273027332251,0.0007274603281243856,0.0009128388228462822
9.64,0.0007728285430648942,0.0007274608334104381,0.0009128380438434406
9.65,0.0007728297796266504,0.0007274613404763052,0.0009128372660518204
9.66,0.0007728310124254403,0.0007274618493069192,0.0009128364894874396
9.67,0.0007728322414682108,0.0007274623598872115,0.0009128357141663165
9.68,0.0007728334667619084,0.0007274628722021143,0.0009128349401044693
9.69,0.0007728385317227278,0.0007274581793990236,0.0009128375648452782
9.700000000000001,0.000772839668946499,0.0007274588047820169,0.0009128367213010583
9.71,0.0007728408036611455,0.0007274594306151865,0.0009128358794218742
9.72,0.000772841935866667,0.0007274600568985321,0.0009128350392077258
9.73,0.0007728430655630637,0.0007274606836320539,0.0009128342006586132
9.74,0.0007728441927503355,0.0007274613108157519,0.0009128333637745364
9.75,0.0007728453174284825,0.000727461938449626,0.0009128325285554953
9.76,0.0007728464395975045,0.0007274625665336764,0.0009128316950014901
9.77,0.0007728475592574019,0.0007274631950679029,0.0009128308631125205
9.78,0.0007728486764081743,0.0007274638240523056,0.0009128300328885867
9.790000000000001,0.0007728497910498218,0.0007274644534868844,0.0009128292043296888
9.8,0.0007728509031823445,0.0007274650833716394,0.0009128283774358266
9.81,0.0007728520128057422,0.0007274657137065705,0.0009128275522070001
9.82,0.0007728531199200152,0.0007274663444916779,0.0009128267286432094
9.83,0.0007728542245251633,0.0007274669757269613,0.0009128259067444545
9.84,0.0007728553266211866,0.000727467607412421,0.0009128250865107353
9.85,0.0007728564262080849,0.0007274682395480567,0.000912824267942052
9.86,0.0007728575232858585,0.0007274688721338688,0.0009128234510384044
9.870000000000001,0.0007728586178545072,0.0007274695051698569,0.0009128226357997926
9.88,0.000772859709914031,0.0007274701386560213,0.0009128218222262164
9.89,0.0007728607994644299,0.0007274707725923617,0.0009128210103176762
9.9,0.000772861886505704,0.0007274714069788784,0.0009128202000741716
9.91,0.0007728629710378532,0.0007274720418155711,0.0009128193914957029
9.92,0.0007728640530608776,0.0007274726771024401,0.0009128185845822699
9.93,0.0007728651325747771,0.0007274733128394853,0.0009128177793338726
9.94,0.0007728662095795518,0.0007274739490267066,0.0009128169757505112
9.950000000000001,0.0007728672840752016,0.0007274745856641041,0.0009128161738321855
9.96,0.0007728683560617266,0.0007274752227516777,0.0009128153735788956
9.97,0.0007728694255391265,0.0007274758602894275,0.0009128145749906414
9.98,0.0007728704925074018,0.0007274764982773535,0.000912813778067423
9.99,0.0007728715569665522,0.0007274771367154556,0.0009128129828092404
