t,H1,H2
0.0,0.05,1.0
0.01,0.04987725237775665,0.9998299346814811
0.02,0.04975480610910467,0.9996596178463498
0.03,0.049632660481976315,0.9994890502774565
0.04,0.049510814678283215,0.9993182328740933
0.05,0.04938926828275872,0.9991471660920581
0.06,0.049268020483597554,0.9989758508234456
0.07,0.04914707051054026,0.9988042879148702
0.08,0.04902641759332741,0.9986324782129462
0.09,0.048906060961699555,0.9984604225642881
0.1,0.04878599984539727,0.9982881218155101
0.11,0.0486662334741611,0.9981155768132266
0.12,0.048546761077731614,0.997942788404052
0.13,0.04842758188584937,0.9977697574346008
0.14,0.04830869512825494,0.9975964847514872
0.15,0.04819010003468887,0.9974229712013256
0.16,0.048071795837836426,0.9972492176274613
0.17,0.0479537819912728,0.9970752246280182
0.18,0.04783605790434522,0.9969009928502198
0.19,0.047718622862970524,0.9967265230783164
0.2,0.047601476153065585,0.9965518160965581
0.21,0.047484617060547255,0.9963768726891948
0.22,0.04736804487133239,0.9962016936404768
0.23,0.04725175887133787,0.9960262797346543
0.24,0.04713575834648053,0.9958506317559773
0.25,0.047020042582677245,0.9956747504886959
0.26,0.04690461086584487,0.9954986367170603
0.27,0.04678946248190025,0.9953222912253206
0.28,0.046674596716760275,0.9951457147977268
0.29,0.04656001291392688,0.9949689081534124
0.3,0.04644571044935199,0.9947918719748162
0.31,0.04633168863038714,0.9946146070219501
0.32,0.04621794676400978,0.994437114055249
0.33,0.046104484157197374,0.994259393835148
0.34,0.04599130011692735,0.994081447122082
0.35000000000000003,0.04587839395017717,0.9939032746764859
0.36,0.04576576496392427,0.9937248772587944
0.37,0.0456534124651461,0.9935462556294428
0.38,0.04554133576082012,0.9933674105488658
0.39,0.04542953415792376,0.9931883427774983
0.4,0.04531800696343448,0.9930090530757755
0.41000000000000003,0.045206754735097714,0.992829540789936
0.42,0.0450957740746368,0.9926498097391434
0.43,0.04498506599588481,0.9924698587539554
0.44,0.044874629809534286,0.9922896885906065
0.45,0.0447644648279539,0.992109300003436
0.46,0.044654570365188405,0.9919286937448881
0.47000000000000003,0.04454494573695869,0.9917478705655118
0.48,0.044435590260661746,0.991566831213961
0.49,0.04432650325537067,0.9913855764369948
0.5,0.04421768404183468,0.9912041069794766
0.51,0.04410913194247909,0.9910224235843751
0.52,0.04400084628140535,0.9908405269927639
0.53,0.043892826400727294,0.990658417925355
0.54,0.043785071726972456,0.9904760970074403
0.55,0.04367758161643147,0.9902935649437059
0.56,0.043570355412804525,0.9901108224530693
0.5700000000000001,0.043463392461862205,0.989927870252107
0.58,0.04335669211144549,0.9897447090550553
0.59,0.043250253711465715,0.9895613395738091
0.6,0.04314407661390464,0.9893777625179228
0.61,0.04303816017281439,0.9891939785946099
0.62,0.042932503744317466,0.989009988508743
0.63,0.042827106686606796,0.9888257929628543
0.64,0.04272196835994564,0.9886413926571349
0.65,0.042617088126667695,0.988456788289435
0.66,0.04251246535117701,0.9882719805552642
0.67,0.042408099399948024,0.9880869701477913
0.68,0.04230398964152558,0.9879017577578443
0.6900000000000001,0.0422001354465249,0.9877163440739102
0.7000000000000001,0.04209653618763158,0.9875307297821355
0.71,0.041993191239601615,0.9873449155663258
0.72,0.04189009997926138,0.9871589021079457
0.73,0.04178726178550764,0.9869726900861193
0.74,0.04168467603930755,0.9867862801776297
0.75,0.041582342123698636,0.9865996730569193
0.76,0.04148025942378883,0.9864128693960899
0.77,0.04137842732675644,0.9862258698649019
0.78,0.04127684522185015,0.9860386751307755
0.79,0.04117551250038906,0.9858512858587899
0.8,0.041074428555762627,0.9856637027116834
0.81,0.0409735927834307,0.9854759263498537
0.8200000000000001,0.04087300458092353,0.9852879574313576
0.8300000000000001,0.04077266334784174,0.9850997966119109
0.84,0.04067256845611995,0.9849114445785542
0.85,0.04057271924646723,0.9847229020536818
0.86,0.04047311511432678,0.9845341696977261
0.87,0.040373755458416344,0.984345248167415
0.88,0.040274639679246424,0.9841561381174498
0.89,0.04017576717912027,0.983966840200506
0.9,0.040077137362133905,0.9837773550672317
0.91,0.039978749634176095,0.9835876833662495
0.92,0.039880603402928365,0.9833978257441546
0.93,0.039782698077865,0.9832077828455164
0.9400000000000001,0.039685033070253034,0.9830175553128773
0.9500000000000001,0.03958760779315226,0.9828271437867536
0.96,0.03949042166141524,0.9826365489056349
0.97,0.03939347409168726,0.9824457713059844
0.98,0.03929676450240639,0.9822548116222388
0.99,0.03920029231380345,0.9820636704868083
1.0,0.03910405694790201,0.9818723485300767
1.01,0.0390080578285184,0.981680846380401
1.02,0.0389122943812617,0.9814891646641121
1.03,0.03881676603353376,0.9812973040055142
1.04,0.03872147221452918,0.9811052650268852
1.05,0.03862641235523529,0.9809130483484763
1.06,0.038531585888432224,0.9807206545885122
1.07,0.03843699224869283,0.9805280843631914
1.08,0.038342630872382745,0.9803353382866855
1.09,0.03824850119766033,0.9801424169711401
1.1,0.038154602664476726,0.9799493210266739
1.11,0.03806093471457582,0.9797560510613793
1.12,0.03796749679149425,0.9795626076813222
1.1300000000000001,0.037874288340561425,0.9793689914905419
1.1400000000000001,0.037781308808067016,0.9791752030919937
1.1500000000000001,0.037688557571304425,0.9789812431667366
1.16,0.03759603402687681,0.9787871123739745
1.17,0.03750373761557142,0.9785928113228998
1.18,0.03741166777960585,0.9783983406210883
1.19,0.037319823962627945,0.9782037008745001
1.2,0.037228205609715855,0.9780088926874787
1.21,0.037136812167378006,0.9778139166627516
1.22,0.037045643083553126,0.9776187734014302
1.23,0.03695469780761022,0.9774234635030095
1.24,0.036863975790348606,0.9772279875653684
1.25,0.03677347648399786,0.9770323461847698
1.26,0.03668319934221787,0.97683653995586
1.27,0.036593143820098796,0.9766405694716693
1.28,0.036503309374161096,0.9764444353236122
1.29,0.03641369546235552,0.9762481381014865
1.3,0.0363243015440631,0.976051678393474
1.31,0.03623512708009517,0.97585505678614
1.32,0.03614617153269333,0.9756582738644344
1.33,0.036057434365529495,0.9754613302116901
1.34,0.03596891504370585,0.9752642264096242
1.35,0.035880613033754866,0.9750669630383375
1.36,0.03579252780363933,0.9748695406763146
1.37,0.03570465882275229,0.9746719599004241
1.3800000000000001,0.0356170055619171,0.9744742212859182
1.3900000000000001,0.0355295674933874,0.974276325406433
1.4000000000000001,0.035442344090847094,0.9740782728339883
1.41,0.035355334829410424,0.973880064138988
1.42,0.03526853918562188,0.9736816998902194
1.43,0.035181956637456255,0.9734831806548538
1.44,0.03509558666431863,0.9732845069984465
1.45,0.03500942874415477,0.973085679488215
1.46,0.03492348233450032,0.9728866987145403
1.47,0.034837746910829435,0.9726875652474574
1.48,0.03475222195501096,0.9724882796497525
1.49,0.03466690695024418,0.9722888424827089
1.5,0.03458180138105879,0.972089254306107
1.51,0.03449690473331496,0.9718895156782242
1.52,0.03441221649420324,0.9716896271558353
1.53,0.03432773615224465,0.9714895892942119
1.54,0.034243463197290644,0.9712894026471228
1.55,0.03415939712052307,0.971089067766834
1.56,0.03407553741445426,0.9708885852041086
1.57,0.03399188357292693,0.9706879555082065
1.58,0.03390843509111426,0.9704871792268852
1.59,0.03382519146551986,0.970286256906399
1.6,0.03374215219397777,0.9700851890914993
1.61,0.03365931677565244,0.9698839763254348
1.62,0.03357668471103878,0.969682619149951
1.6300000000000001,0.033494255501962125,0.9694811181052908
1.6400000000000001,0.033412028651578246,0.9692794737301941
1.6500000000000001,0.033330003664373324,0.969077686561898
1.6600000000000001,0.03324818004616401,0.9688757571361364
1.67,0.03316655730409736,0.9686736859871407
1.68,0.033085134946650864,0.968471473647639
1.69,0.03300391248363246,0.968269120648857
1.7,0.0329228894261805,0.9680666275205171
1.71,0.032842065286763776,0.9678639947908391
1.72,0.032761439579181525,0.9676612229865394
1.73,0.032681011818563394,0.9674583126328323
1.74,0.03260078152136948,0.9672552642534284
1.75,0.032520748205390304,0.9670520783705361
1.76,0.032440912018665544,0.9668487547913152
1.77,0.03236127108429421,0.9666452956203462
1.78,0.032281825669473456,0.9664417005296112
1.79,0.03220257529283173,0.9662379700403939
1.8,0.03212351947431925,0.9660341046724847
1.81,0.03204465773520485,0.9658301049441848
1.82,0.03196598959807282,0.9656259713723094
1.83,0.03188751458681972,0.9654217044721913
1.84,0.03180923222665122,0.9652173047576849
1.85,0.031731142044078946,0.9650127727411691
1.86,0.0316532435669173,0.9648081089335516
1.87,0.0315755363242803,0.964603313844272
1.8800000000000001,0.0314980198465784,0.9643983879813056
1.8900000000000001,0.03142069366551534,0.964193331851167
1.9000000000000001,0.031343557314084954,0.9639881459589135
1.9100000000000001,0.03126661032656806,0.9637828308081491
1.92,0.031189852238529207,0.9635773869010277
1.93,0.03111328258681359,0.9633718147382568
1.94,0.031036900909543835,0.9631661148191013
1.95,0.030960706746116836,0.9629602876413867
1.96,0.030884699637200617,0.962754333701503
1.97,0.030808879124731126,0.9625482534944081
1.98,0.030733244751909097,0.9623420475136318
1.99,0.030657796063196876,0.9621357162512788
2.0,0.030582532604315246,0.9619292601980327
2.0100000000000002,0.030507453922240264,0.9617226798431595
2.02,0.0304325595652001,0.961515975674511
2.0300000000000002,0.030357849082671865,0.9613091481785287
2.04,0.030283322025378447,0.9611021978402475
2.05,0.030208977945285338,0.9608951251432986
2.06,0.030134816395568156,0.9606879305699468
2.07,0.03006083690793627,0.9604806146268173
2.08,0.029987039016583346,0.9602731778177229
2.09,0.029913422275684606,0.9600656206238138
2.1,0.029839986240566736,0.9598579435249408
2.11,0.029766730467703926,0.959650146999659
2.12,0.029693654514713837,0.9594422315252328
2.13,0.029620757940353598,0.9592341975776404
2.14,0.029548040304515796,0.9590260456315782
2.15,0.029475501168224463,0.9588177761604657
2.16,0.029403140093631066,0.9586093896364496
2.17,0.02933095664401051,0.9584008865304088
2.18,0.029258950383757098,0.9581922673119582
2.19,0.029187120878380567,0.9579835324494544
2.2,0.02911546769450202,0.9577746824099992
2.21,0.029043990399849975,0.9575657176594446
2.22,0.02897268856325631,0.9573566386623976
2.23,0.028901561754652277,0.9571474458822241
2.24,0.028830609545064487,0.9569381397810539
2.25,0.028759831506610895,0.9567287208197854
2.2600000000000002,0.02868922721249679,0.9565191894580894
2.27,0.028618796237010802,0.9563095461544149
2.2800000000000002,0.028548538155520862,0.9560997913659921
2.29,0.02847845254447022,0.9558899255488382
2.3000000000000003,0.02840853898137342,0.9556799491577617
2.31,0.028338797044812295,0.9554698626463661
2.32,0.028269226314431958,0.9552596664670558
2.33,0.02819982637093678,0.9550493610710395
2.34,0.0281305967960864,0.9548389469083355
2.35,0.0280615371726917,0.9546284244277756
2.36,0.027992647084610807,0.9544177940770103
2.37,0.027923926116745063,0.9542070563025131
2.38,0.027855373855035045,0.9539962115495846
2.39,0.02778698988645652,0.9537852602623579
2.4,0.027718773799016473,0.9535742028838025
2.41,0.027650725181749058,0.9533630398557288
2.42,0.02758284362471162,0.9531517716187935
2.43,0.027515128718980663,0.952940398612503
2.44,0.027447580056647866,0.9527289212752188
2.45,0.02738019723081603,0.9525173400441617
2.46,0.027312979835595125,0.9523056553554161
2.47,0.027245927466098222,0.9520938676439353
2.48,0.02717903971843753,0.9518819773435454
2.49,0.027112316189720355,0.95166998488695
2.5,0.027045756478045108,0.9514578907057347
2.5100000000000002,0.026979360182497285,0.951245695230372
2.52,0.026913126903145467,0.9510333988902253
2.5300000000000002,0.026847056241037295,0.9508210021135542
2.54,0.026781147798195477,0.9506085053275181
2.5500000000000003,0.026715401177613764,0.9503959089581814
2.56,0.026649815983252945,0.9501832134305181
2.57,0.026584391820036846,0.9499704191684158
2.58,0.026519128293848306,0.9497575265946809
2.59,0.026454025011525172,0.9495445361310426
2.6,0.026389081580856292,0.9493314481981578
2.61,0.02632429761057751,0.9491182632156157
2.62,0.02625967271036763,0.9489049816019418
2.63,0.02619520649084445,0.9486916037746032
2.64,0.02613089856356071,0.9484781301500125
2.65,0.026066748537841,0.9482645611471134
2.66,0.026002756021644213,0.9480508971864029
2.67,0.025938920628694462,0.9478371386818493
2.68,0.025875241973690746,0.947623286046321
2.69,0.025811719672231934,0.9474093396916724
2.7,0.02574835334081254,0.9471953000287483
2.71,0.025685142596818582,0.9469811674673884
2.72,0.025622087058523382,0.9467669424164321
2.73,0.025559186345083418,0.9465526252837236
2.74,0.02549644007653411,0.9463382164761164
2.75,0.02543384787378567,0.9461237163994779
2.7600000000000002,0.025371409358618913,0.9459091254586944
2.77,0.025309124153681084,0.9456944440576757
2.7800000000000002,0.025246991882481678,0.9454796725993596
2.79,0.025185012169388274,0.9452648114857174
2.8000000000000003,0.025123184639622327,0.9450498611177577
2.81,0.02506150891925504,0.9448348218955318
2.82,0.02499998463520314,0.9446196942181381
2.83,0.024938611415224722,0.944404478483727
2.84,0.02487738888791508,0.9441891750895057
2.85,0.02481631668270251,0.9439737844317426
2.86,0.024755394429844157,0.9437583069057724
2.87,0.024694621760421802,0.9435427429060007
2.88,0.024633998306337723,0.9433270928259089
2.89,0.0245735237003105,0.9431113570580585
2.9,0.02451319757587084,0.9428955359940961
2.91,0.02445301956735739,0.9426796300247586
2.92,0.024392989309912582,0.9424636395398772
2.93,0.02433310643947843,0.9422475649283824
2.94,0.02427337059279238,0.9420314065783086
2.95,0.024213781407383107,0.9418151648767997
2.96,0.024154338521566364,0.9415988402101125
2.97,0.024095041574440774,0.9413824329636225
2.98,0.024035890205883682,0.9411659435218277
2.99,0.02397688405654696,0.9409493722683546
3.0,0.023918022767852837,0.9407327195859617
3.0100000000000002,0.023859305981989723,0.9405159858565448
3.02,0.02380073334190803,0.9402991714611421
3.0300000000000002,0.023742304491315983,0.9400822767799379
3.04,0.023684019074675468,0.9398653021922686
3.0500000000000003,0.02362587673719783,0.9396482480766262
3.06,0.023567877124839723,0.9394311148106642
3.0700000000000003,0.023510019884298895,0.9392139027712014
3.08,0.023452304663010053,0.9389966123342273
3.09,0.02339473110914065,0.9387792438749062
3.1,0.02333729887158673,0.9385617977675828
3.11,0.02328000759996875,0.938344274385786
3.12,0.023222856944627383,0.9381266741022344
3.13,0.023165846556619376,0.9379089972888405
3.14,0.02310897608771333,0.9376912443167157
3.15,0.02305224519038556,0.9374734155561751
3.16,0.022995653517815892,0.9372555113767421
3.17,0.022939200723883512,0.9370375321471531
3.18,0.022882886463162756,0.9368194782353625
3.19,0.022826710390918967,0.9366013500085469
3.2,0.022770672163104286,0.9363831478331105
3.21,0.022714771436353504,0.9361648720746896
3.22,0.022659007867979856,0.9359465230981568
3.23,0.02260338113251317,0.9357281012488561
3.24,0.02254789093924983,0.9355096068326882
3.25,0.02249253695603712,0.935291040202593
3.2600000000000002,0.02243731884860632,0.9350724017139177
3.27,0.022382236283544105,0.9348536917210458
3.2800000000000002,0.02232728892829115,0.9346349105773982
3.29,0.02227247645114071,0.9344160586354352
3.3000000000000003,0.02221779852123723,0.9341971362466577
3.31,0.02216325480857493,0.9339781437616089
3.3200000000000003,0.022108844983996408,0.9337590815298763
3.33,0.022054568719191238,0.9335399499000925
3.34,0.022000425686694573,0.9333207492199376
3.35,0.021946415559885725,0.9331014798361402
3.36,0.02189253801298677,0.9328821420944793
3.37,0.02183879272106116,0.9326627363397858
3.38,0.021785179360012296,0.9324432629159443
3.39,0.021731697606582133,0.932223722165894
3.4,0.021678347138349794,0.9320041144316312
3.41,0.021625127633730132,0.9317844400542105
3.42,0.021572038771972366,0.9315646993737461
3.43,0.021519080233158645,0.9313448927294138
3.44,0.02146625169820267,0.9311250204594524
3.45,0.021413552848848275,0.9309050829011656
3.46,0.021360983367668028,0.9306850803909229
3.47,0.02130854293806183,0.9304650132641619
3.48,0.021256231244255516,0.9302448818553894
3.49,0.021204047971299437,0.9300246864981837
3.5,0.021151992805067077,0.9298044275251951
3.5100000000000002,0.02110006543225363,0.9295841052681483
3.52,0.021048265540374617,0.929363720057844
3.5300000000000002,0.020996592817764465,0.9291432722241598
3.54,0.020945046953575113,0.928922762096053
3.5500000000000003,0.02089362763777461,0.9287021900015606
3.56,0.020842334561145707,0.9284815562678023
3.5700000000000003,0.020791167415284455,0.9282608612209814
3.58,0.02074012589259881,0.9280401051863864
3.59,0.02068920968630722,0.9278192884883929
3.6,0.020638418490437214,0.9275984114504651
3.61,0.02058775199982403,0.9273774743951568
3.62,0.02053720991010918,0.927156477644114
3.63,0.02048679191773906,0.9269354215180758
3.64,0.020436497719963545,0.9267143063368762
3.65,0.020386327014834598,0.9264931324194456
3.66,0.020336279501204833,0.9262719000838127
3.67,0.02028635487872616,0.9260506096471053
3.68,0.02023655284784834,0.9258292614255529
3.69,0.020186873097838773,0.9256078557480792
3.7,0.020137315315326542,0.9253863929466081
3.71,0.02008787920097947,0.9251648733371407
3.72,0.020038564456204486,0.9249432972348468
3.73,0.01998937078312335,0.924721664954091
3.74,0.019940297884570156,0.9244999768084367
3.75,0.019891345464088894,0.9242782331106478
3.7600000000000002,0.019842513225930947,0.9240564341726927
3.77,0.019793800875052663,0.923834580305746
3.7800000000000002,0.01974520811711286,0.9236126718201918
3.79,0.019696734658470397,0.9233907090256268
3.8000000000000003,0.019648380206181662,0.9231686922308623
3.81,0.019600144467998137,0.9229466217439277
3.8200000000000003,0.01955202715236393,0.922724497872073
3.83,0.0195040279684133,0.9225023209217716
3.84,0.0194561466259682,0.9222800911987232
3.85,0.01940838283553581,0.9220578090078565
3.86,0.019360736308306054,0.921835474653332
3.87,0.01931320675614917,0.9216130884385448
3.88,0.019265793891613214,0.9213906506661276
3.89,0.0192184974279216,0.9211681616379531
3.9,0.01917131707897065,0.9209456216551372
3.91,0.019124252559327114,0.9207230310180413
3.92,0.0190773035842257,0.9205003900262759
3.93,0.01903046986956663,0.9202776989787026
3.94,0.018983751131913144,0.9200549581734371
3.95,0.01893714708848907,0.9198321679078524
3.96,0.01889065745717633,0.919609328478581
3.97,0.01884428195651248,0.9193864401815183
3.98,0.01879802030568826,0.9191635033118247
3.99,0.01875187222454511,0.9189405181639292
4.0,0.018705837433572712,0.9187174850315315
4.01,0.01865991565390653,0.9184944042076053
4.0200000000000005,0.01861410660732532,0.9182712759844006
4.03,0.018568410016248715,0.918048100653447
4.04,0.0185228256037347,0.9178248785055563
4.05,0.018477353093477186,0.917601609830825
4.0600000000000005,0.01843199220980353,0.9173782949186375
4.07,0.018386742677672072,0.9171549340576689
4.08,0.018341604222669672,0.9169315275358876
4.09,0.01829657657100924,0.916708075640558
4.1,0.01825165944952727,0.9164845786582435
4.11,0.018206852585681374,0.9162610368748094
4.12,0.018162155707547832,0.9160374505754254
4.13,0.01811756854381911,0.9158138200445687
4.14,0.01807309082421263,0.9155901455655596
4.15,0.01802872229064197,0.9153664274078847
4.16,0.01798446268023493,0.9151426658464679
4.17,0.017940311725595622,0.9149188611613738
4.18,0.017896269159983193,0.91469501363193
4.19,0.01785233471731006,0.9144711235367293
4.2,0.01780850813214019,0.9142471911536322
4.21,0.017764789139687324,0.9140232167597677
4.22,0.01772117747581327,0.9137992006315365
4.23,0.017677672877026117,0.9135751430446123
4.24,0.017634275080478542,0.9133510442739438
4.25,0.017590983823966032,0.9131269045937569
4.26,0.017547798845925142,0.9129027242775567
4.2700000000000005,0.017504719885431765,0.9126785035981292
4.28,0.01746174668219939,0.9124542428275434
4.29,0.017418878976577342,0.9122299422371535
4.3,0.017376116509549056,0.9120056020976005
4.3100000000000005,0.017333459022730317,0.9117812226788145
4.32,0.017290906258367544,0.9115568042500165
4.33,0.017248457959336008,0.9113323470797204
4.34,0.017206113869138128,0.911107851435735
4.3500000000000005,0.01716387373190169,0.9108833175851662
4.36,0.01712173729237815,0.9106587457944182
4.37,0.017079704295940842,0.9104341363291966
4.38,0.017037774488583263,0.9102094894545095
4.39,0.01699594761691733,0.90998480543467
4.4,0.016954223428171617,0.9097600845332976
4.41,0.016912601670189643,0.909535327013321
4.42,0.0168710820914281,0.9093105331369791
4.43,0.01682966444095512,0.9090857031658239
4.44,0.016788348468448535,0.9088608373607221
4.45,0.016747133924194135,0.9086359359818567
4.46,0.016706020559083917,0.9084109992887295
4.47,0.016665008124614345,0.908186027540163
4.48,0.016624096372884607,0.9079610209943021
4.49,0.016583285056594878,0.9077359799086163
4.5,0.016542573929044565,0.9075109045399018
4.51,0.016501962744130575,0.9072857951442831
4.5200000000000005,0.01646145125634556,0.9070606519772152
4.53,0.01642103922077619,0.9068354752934856
4.54,0.016380726393101393,0.9066102653472164
4.55,0.016340512529590616,0.906385022391866
4.5600000000000005,0.01630039738710209,0.9061597466802309
4.57,0.01626038072308109,0.9059344384644485
4.58,0.016220462295558163,0.9057090979959982
4.59,0.01618064186314742,0.9054837255257037
4.6000000000000005,0.016140919185432295,0.9052583213032952
4.61,0.01610129402484634,0.9050328855752737
4.62,0.016061766142478704,0.9048074185896736
4.63,0.016022335299549776,0.904581920594387
4.64,0.01598300125786478,0.9043563918366488
4.65,0.01594376377981218,0.9041308325630388
4.66,0.015904622628362095,0.9039052430194832
4.67,0.015865577567064672,0.9036796234512563
4.68,0.015826628360048486,0.9034539741029827
4.69,0.015787774772018957,0.9032282952186387
4.7,0.01574901656825673,0.9030025870415548
4.71,0.01571035351461609,0.9027768498144165
4.72,0.015671785377523322,0.9025510837792672
4.73,0.015633311923975157,0.902325289177509
4.74,0.01559493292153714,0.9020994662499054
4.75,0.015556648138342037,0.9018736152365826
4.76,0.015518457343088224,0.9016477363770314
4.7700000000000005,0.015480360305038094,0.9014218299101091
4.78,0.015442356794016454,0.9011958960740413
4.79,0.01540444658040892,0.9009699351064236
4.8,0.01536662943516031,0.9007439472442237
4.8100000000000005,0.015328905129773045,0.9005179327237828
4.82,0.01529127343630556,0.9002918917808178
4.83,0.015253734127370678,0.9000658246504231
4.84,0.01521628697613402,0.8998397315670719
4.8500000000000005,0.015178931756312403,0.8996136127646186
4.86,0.015141668242172243,0.8993874684763007
4.87,0.015104496208527936,0.8991612989347398
4.88,0.01506741543074027,0.8989351043719445
4.89,0.01503042568471482,0.8987088850193111
4.9,0.014993526746900333,0.8984826411076264
4.91,0.014956718394287156,0.898256372867069
4.92,0.014920000404405595,0.8980300805272113
4.93,0.014883372555324343,0.897803764317021
4.94,0.014846834625648857,0.8975774244648633
4.95,0.014810386394519775,0.8973510611985026
4.96,0.014774027641611296,0.8971246747451043
4.97,0.014737758147129588,0.8968982653312364
4.98,0.014701577691811176,0.8966718331828719
4.99,0.01466548605692136,0.8964453785253899
5.0,0.014629483024252586,0.8962189015835778
5.01,0.014593568376122861,0.8959924025816333
5.0200000000000005,0.014557741895374142,0.8957658817431657
5.03,0.014522003365370748,0.8955393392911983
5.04,0.014486352569997737,0.8953127754481698
5.05,0.014450789293659318,0.8950861904359361
5.0600000000000005,0.014415313322155588,0.8948595844747753
5.07,0.014379924443310111,0.8946329577826758
5.08,0.014344622443452063,0.8944063105793283
5.09,0.014309407109322185,0.894179643083963
5.1000000000000005,0.014274278228181853,0.8939529555152261
5.11,0.014239235587811608,0.8937262480911807
5.12,0.01420427897650967,0.8934995210293093
5.13,0.01416940818309049,0.8932727745465145
5.14,0.014134622996883263,0.8930460088591218
5.15,0.01409992320773047,0.8928192241828803
5.16,0.014065308605986409,0.8925924207329649
5.17,0.014030778982515714,0.8923655987239777
5.18,0.013996334128691898,0.8921387583699499
5.19,0.013961973836395877,0.8919118998843434
5.2,0.013927697898014508,0.8916850234800522
5.21,0.013893506106439107,0.8914581293694044
5.22,0.013859398255063991,0.8912312177641638
5.23,0.013825374137785002,0.8910042888755314
5.24,0.013791433548998047,0.8907773429141472
5.25,0.013757576283597618,0.890550380090092
5.26,0.013723802136975324,0.8903234006128887
5.2700000000000005,0.013690110905018423,0.8900964046915042
5.28,0.01365650238410837,0.8898693925343512
5.29,0.01362297637111931,0.8896423643492894
5.3,0.013589532663416648,0.8894153203436279
5.3100000000000005,0.013556171058855546,0.8891882607241262
5.32,0.013522891355779488,0.8889611856969959
5.33,0.013489693353018778,0.888734095467903
5.34,0.013456576849889094,0.8885069902419689
5.3500000000000005,0.01342354164619,0.8882798702237721
5.36,0.013390587542203502,0.8880527356173507
5.37,0.013357714338692548,0.8878255866262026
5.38,0.013324921836899583,0.8875984234532888
5.39,0.013292209838545064,0.8873712463010336
5.4,0.013259578145826003,0.8871440553713275
5.41,0.013227026561414494,0.8869168508655277
5.42,0.013194554888456235,0.8866896329844611
5.43,0.013162162930569066,0.8864624019284246
5.44,0.0131298504918415,0.8862351578971878
5.45,0.013097617376831258,0.8860079010899937
5.46,0.013065463390563787,0.8857806317055618
5.47,0.013033388338530802,0.8855533499420881
5.48,0.01300139202668881,0.885326055997248
5.49,0.012969474261457647,0.8850987500681975
5.5,0.012937634849719003,0.8848714323515746
5.51,0.012905873598814954,0.8846441030435016
5.5200000000000005,0.01287419036192541,0.8844167622880765
5.53,0.012842584857812594,0.8841894103819818
5.54,0.012811056944847073,0.8839620474634368
5.55,0.01277960643251654,0.8837346737261541
5.5600000000000005,0.012748233130777973,0.8835072893633207
5.57,0.012716936850056182,0.8832798945675986
5.58,0.01268571740124234,0.8830524895311271
5.59,0.012654574595692556,0.8828250744455245
5.6000000000000005,0.012623508245226412,0.8825976495018892
5.61,0.012592518162125543,0.882370214890802
5.62,0.012561604159132177,0.8821427708023272
5.63,0.012530766049447726,0.8819153174260143
5.64,0.012500003646731336,0.8816878549508999
5.65,0.012469316765098479,0.8814603835655093
5.66,0.012438705219119526,0.8812329034578575
5.67,0.012408168823818325,0.8810054148154519
5.68,0.012377707394670798,0.8807779178252928
5.69,0.01234732074760352,0.8805504126738756
5.7,0.012317008698992323,0.8803228995471921
5.71,0.012286771065660895,0.8800953786307327
5.72,0.012256607664879373,0.8798678501094872
5.73,0.012226518314362953,0.8796403141679466
5.74,0.012196502832270513,0.8794127709901052
5.75,0.012166561037203203,0.8791852207594613
5.76,0.012136692748203087,0.8789576636590196
5.7700000000000005,0.012106897784751743,0.8787300998712924
5.78,0.012077175966768912,0.8785025295783007
5.79,0.012047527114611106,0.8782749529615768
5.8,0.01201795104907025,0.8780473702021647
5.8100000000000005,0.01198844759137232,0.8778197814806228
5.82,0.011959016563175995,0.8775921869770242
5.83,0.011929657786571273,0.8773645868709595
5.84,0.011900371084078152,0.8771369813415373
5.8500000000000005,0.011871156278645257,0.8769093705673862
5.86,0.011842013193648518,0.8766817547266562
5.87,0.011812941652889817,0.8764541339970207
5.88,0.011783941480595654,0.876226508555677
5.89,0.01175501250141582,0.8759988785793488
5.9,0.011726154540422062,0.8757712442442871
5.91,0.011697367423106774,0.8755436057262721
5.92,0.011668650975381655,0.8753159632006143
5.93,0.01164000502357641,0.8750883168421566
5.94,0.011611429394437428,0.8748606668252747
5.95,0.011582923915126485,0.87463301332388
5.96,0.011554488413219429,0.8744053565114197
5.97,0.01152612271683285,0.8741776965607343
5.98,0.011497826657177393,0.8739500336411583
5.99,0.011469600064409436,0.8737223679232295
6.0,0.011441442768017823,0.8734946995782501
6.01,0.011413354597907613,0.8732670287770556
6.0200000000000005,0.011385335384398957,0.8730393556900177
6.03,0.011357384958225962,0.8728116804870437
6.04,0.01132950315053557,0.8725840033375797
6.05,0.011301689792886444,0.8723563244106102
6.0600000000000005,0.011273944717247854,0.8721286438746604
6.07,0.011246267755998574,0.8719009618977969
6.08,0.011218658741925772,0.8716732786476294
6.09,0.011191117508223918,0.8714455942913117
6.1000000000000005,0.011163643888493693,0.8712179089955429
6.11,0.011136237716740903,0.8709902229265685
6.12,0.011108898827375393,0.870762536250182
6.13,0.01108162705520997,0.8705348491317259
6.140000000000001,0.011054422235459334,0.870307161736093
6.15,0.011027284203739012,0.8700794742277276
6.16,0.011000212796064293,0.8698517867706264
6.17,0.010973207848849174,0.8696240995283402
6.18,0.0109462691989053,0.8693964126639747
6.19,0.010919396683440928,0.869168726340192
6.2,0.010892590140059884,0.8689410407192115
6.21,0.01086584940676052,0.8687133559628113
6.22,0.010839174321934679,0.8684856722323291
6.23,0.010812564724366678,0.8682579896886635
6.24,0.01078602045323229,0.8680303084922755
6.25,0.010759541348097708,0.8678026288031889
6.26,0.010733127248918548,0.8675749507809923
6.2700000000000005,0.010706777996038837,0.8673472745848396
6.28,0.01068049343019002,0.8671196003734515
6.29,0.010654273392489949,0.8668919283051161
6.3,0.010628117724441897,0.8666642585376909
6.3100000000000005,0.010602026267933575,0.8664365912286032
6.32,0.010575998865236153,0.8662089265348515
6.33,0.010550035359003267,0.8659812646130064
6.34,0.010524135592270065,0.8657536056192122
6.3500000000000005,0.01049829940845223,0.8655259497091872
6.36,0.010472526651345022,0.8652982970382257
6.37,0.010446817165122324,0.8650706477611981
6.38,0.010421170794335683,0.8648430020325532
6.390000000000001,0.010395587383913362,0.8646153600063177
6.4,0.010370066779159418,0.8643877218360989
6.41,0.010344608825752737,0.8641600876750847
6.42,0.010319213369746122,0.8639324576760449
6.43,0.010293880257565358,0.8637048319913323
6.44,0.01026860933600829,0.8634772107728841
6.45,0.010243400452243917,0.863249594172222
6.46,0.010218253453811464,0.8630219823404545
6.47,0.010193168188619487,0.8627943754282765
6.48,0.010168144504944963,0.8625667735859718
6.49,0.010143182251432407,0.862339176963413
6.5,0.010118281277092961,0.8621115857100629
6.51,0.010093441431303524,0.8618839999749756
6.5200000000000005,0.01006866256380586,0.8616564199067974
6.53,0.010043944524705733,0.8614288456537678
6.54,0.010019287164472016,0.8612012773637204
6.55,0.009994690333935845,0.8609737151840842
6.5600000000000005,0.00997015388428974,0.8607461592618839
6.57,0.009945677667086768,0.8605186097437418
6.58,0.00992126153423967,0.860291066775878
6.59,0.009896905338020031,0.8600635305041118
6.6000000000000005,0.009872608931057425,0.8598360010738623
6.61,0.009848372166338593,0.8596084786301497
6.62,0.009824194897648032,0.859380963317095
6.63,0.00980007698084908,0.859153455276466
6.640000000000001,0.009776018270443427,0.8589259546515824
6.65,0.009752018621028669,0.8586984615856613
6.66,0.0097280778875615,0.8584709762215185
6.67,0.009704195925357017,0.8582434987015691
6.68,0.009680372590088027,0.858016029167829
6.69,0.009656607737784349,0.8577885677619149
6.7,0.00963290122483214,0.8575611146250453
6.71,0.009609252907973206,0.8573336698980413
6.72,0.009585662644304329,0.8571062337213277
6.73,0.009562130291276609,0.8568788062349331
6.74,0.009538655706694802,0.8566513875784914
6.75,0.009515238748716652,0.8564239778912416
6.76,0.009491879275852252,0.8561965773120296
6.7700000000000005,0.0094685771469634,0.855969185979308
6.78,0.009445332221262958,0.8557418040311376
6.79,0.009422144358314219,0.8555144316051876
6.8,0.009399013418030282,0.8552870688387362
6.8100000000000005,0.009375939260673429,0.8550597158686718
6.82,0.00935292174685452,0.8548323728314937
6.83,0.009329960737532363,0.8546050398633119
6.84,0.009307056094013135,0.8543777170998491
6.8500000000000005,0.009284207677949768,0.8541504046764403
6.86,0.009261415351341364,0.8539231027280338
6.87,0.009238678976532607,0.8536958113891925
6.88,0.009215998416213182,0.8534685307940932
6.890000000000001,0.0091933735334172,0.8532412610765286
6.9,0.009170804191522643,0.8530140023699074
6.91,0.009148290254250773,0.8527867548072545
6.92,0.009125831585665604,0.8525595185212126
6.93,0.009103428050173333,0.8523322936440416
6.94,0.0090810795125218,0.8521050803076207
6.95,0.009058785837799956,0.8518778786434474
6.96,0.00903654689143731,0.8516506887826396
6.97,0.009014362539203425,0.8514235108559352
6.98,0.008992232647207372,0.8511963449936928
6.99,0.008970157081897237,0.8509691913258929
7.0,0.00894813571005959,0.8507420499821378
7.01,0.008926168398818995,0.8505149210916525
7.0200000000000005,0.0089042550156375,0.850287804783285
7.03,0.008882395428314155,0.8500607011855076
7.04,0.008860589504984511,0.8498336104264163
7.05,0.008838837114120153,0.8496065326337322
7.0600000000000005,0.008817138124528213,0.8493794679348018
7.07,0.008795492405350908,0.8491524164565976
7.08,0.008773899826065065,0.8489253783257185
7.09,0.00875236025648168,0.8486983536683901
7.1000000000000005,0.008730873566745442,0.8484713426104659
7.11,0.008709439627334316,0.8482443452774271
7.12,0.008688058309059069,0.8480173617943835
7.13,0.008666729483062859,0.8477903922860738
7.140000000000001,0.008645453020820794,0.8475634368768662
7.15,0.008624228794139521,0.8473364956907589
7.16,0.008603056675156788,0.8471095688513804
7.17,0.00858193653634105,0.8468826564819902
7.18,0.00856086825049105,0.8466557587054789
7.19,0.008539851690735433,0.8464288756443692
7.2,0.008518886730532338,0.8462020074208159
7.21,0.008497973243669011,0.8459751541566063
7.22,0.008477111104261432,0.8457483159731611
7.23,0.008456300186753925,0.8455214929915345
7.24,0.008435540365918797,0.8452946853324143
7.25,0.008414831516855965,0.8450678931161231
7.26,0.0083941735149926,0.8448411164626181
7.2700000000000005,0.00837356623251889,0.844614355495537
7.28,0.008353009539366586,0.8443876103410876
7.29,0.008332503311239664,0.8441608811189316
7.3,0.008312047424227227,0.8439341679482997
7.3100000000000005,0.008291641754723555,0.8437074709480826
7.32,0.00827128617942743,0.8434807902368315
7.33,0.00825098057534146,0.8432541259327591
7.34,0.008230724819771414,0.8430274781537398
7.3500000000000005,0.008210518790325552,0.8428008470173113
7.36,0.008190362364913965,0.8425742326406748
7.37,0.008170255421747909,0.8423476351406957
7.38,0.008150197839339155,0.8421210546339046
7.390000000000001,0.008130189496499325,0.8418944912364982
7.4,0.008110230272339257,0.8416679450643394
7.41,0.008090320046268336,0.8414414162329586
7.42,0.008070458697993867,0.8412149048575542
7.43,0.008050646107520426,0.8409884110529936
7.44,0.008030882155149223,0.8407619349338133
7.45,0.008011166721477466,0.8405354766142203
7.46,0.007991499687397732,0.8403090362080925
7.47,0.00797188093409733,0.8400826138289794
7.48,0.007952310343057685,0.8398562095901029
7.49,0.007932787796053718,0.8396298236043579
7.5,0.007913313175153208,0.839403455984313
7.51,0.007893886362716193,0.8391771068422115
7.5200000000000005,0.007874507241394353,0.8389507762899716
7.53,0.007855175694130401,0.8387244644391876
7.54,0.00783589160415747,0.8384981714011299
7.55,0.007816654854998512,0.8382718972867467
7.5600000000000005,0.007797465330465702,0.8380456422066634
7.57,0.007778322914659839,0.8378194062711848
7.58,0.0077592274919697475,0.8375931895902943
7.59,0.0077401789470716905,0.8373669922736554
7.6000000000000005,0.0077211771649287764,0.8371408144306122
7.61,0.007702222030790388,0.83691465617019
7.62,0.007683313430191583,0.8366885176010961
7.63,0.007664451248952525,0.8364623988317202
7.640000000000001,0.007645635373177908,0.8362362999701355
7.65,0.007626865689256387,0.8360102211240986
7.66,0.00760814208386,0.8357841624010509
7.67,0.007589464443943609,0.835558123908119
7.68,0.007570832656744337,0.835332105752115
7.69,0.007552246609781006,0.8351061080395377
7.7,0.007533706190853587,0.8348801308765726
7.71,0.007515211288042635,0.8346541743690933
7.72,0.007496761789708748,0.8344282386226611
7.73,0.00747835758449202,0.834202323742527
7.74,0.0074599985613114945,0.8339764298336307
7.75,0.007441684609364624,0.8337505570006026
7.76,0.007423415618126733,0.8335247053477636
7.7700000000000005,0.007405191477350481,0.8332988749791259
7.78,0.007387012077065343,0.8330730659983939
7.79,0.007368877307577063,0.8328472785089642
7.8,0.007350787059467145,0.8326215126139269
7.8100000000000005,0.007332741223592321,0.8323957684160656
7.82,0.007314739691084041,0.8321700460178582
7.83,0.007296782353347952,0.8319443455214774
7.84,0.007278869102063386,0.8317186670287919
7.8500000000000005,0.00726099982918285,0.831493010641366
7.86,0.007243174426931528,0.8312673764604606
7.87,0.007225392787806768,0.8310417645870339
7.88,0.007207654804577589,0.8308161751217421
7.890000000000001,0.0071899603702841805,0.8305906081649392
7.9,0.007172309378237412,0.8303650638166787
7.91,0.007154701721959023,0.8301395421767803
7.92,0.0071371372927904655,0.8299140433475453
7.930000000000001,0.007119615983342287,0.8296885674298399
7.94,0.007102137687745943,0.8294631145228106
7.95,0.007084702300392919,0.8292376847253146
7.96,0.007067309715934126,0.8290122781359207
7.97,0.007049959829279284,0.82878689485291
7.98,0.007032652535596302,0.828561534974277
7.99,0.00701538773031068,0.8283361985977294
8.0,0.006998165309104886,0.8281108858206898
8.01,0.00698098516791776,0.8278855967402956
8.02,0.006963847202943902,0.8276603314534001
8.03,0.006946751310633075,0.8274350900565732
8.040000000000001,0.0069296973876895995,0.8272098726461016
8.05,0.006912685331071765,0.8269846793179902
8.06,0.006895715037991216,0.8267595101679623
8.07,0.006878786405912378,0.8265343652914603
8.08,0.006861899332551847,0.8263092447836465
8.09,0.006845053715877811,0.8260841487394036
8.1,0.006828249454109462,0.8258590772533358
8.11,0.0068114864457164016,0.8256340304197688
8.120000000000001,0.006794764589418062,0.825409008332751
8.13,0.006778083784183132,0.825184011086054
8.14,0.006761443929228962,0.8249590387731731
8.15,0.006744844924020996,0.824734091487328
8.16,0.006728286668272193,0.8245091693214639
8.17,0.006711769061942455,0.8242842723682514
8.18,0.006695292005238055,0.8240594007200877
8.19,0.006678855398611067,0.8238345544690969
8.2,0.006662459142758799,0.8236097337071311
8.21,0.0066461031386232244,0.8233849385257707
8.22,0.006629787287390431,0.8231601690163247
8.23,0.006613511490490042,0.8229354252698323
8.24,0.00659727564959467,0.8227107073770625
8.25,0.006581079666619354,0.8224860154285155
8.26,0.006564923443721009,0.8222613495144229
8.27,0.006548806883297867,0.8220367097247483
8.28,0.006532729887988932,0.8218120961491883
8.290000000000001,0.006516692360673426,0.8215875088771727
8.3,0.0065006942044702545,0.8213629479978655
8.31,0.006484735322737444,0.821138413600165
8.32,0.006468815619071609,0.8209139057727054
8.33,0.006452934997307414,0.8206894246038559
8.34,0.006437093361517031,0.8204649701817227
8.35,0.006421290616009604,0.8202405425941489
8.36,0.006405526665330717,0.8200161419287154
8.370000000000001,0.006389801414261854,0.8197917682727411
8.38,0.006374114767819885,0.8195674217132841
8.39,0.006358466631256522,0.8193431023371418
8.4,0.006342856910057798,0.8191188102308516
8.41,0.006327285509943548,0.8188945454806917
8.42,0.0063117523368668785,0.8186703081726816
8.43,0.006296257297013659,0.8184460983925823
8.44,0.006280800296801993,0.8182219162258976
8.45,0.006265381242881712,0.8179977617578741
8.46,0.00625000004213385,0.817773635073502
8.47,0.006234656601670153,0.8175495362575158
8.48,0.0062193508288325445,0.8173254653943947
8.49,0.006204082631192635,0.8171014225683629
8.5,0.006188851916551213,0.8168774078633912
8.51,0.0061736585929377365,0.8166534213631961
8.52,0.006158502568609842,0.8164294631512414
8.53,0.0061433837520528355,0.8162055333107389
8.540000000000001,0.006128302051979199,0.8159816319246477
8.55,0.006113257377328106,0.8157577590756765
8.56,0.006098249637139216,0.8155339148464252
8.57,0.00608327873997488,0.8153100993200423
8.58,0.006068344595241495,0.8150863125787235
8.59,0.00605344711270728,0.8148625547042604
8.6,0.00603858620236238,0.8146388257781981
8.61,0.006023761774418339,0.8144151258818371
8.620000000000001,0.006008973739307582,0.8141914550962324
8.63,0.0059942220076829025,0.8139678135021954
8.64,0.005979506490416931,0.8137442011802939
8.65,0.005964827098601631,0.8135206182108525
8.66,0.00595018374354778,0.8132970646739539
8.67,0.005935576336784463,0.8130735406494384
8.68,0.0059210047900585564,0.8128500462169055
8.69,0.005906469015334223,0.8126265814557139
8.700000000000001,0.005891968924792401,0.8124031464449821
8.71,0.005877504430830313,0.8121797412635895
8.72,0.005863075446060945,0.8119563659901762
8.73,0.005848681883312553,0.8117330207031441
8.74,0.005834323655628168,0.8115097054806573
8.75,0.0058200006762650905,0.8112864204006424
8.76,0.0058057128586944,0.8110631655407898
8.77,0.005791460116600458,0.8108399409785534
8.78,0.005777242363880417,0.8106167467911517
8.790000000000001,0.005763059514643729,0.8103935830555682
8.8,0.0057489114832116614,0.8101704498485518
8.81,0.0057347981841168,0.8099473472466179
8.82,0.005720719532102571,0.809724275326048
8.83,0.005706675442122758,0.8095012341628911
8.84,0.0056926658293410155,0.809278223832964
8.85,0.005678690609130392,0.8090552444118517
8.86,0.0056647496970728545,0.808832295974908
8.870000000000001,0.005650843008958802,0.8086093785972561
8.88,0.005636970460786607,0.8083864923537892
8.89,0.005623131968762126,0.8081636373191706
8.9,0.005609327449298238,0.8079408135678351
8.91,0.0055955568190143735,0.8077180211739884
8.92,0.005581819994736044,0.8074952602116088
8.93,0.0055681168934943815,0.8072725307544467
8.94,0.005554447432525668,0.8070498328760259
8.950000000000001,0.005540811529270875,0.8068271666496437
8.96,0.005527209101375214,0.8066045321483715
8.97,0.005513640066687657,0.8063819294450554
8.98,0.005500104343260497,0.8061593586123166
8.99,0.005486601849348883,0.8059368197225519
9.0,0.005473132503410372,0.8057143128479346
9.01,0.005459696224104475,0.8054918380604145
9.02,0.005446292930292208,0.8052693954317185
9.03,0.005432922541035641,0.8050469850333514
9.040000000000001,0.005419584975597456,0.8048246069365961
9.05,0.005406280153440501,0.8046022612125143
9.06,0.005393007994227345,0.8043799479319471
9.07,0.0053797684178198395,0.804157667165515
9.08,0.005366561344278675,0.8039354189836188
9.09,0.0053533866938629505,0.8037132034564403
9.1,0.00534024438702973,0.8034910206539421
9.11,0.005327134344433618,0.8032688706458688
9.120000000000001,0.005314056486926314,0.8030467535017471
9.13,0.005301010735556198,0.8028246692908865
9.14,0.005287997011567886,0.8026026180823793
9.15,0.0052750152364018175,0.8023805999451018
9.16,0.005262065331693816,0.8021586149477145
9.17,0.00524914721927468,0.801936663158662
9.18,0.00523626082116975,0.8017147446461744
9.19,0.005223406059598494,0.8014928594782675
9.200000000000001,0.005210582856974089,0.8012710077227426
9.21,0.005197791135491389,0.8010491894476554
9.22,0.005185030817032228,0.8008274047214222
9.23,0.005172301824474046,0.8006056536113355
9.24,0.005159604080911311,0.8003839361844473
9.25,0.0051469375096273055,0.800162252507601
9.26,0.005134302034093664,0.799940602647432
9.27,0.005121697577969927,0.7997189866703689
9.28,0.005109124065103083,0.7994974046426326
9.290000000000001,0.005096581419527113,0.7992758566302383
9.3,0.005084069565462552,0.799054342698995
9.31,0.005071588427316025,0.7988328629145064
9.32,0.005059137929679805,0.7986114173421716
9.33,0.00504671799733137,0.7983900060471849
9.34,0.005034328555232955,0.7981686290945372
9.35,0.005021969528531106,0.797947286549016
9.36,0.005009640842556242,0.7977259784752058
9.370000000000001,0.004997342422822209,0.7975047049374887
9.38,0.004985074195025849,0.7972834660000453
9.39,0.004972836085046552,0.7970622617268547
9.4,0.004960628018945825,0.7968410921816952
9.41,0.0049484499229668555,0.7966199574281445
9.42,0.004936301723534079,0.7963988575295807
9.43,0.004924183347252742,0.7961777925491825
9.44,0.004912094720908477,0.7959567625499298
9.450000000000001,0.004900035771466867,0.7957357675946037
9.46,0.004888006426073024,0.795514807745788
9.47,0.004876006612051158,0.7952938830658686
9.48,0.004864036256904147,0.7950729936170345
9.49,0.004852095288313121,0.7948521394612784
9.5,0.004840183634137036,0.7946313206603971
9.51,0.004828301222412252,0.7944105372759914
9.52,0.004816447981352115,0.7941897893694677
9.53,0.004804623839346536,0.7939690770020374
9.540000000000001,0.004792828724961573,0.7937484002347179
9.55,0.004781062566939025,0.7935277591283331
9.56,0.004769325294196005,0.7933071537435136
9.57,0.004757616835824532,0.7930865841406973
9.58,0.004745937121091121,0.79286605038013
9.59,0.004734286079436373,0.7926455525218657
9.6,0.004722663640474565,0.792425090625767
9.61,0.004711069733993242,0.792204664751506
9.620000000000001,0.004699504289952811,0.7919842749585638
9.63,0.0046879672384861435,0.7917639213062323
9.64,0.004676458509898161,0.7915436038536134
9.65,0.004664978034665439,0.7913233226596204
9.66,0.004653525743435811,0.7911030777829774
9.67,0.00464210156702796,0.7908828692822213
9.68,0.0046307054364310325,0.7906626972157006
9.69,0.00461933728280423,0.7904425616415769
9.700000000000001,0.004607997037476424,0.790222462617825
9.71,0.004596684631945762,0.7900024002022334
9.72,0.004585399997879269,0.7897823744524048
9.73,0.004574143067112462,0.7895623854257563
9.74,0.004562913771648961,0.78934243317952
9.75,0.004551712043660101,0.7891225177707436
9.76,0.004540537815484543,0.7889026392562908
9.77,0.004529391019627893,0.7886827976928411
9.78,0.0045182715887623175,0.7884629931368913
9.790000000000001,0.004507179455726158,0.788243225644755
9.8,0.004496114553523559,0.7880234952725638
9.81,0.0044850768153240775,0.787803802076267
9.82,0.004474066174462313,0.7875841461116324
9.83,0.004463082564437528,0.7873645274342471
9.84,0.004452125918913273,0.7871449460995169
9.85,0.004441196171714763,0.7869254021626704
9.86,0.00443029325656022,0.7867058956790631
9.870000000000001,0.004419417107394761,0.7864864267037992
9.88,0.00440856765850476,0.7862669952916008
9.89,0.004397744844338043,0.7860476014970128
9.9,0.004386948599503511,0.7858282453744032
9.91,0.004376178858770751,0.7856089269779633
9.92,0.004365435557069661,0.7853896463617077
9.93,0.0043547186294900665,0.7851704035794762
9.94,0.004344028011281342,0.7849511986849326
9.950000000000001,0.004333363637852033,0.784732031731566
9.96,0.004322725444769489,0.7845129027726911
9.97,0.004312113367759473,0.7842938118614484
9.98,0.0043015273427058,0.784074759050805
9.99,0.00429096730564996,0.7838557443935548
