t,VV7,VV6
0.0,0.00366525,0.0101913
0.01,0.003664368381424165,0.010191293032703485
0.02,0.0036634885243910786,0.010191286065413934
0.03,0.003662610425513279,0.010191279098131351
0.04,0.003661734080895672,0.010191272130855739
0.05,0.0036608594885419584,0.010191265163587091
0.06,0.0036599866445788825,0.01019125819632541
0.07,0.0036591155453362615,0.010191251229070698
0.08,0.003658246187143915,0.010191244261822953
0.09,0.0036573785663316606,0.010191237294582175
0.1,0.003656512679229317,0.010191230327348364
0.11,0.003655648522166703,0.01019122336012152
0.12,0.003654786091473637,0.010191216392901643
0.13,0.0036539253834799367,0.010191209425688734
0.14,0.003653066394515421,0.010191202458482792
0.15,0.003652209120909909,0.010191195491283818
0.16,0.003651353559006353,0.010191188524091808
0.17,0.003650499706132999,0.010191181556906768
0.18,0.0036496475594208115,0.010191174589728695
0.19,0.0036487971154501864,0.01019116762255759
0.2,0.00364794837080152,0.01019116065539345
0.21,0.003647101322055208,0.010191153688236278
0.22,0.0036462559657916465,0.010191146721086074
0.23,0.003645412298591232,0.010191139753942835
0.24,0.00364457031703436,0.010191132786806566
0.25,0.0036437300177014267,0.010191125819677262
0.26,0.003642891397172828,0.010191118852554927
0.27,0.0036420544520289607,0.010191111885439558
0.28,0.00364121917885022,0.010191104918331155
0.29,0.0036403855744419206,0.010191097951229721
0.3,0.0036395536357361202,0.010191090984135254
0.31,0.0036387233593969358,0.010191084017047753
0.32,0.003637894742087022,0.01019107704996722
0.33,0.0036370677804690352,0.010191070082893654
0.34,0.0036362424712056297,0.010191063115827055
0.35000000000000003,0.0036354188109594615,0.010191056148767422
0.36,0.0036345967963931853,0.010191049181714757
0.37,0.0036337764241694565,0.010191042214669058
0.38,0.003632957690950931,0.010191035247630327
0.39,0.0036321405934002632,0.010191028280598563
0.4,0.003631325128180109,0.010191021313573766
0.41000000000000003,0.0036305112968690084,0.010191014346555935
0.42,0.003629699085497175,0.010191007379545073
0.43,0.0036288884974357066,0.010191000412541175
0.44,0.00362807952936186,0.010190993445544246
0.45,0.0036272721779594804,0.010190986478554286
0.46,0.003626466439918999,0.01019097951157129
0.47000000000000003,0.003625662311937435,0.010190972544595263
0.48,0.0036248597907183964,0.0101909655776262
0.49,0.0036240588729720773,0.010190958610664106
0.5,0.0036232595554152604,0.010190951643708979
0.51,0.0036224618347713154,0.01019094467676082
0.52,0.0036216657077702,0.010190937709819626
0.53,0.0036208711712916917,0.0101909307428854
0.54,0.003620078222919602,0.01019092377595814
0.55,0.0036192868595694553,0.010190916809037848
0.56,0.0036184970780322803,0.010190909842124523
0.5700000000000001,0.0036177088751060435,0.010190902875218164
0.58,0.003616922247595652,0.010190895908318771
0.59,0.0036161371923129513,0.010190888941426347
0.6,0.0036153537060767244,0.01019088197454089
0.61,0.0036145717857126954,0.010190875007662397
0.62,0.0036137914280535257,0.010190868040790873
0.63,0.003613012629938816,0.010190861073926315
0.64,0.0036122353882151056,0.010190854107068726
0.65,0.0036114596997358734,0.010190847140218102
0.66,0.003610685561361537,0.010190840173374445
0.67,0.0036099129699594516,0.010190833206537755
0.68,0.0036091419224039125,0.010190826239708033
0.6900000000000001,0.0036083724155761545,0.010190819272885275
0.7000000000000001,0.0036076044463643495,0.010190812306069486
0.71,0.0036068380116636095,0.010190805339260664
0.72,0.0036060731083759853,0.010190798372458808
0.73,0.0036053097334104657,0.010190791405663919
0.74,0.0036045478836829797,0.010190784438875996
0.75,0.0036037875561163936,0.010190777472095042
0.76,0.003603028747640514,0.010190770505321052
0.77,0.003602271455192086,0.01019076353855403
0.78,0.003601515675714793,0.010190756571793975
0.79,0.0036007614061592578,0.010190749605040886
0.8,0.0036000086434830416,0.010190742638294765
0.81,0.003599257384650645,0.01019073567155561
0.8200000000000001,0.003598507626633507,0.010190728704823421
0.8300000000000001,0.0035977593664100064,0.0101907217380982
0.84,0.0035970126009654594,0.010190714771379946
0.85,0.0035962673272921224,0.010190707804668658
0.86,0.0035955235423891898,0.010190700837964337
0.87,0.0035947812432627958,0.010190693871266983
0.88,0.0035940404269260116,0.010190686904576593
0.89,0.00359330109039885,0.010190679937893172
0.9,0.0035925632307082602,0.010190672971216718
0.91,0.003591826844888132,0.01019066600454723
0.92,0.0035910919299792926,0.010190659037884709
0.93,0.0035903584830295097,0.010190652071229154
0.9400000000000001,0.003589626501093488,0.010190645104580566
0.9500000000000001,0.003588895981232873,0.010190638137938945
0.96,0.0035881669205162477,0.01019063117130429
0.97,0.003587439316019134,0.010190624204676603
0.98,0.003586713164823994,0.010190617238055881
0.99,0.003585988464020227,0.010190610271442127
1.0,0.0035852652107041727,0.010190603304835339
1.01,0.003584543401979108,0.010190596338235517
1.02,0.00358382303495525,0.010190589371642663
1.03,0.0035831041067497537,0.010190582405056773
1.04,0.0035823866144867145,0.010190575438477852
1.05,0.003581670555297165,0.010190568471905897
1.06,0.0035809559263190777,0.010190561505340909
1.07,0.0035802427246973633,0.010190554538782886
1.08,0.0035795309475838717,0.01019054757223183
1.09,0.0035788205921373916,0.010190540605687741
1.1,0.003578111655523651,0.01019053363915062
1.11,0.003577404134915316,0.010190526672620463
1.12,0.0035766980274919923,0.010190519706097275
1.1300000000000001,0.003575993330440224,0.010190512739581051
1.1400000000000001,0.003575290040953494,0.010190505773071795
1.1500000000000001,0.0035745881562322247,0.010190498806569505
1.16,0.003573887673483777,0.010190491840074182
1.17,0.00357318858992245,0.010190484873585825
1.18,0.0035724909027694826,0.010190477907104435
1.19,0.003571794609253052,0.010190470940630011
1.2,0.0035710997066082753,0.010190463974162553
1.21,0.0035704061920772074,0.010190457007702063
1.22,0.0035697140629088416,0.010190450041248538
1.23,0.003569023316359112,0.01019044307480198
1.24,0.0035683339496908897,0.010190436108362387
1.25,0.0035676459601739854,0.010190429141929764
1.26,0.003566959345085149,0.010190422175504104
1.27,0.0035662741017080685,0.010190415209085412
1.28,0.0035655902273333717,0.010190408242673686
1.29,0.0035649077192586244,0.010190401276268926
1.3,0.0035642265747883317,0.010190394309871134
1.31,0.0035635467912339376,0.010190387343480307
1.32,0.003562868365913825,0.010190380377096447
1.33,0.0035621912961533156,0.010190373410719553
1.34,0.003561515579284669,0.010190366444349626
1.35,0.003560841212647086,0.010190359477986664
1.36,0.003560168193586704,0.01019035251163067
1.37,0.0035594965194566002,0.010190345545281641
1.3800000000000001,0.0035588261876167908,0.010190338578939579
1.3900000000000001,0.00355815719543423,0.010190331612604483
1.4000000000000001,0.003557489540282813,0.010190324646276354
1.41,0.003556823219543371,0.01019031767995519
1.42,0.0035561582306036766,0.010190310713640993
1.43,0.0035554945708584393,0.010190303747333764
1.44,0.003554832237709309,0.0101902967810335
1.45,0.003554171228564873,0.0101902898147402
1.46,0.0035535115408406584,0.01019028284845387
1.47,0.0035528531719591317,0.010190275882174504
1.48,0.0035521961193496973,0.010190268915902105
1.49,0.0035515403804486988,0.010190261949636672
1.5,0.0035508859521504173,0.010190254983378206
1.51,0.003550232830132488,0.010190248017126705
1.52,0.0035495810116501327,0.010190241050882173
1.53,0.003548930494091492,0.010190234084644605
1.54,0.003548281274850877,0.010190227118414002
1.55,0.0035476333513287705,0.010190220152190368
1.56,0.0035469867209318275,0.010190213185973698
1.57,0.003546341381072875,0.010190206219763995
1.58,0.00354569732917091,0.01019019925356126
1.59,0.0035450545626511034,0.010190192287365488
1.6,0.003544413078944796,0.010190185321176683
1.61,0.003543772875489502,0.010190178354994845
1.62,0.003543133949728905,0.010190171388819974
1.6300000000000001,0.003542496299112862,0.010190164422652068
1.6400000000000001,0.0035418599210974015,0.01019015745649113
1.6500000000000001,0.0035412248131447234,0.010190150490337155
1.6600000000000001,0.0035405909727231986,0.010190143524190148
1.67,0.003539958397307371,0.010190136558050107
1.68,0.003539327084377956,0.010190129591917032
1.69,0.003538697031421839,0.010190122625790924
1.7,0.003538068235932079,0.01019011565967178
1.71,0.0035374406954079064,0.010190108693559604
1.72,0.0035368144073547217,0.010190101727454394
1.73,0.003536189369284099,0.010190094761356149
1.74,0.003535565578713783,0.01019008779526487
1.75,0.003534943033167691,0.010190080829180558
1.76,0.0035343217301759106,0.010190073863103213
1.77,0.003533701667274702,0.010190066897032833
1.78,0.003533082842006497,0.010190059930969417
1.79,0.0035324652519198993,0.01019005296491297
1.8,0.0035318488945696837,0.010190045998863488
1.81,0.0035312337675167966,0.010190039032820973
1.82,0.003530619868328357,0.010190032066785423
1.83,0.003530007194577655,0.010190025100756839
1.84,0.0035293957438441523,0.010190018134735222
1.85,0.003528785513713482,0.01019001116872057
1.86,0.0035281765017774495,0.010190004202712884
1.87,0.0035275687056340313,0.010189997236712165
1.8800000000000001,0.0035269621228873767,0.01018999027071841
1.8900000000000001,0.0035263567511478054,0.010189983304731623
1.9000000000000001,0.003525752588031809,0.0101899763387518
1.9100000000000001,0.0035251496311620514,0.010189969372778945
1.92,0.0035245478781673677,0.010189962406813056
1.93,0.0035239473266827645,0.010189955440854132
1.94,0.003523347974349421,0.010189948474902174
1.95,0.003522749818814687,0.010189941508957181
1.96,0.0035221528577320848,0.010189934543019155
1.97,0.003521557088761307,0.010189927577088096
1.98,0.0035209625095682204,0.010189920611164001
1.99,0.0035203691178248607,0.010189913645246873
2.0,0.003519776911209437,0.01018990667933671
2.0100000000000002,0.00351918588740633,0.010189899713433514
2.02,0.003518596044106091,0.010189892747537285
2.0300000000000002,0.003518007379005444,0.01018988578164802
2.04,0.0035174198898072846,0.010189878815765722
2.05,0.0035168335742206793,0.010189871849890389
2.06,0.0035162484299608673,0.01018986488402202
2.07,0.0035156644547492586,0.01018985791816062
2.08,0.0035150816463134353,0.010189850952306186
2.09,0.0035145000023871515,0.010189843986458716
2.1,0.0035139195207103324,0.010189837020618212
2.11,0.0035133401990290747,0.010189830054784674
2.12,0.0035127620350956477,0.010189823088958102
2.13,0.003512185026668492,0.010189816123138497
2.14,0.0035116091715122195,0.010189809157325857
2.15,0.003511034467397614,0.010189802191520181
2.16,0.0035104609121016303,0.010189795225721473
2.17,0.003509888503407397,0.01018978825992973
2.18,0.0035093172391042118,0.010189781294144953
2.19,0.0035087471169875455,0.010189774328367141
2.2,0.0035081781348590404,0.010189767362596296
2.21,0.0035076102905265104,0.010189760396832417
2.22,0.003507043581803941,0.010189753431075503
2.23,0.0035064780065114896,0.010189746465325554
2.24,0.003505913562475485,0.010189739499582571
2.25,0.003505350247528428,0.010189732533846555
2.2600000000000002,0.00350478805950899,0.010189725568117505
2.27,0.003504226996262016,0.010189718602395419
2.2800000000000002,0.0035036670556385214,0.0101897116366803
2.29,0.003503108235495693,0.010189704670972145
2.3000000000000003,0.00350255053369689,0.010189697705270957
2.31,0.0035019939481116436,0.010189690739576734
2.32,0.0035014384766156553,0.010189683773889478
2.33,0.0035008841170908,0.010189676808209187
2.34,0.0035003308674251225,0.010189669842535862
2.35,0.0034997787255128406,0.010189662876869503
2.36,0.003499227689254344,0.010189655911210108
2.37,0.003498677756556192,0.01018964894555768
2.38,0.0034981289253311182,0.010189641979912217
2.39,0.0034975811934980262,0.01018963501427372
2.4,0.0034970345589819918,0.010189628048642188
2.41,0.003496489019714263,0.010189621083017623
2.42,0.003495944573632258,0.010189614117400023
2.43,0.003495401218679568,0.010189607151789388
2.44,0.0034948589528059557,0.01018960018618572
2.45,0.003494317773967355,0.010189593220589016
2.46,0.0034937776801258714,0.010189586254999277
2.47,0.003493238667672877,0.010189579289416505
2.48,0.003492700731661247,0.010189572323840698
2.49,0.0034921638698748444,0.010189565358271858
2.5,0.0034916280801595943,0.010189558392709982
2.5100000000000002,0.0034910933603661725,0.010189551427155072
2.52,0.003490559708350006,0.010189544461607128
2.5300000000000002,0.003490027121971273,0.010189537496066148
2.54,0.003489495599094903,0.010189530530532136
2.5500000000000003,0.0034889651375905775,0.010189523565005089
2.56,0.0034884357353327277,0.010189516599485006
2.57,0.0034879073902005374,0.010189509633971888
2.58,0.003487380100077941,0.010189502668465737
2.59,0.0034868538628536247,0.010189495702966551
2.6,0.003486328676421026,0.010189488737474332
2.61,0.0034858045386783327,0.010189481771989077
2.62,0.0034852814475284846,0.010189474806510787
2.63,0.003484759400879173,0.010189467841039464
2.64,0.0034842383966428403,0.010189460875575106
2.65,0.0034837184327366796,0.010189453910117713
2.66,0.0034831995070826356,0.010189446944667285
2.67,0.003482681617607405,0.010189439979223823
2.68,0.003482164762242435,0.010189433013787327
2.69,0.0034816489389239234,0.010189426048357797
2.7,0.003481134145592821,0.01018941908293523
2.71,0.0034806203801948286,0.01018941211751963
2.72,0.0034801076406803986,0.010189405152110996
2.73,0.003479595925004735,0.010189398186709326
2.74,0.0034790852311277925,0.010189391221314622
2.75,0.0034785755570142774,0.010189384255926883
2.7600000000000002,0.003478066900633647,0.01018937729054611
2.77,0.00347755925996011,0.010189370325172302
2.7800000000000002,0.003477052632972627,0.01018936335980546
2.79,0.0034765470176549088,0.010189356394445582
2.8000000000000003,0.003476042411995418,0.010189349429092671
2.81,0.003475538813987369,0.010189342463746724
2.82,0.003475036221628726,0.010189335498407743
2.83,0.0034745346329222064,0.010189328533075727
2.84,0.0034740340458752775,0.010189321567750678
2.85,0.0034735344585001575,0.010189314602432591
2.86,0.0034730358688138175,0.010189307637121472
2.87,0.0034725382748379786,0.010189300671817317
2.88,0.0034720416745991135,0.01018929370652013
2.89,0.0034715460661284463,0.010189286741229904
2.9,0.0034710514474619526,0.010189279775946646
2.91,0.003470557816640358,0.010189272810670353
2.92,0.0034700651717091413,0.010189265845401025
2.93,0.0034695735107185314,0.010189258880138661
2.94,0.0034690828317235083,0.010189251914883264
2.95,0.0034685931327838033,0.010189244949634833
2.96,0.0034681044119639006,0.010189237984393366
2.97,0.0034676166673330328,0.010189231019158864
2.98,0.0034671298969651864,0.010189224053931327
2.99,0.003466644098939098,0.010189217088710756
3.0,0.003466159271338255,0.010189210123497149
3.0100000000000002,0.003465675412250897,0.010189203158290508
3.02,0.0034651925197700145,0.010189196193090833
3.0300000000000002,0.0034647105919933495,0.010189189227898122
3.04,0.0034642296270233947,0.010189182262712378
3.0500000000000003,0.0034637496229673946,0.010189175297533597
3.06,0.0034632705779373447,0.010189168332361782
3.0700000000000003,0.0034627924900499916,0.010189161367196933
3.08,0.003462315357426834,0.010189154402039047
3.09,0.003461839178194121,0.010189147436888129
3.1,0.0034613639504828533,0.010189140471744174
3.11,0.0034608896724287828,0.010189133506607185
3.12,0.003460416342172413,0.01018912654147716
3.13,0.0034599439578589975,0.010189119576354102
3.14,0.003459472517638543,0.010189112611238008
3.15,0.0034590020196658064,0.01018910564612888
3.16,0.0034585324621002954,0.010189098681026715
3.17,0.00345806384310627,0.010189091715931516
3.18,0.0034575961608527407,0.010189084750843284
3.19,0.00345712941351347,0.010189077785762016
3.2,0.0034566635992669716,0.010189070820687712
3.21,0.003456198716296509,0.010189063855620375
3.22,0.003455734762790099,0.010189056890560001
3.23,0.0034552717369405084,0.010189049925506594
3.24,0.0034548096369452557,0.01018904296046015
3.25,0.003454348461006611,0.010189035995420672
3.2600000000000002,0.003453888207331594,0.01018902903038816
3.27,0.0034534288741319787,0.010189022065362612
3.2800000000000002,0.003452970459624288,0.01018901510034403
3.29,0.003452512962029796,0.010189008135332411
3.3000000000000003,0.0034520563795745296,0.010189001170327758
3.31,0.0034516007104892655,0.01018899420533007
3.3200000000000003,0.0034511459530095325,0.010188987240339347
3.33,0.003450692105375611,0.01018898027535559
3.34,0.0034502391658325316,0.010188973310378796
3.35,0.0034497871326300764,0.010188966345408968
3.36,0.00344933600402278,0.010188959380446106
3.37,0.0034488857782699264,0.010188952415490208
3.38,0.0034484364536355523,0.010188945450541274
3.39,0.0034479880283884456,0.010188938485599307
3.4,0.0034475405008021444,0.010188931520664303
3.41,0.0034470938691549386,0.010188924555736265
3.42,0.00344664813172987,0.010188917590815192
3.43,0.00344620328681471,0.010188910625901083
3.44,0.0034457593314048715,0.010188903660993941
3.45,0.00344531626246813,0.010188896696093762
3.46,0.0034448740782264,0.010188889731200548
3.47,0.0034444327769055324,0.0101888827663143
3.48,0.0034439923567353144,0.010188875801435016
3.49,0.0034435528159494693,0.010188868836562696
3.5,0.0034431141527856584,0.010188861871697341
3.5100000000000002,0.003442676365485478,0.010188854906838954
3.52,0.0034422394522944603,0.010188847941987529
3.5300000000000002,0.0034418034114620756,0.010188840977143069
3.54,0.003441368241241729,0.010188834012305574
3.5500000000000003,0.003440933939890764,0.010188827047475044
3.56,0.003440500505670458,0.010188820082651479
3.5700000000000003,0.0034400679368460267,0.010188813117834879
3.58,0.003439636231686622,0.010188806153025243
3.59,0.0034392053884653314,0.010188799188222573
3.6,0.003438775405459179,0.010188792223426868
3.61,0.003438346280949126,0.010188785258638125
3.62,0.00343791801322007,0.01018877829385635
3.63,0.0034374906005608433,0.010188771329081539
3.64,0.0034370640412642174,0.010188764364313692
3.65,0.003436638333626898,0.01018875739955281
3.66,0.003436213475949528,0.010188750434798893
3.67,0.0034357894665366867,0.01018874347005194
3.68,0.00343536630369689,0.010188736505311952
3.69,0.0034349439857425906,0.01018872954057893
3.7,0.0034345225109901757,0.010188722575852871
3.71,0.003434101877759971,0.010188715611133778
3.72,0.003433682084376238,0.010188708646421648
3.73,0.0034332631291671746,0.010188701681716485
3.74,0.0034328450104649144,0.010188694717018285
3.75,0.003432427726605529,0.010188687752327051
3.7600000000000002,0.0034320112759290244,0.010188680787642781
3.77,0.0034315956567793444,0.010188673822965476
3.7800000000000002,0.0034311808675043694,0.010188666858295135
3.79,0.003430766906455915,0.01018865989363176
3.8000000000000003,0.003430353771989735,0.010188652928975347
3.81,0.003429941462465517,0.010188645964325902
3.8200000000000003,0.0034295299762468878,0.01018863899968342
3.83,0.003429119311701409,0.010188632035047902
3.84,0.003428709467200579,0.010188625070419349
3.85,0.0034283004411198325,0.010188618105797761
3.86,0.0034278922318385406,0.010188611141183138
3.87,0.0034274848377400116,0.010188604176575479
3.88,0.003427078257211489,0.010188597211974784
3.89,0.0034266724886441533,0.010188590247381054
3.9,0.003426267530433122,0.010188583282794289
3.91,0.003425863380977448,0.010188576318214489
3.92,0.0034254600386801203,0.010188569353641654
3.93,0.0034250575019480665,0.010188562389075782
3.94,0.003424655769192148,0.010188555424516875
3.95,0.0034242548388271647,0.010188548459964933
3.96,0.0034238547092718514,0.010188541495419956
3.97,0.00342345537894888,0.010188534530881942
3.98,0.003423056846284859,0.010188527566350893
3.99,0.0034226591097103326,0.010188520601826808
4.0,0.0034222621676597825,0.01018851363730969
4.01,0.003421866018571626,0.010188506672799535
4.0200000000000005,0.0034214706608882172,0.010188499708296344
4.03,0.003421076093055846,0.010188492743800117
4.04,0.003420682313524739,0.010188485779310856
4.05,0.00342028932074906,0.01018847881482856
4.0600000000000005,0.0034198971131869085,0.010188471850353226
4.07,0.00341950568930032,0.010188464885884858
4.08,0.0034191150475552674,0.010188457921423455
4.09,0.0034187251864216594,0.010188450956969016
4.1,0.0034183361043733417,0.01018844399252154
4.11,0.003417947799888095,0.01018843702808103
4.12,0.0034175602714476383,0.010188430063647485
4.13,0.003417173517537626,0.010188423099220904
4.14,0.0034167875366476483,0.010188416134801287
4.15,0.0034164023272712334,0.010188409170388634
4.16,0.0034160178879058447,0.010188402205982945
4.17,0.0034156342170528825,0.010188395241584223
4.18,0.0034152513132176834,0.010188388277192463
4.19,0.0034148691749095205,0.010188381312807667
4.2,0.003414487800641603,0.010188374348429837
4.21,0.003414107188931077,0.01018836738405897
4.22,0.0034137273382990247,0.010188360419695069
4.23,0.0034133482472704646,0.01018835345533813
4.24,0.0034129699143743523,0.010188346490988157
4.25,0.003412592338143579,0.010188339526645149
4.26,0.0034122155171149725,0.010188332562309105
4.2700000000000005,0.0034118394498292974,0.010188325597980025
4.28,0.0034114641348312546,0.01018831863365791
4.29,0.0034110895706694812,0.010188311669342757
4.3,0.0034107157558965506,0.01018830470503457
4.3100000000000005,0.003410342689068973,0.010188297740733347
4.32,0.003409970368747195,0.01018829077643909
4.33,0.0034095987934955998,0.010188283812151795
4.34,0.003409227961882506,0.010188276847871464
4.3500000000000005,0.0034088578724801697,0.010188269883598099
4.36,0.0034084885238647826,0.010188262919331698
4.37,0.003408119914616474,0.01018825595507226
4.38,0.003407752043319308,0.010188248990819788
4.39,0.003407384908561287,0.010188242026574278
4.4,0.003407019005390533,0.010188235062335734
4.41,0.0034066533128891763,0.010188228098104154
4.42,0.0034062883515303035,0.010188221133879538
4.43,0.003405924119818368,0.010188214169661886
4.44,0.0034055606162617462,0.010188207205451199
4.45,0.003405197839372726,0.010188200241247475
4.46,0.003404835787667503,0.010188193277050716
4.47,0.0034044744596661743,0.010188186312860921
4.48,0.0034041138538927276,0.01018817934867809
4.49,0.003403753968875038,0.010188172384502224
4.5,0.003403394803144859,0.010188165420333321
4.51,0.003403036355237815,0.010188158456171383
4.5200000000000005,0.003402678623693397,0.010188151492016408
4.53,0.003402321607054951,0.010188144527868398
4.54,0.003401965303869675,0.010188137563727353
4.55,0.0034016097126886107,0.010188130599593271
4.5600000000000005,0.0034012548320666355,0.010188123635466154
4.57,0.0034009006605624564,0.010188116671346
4.58,0.0034005471967386027,0.010188109707232811
4.59,0.0034001944391614195,0.010188102743126586
4.6000000000000005,0.0033998423864010584,0.010188095779027325
4.61,0.0033994910370314744,0.010188088814935027
4.62,0.0033991403896304145,0.010188081850849694
4.63,0.003398790442779414,0.010188074886771327
4.64,0.003398441195063788,0.010188067922699922
4.65,0.003398092645072623,0.01018806095863548
4.66,0.003397744791398774,0.010188053994578004
4.67,0.0033973976326388522,0.010188047030527492
4.68,0.003397051167393222,0.010188040066483942
4.69,0.003396705394265992,0.010188033102447359
4.7,0.003396360311865009,0.010188026138417738
4.71,0.003396015918801848,0.010188019174395081
4.72,0.003395672213691811,0.010188012210379389
4.73,0.0033953291951539137,0.010188005246370662
4.74,0.0033949868618108822,0.010187998282368896
4.75,0.003394645212289145,0.010187991318374097
4.76,0.0033943042452188256,0.01018798435438626
4.7700000000000005,0.0033939639592337353,0.010187977390405388
4.78,0.003393624352971367,0.01018797042643148
4.79,0.0033932854250728877,0.010187963462464535
4.8,0.003392947174183131,0.010187956498504553
4.8100000000000005,0.003392609598950591,0.010187949534551538
4.82,0.0033922726980274145,0.010187942570605485
4.83,0.003391936470069393,0.010187935606666396
4.84,0.003391600913735959,0.010187928642734271
4.8500000000000005,0.0033912660276901752,0.01018792167880911
4.86,0.0033909318105987286,0.010187914714890915
4.87,0.0033905982611319246,0.01018790775097968
4.88,0.0033902653779636794,0.010187900787075412
4.89,0.003389933159771512,0.010187893823178107
4.9,0.0033896016052365374,0.010187886859287766
4.91,0.0033892707130434617,0.010187879895404388
4.92,0.0033889404818805715,0.010187872931527975
4.93,0.0033886109104397295,0.010187865967658525
4.94,0.0033882819974163664,0.01018785900379604
4.95,0.0033879537415094736,0.010187852039940519
4.96,0.003387626141421598,0.01018784507609196
4.97,0.003387299195858831,0.010187838112250366
4.98,0.003386972903530807,0.010187831148415736
4.99,0.003386647263150691,0.010187824184588069
5.0,0.0033863222734351744,0.010187817220767366
5.01,0.003385997933104468,0.010187810256953627
5.0200000000000005,0.0033856742408822933,0.010187803293146853
5.03,0.0033853511954958773,0.010187796329347042
5.04,0.003385028795675944,0.010187789365554194
5.05,0.003384707040156709,0.010187782401768309
5.0600000000000005,0.00338438592767587,0.01018777543798939
5.07,0.0033840654569746013,0.010187768474217434
5.08,0.003383745626797548,0.01018776151045244
5.09,0.003383426435892816,0.010187754546694412
5.1000000000000005,0.0033831078830119667,0.010187747582943349
5.11,0.00338278996691001,0.010187740619199246
5.12,0.0033824726863453977,0.010187733655462109
5.13,0.0033821560400800134,0.010187726691731937
5.14,0.0033818400268791704,0.010187719728008726
5.15,0.0033815246455116,0.01018771276429248
5.16,0.003381209894749447,0.010187705800583197
5.17,0.003380895773368262,0.010187698836880879
5.18,0.003380582280146995,0.010187691873185524
5.19,0.003380269413867987,0.010187684909497133
5.2,0.003379957173316964,0.010187677945815704
5.21,0.0033796455572830293,0.010187670982141241
5.22,0.0033793345645586567,0.01018766401847374
5.23,0.0033790241939396838,0.010187657054813204
5.24,0.0033787144442253042,0.010187650091159631
5.25,0.003378405314218062,0.010187643127513022
5.26,0.0033780968027238424,0.010187636163873377
5.2700000000000005,0.0033777889085518657,0.010187629200240694
5.28,0.0033774816305146816,0.010187622236614976
5.29,0.00337717496742816,0.01018761527299622
5.3,0.0033768689181114847,0.01018760830938443
5.3100000000000005,0.0033765634813871476,0.010187601345779602
5.32,0.003376258656080939,0.010187594382181737
5.33,0.0033759544410219447,0.010187587418590837
5.34,0.0033756508350425325,0.0101875804550069
5.3500000000000005,0.003375347836978353,0.010187573491429928
5.36,0.003375045445668325,0.010187566527859918
5.37,0.0033747436598492516,0.010187559564296872
5.38,0.0033744424769854174,0.010187552600740788
5.39,0.0033741418954595505,0.01018754563719167
5.4,0.003373841914073162,0.010187538673649514
5.41,0.003373542531630417,0.010187531710114323
5.42,0.0033732437469381244,0.010187524746586093
5.43,0.0033729455588057252,0.010187517783064828
5.44,0.0033726479660452875,0.010187510819550528
5.45,0.0033723509674714906,0.01018750385604319
5.46,0.00337205456190162,0.010187496892542816
5.47,0.0033717587481555556,0.010187489929049404
5.48,0.0033714635250557618,0.010187482965562957
5.49,0.0033711688914272783,0.010187476002083473
5.5,0.00337087484609771,0.010187469038610954
5.51,0.003370581387897217,0.010187462075145396
5.5200000000000005,0.003370288515658506,0.010187455111686804
5.53,0.0033699962282168175,0.010187448148235172
5.54,0.0033697045244099207,0.010187441184790506
5.55,0.0033694134030780986,0.010187434221352803
5.5600000000000005,0.0033691228630641423,0.010187427257922065
5.57,0.0033688329032133383,0.010187420294498288
5.58,0.003368543522373461,0.010187413331081476
5.59,0.003368254719394762,0.010187406367671625
5.6000000000000005,0.003367966493129958,0.01018739940426874
5.61,0.003367678842434225,0.010187392440872817
5.62,0.0033673917661651872,0.010187385477483858
5.63,0.0033671052631829047,0.010187378514101862
5.64,0.003366819332349867,0.01018737155072683
5.65,0.0033665339725309803,0.010187364587358761
5.66,0.0033662491825935618,0.010187357623997655
5.67,0.0033659649614073248,0.010187350660643513
5.68,0.0033656813078443725,0.010187343697296333
5.69,0.0033653982207791874,0.010187336733956118
5.7,0.00336511569908862,0.010187329770622866
5.71,0.003364833741651881,0.010187322807296577
5.72,0.0033645523473505314,0.010187315843977252
5.73,0.003364271515068471,0.010187308880664889
5.74,0.0033639912436919293,0.01018730191735949
5.75,0.003363711532109457,0.010187294954061054
5.76,0.0033634323792119144,0.010187287990769582
5.7700000000000005,0.003363153783892463,0.010187281027485073
5.78,0.0033628757450465544,0.010187274064207526
5.79,0.0033625982615719217,0.010187267100936944
5.8,0.003362321332368569,0.010187260137673324
5.8100000000000005,0.003362044956338762,0.010187253174416669
5.82,0.0033617691323870177,0.010187246211166977
5.83,0.0033614938594200947,0.010187239247924246
5.84,0.003361219136346984,0.01018723228468848
5.8500000000000005,0.0033609449620788986,0.010187225321459678
5.86,0.0033606713355292636,0.010187218358237837
5.87,0.0033603982556137074,0.01018721139502296
5.88,0.00336012572125005,0.010187204431815047
5.89,0.0033598537313582954,0.010187197468614097
5.9,0.0033595822848606206,0.01018719050542011
5.91,0.003359311380681365,0.010187183542233086
5.92,0.003359041017747023,0.010187176579053025
5.93,0.0033587711949862316,0.010187169615879928
5.94,0.0033585019113297624,0.010187162652713794
5.95,0.003358233165710511,0.010187155689554623
5.96,0.003357964957063487,0.010187148726402414
5.97,0.0033576972843258044,0.01018714176325717
5.98,0.0033574301464366733,0.010187134800118888
5.99,0.003357163542337387,0.01018712783698757
6.0,0.003356897470971315,0.010187120873863214
6.01,0.003356631931283892,0.010187113910745822
6.0200000000000005,0.0033563669222226077,0.010187106947635393
6.03,0.0033561024427369982,0.010187099984531926
6.04,0.0033558384917786355,0.010187093021435424
6.05,0.0033555750683011165,0.010187086058345883
6.0600000000000005,0.003355312171260056,0.010187079095263308
6.07,0.0033550497996130747,0.010187072132187693
6.08,0.00335478795231979,0.010187065169119042
6.09,0.0033545266283418057,0.010187058206057356
6.1000000000000005,0.003354265826642704,0.010187051243002631
6.11,0.003354005546188033,0.01018704427995487
6.12,0.0033537457859452993,0.01018703731691407
6.13,0.0033534865448839567,0.010187030353880236
6.140000000000001,0.0033532278219753973,0.010187023390853363
6.15,0.0033529696161929408,0.010187016427833453
6.16,0.003352711926511825,0.010187009464820507
6.17,0.0033524547519091976,0.010187002501814525
6.18,0.0033521980913641036,0.010186995538815503
6.19,0.003351941943857477,0.010186988575823445
6.2,0.003351686308372132,0.010186981612838352
6.21,0.0033514311838927506,0.010186974649860221
6.22,0.003351176569405875,0.010186967686889052
6.23,0.0033509224638998978,0.010186960723924847
6.24,0.00335066886636505,0.010186953760967603
6.25,0.0033504157757933938,0.010186946798017325
6.26,0.0033501631911788112,0.010186939835074009
6.2700000000000005,0.003349911111516995,0.010186932872137655
6.28,0.003349659535805438,0.010186925909208264
6.29,0.003349408463043425,0.010186918946285836
6.3,0.0033491578922320206,0.010186911983370371
6.3100000000000005,0.003348907822374062,0.01018690502046187
6.32,0.003348658252474146,0.01018689805756033
6.33,0.0033484091815386237,0.010186891094665754
6.34,0.0033481606085755855,0.01018688413177814
6.3500000000000005,0.003347912532594855,0.01018687716889749
6.36,0.0033476649526079784,0.010186870206023803
6.37,0.0033474178676282137,0.010186863243157079
6.38,0.003347171276670522,0.010186856280297318
6.390000000000001,0.0033469251787515563,0.010186849317444518
6.4,0.003346679572889654,0.010186842354598682
6.41,0.003346434458104825,0.010186835391759809
6.42,0.003346189833418743,0.010186828428927899
6.43,0.003345945697854735,0.010186821466102952
6.44,0.003345702050437772,0.010186814503284966
6.45,0.0033454588901944585,0.010186807540473944
6.46,0.0033452162161530237,0.010186800577669885
6.47,0.003344974027343312,0.01018679361487279
6.48,0.0033447323227967715,0.010186786652082655
6.49,0.0033444911015464446,0.010186779689299486
6.5,0.00334425036262696,0.010186772726523277
6.51,0.0033440101050745213,0.010186765763754033
6.5200000000000005,0.003343770327926897,0.01018675880099175
6.53,0.0033435310302234113,0.01018675183823643
6.54,0.0033432922110049343,0.010186744875488074
6.55,0.003343053869313873,0.010186737912746678
6.5600000000000005,0.0033428160041941587,0.010186730950012247
6.57,0.003342578614691241,0.010186723987284778
6.58,0.0033423416998520756,0.010186717024564272
6.59,0.0033421052587251144,0.01018671006185073
6.6000000000000005,0.0033418692903602965,0.01018670309914415
6.61,0.0033416337938090386,0.010186696136444531
6.62,0.0033413987681242246,0.010186689173751876
6.63,0.003341164212360196,0.010186682211066184
6.640000000000001,0.0033409301255727416,0.010186675248387454
6.65,0.0033406965068190895,0.010186668285715687
6.66,0.003340463355157894,0.010186661323050883
6.67,0.00334023066964923,0.010186654360393042
6.68,0.00333999844935458,0.010186647397742162
6.69,0.003339766693336824,0.010186640435098246
6.7,0.003339535400660233,0.010186633472461291
6.71,0.0033393045703904566,0.010186626509831301
6.72,0.0033390742015945133,0.010186619547208273
6.73,0.003338844293340781,0.010186612584592206
6.74,0.0033386148446989884,0.010186605621983104
6.75,0.0033383858547402032,0.010186598659380963
6.76,0.003338157322536824,0.010186591696785784
6.7700000000000005,0.0033379292471828513,0.01018658473419757
6.78,0.0033377016282574888,0.010186577771616316
6.79,0.0033374744650694526,0.010186570809042025
6.8,0.003337247756715938,0.010186563846474697
6.8100000000000005,0.0033370215022956464,0.010186556883914332
6.82,0.0033367957009087794,0.01018654992136093
6.83,0.003336570351657028,0.01018654295881449
6.84,0.003336345453643564,0.010186535996275012
6.8500000000000005,0.003336121005973033,0.010186529033742496
6.86,0.0033358970077515438,0.010186522071216945
6.87,0.003335673458086661,0.010186515108698354
6.88,0.003335450356087395,0.010186508146186728
6.890000000000001,0.0033352277008641944,0.010186501183682061
6.9,0.0033350054915289363,0.01018649422118436
6.91,0.0033347837271949184,0.01018648725869362
6.92,0.00333456240697685,0.010186480296209843
6.93,0.0033343415299908427,0.010186473333733027
6.94,0.0033341210953544025,0.010186466371263175
6.95,0.0033339011021864206,0.010186459408800285
6.96,0.0033336815496071647,0.010186452446344358
6.97,0.0033334624367382707,0.010186445483895393
6.98,0.003333243762702733,0.01018643852145339
6.99,0.0033330255266248968,0.01018643155901835
7.0,0.0033328077276304486,0.010186424596590271
7.01,0.003332590364846408,0.010186417634169156
7.0200000000000005,0.003332373437401119,0.010186410671755004
7.03,0.00333215694442424,0.010186403709347813
7.04,0.0033319408850467375,0.010186396746947584
7.05,0.003331725258400875,0.01018638978455432
7.0600000000000005,0.0033315100636202052,0.010186382822168015
7.07,0.0033312952998395613,0.010186375859788675
7.08,0.003331080966195049,0.010186368897416295
7.09,0.0033308670618240363,0.01018636193505088
7.1000000000000005,0.0033306535858651453,0.010186354972692426
7.11,0.0033304405374582438,0.010186348010340934
7.12,0.0033302279157444367,0.010186341047996405
7.13,0.003330015719866057,0.010186334085658838
7.140000000000001,0.0033298039489666562,0.010186327123328233
7.15,0.003329592602190997,0.010186320161004592
7.16,0.003329381678685044,0.010186313198687912
7.17,0.003329171177595955,0.010186306236378194
7.18,0.0033289610980720714,0.010186299274075439
7.19,0.0033287514392629112,0.010186292311779647
7.2,0.0033285422003191587,0.010186285349490816
7.21,0.0033283333803926568,0.010186278387208947
7.22,0.0033281249786363968,0.010186271424934041
7.23,0.0033279169942045123,0.010186264462666097
7.24,0.0033277094262522677,0.010186257500405116
7.25,0.003327502273936051,0.010186250538151096
7.26,0.0033272955364133643,0.010186243575904039
7.2700000000000005,0.003327089212842816,0.010186236613663944
7.28,0.0033268833023841113,0.010186229651430812
7.29,0.0033266778041980438,0.010186222689204641
7.3,0.003326472717446486,0.010186215726985434
7.3100000000000005,0.003326268041292382,0.010186208764773188
7.32,0.0033260637748997375,0.010186201802567903
7.33,0.0033258599174336117,0.010186194840369582
7.34,0.0033256564680601087,0.010186187878178224
7.3500000000000005,0.003325453425946368,0.010186180915993825
7.36,0.003325250790260556,0.010186173953816392
7.37,0.003325048560171858,0.010186166991645918
7.38,0.003324846734850469,0.010186160029482407
7.390000000000001,0.0033246453134675846,0.01018615306732586
7.4,0.0033244442951953926,0.010186146105176274
7.41,0.003324243679207065,0.01018613914303365
7.42,0.003324043464676747,0.010186132180897988
7.43,0.0033238436507795504,0.010186125218769288
7.44,0.003323644236691545,0.01018611825664755
7.45,0.003323445221589749,0.010186111294532774
7.46,0.0033232466046521194,0.01018610433242496
7.47,0.0033230483850575443,0.01018609737032411
7.48,0.0033228505619858355,0.01018609040823022
7.49,0.0033226531346177168,0.010186083446143293
7.5,0.003322456102134817,0.010186076484063328
7.51,0.0033222594637196626,0.010186069521990325
7.5200000000000005,0.003322063218555665,0.010186062559924283
7.53,0.0033218673658271165,0.010186055597865205
7.54,0.003321671904719177,0.010186048635813088
7.55,0.00332147683441787,0.010186041673767934
7.5600000000000005,0.00332128215411007,0.010186034711729741
7.57,0.0033210878629834945,0.01018602774969851
7.58,0.0033208939602266973,0.01018602078767424
7.59,0.003320700445029058,0.010186013825656934
7.6000000000000005,0.003320507316580773,0.01018600686364659
7.61,0.003320314574072849,0.010185999901643207
7.62,0.003320122216697091,0.010185992939646787
7.63,0.0033199302436460955,0.010185985977657328
7.640000000000001,0.0033197386541132423,0.01018597901567483
7.65,0.0033195474472926846,0.010185972053699296
7.66,0.003319356622379341,0.010185965091730724
7.67,0.0033191661785688855,0.010185958129769112
7.68,0.00331897611505774,0.010185951167814464
7.69,0.0033187864310430665,0.010185944205866777
7.7,0.003318597125722755,0.010185937243926052
7.71,0.0033184081982954184,0.01018593028199229
7.72,0.003318219647960382,0.01018592332006549
7.73,0.003318031473917674,0.01018591635814565
7.74,0.0033178436753680193,0.010185909396232772
7.75,0.003317656251512828,0.010185902434326858
7.76,0.0033174692015541882,0.010185895472427904
7.7700000000000005,0.0033172825246948574,0.010185888510535913
7.78,0.0033170962201382525,0.010185881548650882
7.79,0.003316910287088443,0.010185874586772815
7.8,0.0033167247247501397,0.01018586762490171
7.8100000000000005,0.003316539532328689,0.010185860663037566
7.82,0.0033163547090300613,0.010185853701180383
7.83,0.0033161702540608438,0.010185846739330163
7.84,0.003315986166628232,0.010185839777486905
7.8500000000000005,0.0033158024459400202,0.010185832815650608
7.86,0.003315619091204593,0.010185825853821273
7.87,0.003315436101630916,0.0101858188919989
7.88,0.003315253476428529,0.010185811930183489
7.890000000000001,0.0033150712148075348,0.01018580496837504
7.9,0.003314889315978592,0.010185798006573552
7.91,0.0033147077791529055,0.010185791044779027
7.92,0.0033145266035422187,0.010185784082991462
7.930000000000001,0.0033143457883588034,0.01018577712121086
7.94,0.0033141653328154527,0.01018577015943722
7.95,0.003313985236125471,0.010185763197670542
7.96,0.0033138054975026658,0.010185756235910825
7.97,0.003313626116161338,0.01018574927415807
7.98,0.003313447091316275,0.010185742312412276
7.99,0.003313268422182741,0.010185735350673445
8.0,0.003313090107976467,0.010185728388941575
8.01,0.003312912147913645,0.010185721427216667
8.02,0.0033127345412109167,0.010185714465498721
8.03,0.003312557287085365,0.010185707503787736
8.040000000000001,0.0033123803847545067,0.010185700542083714
8.05,0.0033122038334362828,0.010185693580386651
8.06,0.00331202763234905,0.010185686618696552
8.07,0.003311851780711571,0.010185679657013414
8.08,0.0033116762777430087,0.010185672695337239
8.09,0.0033115011226629125,0.010185665733668024
8.1,0.0033113263146912148,0.01018565877200577
8.11,0.0033111518530482193,0.01018565181035048
8.120000000000001,0.003310977736954592,0.01018564484870215
8.13,0.003310803965631355,0.010185637887060782
8.14,0.003310630538299874,0.010185630925426375
8.15,0.003310457454181854,0.01018562396379893
8.16,0.0033102847124993266,0.01018561700217845
8.17,0.0033101123125068082,0.010185610040564928
8.18,0.003309940255587772,0.010185603078958367
8.19,0.0033097685423384825,0.01018559611735877
8.2,0.003309597172074559,0.010185589155766133
8.21,0.003309426144112974,0.010185582194180458
8.22,0.003309255457772049,0.010185575232601746
8.23,0.003309085112371454,0.010185568271029993
8.24,0.0033089151072321996,0.010185561309465203
8.25,0.0033087454416766363,0.010185554347907374
8.26,0.0033085761150284504,0.010185547386356507
8.27,0.0033084071266126593,0.010185540424812602
8.28,0.003308238475755608,0.010185533463275658
8.290000000000001,0.003308070161784966,0.010185526501745675
8.3,0.003307902184029723,0.010185519540222654
8.31,0.0033077345418201865,0.010185512578706594
8.32,0.003307567234487976,0.010185505617197497
8.33,0.0033074002613660207,0.01018549865569536
8.34,0.0033072336217885557,0.010185491694200185
8.35,0.003307067315091118,0.01018548473271197
8.36,0.0033069013406105434,0.01018547777123072
8.370000000000001,0.003306735697684961,0.010185470809756429
8.38,0.003306570385653792,0.010185463848289101
8.39,0.0033064054038577442,0.010185456886828733
8.4,0.0033062407516388096,0.010185449925375326
8.41,0.003306076428340259,0.010185442963928882
8.42,0.0033059124333066404,0.010185436002489398
8.43,0.003305748765883773,0.010185429041056876
8.44,0.003305585425418746,0.010185422079631317
8.45,0.0033054224112599125,0.010185415118212717
8.46,0.0033052597227568874,0.01018540815680108
8.47,0.0033050973592605435,0.010185401195396404
8.48,0.0033049353201230073,0.010185394233998689
8.49,0.0033047736046976552,0.010185387272607935
8.5,0.00330461221233911,0.010185380311224145
8.51,0.0033044511424032384,0.010185373349847314
8.52,0.003304290394247145,0.010185366388477444
8.53,0.0033041299672291703,0.010185359427114536
8.540000000000001,0.0033039698607088865,0.01018535246575859
8.55,0.0033038100740470943,0.010185345504409605
8.56,0.0033036506066058176,0.01018533854306758
8.57,0.003303491457748302,0.010185331581732519
8.58,0.0033033326268390095,0.010185324620404418
8.59,0.0033031741132436153,0.010185317659083279
8.6,0.0033030159163290043,0.010185310697769099
8.61,0.0033028580354632674,0.010185303736461883
8.620000000000001,0.003302700470015697,0.010185296775161628
8.63,0.0033025432193567843,0.010185289813868332
8.64,0.0033023862828582156,0.010185282852581998
8.65,0.0033022296598928676,0.010185275891302628
8.66,0.0033020733498348048,0.010185268930030217
8.67,0.0033019173520592747,0.010185261968764767
8.68,0.0033017616659427058,0.01018525500750628
8.69,0.003301606290862702,0.010185248046254753
8.700000000000001,0.0033014512261980394,0.010185241085010186
8.71,0.003301296471328664,0.010185234123772582
8.72,0.0033011420256356862,0.010185227162541938
8.73,0.003300987888501378,0.010185220201318257
8.74,0.003300834059309169,0.010185213240101536
8.75,0.0033006805374436433,0.010185206278891776
8.76,0.003300527322290535,0.010185199317688978
8.77,0.003300374413236725,0.010185192356493141
8.78,0.0033002218096702357,0.010185185395304266
8.790000000000001,0.0033000695109802317,0.01018517843412235
8.8,0.003299917516557011,0.010185171472947396
8.81,0.0032997658257920034,0.010185164511779405
8.82,0.003299614438077768,0.010185157550618374
8.83,0.0032994633528079867,0.010185150589464304
8.84,0.0032993125693774644,0.010185143628317194
8.85,0.003299162087182121,0.010185136667177047
8.86,0.0032990119056189905,0.01018512970604386
8.870000000000001,0.003298862024086217,0.010185122744917634
8.88,0.00329871244198305,0.01018511578379837
8.89,0.0032985631587098413,0.010185108822686067
8.9,0.003298414173668041,0.010185101861580725
8.91,0.0032982654862601947,0.010185094900482344
8.92,0.0032981170958899385,0.010185087939390923
8.93,0.003297969001961997,0.010185080978306464
8.94,0.003297821203882177,0.010185074017228967
8.950000000000001,0.0032976737010573663,0.010185067056158431
8.96,0.003297526492895529,0.010185060095094855
8.97,0.0032973795788057017,0.01018505313403824
8.98,0.0032972329581979903,0.010185046172988587
8.99,0.0032970866304835654,0.010185039211945895
9.0,0.0032969405950746596,0.010185032250910163
9.01,0.0032967948513845627,0.010185025289881394
9.02,0.00329664939882762,0.010185018328859584
9.03,0.0032965042368192257,0.010185011367844735
9.040000000000001,0.0032963593647758215,0.010185004406836848
9.05,0.003296214782114892,0.010184997445835921
9.06,0.003296070488254962,0.010184990484841956
9.07,0.0032959264826155905,0.010184983523854952
9.08,0.003295782764617369,0.010184976562874908
9.09,0.003295639333681919,0.010184969601901826
9.1,0.003295496189231883,0.010184962640935704
9.11,0.0032953533306909273,0.010184955679976545
9.120000000000001,0.0032952107574837344,0.010184948719024344
9.13,0.0032950684690360005,0.010184941758079106
9.14,0.0032949264647744313,0.010184934797140829
9.15,0.0032947847441267383,0.010184927836209511
9.16,0.003294643306521636,0.010184920875285155
9.17,0.0032945021513888376,0.01018491391436776
9.18,0.00329436127815905,0.010184906953457327
9.19,0.003294220686263973,0.010184899992553854
9.200000000000001,0.0032940803751362936,0.010184893031657342
9.21,0.0032939403442096816,0.010184886070767792
9.22,0.0032938005929187882,0.0101848791098852
9.23,0.0032936611206992408,0.010184872149009571
9.24,0.0032935219269876383,0.010184865188140903
9.25,0.003293383011221551,0.010184858227279195
9.26,0.003293244372839513,0.010184851266424448
9.27,0.00329310601128102,0.010184844305576661
9.28,0.003292967925986526,0.010184837344735838
9.290000000000001,0.0032928301163974404,0.010184830383901973
9.3,0.003292692581956121,0.010184823423075069
9.31,0.0032925553221058745,0.010184816462255126
9.32,0.003292418336290949,0.010184809501442144
9.33,0.0032922816239565338,0.010184802540636124
9.34,0.0032921451845487524,0.010184795579837064
9.35,0.003292009017514662,0.010184788619044963
9.36,0.0032918731223022467,0.010184781658259826
9.370000000000001,0.003291737498360416,0.010184774697481648
9.38,0.003291602145139001,0.01018476773671043
9.39,0.0032914670620887484,0.010184760775946175
9.4,0.00329133224866132,0.010184753815188878
9.41,0.0032911977043092867,0.010184746854438544
9.42,0.0032910634284861262,0.01018473989369517
9.43,0.003290929420646218,0.010184732932958756
9.44,0.003290795680244841,0.010184725972229304
9.450000000000001,0.003290662206738169,0.010184719011506811
9.46,0.0032905289995832664,0.010184712050791281
9.47,0.0032903960582380868,0.010184705090082711
9.48,0.003290263382161467,0.0101846981293811
9.49,0.0032901309708131235,0.010184691168686451
9.5,0.00328999882365365,0.010184684207998763
9.51,0.003289866940144514,0.010184677247318035
9.52,0.0032897353197480507,0.010184670286644269
9.53,0.003289603961927461,0.010184663325977462
9.540000000000001,0.0032894728661468087,0.010184656365317617
9.55,0.0032893420318710143,0.010184649404664731
9.56,0.003289211458565854,0.010184642444018807
9.57,0.00328908114569834,0.010184635483379844
9.58,0.003288951093034209,0.010184628522747841
9.59,0.003288821300309604,0.010184621562122798
9.6,0.0032886917670083733,0.010184614601504716
9.61,0.00328856249261537,0.010184607640893595
9.620000000000001,0.0032884334766164515,0.010184600680289434
9.63,0.0032883047184984744,0.010184593719692235
9.64,0.003288176217749294,0.010184586759101995
9.65,0.003288047973857759,0.010184579798518716
9.66,0.00328791998631371,0.010184572837942399
9.67,0.0032877922546079774,0.01018456587737304
9.68,0.0032876647782323753,0.010184558916810643
9.69,0.0032875375566797024,0.010184551956255207
9.700000000000001,0.0032874105894437366,0.01018454499570673
9.71,0.003287283876019234,0.010184538035165216
9.72,0.0032871574159019233,0.010184531074630661
9.73,0.003287031208588506,0.010184524114103066
9.74,0.003286905253576651,0.010184517153582432
9.75,0.0032867795503649933,0.01018451019306876
9.76,0.0032866540984531306,0.010184503232562045
9.77,0.0032865288973416198,0.010184496272062294
9.78,0.0032864039465319754,0.010184489311569503
9.790000000000001,0.003286279245526665,0.01018448235108367
9.8,0.003286154793829108,0.0101844753906048
9.81,0.0032860305909436713,0.01018446843013289
9.82,0.0032859066363756678,0.010184461469667939
9.83,0.003285782929631352,0.01018445450920995
9.84,0.0032856594702179187,0.010184447548758921
9.85,0.0032855362576434985,0.010184440588314853
9.86,0.0032854132914171556,0.010184433627877744
9.870000000000001,0.003285290571048886,0.010184426667447597
9.88,0.003285168096049612,0.01018441970702441
9.89,0.0032850458659311826,0.010184412746608184
9.9,0.003284923880206368,0.010184405786198916
9.91,0.0032848021383888567,0.01018439882579661
9.92,0.0032846806399932558,0.010184391865401266
9.93,0.0032845593845350833,0.01018438490501288
9.94,0.0032844383715307695,0.010184377944631454
9.950000000000001,0.003284317600497651,0.01018437098425699
9.96,0.00328419707095397,0.010184364023889485
9.97,0.0032840767824188705,0.010184357063528942
9.98,0.003283956734412395,0.010184350103175359
9.99,0.003283836926455481,0.010184343142828737
