t,X1,Z1,Y1
0.0,7.0,0.0,0.0
0.01,7.013652327836332,0.00034858362121060164,0.06985865924673701
0.02,7.027167465024038,0.0013887952019137032,0.13943485084200555
0.03,7.040545445035316,0.0031122973183875333,0.2087288974374657
0.04,7.053786317281386,0.0055108367836065745,0.2777411196242368
0.05,7.066890147017252,0.008576229488888571,0.34647183660983955
0.06,7.0798570151556275,0.012300359805678973,0.41492136639333516
0.07,7.092687017993876,0.016675179760566004,0.4830900260034926
0.08,7.105380267096848,0.021692708598179615,0.5509781316318391
0.09,7.117936889115087,0.02734503227959883,0.6185859987732457
0.1,7.130357025642756,0.033624303196687494,0.6859139422958938
0.11,7.14264083297575,0.040522739237649444,0.7529622767284406
0.12,7.154788481939755,0.04803262344998175,0.8197313163407002
0.13,7.166800157703324,0.0561463035734598,0.8862213752693104
0.14,7.178676059600153,0.064856191371555,0.9524327677225989
0.15,7.190416400917609,0.07415476223887697,1.0183658080683533
0.16,7.202021408711858,0.08403455466810623,1.0840208109851472
0.17,7.213491323628941,0.09448816969574386,1.149398091623766
0.18,7.224826399689225,0.10550827050111934,1.2144979656929673
0.19,7.236026904103504,0.11708758186594355,1.2793207496147674
0.2,7.247093117078111,0.1292188896969811,1.3438667606467094
0.21,7.258025331575455,0.14189504079843435,1.4081363168740912
0.22,7.268823853188994,0.1551089419683983,1.4721297375571454
0.23,7.279488999929429,0.16885355962300372,1.5358473432008428
0.24,7.290021102023089,0.18312191934610528,1.5992894556639954
0.25,7.300420501714504,0.1979071054123443,1.6624563982824931
0.26,7.310687553067667,0.21320226031620076,1.7253484959895296
0.27,7.320822621766016,0.22900058430703593,1.7879660754328117
0.28,7.330826084886538,0.24529533535519296,1.8503094648528347
0.29,7.340698330674949,0.2620798290830652,1.9123789939809093
0.3,7.3504397584101575,0.27934743713563914,1.974174994803636
0.31,7.360050778166419,0.29709158730392726,2.0356978013547864
0.32,7.369531810604133,0.3153057631369035,2.096947749791393
0.33,7.378883286760355,0.3339835035418405,2.157925178476587
0.34,7.388105647837915,0.3531184023922,2.2186304280585536
0.35000000000000003,7.397199344995099,0.37270410813928745,2.279063841547108
0.36,7.40616483955202,0.3927343226105451,2.3392257647117156
0.37,7.4150026025335,0.4132028011154497,2.3991165459604273
0.38,7.42371311415821,0.4341033526617485,2.4587365361741993
0.39,7.432296863854306,0.4554298391427791,2.5180860889480794
0.4,7.440754350055661,0.4771761749604141,2.577165560658871
0.41000000000000003,7.449086079997563,0.4993363266538801,2.635975310529579
0.42,7.457292569511886,0.5219043125344538,2.6945157006906415
0.43,7.465374342858375,0.544874202255135,2.752787096268618
0.44,7.473331932994553,0.5682401155363763,2.810789865839342
0.45,7.481165880804167,0.5919962229119788,2.868524381006361
0.46,7.488876734935555,0.616136745299611,2.9259910164872336
0.47000000000000003,7.496465051717212,0.6406559534267574,2.9831901502617075
0.48,7.503931394964508,0.6655481674721723,3.040122163625981
0.49,7.511276335786675,0.6908077567116552,3.096787441244419
0.5,7.518500452394067,0.7164291391681439,3.1531863711987276
0.51,7.525604329978434,0.7424067811957439,3.2093193450610173
0.52,7.532588560754402,0.7687351969123806,3.2651867580227916
0.53,7.539453743355413,0.7954089482616107,3.320789008786747
0.54,7.546200482787211,0.8224226445395799,3.376126499658503
0.55,7.552829390269184,0.8497709420350616,3.4311996365949513
0.56,7.559341083052276,0.877448543696748,3.4860088292414426
0.5700000000000001,7.565736184237666,0.9054501988043904,3.540554490966614
0.58,7.572015322596199,0.9337707026437914,3.5948370388948425
0.59,7.578179132507474,0.9624048960455087,3.648856893994397
0.6,7.584228253828702,0.991347665011076,3.702614481128553
0.61,7.59016333146667,1.020593940693918,3.756110228958995
0.62,7.595985015331139,1.0501386989354173,3.809344570032741
0.63,7.601693960166461,1.0799769599492675,3.8623179408068626
0.64,7.6072908253824885,1.1101037880114089,3.9150307816701218
0.65,7.612776274886604,1.1405142911533803,3.967483536962416
0.66,7.618150976919146,1.171203620856297,4.019676654993608
0.67,7.623415604038961,1.2021669715642047,4.071610588163493
0.68,7.628570832841651,1.2333995805324038,4.123285792893432
0.6900000000000001,7.633617343731784,1.2648967276138998,4.174702729592458
0.7000000000000001,7.638555820828137,1.2966537348863905,4.225861862712638
0.71,7.6433869518076,1.3286659663598044,4.276763660758944
0.72,7.6481114277504805,1.3609288276869143,4.327408596297127
0.73,7.6527299429872295,1.3934377658770114,4.3777971459596055
0.74,7.65724319496734,1.4261882689787995,4.427929790471095
0.75,7.6616518842797925,1.459175865521675,4.477807014829376
0.76,7.665956714244539,1.4923961246614592,4.527429308033669
0.77,7.670158390817527,1.5258446558205256,4.576797163137667
0.78,7.674257622482802,1.559517108354323,4.625911077285591
0.79,7.678255120109936,1.593409171279795,4.6747715517084885
0.8,7.68215159681295,1.627516573006713,4.72337909171863
0.81,7.685947767810745,1.661835081071923,4.771734206702015
0.8200000000000001,7.68964435028903,1.6963605018765116,4.819837410108987
0.8300000000000001,7.693242063263757,1.7310886804258823,4.867689219442957
0.84,7.69674162744606,1.7660155000727498,4.915290156247219
0.85,7.700143765351581,1.801136881779606,4.9626407464149604
0.86,7.7034492011518,1.836448783900602,5.009741520150055
0.87,7.706658660113142,1.8719472027898365,5.056593011372295
0.88,7.709772868719573,1.907628172055116,5.103195758033441
0.89,7.7127925545514735,1.9434877623027513,5.149550302103158
0.9,7.715718446164688,1.9795220808878888,5.195657189551323
0.91,7.718551272971289,2.01572727166734,5.241516970328699
0.92,7.7212917651220545,2.052099514754911,5.287130198346008
0.93,7.723940653390659,2.0886350262792304,5.332497431451385
0.9400000000000001,7.726498669059567,2.125330058144077,5.377619231406217
0.9500000000000001,7.7289665438274735,2.1621808977115746,5.4224961639240234
0.96,7.731345009849478,2.1991838669615316,5.467128799135038
0.97,7.733634799394463,2.2363353231978764,5.511517710795201
0.98,7.7358366447888915,2.2736316586138954,5.555663476422044
0.99,7.7379512783439,2.3110692999339664,5.59956667736889
1.0,7.739979432253475,2.348644708180817,5.643227898797562
1.01,7.741921838494423,2.3863543784449477,5.686647729649746
1.02,7.74377922872814,2.424194839656218,5.729826762617018
1.03,7.745552334204174,2.46216265435759,5.772765594109532
1.04,7.74724188566558,2.5002544184810396,5.815464824223365
1.05,7.748848613256078,2.538466761125625,5.8579250567065255
1.06,7.75037324643382,2.576796343977662,5.900146899244384
1.07,7.751816513881425,2.6152398611459704,5.942130963375914
1.08,7.753179143410577,2.6537940395402964,5.983877863926628
1.09,7.754461861881116,2.692455638302263,6.025388219286164
1.1,7.755665395117286,2.7312214485857624,6.066662651375158
1.11,7.756790467825761,2.7700882933406765,6.107701785609738
1.12,7.757837803515465,2.8090530270984586,6.148506250864934
1.1300000000000001,7.758808124419204,2.8481125357595767,6.189076679437037
1.1400000000000001,7.759702151417083,2.887263736382819,6.2294137070048645
1.1500000000000001,7.760520603961729,2.926503576976463,6.269517972589969
1.16,7.761264199988269,2.965829036229181,6.309390118577301
1.17,7.761933655722993,3.0052371228672103,6.349030791106893
1.18,7.762529685803875,3.0447248761429138,6.388440639345516
1.19,7.763053003168692,3.084289365472004,6.427620315602475
1.2,7.763504318964182,3.123927690142712,6.466570475374897
1.21,7.7638843424804485,3.1636369791122485,6.505291777307327
1.22,7.7641937810871,3.2034143908048756,6.543784883150493
1.23,7.764433340171119,3.243257112911601,6.582050457719237
1.24,7.764603723076467,3.283162362191483,6.620089168849625
1.25,7.7647056310454134,3.3231273842745574,6.657901687355221
1.26,7.7647397631616055,3.3631494534663764,6.695488686982532
1.27,7.764706816152638,3.4032258723049074,6.732850844641861
1.28,7.764607484368185,3.4433539714236954,6.769988840299704
1.29,7.764442459946015,3.483531109742855,6.80690335650883
1.3,7.7642124326281605,3.5237546740455583,6.843595078620297
1.31,7.763918089709624,3.564022078785355,6.880064694740631
1.32,7.763560115989035,3.604330765895501,6.916312895687745
1.33,7.76313919372092,3.6446782045996975,6.9523403749462425
1.34,7.762656002569592,3.6850618912242514,6.988147828622125
1.35,7.762111219564666,3.7254793490116453,7.023735955396891
1.36,7.761505519058175,3.7659281279355246,7.0591054564810225
1.37,7.760839572644606,3.8064058044725457,7.094257035619119
1.3800000000000001,7.7601140488685,3.8469099811292544,7.129191399383306
1.3900000000000001,7.759329613594119,3.8874382867305877,7.163909256574679
1.4000000000000001,7.758486929868169,3.927988376124417,7.198411318310504
1.41,7.757586657834164,3.9685579299450815,7.232698298043306
1.42,7.75662945469582,4.009144654432916,7.266770911515362
1.43,7.755615974681921,4.04974628125502,7.300629876712775
1.44,7.754546869012661,4.090360567327288,7.334275913819137
1.45,7.753422785867463,4.130985294637687,7.367709745168781
1.46,7.752244370354263,4.171618270070776,7.400932095199624
1.47,7.751012264480281,4.212257325233491,7.433943690405586
1.48,7.749727106852571,4.2529003160576115,7.466745259571247
1.49,7.748389532759992,4.293545122717517,7.499337533610833
1.5,7.747000174531861,4.334189649776663,7.531721245120449
1.51,7.745559661261882,4.3748318258094665,7.563897128591789
1.52,7.7440686187832295,4.415469603230814,7.595865920365667
1.53,7.742527669645337,4.45610095812701,7.627628358584904
1.54,7.740937433092062,4.49672389008789,7.659185183146895
1.55,7.739298525041225,4.537336422040112,7.6905371356558705
1.56,7.737611558065527,4.577936600081608,7.721684959374846
1.57,7.735877141374848,4.618522493317214,7.752629399177253
1.58,7.734095880799916,4.659092193695469,7.783371201498264
1.59,7.732268378777357,4.699643815846578,7.813911114285807
1.6,7.730395234327324,4.740175496915212,7.844249886959354
1.61,7.728477042257262,4.7806853958360955,7.874388271081264
1.62,7.726514393917905,4.821171693727802,7.904327019601732
1.6300000000000001,7.724507877560258,4.86163259399933,7.934066886471623
1.6400000000000001,7.722458077913002,4.902066321895339,7.963608626973094
1.6500000000000001,7.7203655761697245,4.9424711243367705,7.992952997674318
1.6600000000000001,7.718230949977333,4.982845269762471,8.022100756384102
1.67,7.716054773425613,5.023187047971844,8.051052662106365
1.68,7.713837617037957,5.06349476996851,8.07980947499453
1.69,7.711580047763255,5.103766767804981,8.108371956305778
1.7,7.709282628968951,5.144001394428359,8.136740868355208
1.71,7.706945920435253,5.18419702352704,8.164916974469854
1.72,7.704570478350513,5.224352049378444,8.192901038942624
1.73,7.702156855266812,5.264464886676957,8.220693827014449
1.74,7.699705599345886,5.304533970002061,8.248296105348498
1.75,7.697217255363859,5.344557754179726,8.275708641287297
1.76,7.694692364682801,5.384534714119733,8.302932202825916
1.77,7.69213146500161,5.424463344541422,8.329967558738614
1.78,7.689535090353035,5.464342159824798,8.35681547853577
1.79,7.6869037711016555,5.504169693862558,8.383476732420819
1.8,7.684238033942856,5.543944499913042,8.409952091247213
1.81,7.6815384019027615,5.583665150454102,8.436242326475398
1.82,7.678805394339149,5.623330237037894,8.462348210129793
1.83,7.676039526943344,5.662938370146586,8.488270514755804
1.84,7.673241311743081,5.7024881790489905,8.51401001337683
1.85,7.670411257106344,5.741978311658117,8.539567479451305
1.86,7.667549867644883,5.781407434345066,8.564943686889375
1.87,7.664657643505936,5.820774231484213,8.590139410430327
1.8800000000000001,7.661735081576189,5.860077405840322,8.615155424894887
1.8900000000000001,7.658782675198587,5.899315678301765,8.639992505313591
1.9000000000000001,7.6558009140239704,5.938487787673551,8.664651426976357
1.9100000000000001,7.6527902840154125,5.977592490538048,8.689132965392755
1.92,7.649751267453359,6.016628561116548,8.713437896252405
1.93,7.646684342941545,6.055594791131662,8.7375669953855
1.94,7.643589985413707,6.094489989670556,8.761521038723448
1.95,7.640468666141076,6.1333129830490325,8.785300802259645
1.96,7.63732085274067,6.172062614676433,8.808907062010368
1.97,7.634147009184365,6.210737744921403,8.832340593975793
1.98,7.630947595808753,6.24933725097847,8.855602174101152
1.99,7.627723069154497,6.287860026667809,8.878692578320058
2.0,7.624473881461682,6.32630498209962,8.901612582763137
2.0100000000000002,7.62120048180326,6.364671043986179,8.924362963182428
2.02,7.617903315680975,6.4029571553470035,8.94694449511282
2.0300000000000002,7.614582824962188,6.441162275349232,8.969357953870725
2.04,7.611239447889639,6.47928537917732,8.991604114518264
2.05,7.60787361909182,6.517325457903539,9.013683751827706
2.06,7.604485769593988,6.555281518359223,9.035597640246076
2.07,7.601076326829774,6.593152583006792,9.057346553859983
2.08,7.597645714653432,6.630937689812564,9.078931266360655
2.09,7.5941943533527,6.668635892120306,9.100352551009179
2.1,7.590722659662277,6.706246258525598,9.121611180601942
2.11,7.587231046777936,6.743767872750931,9.142707927436279
2.12,7.583719924134347,6.781199833452113,9.16364356335767
2.13,7.580189697173403,6.818541254022448,9.184418859810613
2.14,7.576640768234439,6.855791262726652,9.205034587504707
2.15,7.57307353615618,6.892949002457403,9.225491516523492
2.16,7.56948839626639,6.930013630606245,9.245790416300588
2.17,7.565885740395563,6.966984318942112,9.265932055587989
2.18,7.562265956891098,7.0038602534906005,9.285917202424628
2.19,7.558629430631949,7.0406406344139585,9.305746624105176
2.2,7.554976543043748,7.077324675891818,9.325421087149111
2.21,7.551307672114417,7.11391160600264,9.344941357270038
2.22,7.547623192410246,7.150400666605909,9.36430819934525
2.23,7.543923475092453,7.186791113225041,9.38352237738557
2.24,7.540208887934227,7.223082214931037,9.40258465450542
2.25,7.536479795030245,7.25927325412728,9.42149579297622
2.2600000000000002,7.532736556844073,7.29536352644416,9.440256554189054
2.27,7.528979530814249,7.331352340814858,9.458867698467035
2.2800000000000002,7.525209071024708,7.3672390192492525,9.47732998513041
2.29,7.5214255282178115,7.403022896719139,9.495644172469623
2.3000000000000003,7.517629249810625,7.438703321045093,9.513811017717915
2.31,7.513820579911541,7.474279652783999,9.531831277024185
2.32,7.509999859337257,7.509751265117293,9.549705705426172
2.33,7.506167425630108,7.545117543739881,9.567435056823886
2.34,7.502323613075752,7.58037788674974,9.585020083953365
2.35,7.4984687527212035,7.615531704538237,9.602461538360696
2.36,7.4946031723932265,7.650578419681103,9.619760170376328
2.37,7.490727196715989,7.685517466829799,9.636916729089846
2.38,7.486841146803392,7.720348292506418,9.653931962374044
2.39,7.482945340534672,7.755070355073158,9.670806616821555
2.4,7.479040092816393,7.78968312469829,9.687541437683853
2.41,7.475125715395153,7.824186083188733,9.704137168878255
2.42,7.471202516874906,7.858578723884231,9.720594552964418
2.43,7.467270802734515,7.892860551552188,9.736914331121195
2.44,7.46333087534554,7.927031082283149,9.753097243123756
2.45,7.459383033990253,7.961089843386947,9.769144027321042
2.46,7.455427574879902,7.995036373289495,9.785055420613501
2.47,7.451464791173195,8.028870221430239,9.800832158431154
2.48,7.447494972995027,8.062590948160254,9.816474974711952
2.49,7.443518407455437,8.096198124641019,9.831984601880437
2.5,7.4395353785411205,8.12969133270335,9.847361770824469
2.5100000000000002,7.435546167132036,8.163070164746609,9.862607210874442
2.52,7.4315510512830265,8.196334223722385,9.87772164978751
2.5300000000000002,7.427550306093612,8.229483122988345,9.892705813724817
2.54,7.423544203724676,8.262516486209153,9.907560427231637
2.5500000000000003,7.419533013416998,8.295433947258589,9.922286213217838
2.56,7.415517001509951,8.32823515012227,9.936883892938669
2.57,7.4114964314603675,8.360919748801033,9.951354185975822
2.58,7.407471563861578,8.393487407214938,9.965697810218833
2.59,7.403442656462611,8.425937799107901,9.979915481846762
2.6,7.399409964187563,8.458270607952969,9.99400791531019
2.61,7.395373739155146,8.490485526858217,10.007975823313513
2.62,7.391334230610514,8.522582258440517,10.021819916793284
2.63,7.387291684823918,8.554560514687454,10.035540904895212
2.64,7.383246345473595,8.586420017000538,10.04913949497503
2.65,7.379198453502589,8.618160496042654,10.062616392574062
2.66,7.375148247125283,8.649781691641994,10.075972301402379
2.67,7.371095961845991,8.681283352701005,10.089207923322821
2.68,7.367041830477628,8.71266523710599,10.102323958335344
2.69,7.362986083160502,8.743927111637271,10.115321104561636
2.7,7.358928947381172,8.775068751880003,10.128200058230076
2.71,7.35487064799143,8.806089942135554,10.140961513660951
2.72,7.350811407227363,8.836990475333526,10.153606163252006
2.73,7.346751444728521,8.867770152944358,10.16613469746428
2.74,7.3426909775235485,8.898428784877906,10.178547804798434
2.75,7.338630219917022,8.92896618933954,10.190846171742509
2.7600000000000002,7.334569383767962,8.959382192857426,10.20303048283429
2.77,7.330508678422729,8.989676630159797,10.215101420623055
2.7800000000000002,7.326448310712782,9.019849344081097,10.227059665650529
2.79,7.3223884849731125,9.049900185477636,10.238905896438151
2.8000000000000003,7.318329403060714,9.079829013143872,10.25064078947463
2.81,7.314271264373109,9.109635693729249,10.26226501920377
2.82,7.3102142658669225,9.139320101655642,10.273779258012604
2.83,7.306158602076502,9.168882119035379,10.285184176219804
2.84,7.302104465132593,9.198321635589844,10.296480442064377
2.85,7.29805204478105,9.227638548568683,10.307668721694657
2.86,7.294001528388809,9.256832762662677,10.318749679151983
2.87,7.289953100833713,9.285904189854728,10.329723976303935
2.88,7.285906944718301,9.314852749445672,10.340592272919297
2.89,7.28186324035579,9.343678367958105,10.351355226643827
2.9,7.277822165756063,9.372380979040765,10.362013492976262
2.91,7.273783896643595,9.400960523390655,10.372567725258566
2.92,7.269748606475389,9.429416948675733,10.383018574666433
2.93,7.265716466458916,9.457750209458172,10.39336669020006
2.94,7.261687645570071,9.485960267118163,10.403612718675195
2.95,7.25766231057113,9.514047089778316,10.41375730471445
2.96,7.253640626028724,9.542010652228592,10.423801090738886
2.97,7.24962275433181,9.569850935851829,10.433744716959877
2.98,7.245608855706833,9.597567928547674,10.443588821369497
2.99,7.241599088137361,9.625161624585322,10.453334039673264
3.0,7.237593607495191,9.652632024615711,10.4629810053514
3.0100000000000002,7.233592567577046,9.679979135613324,10.472530349663124
3.02,7.2295961200822205,9.707202970774183,10.481982701615337
3.0300000000000002,7.225604414629775,9.734303549444123,10.491338687955599
3.04,7.2216175987757,9.761280897047586,10.500598933165344
3.0500000000000003,7.217635818030071,9.788135045016984,10.509764059453348
3.06,7.21365921587417,9.814866030722584,10.518834686749436
3.0700000000000003,7.209687933777591,9.84147389740294,10.52781143269847
3.08,7.205722111215322,9.867958694095865,10.536694912654555
3.09,7.201761885684805,9.89432047556995,10.545485739675515
3.1,7.197807392722927,9.920559302256573,10.554184524517574
3.11,7.193858765865741,9.946675240126343,10.562791875571971
3.12,7.1899161367031645,9.9726683606592,10.571308398898603
3.13,7.1859796349500495,9.998538740831098,10.579734698276571
3.14,7.182049388421814,10.02428646300773,10.588071375157842
3.15,7.17812552305078,10.049911614878726,10.596319028662618
3.16,7.174208162902461,10.075414289392342,10.604478255574955
3.17,7.170297430191814,10.10079458469068,10.612549650338577
3.18,7.1663934452994305,10.126052604045437,10.620533805052949
3.19,7.162496326787706,10.151188455794147,10.628431309469557
3.2,7.158606191416943,10.176202253276974,10.636242750988433
3.21,7.15472315416143,10.201094114773998,10.6439687146549
3.22,7.150847328225456,10.225864163443042,10.65160978315654
3.23,7.146978824996812,10.250512527164336,10.659166536731634
3.24,7.1431177540611,10.275039338476953,10.666639553164284
3.25,7.139264223368461,10.299444734744254,10.674029407996354
3.2600000000000002,7.135418339160473,10.323728857960468,10.681336674398999
3.27,7.131580205984113,10.347891854688337,10.688561923168155
3.2800000000000002,7.127749926707301,10.371933875999733,10.695705722722595
3.29,7.123927602534396,10.395855077416778,10.702768639102178
3.3000000000000003,7.120113333021643,10.419655618853486,10.70975123596634
3.31,7.11630721609257,10.443335664557907,10.716654074592801
3.3200000000000003,7.112509348053338,10.466895383054787,10.723477713876495
3.33,7.108719823608036,10.490334947088742,10.730222710328706
3.34,7.104938735873937,10.513654533567948,10.73688961807646
3.35,7.101166176396693,10.536854323508328,10.743478988862105
3.36,7.097402235165493,10.559934501978265,10.749991372043121
3.37,7.0936470006281604,10.582895258043832,10.75642731459217
3.38,7.089900559706209,10.605736784714509,10.762787361097336
3.39,7.086162997809847,10.62845927888944,10.769072053762628
3.4,7.082434398852933,10.651062941304186,10.77528193240865
3.41,7.07871484526788,10.673547976477996,10.781417534473551
3.42,7.075004418020516,10.69591459266159,10.787479395014154
3.43,7.071303196443582,10.718163001463552,10.793468046403564
3.44,7.067611258129812,10.740293417583102,10.799384018128892
3.45,7.06392867958078,10.762306059885285,10.805227837855497
3.46,7.060255535891912,10.784201150765528,10.811000030876723
3.47,7.056591900750884,10.805978916071204,10.816701120088997
3.48,7.052937846451408,10.827639585051102,10.822331625992986
3.49,7.049293443906946,10.849183390305383,10.827892066694966
3.5,7.045658762664367,10.870610567736003,10.833382957908379
3.5100000000000002,7.0420338709175185,10.891921356497644,10.838804812955566
3.52,7.038418835520754,10.913115998949095,10.844158142769711
3.5300000000000002,7.034813722002374,10.934194740605133,10.849443455896973
3.54,7.031218594578012,10.955157830088872,10.854661258498796
3.5500000000000003,7.027633516163946,10.976005519084609,10.859812054354423
3.56,7.02405854839035,10.996738062291126,10.864896344863606
3.5700000000000003,7.020493751614472,11.017355717375494,10.869914629049491
3.58,7.016939184933747,11.037858744927352,10.874867403561707
3.59,7.0133949061988465,11.058247408413653,10.879755162679645
3.6,7.009860972026656,11.078521974133913,10.884578398315929
3.61,7.006337437813187,11.098682711175917,10.889337600020069
3.62,7.002824357746423,11.118729891371924,10.894033254982318
3.63,6.999321784728204,11.138663788947454,10.898665847757043
3.64,6.995829770246933,11.158484680004213,10.903235859834611
3.65,6.9923483648360065,11.178192843987736,10.907743771022416
3.66,6.988877617881468,11.197788562951384,10.91219005881669
3.67,6.985417577615119,11.217272121449206,10.916575198347395
3.68,6.981968291126455,11.236643806493326,10.920899662381684
3.69,6.978529804374531,11.255903907511769,10.925163921327504
3.7,6.975102162199755,11.275052716306725,10.929368443237376
3.71,6.9716854083355795,11.294090527013255,10.933513693812309
3.72,6.968279585420144,11.313017636058449,10.93760013640588
3.73,6.964884735007818,11.331834342121002,10.941628232028483
3.74,6.96150089758067,11.35054094609126,10.945598439351706
3.75,6.958128112559867,11.369137751031674,10.949511214712883
3.7600000000000002,6.95476641831698,11.387625062137738,10.953367012119802
3.77,6.951415852185226,11.406003186699321,10.95716628325556
3.7800000000000002,6.948076450470621,11.424272434062475,10.960909477483584
3.79,6.94474824846306,11.442433115591665,10.964597041852796
3.8000000000000003,6.941431280447311,11.460485544632462,10.968229421102945
3.81,6.938125579713946,11.478430036474643,10.97180705767009
3.8200000000000003,6.934831178570173,11.496266908315764,10.975330391692236
3.83,6.931548108330978,11.51399647898992,10.978799860816402
3.84,6.928276399275571,11.531619068282227,10.982215899655483
3.85,6.9250160807914805,11.549134998493413,10.985578941145791
3.86,6.921767181331698,11.566544593765467,10.988889416012924
3.87,6.918529728416191,11.583848179940217,10.992147752687623
3.88,6.915303748642123,11.601046084523816,10.995354377310903
3.89,6.912089267694006,11.618138636651627,10.998509713739283
3.9,6.908886310353755,11.635126167053524,11.001614183550167
3.91,6.90569490051068,11.652009008019574,11.004668206047322
3.92,6.902515061171374,11.668787493366136,11.007672198266494
3.93,6.899346814469539,11.685461958402351,11.010626574981144
3.94,6.896190181675721,11.702032739897046,11.013531748708296
3.95,6.893045183206956,11.718500176046023,11.016388129714521
3.96,6.889911838636353,11.73486460643976,11.019196126022036
3.97,6.886790166702573,11.751126372031525,11.021956143414927
3.98,6.883680185319247,11.76728581510585,11.024668585445491
3.99,6.880581911584293,11.783343279247468,11.027333853440712
4.0,6.877495361789167,11.799299109310589,11.02995234650884
4.01,6.874420551428022,11.815153651388622,11.032524461546107
4.0200000000000005,6.871357495206787,11.830907252784286,11.03505059324357
4.03,6.868306207056673,11.846560261810609,11.037531133973138
4.04,6.865266700163727,11.862113026984817,11.039966473240339
4.05,6.862238986934955,11.877565898607529,11.042356998838555
4.0600000000000005,6.859223079021317,11.89291922819825,11.044703096473821
4.07,6.856218987330584,11.908173368310011,11.04700514965993
4.08,6.85322672203597,11.923328672500181,11.049263539724775
4.09,6.850246292584688,11.938385495301603,11.051478645816788
4.1,6.847277707706422,11.953344192194123,11.053650844911463
4.11,6.844320975421719,11.968205119576467,11.055780511817973
4.12,6.8413761030502975,11.982968634738468,11.05786801918589
4.13,6.838443097219283,11.997635095833685,11.059913737511991
4.14,6.835521963871355,12.01220486185235,11.061918035147164
4.15,6.832612708272814,12.026678292594706,11.063881278303402
4.16,6.829715335021571,12.041055748644673,11.065803831060888
4.17,6.8268298480550555,12.055337591343918,11.067686055375193
4.18,6.823956250658041,12.069524182766246,11.069528311084536
4.19,6.821094545470385,12.08361588569238,11.071330955917174
4.2,6.818244734494704,12.097613063585085,11.073094345498856
4.21,6.815406819103947,12.111516080564666,11.07481883336038
4.22,6.812580800048903,12.125325301384827,11.076504770945265
4.23,6.8097666774811,12.139041091298443,11.078152507543143
4.24,6.806964451076539,12.152663815203637,11.079762389738615
4.25,6.804174119833004,12.166193839118765,11.081334762427495
4.26,6.8013956821303365,12.179631529780892,11.082869968569854
4.2700000000000005,6.798629135766879,12.19297725441405,11.084368349057202
4.28,6.795874477966725,12.206231380705603,11.085830242719583
4.29,6.7931317053868945,12.219394276782936,11.087255986332744
4.3,6.790400814124434,12.23246631119045,11.088645914625369
4.3100000000000005,6.787681799723441,12.245447852866903,11.090000360286373
4.32,6.7849746571820155,12.25833927112305,11.091319653972278
4.33,6.7822793809591255,12.27114093561963,11.092604124314647
4.34,6.779595964981414,12.283853216345664,11.09385409792759
4.3500000000000005,6.776924402649917,12.296476483597061,11.095069899415332
4.36,6.774264686846711,12.309011107955584,11.096251851379865
4.37,6.771616809941483,12.321457460268098,11.097400274428642
4.38,6.768980763798032,12.333815911626175,11.098515487182365
4.39,6.766356539780684,12.346086833346,11.09959780628282
4.4,6.76374412876064,12.358270596948604,11.100647546400797
4.41,6.761143521122248,12.370367574140426,11.101665020244068
4.42,6.758554706769191,12.3823781367942,11.102650538565433
4.43,6.7559776751424,12.394302656864658,11.103604410133327
4.44,6.753412415377347,12.406141505529636,11.104526941258742
4.45,6.750858916069213,12.417895054509884,11.105418436569659
4.46,6.748317165314023,12.429563675855501,11.106279198907274
4.47,6.745787150762368,12.441147741662164,11.107109529181914
4.48,6.743268859625442,12.452647624052343,11.10790972638057
4.49,6.740762278681007,12.464063695156806,11.108680087574479
4.5,6.738267394279281,12.475396327096401,11.109420907926758
4.51,6.735784192348761,12.486645891964129,11.110132480700077
4.5200000000000005,6.733312658401986,12.497812761807497,11.11081509726438
4.53,6.73085277754122,12.508897308611159,11.111469047104654
4.54,6.728404534464069,12.519899904279848,11.112094617828742
4.55,6.725967913469033,12.530820920621592,11.11269209517521
4.5600000000000005,6.723542898460984,12.5416607293312,11.113261763021253
4.57,6.7211294729565845,12.552419701974058,11.113803903390647
4.58,6.7187276200896235,12.563098209970196,11.114318796461747
4.59,6.716337322616297,12.573696624578641,11.114806720575551
4.6000000000000005,6.713958562920406,12.584215316882062,11.115267952243771
4.61,6.711591323018508,12.594654657771695,11.115702766156994
4.62,6.70923558456497,12.605015017932551,11.116111435192858
4.63,6.706891328864327,12.615296767792923,11.116494230406856
4.64,6.704558537054624,12.62550027663611,11.116851420617502
4.65,6.7022371898602175,12.63562591382136,11.117183273012442
4.66,6.699927267595939,12.645674048773246,11.117490053158303
4.67,6.697628750244361,12.655645050613005,11.117772024837098
4.68,6.6953416174607305,12.665539288144043,11.11802945005402
4.69,6.693065848577854,12.675357129837742,11.118262589045266
4.7,6.690801422610908,12.685098943819492,11.118471700285882
4.71,6.688548318262192,12.69476509785499,11.118657040497666
4.72,6.686306513925825,12.704355959336796,11.118818864657076
4.73,6.684075987692368,12.713871895271136,11.118957426003178
4.74,6.681856717353393,12.723313272264965,11.119072976045636
4.75,6.679648680405985,12.732680456513286,11.11916576457272
4.76,6.677451854057185,12.741973813786718,11.119236039659356
4.7700000000000005,6.675266215228365,12.751193709419328,11.11928404767519
4.78,6.6730917405595465,12.760340508296704,11.119310033292715
4.79,6.670928406413656,12.769414574844307,11.1193142394954
4.8,6.6687761888807096,12.778416273016042,11.119296907585861
4.8100000000000005,6.666635063781951,12.787345966283127,11.119258277194069
4.82,6.664505006673909,12.796204017623173,11.119198586285583
4.83,6.662385992852406,12.804990789509558,11.119118071169817
4.84,6.6602779973564985,12.813706643901027,11.11901696650834
4.8500000000000005,6.658180995120956,12.822351941579836,11.118895505030242
4.86,6.656094960955176,12.8309270422511,11.118753917589597
4.87,6.654019869233068,12.83943230590969,11.118592433792626
4.88,6.651955694092167,12.847868091973826,11.118411281620865
4.89,6.649902409439983,12.85623475926401,11.118210687434255
4.9,6.647859988957962,12.864532665992444,11.11799087597885
4.91,6.645828406105399,12.872762169752633,11.117752070394534
4.92,6.643807634123292,12.880923627509224,11.117494492222765
4.93,6.641797646038145,12.889017395588061,11.117218361414311
4.94,6.639798414665715,12.897043829666444,11.116923896337028
4.95,6.637809912614705,12.905003284763625,11.116611313783629
4.96,6.6358321122904105,12.9128961152315,11.116280828979487
4.97,6.633864985898298,12.92072267474554,11.115932655590436
4.98,6.6319085054475435,12.928483316295916,11.115567005730597
4.99,6.629962642754509,12.93617839217886,11.115184089970215
5.0,6.628027369446167,12.943808253988234,11.114784117343516
5.01,6.626102656963476,12.951373252607322,11.114367295356573
5.0200000000000005,6.624188476564691,12.958873738200833,11.113933829995178
5.03,6.622284799328631,12.966310060207116,11.113483925732753
5.04,6.620391596157892,12.973682567330611,11.113017785538256
5.05,6.6185088377819925,12.980991607534502,11.112535610884104
5.0600000000000005,6.616636494805568,12.988237527840692,11.112037601686646
5.07,6.61477453788168,12.995420673594287,11.11152395605929
5.08,6.6129229373366,13.002541390075327,11.110994870886518
5.09,6.61108166331002,13.009600021904896,11.11045054162643
5.1000000000000005,6.609250685790194,13.01659691290087,11.109891162270467
5.11,6.607429974617102,13.023532406070435,11.109316925350933
5.12,6.605619499485573,13.030406843602819,11.108728021948508
5.13,6.603819229948354,13.03722056686217,11.108124641699767
5.14,6.602029135419148,13.04397391638065,11.107506972804707
5.15,6.600249185175585,13.050667231851712,11.10687520203427
5.16,6.598479348362166,13.057300852123534,11.106229514737887
5.17,6.596719593993146,13.063875115192683,11.105570094850995
5.18,6.594969890955375,13.070390358197931,11.10489712490259
5.19,6.593230208011098,13.076846917414269,11.104210786022767
5.2,6.591500513800702,13.083245128247109,11.103511257950263
5.21,6.589780776845417,13.089585325226665,11.102798719040008
5.22,6.5880709655499725,13.095867842002527,11.102073346270684
5.23,6.586371048205207,13.102093011338416,11.101335315252278
5.24,6.584680992990632,13.108261165107127,11.100584800233642
5.25,6.583000767976945,13.114372634285655,11.099821974110064
5.26,6.5813303411285045,13.120427748950508,11.099047008430832
5.2700000000000005,6.5796696803108246,13.126426838251787,11.098260073400175
5.28,6.578018753490733,13.132370229574091,11.097461337626443
5.29,6.576377528482321,13.138258249614513,11.096650968464647
5.3,6.574745972915865,13.144091224519482,11.095829132067626
5.3100000000000005,6.57312405433329,13.149869479487554,11.094995993271846
5.32,6.571511740190677,13.155593338764477,11.09415171560456
5.33,6.569908997860738,13.161263125638428,11.093296461290985
5.34,6.568315794635251,13.166879162435373,11.092430391261454
5.3500000000000005,6.566732097727453,13.172441770514634,11.091553665158573
5.36,6.565157874274392,13.177951270264556,11.09066644134437
5.37,6.563593091339246,13.183407981098373,11.089768876907435
5.38,6.5620377159136005,13.18881222145021,11.088861127670066
5.39,6.560491714919678,13.194164308771239,11.087943348195388
5.4,6.558955055212541,13.199464559526003,11.08701569179449
5.41,6.557427703582247,13.204713289188884,11.086078310533539
5.42,6.555909626755969,13.209910812240736,11.085131355240902
5.43,6.5544007914000675,13.21505744216567,11.084174975514253
5.44,6.552901164122139,13.220153491447988,11.083209319727674
5.45,6.551410711473012,13.22519927156929,11.082234535038758
5.46,6.549929399948701,13.230195093005715,11.0812507673957
5.47,6.548457195992341,13.235141265225364,11.080258161544387
5.48,6.546994065996055,13.24003809668585,11.079256861035477
5.49,6.545539976399246,13.244885894437044,11.078247008128683
5.5,6.5440948937052,13.249684964058337,11.077228743784065
5.51,6.542658784225775,13.25443561070951,11.076202207943108
5.5200000000000005,6.541231614230927,13.259138138523607,11.075167539378239
5.53,6.5398133499542555,13.26379285058945,11.074124875695768
5.54,6.53840395759494,13.268400048948958,11.073074353342626
5.55,6.537003403319644,13.272960034594572,11.07201610761309
5.5600000000000005,6.535611653264385,13.277473107466829,11.070950272655498
5.57,6.534228673536369,13.28193956645206,11.069876981478952
5.58,6.532854430215795,13.286359709380218,11.068796365960004
5.59,6.531488889357626,13.290733833022832,11.06770855684934
5.6000000000000005,6.530132016993327,13.2950622330911,11.066613683778437
5.61,6.528783779132565,13.299345204234097,11.06551187526622
5.62,6.527444141764886,13.303583040037138,11.064403258725704
5.63,6.526113070861347,13.307776033020241,11.063287960470621
5.64,6.524790532376126,13.31192447463674,11.062166105722035
5.65,6.523476492248088,13.316028655272028,11.061037818614947
5.66,6.522170916402332,13.320088864242415,11.059903222204884
5.67,6.520873770751686,13.324105389794129,11.05876243847448
5.68,6.519585021198188,13.32807851910245,11.057615588340044
5.69,6.5183046336345205,13.332008538270959,11.056462791658113
5.7,6.517032573972623,13.335895732212574,11.0553041672101
5.71,6.515768808282004,13.339740384053268,11.054139832598606
5.72,6.5145133025130555,13.343542776341362,11.052969904477715
5.73,6.51326602258785,13.347303190657904,11.051794498487457
5.74,6.512026934430727,13.351021907489075,11.050613729236721
5.75,6.510796003969783,13.354699206225154,11.049427710309535
5.76,6.509573197138327,13.358335365159572,11.048236554271332
5.7700000000000005,6.508358479876317,13.361930661488092,11.047040372675191
5.78,6.507151818131765,13.365485371308084,11.045839276068078
5.79,6.505953177862117,13.368999769617915,11.044633373997057
5.8,6.504762525035595,13.372474130316428,11.043422775015486
5.8100000000000005,6.503579825632527,13.375908726202555,11.042207586689205
5.82,6.502405045646642,13.379303828975013,11.04098791560269
5.83,6.501238151086329,13.38265970923211,11.039763867365217
5.84,6.5000791079758855,13.38597663647167,11.038535546616973
5.8500000000000005,6.498927882356723,13.38925487909105,11.037303057035196
5.86,6.497784440288552,13.392494704387277,11.036066501340251
5.87,6.496648747850539,13.395696378557272,11.034825981301726
5.88,6.495520771142439,13.398860166698205,11.033581597744488
5.89,6.494400476285684,13.401986332807931,11.032333450554741
5.9,6.493287829424474,13.405075139785561,11.031081638686048
5.91,6.492182796642864,13.408126849787315,11.029826260221121
5.92,6.491085344461124,13.411141722131191,11.028567412048726
5.93,6.489995439092694,13.414120016446388,11.027305190363991
5.94,6.488913046829541,13.41706199104763,11.026039690418985
5.95,6.487838133995325,13.41996790313841,11.024771006560403
5.96,6.486770666946554,13.422838008811098,11.02349923223533
5.97,6.485710612073727,13.425672563047165,11.022224459996993
5.98,6.484657935802437,13.4284718197175,11.020946781510473
5.99,6.483612604594455,13.431236031582827,11.01966628755843
6.0,6.482574584948786,13.433965450294231,11.018383068046795
6.01,6.481543843402696,13.436660326393778,11.017097212010436
6.0200000000000005,6.48052034653272,13.439320909315235,11.015808807618823
6.03,6.479504060955634,13.441947447384889,11.014517942181671
6.04,6.478494953329412,13.44454018782246,11.013224702154552
6.05,6.477492990354151,13.447099376742111,11.011929173144503
6.0600000000000005,6.4764981387729765,13.449625259153555,11.010631439915613
6.07,6.475510365372914,13.452118078963252,11.009331586394586
6.08,6.474529636985747,13.454578078975707,11.008029695676287
6.09,6.473555920488845,13.457005500894848,11.006725850029277
6.1000000000000005,6.472589182805968,13.459400585325502,11.005420130901316
6.11,6.471629390908044,13.461763571774968,11.004112618924854
6.12,6.470676511813931,13.464094698654666,11.002803393922509
6.13,6.469730512649201,13.466394203029507,11.001492534887767
6.140000000000001,6.468791360676118,13.468662320492516,11.000180119977964
6.15,6.4678590231027,13.47089928599976,10.998866226601331
6.16,6.466933467186994,13.473105333421943,10.997550931378248
6.17,6.466014660242137,13.475280695527285,10.996234310144732
6.18,6.465102569637186,13.477425603982772,10.994916437957695
6.19,6.46419716279794,13.479540289355464,10.993597389100186
6.2,6.463298407207734,13.481624981113844,10.992277237086606
6.21,6.46240627040823,13.483679907629233,10.990956054667896
6.22,6.461520720000188,13.485705296177231,10.989633913836707
6.23,6.460641723644227,13.487701372939226,10.988310885832544
6.24,6.459769249061571,13.489668363003933,10.986987041146882
6.25,6.458903264034779,13.491606490368989,10.985662449528265
6.26,6.458043736408465,13.493515977942575,10.984337179987367
6.2700000000000005,6.457190634090006,13.495397047545103,10.983011300802048
6.28,6.45634392505024,13.497249919910912,10.981684879522366
6.29,6.4555035773241425,13.49907481469003,10.98035798297557
6.3,6.454669559011505,13.500871950449957,10.979030677271082
6.3100000000000005,6.45384183827759,13.50264154467749,10.97770302780542
6.32,6.453020383353786,13.50438381378058,10.976375099267134
6.33,6.452205162538239,13.506098973090218,10.975046955641687
6.34,6.451396144196494,13.507787236862365,10.973718660216326
6.3500000000000005,6.450593296762099,13.509448818279894,10.972390275584914
6.36,6.449796588737227,13.511083929454577,10.971061863652746
6.37,6.449005988693269,13.512692781429086,10.969733485641342
6.38,6.448221465282422,13.5142755841279,10.968405202092624
6.390000000000001,6.447442987304256,13.515832546052387,10.967077072870262
6.4,6.446670523577576,13.517363874881653,10.965749157171
6.41,6.445904042979335,13.518869777296272,10.964421513527359
6.42,6.445143514460711,13.520350458908203,10.963094199811483
6.43,6.444388907047783,13.521806124262355,10.96176727323976
6.44,6.443640189842203,13.523236976838172,10.960440790377401
6.45,6.442897332021862,13.52464321905119,10.959114807143003
6.46,6.442160302841559,13.526025052254612,10.957789378813073
6.47,6.441429071633667,13.527382676740855,10.956464560026529
6.48,6.440703607808792,13.528716291743109,10.95514040478917
6.49,6.4399838808564365,13.53002609543687,10.95381696647812
6.5,6.439269860345666,13.531312284941475,10.952494297846238
6.51,6.438561515925766,13.532575056321608,10.951172451026498
6.5200000000000005,6.437858817326906,13.53381460458881,10.949851477536336
6.53,6.437161734360802,13.535031123702957,10.948531428281992
6.54,6.436470236921379,13.536224806573724,10.94721235356277
6.55,6.435784294985439,13.537395845062035,10.945894303075331
6.5600000000000005,6.435103878613325,13.538544429981483,10.9445773259179
6.57,6.434428957949591,13.539670751099735,10.943261470594472
6.58,6.4337595032236745,13.5407749971399,10.941946785018988
6.59,6.43309548475057,13.54185735578189,10.940633316519461
6.6000000000000005,6.4324368729315085,13.542918013663726,10.939321111842089
6.61,6.431783638254634,13.543957156382842,10.938010217155322
6.62,6.431135751295699,13.544974968497332,10.936700678053906
6.63,6.4304931827168925,13.545971633535205,10.935392539564475
6.640000000000001,6.429855903100974,13.546947334716686,10.934085846291088
6.65,6.429223883143335,13.547902254126914,10.932780642256537
6.66,6.428597093721798,13.54883657241791,10.931476970847521
6.67,6.42797550580008,13.549750469230712,10.930174874901205
6.68,6.427359090428199,13.550644123197715,10.9288743967093
6.69,6.426747818742897,13.551517711944998,10.92757557802216
6.7,6.42614166196805,13.552371412094661,10.926278460052828
6.71,6.425540591415073,13.55320539926717,10.924983083481052
6.72,6.424944578483332,13.554019848083666,10.923689488457308
6.73,6.424353594660544,13.55481493216831,10.922397714606763
6.74,6.42376761152318,13.555590824150592,10.92110780103323
6.75,6.423186600736868,13.55634769566765,10.919819786323103
6.76,6.422610534056785,13.557085717366581,10.918533708549248
6.7700000000000005,6.422039383328064,13.557805058906737,10.917249605274892
6.78,6.421473120486182,13.558505888962014,10.91596751355746
6.79,6.420911717557356,13.559188375223133,10.91468746995242
6.8,6.420355146658946,13.559852684399917,10.91340951051707
6.8100000000000005,6.419803379999839,13.56049898222354,10.912133670814313
6.82,6.4192563898808475,13.561127433448773,10.910859985916419
6.83,6.418714148695107,13.56173820185621,10.909588490408737
6.84,6.418176628928466,13.562331450254495,10.908319218393398
6.8500000000000005,6.417643803159882,13.562907340482504,10.907052203492988
6.86,6.417115644061821,13.563466033411538,10.905787478854196
6.87,6.416592124400648,13.56400768894748,10.90452507715143
6.88,6.416073217037033,13.564532466032942,10.903265030590418
6.890000000000001,6.415558894867413,13.565040522893522,10.90200737095175
6.9,6.415049130796209,13.565532017156686,10.900752129613547
6.91,6.414543897928182,13.566007105058633,10.899499337424754
6.92,6.414043169464577,13.56646594187827,10.898249024779364
6.93,6.4135469186992085,13.566908681957155,10.897001221622817
6.94,6.413055119018663,13.567335478702379,10.895755957455576
6.95,6.41256774390249,13.567746484589456,10.894513261336684
6.96,6.412084766923392,13.568141851165214,10.893273161887313
6.97,6.41160616174741,13.568521729050687,10.89203568729427
6.98,6.411131902134111,13.568886267944015,10.890800865313498
6.99,6.41066196193676,13.569235616623331,10.88956872327355
7.0,6.4101963151025005,13.569569922949654,10.888339288079038
7.01,6.409734935672526,13.569889333869794,10.887112586214064
7.0200000000000005,6.409277797782248,13.570193995419222,10.885888643745629
7.03,6.408824875661459,13.570484052724982,10.884667486327018
7.04,6.408376143634504,13.57075965000856,10.883449139201169
7.05,6.40793157612043,13.571020930588773,10.882233627204009
7.0600000000000005,6.407491147633154,13.571268036884657,10.881020974767786
7.07,6.407054832781611,13.571501110418323,10.87981120592436
7.08,6.40662260626991,13.571720291817844,10.878604344308489
7.09,6.406194442897482,13.571925720820108,10.877400413161077
7.1000000000000005,6.405770317559232,13.572117536273684,10.87619943533242
7.11,6.405350205245681,13.572295876141663,10.875001433285412
7.12,6.404934081043116,13.572460877504511,10.873806429098737
7.13,6.404521920133727,13.5726126765629,10.872614444470042
7.140000000000001,6.404113697787591,13.572751408677147,10.871425500724689
7.15,6.403709389314715,13.572877208585837,10.87023961885186
7.16,6.403308970159465,13.572990209985552,10.869056819443001
7.17,6.402912415872335,13.573090545660977,10.867877122714345
7.18,6.402519702098857,13.573178347538029,10.866700548517695
7.19,6.402130804579647,13.573253746687044,10.865527116343507
7.2,6.401745699150447,13.573316873325947,10.864356845323986
7.21,6.401364361742167,13.57336785682343,10.86318975423614
7.22,6.400986768380916,13.57340682570213,10.862025861504835
7.23,6.400612895188035,13.573433907641805,10.860865185205798
7.24,6.400242718380124,13.573449229482513,10.859707743068649
7.25,6.399876214269069,13.573452917227788,10.85855355247986
7.26,6.3995133592620626,13.573445096047813,10.857402630485737
7.2700000000000005,6.399154129861621,13.573425890282588,10.856254993795362
7.28,6.398798502665599,13.573395423445113,10.85511065878352
7.29,6.398446454367205,13.57335381822455,10.853969641493602
7.3,6.398097961755008,13.573301196489389,10.852831957640504
7.3100000000000005,6.397753001712944,13.573237679290608,10.851697622613484
7.32,6.397411551220323,13.573163386864843,10.850566651479024
7.33,6.397073587351824,13.57307843863753,10.849439058983654
7.34,6.396739087277501,13.572982953226067,10.848314859556764
7.3500000000000005,6.396408028262774,13.57287704844295,10.8471940673134
7.36,6.396080387668427,13.572760841298928,10.846076696057036
7.37,6.395756142950592,13.572634448006124,10.844962759282335
7.38,6.395435271660748,13.572497983981178,10.843852270177873
7.390000000000001,6.395117751445456,13.572351563849544,10.842745241629379
7.4,6.394803560025264,13.572195301550103,10.841641686266188
7.41,6.3944926752190945,13.57202931022078,10.84054161641327
7.42,6.394185074952672,13.57185370216101,10.839445044076351
7.43,6.393880737246321,13.571668588893447,10.838351980969836
7.44,6.393579640214908,13.571474081167244,10.83726243851952
7.45,6.393281762067776,13.571270288961317,10.836176427865269
7.46,6.392987081108685,13.571057321487606,10.835093959863691
7.47,6.392695575735734,13.570835287194342,10.834015045090789
7.48,6.3924072244413015,13.570604293769291,10.8329396938446
7.49,6.392122005811962,13.570364448143023,10.831867916147814
7.5,6.391839898528417,13.57011585649215,10.830799721750388
7.51,6.391560881365411,13.569858624242578,10.82973512013213
7.5200000000000005,6.391284933191657,13.56959285607274,10.828674120505275
7.53,6.391012032969748,13.56931865591684,10.827616731817049
7.54,6.390742159756074,13.569036126968076,10.82656296275221
7.55,6.3904752927007324,13.56874537168187,10.825512821735579
7.5600000000000005,6.390211411047444,13.56844649177908,10.824466316934553
7.57,6.389950494133456,13.568139588249224,10.823423456261605
7.58,6.389692521389446,13.567824761353675,10.822384247376764
7.59,6.389437472339438,13.567502110628867,10.821348697690087
7.6000000000000005,6.389185326600691,13.567171734889484,10.820316814364118
7.61,6.388936063883611,13.56683373223165,10.81928860431631
7.62,6.3886896639916415,13.566488200036101,10.818264074221467
7.63,6.38844610682117,13.566135234971362,10.817243230514142
7.640000000000001,6.388205372361416,13.5657749329969,10.816226079391042
7.65,6.387967440687822,13.56540738939836,10.815212626800339
7.66,6.387732291958999,13.565032698805222,10.814202878438149
7.67,6.387499906437535,13.564650955090865,10.813196839792813
7.68,6.387270264478473,13.564262251431922,10.812194516124347
7.69,6.38704334652874,13.563866680313675,10.811195912465852
7.7,6.386819133127014,13.563464333533268,10.810201033625765
7.71,6.386597604903586,13.56305530220293,10.80920988419011
7.72,6.3863787425802165,13.56263967675317,10.808222468524733
7.73,6.386162526970005,13.562217546935992,10.8072387907775
7.74,6.385948938977239,13.561789001828076,10.80625885488052
7.75,6.385737959597255,13.561354129833973,10.805282664552303
7.76,6.38552956991629,13.560913018689275,10.80431022329995
7.7700000000000005,6.385323751111339,13.560465755463795,10.803341534421289
7.78,6.385120484450003,13.56001242656472,10.802376601007023
7.79,6.384919751290342,13.559553117739771,10.801415425942846
7.8,6.38472153308072,13.55908791408034,10.800458011911553
7.8100000000000005,6.384525811359659,13.55861690002464,10.799504361395131
7.82,6.38433256775568,13.558140159360816,10.798554476676834
7.83,6.384141783987153,13.557657775230071,10.797608359843245
7.84,6.383953441862135,13.557169830129775,10.796666012786323
7.8500000000000005,6.383767523278222,13.556676405916555,10.795727437205436
7.86,6.383584010222385,13.556177583809395,10.794792634609372
7.87,6.383402884770809,13.5556734443927,10.793861606318348
7.88,6.383224129088743,13.55516406761937,10.792934353465986
7.890000000000001,6.383047725430331,13.554649532813855,10.792010877001301
7.9,6.382873656189579,13.554129918481223,10.791091177771614
7.91,6.3827019036616095,13.553605303258315,10.790175256209913
7.92,6.382532450429047,13.553075764372306,10.789263112834208
7.930000000000001,6.382365279095154,13.552541378691283,10.788354747879575
7.94,6.382200372350967,13.552002222471968,10.787450161406804
7.95,6.382037712975102,13.551458371362868,10.786549353304293
7.96,6.381877283833554,13.550909900407433,10.78565232328994
7.97,6.381719067879502,13.550356884047192,10.784759070913013
7.98,6.381563048153107,13.549799396124879,10.783869595556023
7.99,6.381409207781311,13.549237509887547,10.782983896436566
8.0,6.381257529977643,13.548671297989674,10.782101972609166
8.01,6.381107998042015,13.548100832496251,10.781223822967105
8.02,6.380960595360528,13.547526184885855,10.780349446244236
8.03,6.380815305405262,13.546947426053729,10.779478841016793
8.040000000000001,6.380672111734089,13.546364626314821,10.778612005705174
8.05,6.380530997990463,13.545777855406836,10.777748938575728
8.06,6.380391947903224,13.545187182493267,10.776889637742524
8.07,6.380254945286396,13.544592676166404,10.776034101169104
8.08,6.380119974038987,13.543994404450352,10.775182326670226
8.09,6.379987018144788,13.543392434804016,10.7743343119136
8.1,6.379856061672172,13.54278683412409,10.773490054421615
8.11,6.379727088773893,13.542177668748021,10.772649551573032
8.120000000000001,6.379600083686884,13.541565004456972,10.771812800604698
8.13,6.379475030732055,13.54094890647877,10.770979798613215
8.14,6.3793519143140935,13.540329439490831,10.77015054255663
8.15,6.379230718921116,13.539706667623552,10.769325029256095
8.16,6.3791114291128945,13.539080654500625,10.768503255398548
8.17,6.378994029533948,13.538451463198964,10.767685217537172
8.18,6.378878504917928,13.537819156236779,10.766870912092616
8.19,6.378764840080859,13.537183795597613,10.766060335355183
8.2,6.378653019920925,13.536545442733278,10.765253483486442
8.21,6.378543029418236,13.53590415856676,10.76445035252081
8.22,6.378434853634611,13.535260003495134,10.763650938367144
8.23,6.378328477713351,13.53461303739245,10.762855236810296
8.24,6.378223886879015,13.53396331961262,10.762063243512678
8.25,6.378121066437192,13.533310908992291,10.7612749540158
8.26,6.378020001774279,13.532655863853705,10.76049036374181
8.27,6.377920678357247,13.531998242007553,10.759709467995009
8.28,6.377823081733424,13.531338100755818,10.758932261963354
8.290000000000001,6.3777271975302545,13.530675496894597,10.758158740719969
8.3,6.377633011455082,13.530010486716929,10.75738889922462
8.31,6.37754050929491,13.5293431260156,10.756622732325187
8.32,6.37744967691618,13.528673470085947,10.755860234759131
8.33,6.377360500264536,13.528001573728636,10.755101401154942
8.34,6.377272965364593,13.52732749125245,10.754346226033567
8.35,6.37718705831971,13.52665127647705,10.753594703809853
8.36,6.377102765311751,13.525972982735729,10.752846828793944
8.370000000000001,6.377020072598908,13.525292662901931,10.75210259519143
8.38,6.3769389665144365,13.524610369404575,10.75136199710407
8.39,6.376859433472849,13.523926154152306,10.750625028535326
8.4,6.376781459966243,13.52324006857816,10.749891683389517
8.41,6.376705032563919,13.52255216364406,10.749161955473058
8.42,6.376630137912136,13.5218624898436,10.74843583849582
8.43,6.376556762733871,13.521171097204808,10.747713326072438
8.44,6.376484893828569,13.520478035292896,10.746994411723637
8.45,6.376414518071904,13.519783353213013,10.74627908887753
8.46,6.376345622415529,13.51908709961298,10.745567350870907
8.47,6.37627819388683,13.518389322686032,10.744859190950514
8.48,6.376212219588682,13.517690070173519,10.744154602274323
8.49,6.376147686699193,13.516989389367636,10.743453577912781
8.5,6.3760845824714645,13.516287327114117,10.742756110850054
8.51,6.3760228942333335,13.51558392981494,10.74206219398526
8.52,6.375962609387128,13.514879243430991,10.741371820133688
8.53,6.37590371540941,13.514173313484774,10.740684982027997
8.540000000000001,6.375846199850731,13.513466185063045,10.740001672319421
8.55,6.37579005033537,13.512757902819494,10.739321883578944
8.56,6.375735254561088,13.512048510977394,10.738645608298473
8.57,6.375681800298871,13.511338053332226,10.737972838892
8.58,6.375629675392203,13.510626573255877,10.737303567699763
8.59,6.3755788677538385,13.509914113709124,10.736637787008723
8.6,6.375529365371197,13.509200717225516,10.735975489016987
8.61,6.375481156304505,13.508486425919287,10.735316665845318
8.620000000000001,6.37543422868583,13.507771281490298,10.734661309542837
8.63,6.3753885707188145,13.507055325226654,10.734009412088142
8.64,6.375344170678411,13.506338598007297,10.733360965390412
8.65,6.375301016910616,13.505621140304587,10.732715961290513
8.66,6.375259097832206,13.504902992186894,10.732074391562076
8.67,6.375218401930463,13.504184193321164,10.731436247912582
8.68,6.375178917762916,13.503464782975483,10.730801521984416
8.69,6.375140633957065,13.50274480002163,10.730170205355925
8.700000000000001,6.37510353921011,13.50202428293763,10.729542289542463
8.71,6.375067622288683,13.501303269810283,10.728917765997412
8.72,6.375032872028578,13.500581798337702,10.72829662611321
8.73,6.374999277334473,13.49985990583183,10.727678861222355
8.74,6.374966827179657,13.499137629220952,10.727064462598403
8.75,6.374935510605762,13.4984150050522,10.726453421456949
8.76,6.3749053167224785,13.497692069494054,10.72584572895661
8.77,6.374876234707284,13.496968858338818,10.725241376199982
8.78,6.374848253805167,13.49624540700511,10.724640354234587
8.790000000000001,6.374821363328412,13.495521750540224,10.724042654054038
8.8,6.374795552664812,13.494797923609713,10.723448266625915
8.81,6.374770811268256,13.494073960513703,10.72285718286368
8.82,6.374747128654076,13.493349895195964,10.722269393613715
8.83,6.374724494404007,13.492625761238399,10.72168488967286
8.84,6.3747028981659195,13.491901591863455,10.721103661789327
8.85,6.374682329653548,13.491177419936509,10.720525700663634
8.86,6.3746627786462255,13.490453277968266,10.719950996949516
8.870000000000001,6.374644234988614,13.48972919811713,10.719379541254813
8.88,6.374626688590435,13.48900521219158,10.718811324142383
8.89,6.374610129426193,13.488281351652528,10.718246336130957
8.9,6.374594547534915,13.487557647615665,10.71768456769603
8.91,6.374579933019873,13.486834130853815,10.717126009270716
8.92,6.374566276048311,13.48611083179926,10.716570651246586
8.93,6.3745535668511755,13.48538778054607,10.716018483974528
8.94,6.374541795722841,13.484665006852417,10.715469497765561
8.950000000000001,6.374530953020837,13.483942540142879,10.71492368289166
8.96,6.374521029165574,13.483220409510746,10.71438102958657
8.97,6.374512014640065,13.4824986437203,10.713841528046592
8.98,6.374503899989659,13.481777271209102,10.713305168431388
8.99,6.374496675821756,13.481056320090262,10.712771940864751
9.0,6.374490332805534,13.480335818154694,10.712241835435371
9.01,6.374484861675955,13.479615792868813,10.711714842211654
9.02,6.374480253236696,13.47889627137335,10.71119095125299
9.03,6.374476498344164,13.478177280502335,10.710670152558967
9.040000000000001,6.374473587915321,13.477458846776697,10.710152436096662
9.05,6.3744715129278315,13.476740996406013,10.709637791802779
9.06,6.3744702644197995,13.476023755290703,10.709126209584406
9.07,6.374469833489507,13.475307149024209,10.708617679319774
9.08,6.3744702112951455,13.474591202895168,10.708112190858985
9.09,6.3744713890545555,13.473875941889581,10.707609734024754
9.1,6.374473358044961,13.47316139069296,10.70711029861313
9.11,6.374476109602702,13.472447573692481,10.706613874394211
9.120000000000001,6.374479635122972,13.471734514979111,10.706120451112842
9.13,6.374483926059555,13.471022238349743,10.70563001848932
9.14,6.374488973924552,13.470310767309305,10.705142566220074
9.15,6.374494770288125,13.469600125072875,10.704658083978348
9.16,6.374501306778224,13.46889033456777,10.704176561414869
9.17,6.374508575080323,13.46818141843565,10.703697988158499
9.18,6.3745165669371575,13.467473399034583,10.703222353816896
9.19,6.374525274148451,13.46676629844112,10.702749647977148
9.200000000000001,6.374534688570653,13.466060138452363,10.702279860206414
9.21,6.374544802116671,13.465354940588005,10.701812980052535
9.22,6.374555606756379,13.464650726091266,10.701348997048763
9.23,6.374567094522112,13.463947515922609,10.700887900744872
9.24,6.37457925749788,13.463245330776932,10.700429680652073
9.25,6.374592087821809,13.46254419108168,10.699974326257927
9.26,6.374605577687339,13.46184411699674,10.699521827034676
9.27,6.374619719342961,13.461145128416419,10.699072172439873
9.28,6.374634505091962,13.460447244971418,10.698625351916982
9.290000000000001,6.374649927292167,13.459750486030792,10.698181354895993
9.3,6.374665978355677,13.45905487070391,10.697740170794011
9.31,6.374682650748614,13.458360417842396,10.69730178901585
9.32,6.374699936990861,13.457667146042054,10.696866198954604
9.33,6.374717829655804,13.456975073644804,10.696433389992237
9.34,6.374736321370074,13.456284218740588,10.69600335150013
9.35,6.374755404813286,13.455594599169283,10.695576072839645
9.36,6.374775072717788,13.454906232522589,10.695151543362677
9.370000000000001,6.37479531786839,13.454219136145914,10.69472975241219
9.38,6.374816133102119,13.45353332714026,10.694310689322752
9.39,6.374837511307951,13.452848822364079,10.693894343421059
9.4,6.374859445426559,13.45216563843513,10.693480704026454
9.41,6.374881928450049,13.451483791732333,10.693069760451433
9.42,6.374904953421707,13.450803298397604,10.69266150200215
9.43,6.374928513405711,13.450124175564712,10.692255918878812
9.44,6.374952601620253,13.449446436147353,10.691852998374687
9.450000000000001,6.374977211227085,13.448770097191835,10.691452730978643
9.46,6.375002335474044,13.448095173898768,10.691055105976144
9.47,6.375027967659008,13.447421681242654,10.690660112650828
9.48,6.375054101129654,13.446749633973493,10.690267740284881
9.49,6.375080729283217,13.44607904661838,10.689877978159394
9.5,6.375107845566238,13.445409933483116,10.689490815554732
9.51,6.375135443474332,13.444742308653812,10.689106241750897
9.52,6.375163516551934,13.44407618599849,10.688724246027897
9.53,6.375192058392062,13.443411579168695,10.688344817666106
9.540000000000001,6.37522106263607,13.442748501601088,10.68796794594663
9.55,6.375250522973406,13.442086966519067,10.687593620151672
9.56,6.375280433141365,13.441426986934355,10.6872218295649
9.57,6.375310786924849,13.440768575648615,10.686852563471806
9.58,6.375341578156123,13.44011174525505,10.686485811160077
9.59,6.37537280071457,13.439456508140015,10.686121561919958
9.6,6.375404448526446,13.43880287648461,10.685759805044608
9.61,6.37543651556464,13.438150862266294,10.685400529830483
9.620000000000001,6.375468995848427,13.437500477260485,10.685043725577684
9.63,6.375501883443227,13.436851733042166,10.684689381590328
9.64,6.375535172460356,13.436204640987494,10.684337487176919
9.65,6.375568857059577,13.435559212277571,10.683988031665745
9.66,6.375602931451342,13.434915457901994,10.68364100441871
9.67,6.375637389885168,13.434273388651588,10.683296394770242
9.68,6.375672226655234,13.433633015124558,10.682954192059183
9.69,6.375707436100505,13.432994347728386,10.682614385631142
9.700000000000001,6.375743012604487,13.432357396681427,10.682276964838865
9.71,6.37577895059499,13.431722172014535,10.681941919042622
9.72,6.375815244543883,13.431088683572646,10.681609237610582
9.73,6.375851888966858,13.430456941016407,10.68127890991919
9.74,6.375888878423184,13.429826953823765,10.680950925353551
9.75,6.375926207515468,13.429198731291585,10.680625273307802
9.76,6.375963870889413,13.428572282537251,10.680301943185498
9.77,6.376001863233579,13.427947616500276,10.679980924399983
9.78,6.37604017927914,13.427324741943904,10.679662206374775
9.790000000000001,6.376078813799642,13.426703667456724,10.679345778543938
9.8,6.376117761610763,13.426084401454272,10.679031630352473
9.81,6.3761570175700735,13.425466952180633,10.67871975125668
9.82,6.376196576576792,13.424851327710059,10.678410130724549
9.83,6.376236433571547,13.424237535948567,10.678102758236134
9.84,6.376276583536133,13.423625584635548,10.677797623283935
9.85,6.376317021493272,13.423015481345374,10.677494715373271
9.86,6.3763577425063716,13.422407233489006,10.677194024022663
9.870000000000001,6.376398741679282,13.421800848315595,10.67689553876421
9.88,6.3764400141560555,13.4211963329141,10.676599249143974
9.89,6.3764815551207095,13.420593694214883,10.67630514472235
9.9,6.376523359803575,13.419992938957234,10.676013215077356
9.91,6.37656542349347,13.419394073626876,10.675723449810487
9.92,6.376607741499725,13.41879710465249,10.675435838530454
9.93,6.376650309169002,13.418202038319214,10.675150370861084
9.94,6.376693121887038,13.417608880759984,10.674867036442576
9.950000000000001,6.376736175078408,13.417017637957096,10.674585824931881
9.96,6.376779464206296,13.416428315743783,10.674306726003085
9.97,6.376822984772259,13.415840919805767,10.67402972934779
9.98,6.376866732315997,13.415255455682836,10.673754824675497
9.99,6.376910702415117,13.414671928770401,10.67348200171399
