t,T_star,VI,VNI
0.0,3.6,134000.0,0.0
0.01,-4.426835485631647,130039.70149545398,-1.096173408519857
0.02,-12.098828025910539,126196.44750024384,-20.713987295170952
0.03,-19.429359939155642,122466.77882632524,-57.483064202159284
0.04,-26.431335370168163,118847.33852005561,-110.10459649515703
0.05,-33.11719684981408,115334.8688409132,-177.3481206928825
0.06,-39.49894129629652,111926.20832906624,-258.04842492675516
0.07,-45.5881354720634,108618.28895991176,-351.1025854207941
0.08,-51.39593091642896,105408.13338268793,-455.4671264902767
0.09,-56.93307837027558,102292.85224084444,-570.1552994588593
0.1,-62.20994171448781,99269.64157109935,-694.2344744942411
0.11,-67.23651143122635,96335.7802798458,-826.8236429068108
0.12,-72.02241761195275,93488.62769353566,-967.0910232963249
0.13,-76.57694251319835,90725.62118280314,-1114.2517713767832
0.14,-80.90903269562648,88044.27385528877,-1267.5657836327957
0.15,-85.02731074428547,85442.17231739782,-1426.3355955536492
0.16,-88.94008659010261,82916.97450211347,-1589.9043690927613
0.17,-92.65536844556314,80466.40756094975,-1757.653965736166
0.18,-96.18087336706087,78088.26581822746,-1929.003101995293
0.19,-99.52403745598782,75780.40878587429,-2103.4055840998103
0.2,-102.6920257097763,73540.75923709453,-2280.348619032773
0.21,-105.69174154115284,71367.30133629068,-2459.351196777644
0.22,-108.5298359754022,69258.07882376028,-2639.9625413322883
0.23,-111.2127165114518,67211.19325688787,-2821.7606355196626
0.24,-113.74655569554359,65224.802301145755,-3004.350804959987
0.25,-116.13729941245037,63297.118070063254,-3187.3643602453876
0.26,-118.39067487052455,61426.40551718156,-3370.457305122788
0.27,-120.51219831650474,59610.980874980625,-3553.3091002300343
0.28,-122.50718248748191,57849.21013958248,-3735.6214807635206
0.29,-124.3807438163206,56139.507599084965,-3917.117323238106
0.3,-126.13780939566591,54480.334404547386,-4097.539560491204
0.31,-127.78312366029475,52870.19718851498,-4276.650157891651
0.32,-129.32125487846005,51307.64671942454,-4454.229123294142
0.33,-130.75660142124136,49791.27659560842,-4630.073560913557
0.34,-132.09339778470854,48319.721981686635,-4803.996776986212
0.35000000000000003,-133.3357204273844,46891.65837943109,-4975.827418818897
0.36,-134.48749340565809,45505.800434922436,-5145.408652566092
0.37,-135.55249380310988,44160.90078249704,-5312.5973825600295
0.38,-136.53435697935544,42855.74892184045,-5477.263503563475
0.39,-137.43658163926915,41589.17012802902,-5639.289186669818
0.4,-138.2625347192957,40360.02439464917,-5798.56820039766
0.41000000000000003,-139.01545610828722,39167.2054076733,-5955.005261924116
0.42,-139.69846320740416,38009.639549369866,-6108.5154177447575
0.43,-140.31455532531572,36886.28493232693,-6259.02345492094
0.44,-140.86661792336895,35796.13046173366,-6406.4633392181595
0.45,-141.35742671650942,34738.19492486517,-6550.777678331302
0.46,-141.78965162572848,33711.52610828244,-6691.917212648647
0.47000000000000003,-142.16586059463665,32715.1999408437,-6829.840329497261
0.48,-142.48852327714656,31748.31966152984,-6964.5125993386355
0.49,-142.76001458941772,30810.015012705127,-7095.90633629924
0.5,-142.98261813904148,29899.441457061024,-7224.0001795576245
0.51,-143.15852953616337,29015.779417475514,-7348.7786945136395
0.52,-143.2898595999546,28158.23353794372,-7470.23198999799
0.53,-143.37863743044247,27326.031969119806,-7588.355361033385
0.54,-143.42681338346685,26518.425673627946,-7703.148945993495
0.55,-143.43626194304136,25734.687751670157,-7814.617400238022
0.56,-143.40878449970458,24974.112785674417,-7922.769583915334
0.5700000000000001,-143.34611201216444,24236.01620676422,-8027.618271340881
0.58,-143.24990758666218,23519.733678479093,-8129.179871612339
0.59,-143.12176896702132,22824.62049850409,-8227.47416299861
0.6,-142.96323094124398,22150.05101751483,-8322.524039621361
0.61,-142.77576764599465,21495.41807744425,-8414.35527649084
0.62,-142.5607948018957,20860.13246474907,-8502.99630307657
0.63,-142.31967187123638,20243.62237962726,-8588.477988303428
0.64,-142.0537041389859,19645.332920965127,-8670.833436999894
0.65,-141.7641447096927,19064.725587899582,-8750.097800376856
0.66,-141.45219644227117,18501.27779493256,-8826.308094049715
0.67,-141.1190138192333,17954.482400985005,-8899.503025126813
0.68,-140.76570474470861,17423.84725299161,-8969.722830085739
0.6900000000000001,-140.39333227400752,16908.89474356641,-9037.009122877667
0.7000000000000001,-140.00291628722186,16409.161381010912,-9101.40474996687
0.71,-139.59543510731416,15924.197371426011,-9162.953652205164
0.72,-139.17182705276883,15453.566214252915,-9221.700736891824
0.73,-138.73299193480432,14996.844309756512,-9277.691757194594
0.74,-138.2797925042038,14553.620577661384,-9330.973197635523
0.75,-137.81305585071317,14123.496086481695,-9381.59216517241
0.76,-137.3335747432635,13706.083695013982,-9429.596289192255
0.77,-136.84210892505203,13301.00770402696,-9475.03362677084
0.78,-136.33938636366082,12907.903518029636,-9517.952573302031
0.79,-135.82610446017657,12526.41731646923,-9558.401777520077
0.8,-135.3029312055776,12156.205735942827,-9596.430064454531
0.81,-134.7705063000183,11796.93556114717,-9632.086362028167
0.8200000000000001,-134.22944223243098,11448.283424858519,-9665.419632223144
0.8300000000000001,-133.6803253240287,11109.935516368634,-9696.478805995204
0.84,-133.12371672580537,10781.587299694209,-9725.312724760845
0.85,-132.56015338496456,10462.943239397104,-9751.970084549459
0.86,-131.99014897677986,10153.716534434374,-9776.499383919472
0.87,-131.4141948040399,9853.628859668705,-9798.948875192229
0.88,-130.8327606572934,9562.410115939778,-9819.366520926367
0.89,-130.24629564841413,9279.798186855724,-9837.799952440022
0.9,-129.65522901453966,9005.538702653042,-9854.296431279636
0.91,-129.0599708922102,8739.384811098902,-9868.902813801504
0.92,-128.46091305921874,8481.096955741406,-9881.665519654001
0.93,-127.85842965270064,8230.442660213002,-9892.630501992568
0.9400000000000001,-127.25287786326778,7987.196318562028,-9901.84321966183
0.9500000000000001,-126.64459859943084,7751.13899239368,-9909.348612860289
0.96,-126.03391712585497,7522.058214253518,-9915.19108149653
0.97,-125.42114368097312,7299.747796401438,-9919.41446494859
0.98,-124.80657407361515,7084.007644970909,-9922.062023374814
0.99,-124.19049026526305,6874.643578500655,-9923.176418975083
1.0,-123.57316090795446,6671.467155150312,-9922.799705070272
1.01,-122.9548418788147,6474.295502584092,-9920.973312483167
1.02,-122.33577679177033,6282.951153310614,-9917.738038342177
1.03,-121.71619749307321,6097.261884725095,-9913.134035186904
1.04,-121.09632453430177,5917.06056407105,-9907.200803371785
1.05,-120.47636762915482,5742.184997818379,-9899.977184334122
1.06,-119.85652609558647,5572.477785243137,-9891.501354306642
1.07,-119.2369892730477,5407.786177811583,-9881.810820839053
1.08,-118.61793691785289,5247.96194387809,-9870.942421458754
1.09,-117.9995396183574,5092.861230892765,-9858.93231734408
1.1,-117.3819591668834,4942.34443688362,-9845.81599285794
1.11,-116.76534892353958,4796.27608461145,-9831.628254950667
1.12,-116.14985413786394,4654.5247045185315,-9816.403238456716
1.1300000000000001,-115.53561231010472,4516.962711835401,-9800.174402828972
1.1400000000000001,-114.92275351783113,4383.466291097948,-9782.974533497376
1.1500000000000001,-114.31140072494901,4253.915285001784,-9764.835744859494
1.16,-113.70167006847568,4128.193088487378,-9745.7894857505
1.17,-113.09367113795223,4006.1865452751936,-9725.86654479567
1.18,-112.48750727825052,3887.785841174653,-9705.097050241284
1.19,-111.88327584744228,3772.884406715994,-9683.51047636838
1.2,-111.28106847209014,3661.3788213124117,-9661.135649016196
1.21,-110.68097127183182,3553.1687242023468,-9638.000755115158
1.22,-110.08306511989585,3448.156719556657,-9614.13334484444
1.23,-109.48742586884693,3346.2482891013037,-9589.560338550107
1.24,-108.8941245688446,3247.3517070809166,-9564.308033777896
1.25,-108.3032276649199,3151.3779600992734,-9538.402114539402
1.26,-107.7147972004479,3058.2406666805173,-9511.867658590929
1.27,-107.12889102508335,2967.8559968626723,-9484.729143018534
1.28,-106.54556297650912,2880.142597603346,-9457.010452971264
1.29,-105.96486305702894,2795.021520029875,-9428.734890232266
1.3,-105.38683758960532,2712.41615148099,-9399.925184025376
1.31,-104.81152940699049,2632.252141892779,-9370.603495892332
1.32,-104.23897800626412,2554.4573376780695,-9340.791428984596
1.33,-103.66921970251715,2478.9617165237114,-9310.510036641883
1.34,-103.10228776845533,2405.697325718852,-9279.779832278053
1.35,-102.53821255315623,2334.5982253480042,-9248.620801616193
1.36,-101.97702165299583,2265.6004217400005,-9217.052406266645
1.37,-101.41874003110462,2198.6418118795914,-9185.093594314534
1.3800000000000001,-100.86339014238092,2133.662127369076,-9152.76280932465
1.3900000000000001,-100.31099204622389,2070.602881489615,-9120.078000297171
1.4000000000000001,-99.76156350994464,2009.407318760404,-9087.056632219981
1.41,-99.2151201420821,1950.0203591597394,-9053.715692082105
1.42,-98.67167549066305,1892.388549952049,-9020.071698885504
1.43,-98.1312411457295,1836.4600172657154,-8986.140712507156
1.44,-97.59382682740234,1782.1844212748338,-8951.93834393677
1.45,-97.05944047244054,1729.5129122378864,-8917.479765138207
1.46,-96.5280883436112,1678.398082254392,-8882.779715238636
1.47,-95.99977510800902,1628.7939240929813,-8847.85251039016
1.48,-95.47450392032326,1580.6557894873429,-8812.712052417755
1.49,-94.95227649224702,1533.9403509322572,-8777.371838697341
1.5,-94.43309316718603,1488.6055628004715,-8741.84497089357
1.51,-93.91695300511554,1444.610620716838,-8706.144161965403
1.52,-93.40385384680795,1401.915925882716,-8670.28174527821
1.53,-92.89379238114626,1360.4830491787402,-8634.26968288239
1.54,-92.38676419868166,1320.2746985996396,-8598.119574809278
1.55,-91.88276385577649,1281.2546849386827,-8561.84266691344
1.56,-91.38178494075527,1243.387887499731,-8525.449858141685
1.57,-90.88382012599155,1206.640223176979,-8488.951708871971
1.58,-90.38886122187242,1170.9786155774764,-8452.35844871031
1.59,-89.89689921847271,1136.370967426772,-8415.679985355238
1.6,-89.4079243399982,1102.7861302929489,-8378.925911590934
1.61,-88.92192609568284,1070.1938755038304,-8342.105512337985
1.62,-88.4388933220551,1038.5648674614722,-8305.227772369535
1.6300000000000001,-87.95881422588825,1007.8706371266036,-8268.301383591624
1.6400000000000001,-87.48167641628311,978.0835582834593,-8231.334752976649
1.6500000000000001,-87.00746695056719,949.1768210755291,-8194.336009033375
1.6600000000000001,-86.53617237331618,921.1244074182805,-8157.313008598129
1.67,-86.0677787503387,893.9010678713087,-8120.273343794344
1.68,-85.60227170253422,867.4822988815897,-8083.224348746902
1.69,-85.13963643075662,841.8443224994601,-8046.173106848769
1.7,-84.67985775393126,816.964063184291,-8009.12645657913
1.71,-84.22292013871535,792.8191269427807,-7972.090997837272
1.72,-83.76880772668642,769.3877813480692,-7935.073098258317
1.73,-83.31750436073393,746.6489360337405,-7898.078899353145
1.74,-82.8689936042933,724.5821252183506,-7861.114322982199
1.75,-82.42325877264696,703.1674875231594,-7824.185076693086
1.76,-81.98028295529815,682.3857482466203,-7787.296659537419
1.77,-81.54004903753093,662.2182020934875,-7750.454367749209
1.78,-81.10253972068722,642.6466964725568,-7713.663300311354
1.79,-80.66773753706222,623.6536163763021,-7676.9283646873055
1.8,-80.23562487525547,605.2218668968186,-7640.254281703216
1.81,-79.80618399688643,587.3348581243563,-7603.645590812357
1.82,-79.37939705351374,569.9764902243484,-7567.1066551772265
1.83,-78.95524610194221,553.1311391612343,-7530.641666684502
1.84,-78.53371311588127,536.7836435972647,-7494.254651020878
1.85,-78.11478000603428,520.9192897667059,-7457.949472086666
1.86,-77.69842863248587,505.52379859031333,-7421.729836721489
1.87,-77.2846408178237,490.58331279436027,-7385.599299238133
1.8800000000000001,-76.87339835840501,476.0843847180962,-7349.561265900878
1.8900000000000001,-76.46468303350638,462.01396487543855,-7313.61899936646
1.9000000000000001,-76.05847662095664,448.3593889788081,-7277.775622705395
1.9100000000000001,-75.65476090619521,435.10836689644486,-7242.034123591385
1.92,-75.25351769228236,422.2489715367264,-7206.397358324604
1.93,-74.85472880792344,409.76962845839626,-7170.868055811579
1.94,-74.45837611475672,397.6591058541565,-7135.4488214580915
1.95,-74.0644415191248,385.90650344954247,-7100.142140781752
1.96,-73.6729069786303,374.5012430177293,-7064.950383110947
1.97,-73.28375450961704,363.43305879542277,-7029.875805142232
1.98,-72.8969661925994,352.69198864281725,-6994.920554450436
1.99,-72.51252417814355,342.2683652233647,-6960.086672889333
2.0,-72.13041069538329,332.1528065720635,-6925.376099828738
2.0100000000000002,-71.75060805669581,322.33620791452586,-6890.79067539746
2.02,-71.37309866313225,312.8097334106856,-6856.3321436156275
2.0300000000000002,-70.99786500780397,303.56480864108477,-6822.002155470588
2.04,-70.62488968067365,294.59311281158756,-6787.80227188899
2.05,-70.2541553743802,285.88657078392254,-6753.733966612179
2.06,-69.8856448875003,277.437345995251,-6719.798629028346
2.07,-69.51934112831556,269.2378333554961,-6685.997566919125
2.08,-69.15522711668879,261.2806528526555,-6652.3320091396745
2.09,-68.79328598786967,253.55864267954678,-6618.803108218989
2.1,-68.43350099624354,246.0648524954403,-6585.411942889816
2.11,-68.07585551747933,238.792537299588,-6552.15952055591
2.12,-67.72033305097158,231.735151327158,-6519.046779690157
2.13,-67.3669172206122,224.88634258855447,-6486.074592154289
2.14,-67.01559177770707,218.2399468305992,-6453.243765475697
2.15,-66.66634060316773,211.78998183501082,-6420.555045057121
2.16,-66.31914770877404,205.5306421173675,-6388.009116318749
2.17,-65.97399723857095,199.45629368613726,-6355.6066067826905
2.18,-65.63087346886186,193.56146936767502,-6323.348088073528
2.19,-65.28976081033063,187.84086351745074,-6291.234077909056
2.2,-64.95064380907651,182.2893271882226,-6259.265042016098
2.21,-64.61350714718564,176.90186354565125,-6227.441395985488
2.22,-64.27833564331235,171.67362337319994,-6195.763507075621
2.23,-63.945114252137195,166.59990105545978,-6164.231695930403
2.24,-63.613828065793335,161.67612996365753,-6132.846238317309
2.25,-63.28446231406139,156.89787835404988,-6101.607366778314
2.2600000000000002,-62.95700236440534,152.26084540479997,-6070.515272231022
2.27,-62.631433721927024,147.76085736504047,-6039.570105521697
2.2800000000000002,-62.30774202847145,143.39386409027125,-6008.771978896797
2.29,-61.98591306345488,139.15593503236306,-5978.120967515438
2.3000000000000003,-61.66593274346362,135.04325575052798,-5947.617110864261
2.31,-61.34778712188204,131.05212448678245,-5917.260414135092
2.32,-61.03146238837364,127.17894887113799,-5887.050849555425
2.33,-60.716944867773286,123.42024292152568,-5856.988357646658
2.34,-60.4042210204051,119.77262357296131,-5827.072848534589
2.35,-60.093277441274175,116.23280770262548,-5797.304203156256
2.36,-59.784100859390335,112.79760917239287,-5767.682274441226
2.37,-59.476678136900354,109.463936013709,-5738.206888445181
2.38,-59.17099626786529,106.22878781766204,-5708.877845424782
2.39,-58.8670423781552,103.08925274522178,-5679.694920967043
2.4,-58.56480372437614,100.04250498342233,-5650.657867014508
2.41,-58.26426769297316,97.08580219268924,-5621.766412874381
2.42,-57.96542179911425,94.21648310533342,-5593.020266178669
2.43,-57.66825368542492,91.43196524457062,-5564.419113802725
2.44,-57.37275112153669,88.7297423617567,-5535.962622831653
2.45,-57.078902002856516,86.10738225441693,-5507.650441428277
2.46,-56.78669434951661,83.56252456442957,-5479.4821996918
2.47,-56.496116305090325,81.09287873283994,-5451.457510465596
2.48,-56.2071561353335,78.69622199654131,-5423.575970123199
2.49,-55.919802227456984,76.37039720383224,-5395.837159388318
2.5,-55.63404308881787,74.1133109361907,-5368.240644067788
2.5100000000000002,-55.3498673457693,71.9229316104682,-5340.785975778915
2.52,-55.06726374227245,69.79728774037022,-5313.47269262415
2.5300000000000002,-54.78622113867694,67.73446616815028,-5286.300319865348
2.54,-54.50672851078082,65.73261021433666,-5259.26837061225
2.5500000000000003,-54.228774948499904,63.7899180546514,-5232.376346440325
2.56,-53.95234965465906,61.90464108626502,-5205.623738003696
2.57,-53.677441943557746,60.075082449465285,-5179.0100255949055
2.58,-53.404041239795234,58.299595466112216,-5152.534679723299
2.59,-53.13213707718768,56.57658207628007,-5126.197161687817
2.6,-52.861719097448415,54.90449143340318,-5099.99692409628
2.61,-52.592777048953536,53.281818499553495,-5073.933411378829
2.62,-52.32530078530858,51.707102785204306,-5048.006060249953
2.63,-52.059280264212504,50.178926974711615,-5022.214300202933
2.64,-51.79470554629706,48.6959156041386,-4996.557553982957
2.65,-51.53156679383646,47.25673384561883,-4971.035238021561
2.66,-51.26985426951367,45.86008630065733,-4945.64676286398
2.67,-51.00955833502207,44.504715922777436,-4920.391533548633
2.68,-50.75066944996517,43.18940281168693,-4895.2689500277975
2.69,-50.49317817066691,41.91296309367068,-4870.27840755555
2.7,-50.237075148923715,40.67424787004962,-4845.419297049291
2.71,-49.98235113079221,39.47214218163815,-4820.691005442849
2.72,-49.72899695524799,38.30556408475478,-4796.0929159966745
2.73,-49.477003553120916,37.17346359712736,-4771.624408653621
2.74,-49.22636194591123,36.074821748349315,-4747.284860354563
2.75,-48.977063244593836,35.008649670638285,-4723.073645337458
2.7600000000000002,-48.72909864844197,33.97398771115569,-4698.990135426574
2.77,-48.48245944375766,32.96990463667903,-4675.0337002849965
2.7800000000000002,-48.23713700284329,31.995496715637497,-4651.203707713161
2.79,-47.99312278284869,31.049886911286322,-4627.499523903566
2.8000000000000003,-47.750408324633526,30.132224095851342,-4603.920513686403
2.81,-47.50898525163818,29.24168229052512,-4580.46604076407
2.82,-47.268845268693504,28.377459978177765,-4557.13546791591
2.83,-47.029980161030586,27.538779307165413,-4533.928157246288
2.84,-46.79238179317561,26.724885404244766,-4510.84347038835
2.85,-46.55604210787422,25.935045695699838,-4487.880768704093
2.86,-46.320953125016864,25.168549257518677,-4465.039413472167
2.87,-46.08710694053133,24.42470621890569,-4442.31876605334
2.88,-45.8544957254328,23.7028470747404,-4419.718188094129
2.89,-45.62311172477701,23.002322098940542,-4397.237041688228
2.9,-45.39294725664878,22.322500758332737,-4374.874689537859
2.91,-45.16399471114625,21.66277115785234,-4352.630495101838
2.92,-44.93624654935633,21.022539520489964,-4330.503822728989
2.93,-44.70969530244707,20.40122959640847,-4308.494037822646
2.94,-44.4843335706854,19.798282160582758,-4286.600506967238
2.95,-44.26015402248983,19.21315450705715,-4264.822598056771
2.96,-44.0371493934766,18.645319976040263,-4243.159680409295
2.97,-43.81531248551526,18.09426749830668,-4221.611124874279
2.98,-43.59463616586565,17.559501090064337,-4200.176303962834
2.99,-43.37511336626256,17.04053942132294,-4178.854591945753
3.0,-43.15673708203202,16.53691537981414,-4157.645364954266
3.0100000000000002,-42.93950037120012,16.048175668610238,-4136.548001066174
3.02,-42.72339635362495,15.573880405004944,-4115.561880392275
3.0300000000000002,-42.508418210179606,15.113602691232387,-4094.6863851765766
3.04,-42.29455918190402,14.666928242228721,-4073.9208998712134
3.0500000000000003,-42.081812569183064,14.23345500994947,-4053.264811213822
3.06,-41.870171730917946,13.812792841447894,-4032.7175082900703
3.0700000000000003,-41.659630083729105,13.404563124377114,-4012.2783826030686
3.08,-41.45018110118703,13.00839842415431,-3991.9468281477057
3.09,-41.241818313029,12.623942161863749,-3971.722241466845
3.1,-41.03453530439696,12.250848291068861,-3951.6040217090303
3.11,-40.828325715070775,11.888781006719265,-3931.5915706719097
3.12,-40.62318323873515,11.537414432589781,-3911.684292856996
3.13,-40.41910162226042,11.196432314579658,-3891.8815955227074
3.14,-40.21607466498064,10.865527741956626,-3872.182888725083
3.15,-40.014096217988545,10.544402869595697,-3852.587585359095
3.16,-39.813160183428835,10.232768669501077,-3833.095101186819
3.17,-39.61326051382315,9.930344656126028,-3813.704854879479
3.18,-39.414391211401345,9.636858626836265,-3794.41626805321
3.19,-39.216546327437115,9.352046420739368,-3775.2287652970076
3.2,-39.01971996159702,9.075651680194477,-3756.141774200442
3.21,-38.823906261291235,8.807425638066809,-3737.1547253698277
3.22,-38.629099421051166,8.547126877169747,-3718.267052459204
3.23,-38.435293681910764,8.29452111033413,-3699.478192192276
3.24,-38.24248333079547,8.049380971830661,-3680.78758437985
3.25,-38.05066269992258,7.8114858128148255,-3662.194671936391
3.2600000000000002,-37.859826166205636,7.58062151855216,-3643.6989008868327
3.27,-37.669968150680695,7.356580298513935,-3625.299720388018
3.2800000000000002,-37.48108311793563,7.139160499689602,-3606.996582739659
3.29,-37.29316557554886,6.928166426272338,-3588.788943393227
3.3000000000000003,-37.10621007353754,6.72340816441354,-3570.676260959375
3.31,-36.92021120381221,6.524701424602189,-3552.6579972076256
3.3200000000000003,-36.735163599647514,6.331867359221823,-3534.733617079553
3.33,-36.551061935157506,6.144732403757094,-3516.902588691198
3.34,-36.36790092478005,5.963128120985341,-3499.164383335021
3.35,-36.185675322769995,5.786891051032417,-3481.51847547996
3.36,-36.00437992269987,5.615862574881852,-3463.964342765766
3.37,-35.824009556971944,5.449888756466619,-3446.5014660091306
3.38,-35.64455909633652,5.28882020727673,-3429.1293291995203
3.39,-35.46602344941862,5.132511951797124,-3411.847419495585
3.4,-35.288397562252925,4.9808232993913295,-3394.6552272193367
3.41,-35.11167641782647,4.833617725582357,-3377.5522458465607
3.42,-34.935855035629274,4.690762736003734,-3360.537972006963
3.43,-34.76092847121238,4.5521297506386915,-3343.6119054750425
3.44,-34.58689181575363,4.41759398767547,-3326.7735491621274
3.45,-34.41374019563108,4.287034354209636,-3310.0224091059035
3.46,-34.241468772004104,4.160333342496908,-3293.35799445809
3.47,-34.07007274039961,4.037376913324647,-3276.779817479512
3.48,-33.899547330307016,3.9180543967239267,-3260.287393527373
3.49,-33.729887804779594,3.8022583917866957,-3243.8802410438625
3.5,-33.56108946004371,3.6898846735808086,-3227.557881542113
3.5100000000000002,-33.3931476251144,3.5808321020417515,-3211.319839592024
3.52,-33.2260576614149,3.475002522548626,-3195.16564281113
3.5300000000000002,-33.059814962405284,3.3723006804643214,-3179.094821849318
3.54,-32.894414953216575,3.272634134783564,-3163.106910374846
3.5500000000000003,-32.729853090292735,3.1759131790037327,-3147.20144505758
3.56,-32.56612486103747,3.0820507607138685,-3131.377965553699
3.5700000000000003,-32.403225783464684,2.990962397365963,-3115.6360144930945
3.58,-32.241151405857806,2.9025661024320017,-3099.975137462406
3.59,-32.07989730643381,2.8167823110643635,-3084.3948829890824
3.6,-31.919459093015313,2.7335338128112996,-3068.894802522738
3.61,-31.759832402705445,2.6527456806029863,-3053.4744504191067
3.62,-31.601012901567003,2.574345199586704,-3038.1333839248077
3.63,-31.442996284309633,2.4982618032109745,-3022.871163159287
3.64,-31.28577827398122,2.424427009305702,-3007.687351097481
3.65,-31.12935462166736,2.3527743627284323,-2992.5815135500047
3.66,-30.97372110619166,2.2832393728506184,-2977.553219146539
3.67,-30.818873533821364,2.215759453372557,-2962.6020393187828
3.68,-30.664807737979693,2.150273867016135,-2947.727548281705
3.69,-30.511519578962364,2.086723670614662,-2932.9293230152884
3.7,-30.359004943661738,2.025051666085252,-2918.2069432441
3.71,-30.207259745290383,1.965202345582865,-2903.559991420295
3.72,-30.056279923110736,1.9071218405377515,-2888.9880527053924
3.73,-29.906061442170508,1.850757873813599,-2874.4907149511905
3.74,-29.756600293041846,1.7960597125845164,-2860.0675686809486
3.75,-29.607892491567984,1.742978126289781,-2845.718207068798
3.7600000000000002,-29.45993407860787,1.691465338685626,-2831.442225922498
3.77,-29.312721119787856,1.6414749846254262,-2817.239223664567
3.7800000000000002,-29.166249705257837,1.5929620686915205,-2803.1088013131116
3.79,-29.020515949451255,1.5458829247997639,-2789.050562462776
3.8000000000000003,-28.87551599085177,1.5001951800122963,-2775.0641132643023
3.81,-28.731245991757383,1.4558577127775787,-2761.1490624071944
3.8200000000000003,-28.587702138051885,1.4128306162082942,-2747.3050211005957
3.83,-28.444880638980003,1.3710751623266586,-2733.5316030542554
3.84,-28.302777726926166,1.3305537674780337,-2719.8284244594784
3.85,-28.161389657199333,1.2912299610621731,-2706.1951039690975
3.86,-28.02071270781482,1.2530683493097123,-2692.631262680152
3.87,-27.88074317928375,1.216034584011628,-2679.1365241148314
3.88,-27.74147739440531,1.1800953316315947,-2665.7105142017426
3.89,-27.602911698062655,1.1452182437327807,-2652.3528612570585
3.9,-27.465042457023984,1.1113719298430638,-2639.0631959650746
3.91,-27.327866059740582,1.0785259261712208,-2625.8411513610067
3.92,-27.191378916152566,1.0466506689097637,-2612.686362812249
3.93,-27.055577457496568,1.015717467566604,-2599.598468000053
3.94,-26.92045813611731,0.9856984797154661,-2586.577106901038
3.95,-26.7860174252831,0.9565666873406479,-2573.6219217684456
3.96,-26.652251818998923,0.9282958699482394,-2560.7325571151614
3.97,-26.519157831826682,0.9008605817058934,-2547.908659695443
3.98,-26.386731998707017,0.8742361284317081,-2535.149878487125
3.99,-26.25497087478497,0.8483985460708875,-2522.455864673592
4.0,-26.123871035238516,0.8233245799746651,-2509.8262716258173
4.01,-25.993429075105368,0.79899166191075,-2497.2607548856804
4.0200000000000005,-25.863641609116296,0.7753778904232498,-2484.7589721482996
4.03,-25.73450527152977,0.7524620109908348,-2472.3205832448207
4.04,-25.6060167159704,0.7302233977123987,-2459.9452501249457
4.05,-25.478172615269095,0.7086420350658461,-2447.6326368397927
4.0600000000000005,-25.350969661302504,0.6876984983678658,-2435.3824095255795
4.07,-25.22440456483813,0.6673739368378759,-2423.1942363866515
4.08,-25.09847405538046,0.6476500565038079,-2411.0677876788795
4.09,-24.973174881021137,0.6285091046396651,-2399.002735692833
4.1,-24.848503808289433,0.609933853644675,-2386.9987547374526
4.11,-24.72445762200338,0.591907584526542,-2375.0555211241763
4.12,-24.60103312512538,0.5744140722472997,-2363.172713150693
4.13,-24.478227138618852,0.5574375710172751,-2351.3500110850005
4.14,-24.356036501308896,0.540962801046854,-2339.5870971492573
4.15,-24.23445806974223,0.5249749343316699,-2327.8836555042394
4.16,-24.113488718048888,0.5094595806915007,-2316.2393722339957
4.17,-23.99312533780722,0.494402775087875,-2304.6539353303233
4.18,-23.8733648379103,0.4797909649917761,-2293.127034677507
4.19,-23.754204144436105,0.46561099924219496,-2281.6583620368315
4.2,-23.635640200515866,0.4518501153100678,-2270.2476110318644
4.21,-23.517669966204974,0.4384959274328486,-2258.894477133699
4.22,-23.400290418356786,0.4255364156657287,-2247.598657646162
4.23,-23.283498550497406,0.4129599149250515,-2236.359851691259
4.24,-23.167291372703428,0.4007551049785869,-2225.1777601945687
4.25,-23.05166591148337,0.3889110018049467,-2214.052085870439
4.26,-22.936619209652072,0.37741694505440376,-2202.982533208627
4.2700000000000005,-22.822148326213725,0.36626258924661353,-2191.968808460006
4.28,-22.708250336244795,0.3554378944734371,-2181.0106196226516
4.29,-22.594922330778175,0.34493311727436893,-2170.1076764280856
4.3,-22.48216141669129,0.33473880298308506,-2159.259690327353
4.3100000000000005,-22.369964716591912,0.32484577652728786,-2148.466374477698
4.32,-22.258329368705432,0.3152451335177059,-2137.7274437293695
4.33,-22.147252526765488,0.30592823258065843,-2127.0426146122886
4.34,-22.03673135990512,0.29688668748750874,-2116.411605322974
4.3500000000000005,-21.92676305254988,0.2881123598245734,-2105.8341357115182
4.36,-21.817344804314637,0.2795973528565099,-2095.309927268458
4.37,-21.708473829894466,0.2713340026377075,-2084.8387031125
4.38,-21.600147358962158,0.2633148715429391,-2074.4201879778375
4.39,-21.492362636065927,0.25553274161265965,-2064.0541082016894
4.4,-21.38511692052806,0.24798060797725335,-2053.740191711993
4.41,-21.27840748634708,0.2406516733549953,-2043.478168015005
4.42,-21.17223162209819,0.23353934166493875,-2033.2677681832895
4.43,-21.066586630833637,0.22663721133891393,-2023.108724843958
4.44,-20.961469829987095,0.21993906991907936,-2013.0007721667469
4.45,-20.856878551278044,0.21343888840864578,-2002.9436458523253
4.46,-20.752810140617473,0.2071308159239915,-1992.937083120705
4.47,-20.649261958016275,0.20100917523385228,-1982.9808226997054
4.48,-20.5462313774905,0.19506845657256272,-1973.0746048137216
4.49,-20.44371578697041,0.18930331286037935,-1963.2181711724897
4.5,-20.34171258821015,0.18370855493713345,-1953.4112649599783
4.51,-20.2402191966982,0.17827914683012294,-1943.653630823413
4.5200000000000005,-20.139233041570538,0.17301020172755618,-1933.9450148622875
4.53,-20.038751565523317,0.1678969776177855,-1924.2851646175923
4.54,-19.938772224723923,0.1629348722623175,-1914.6738290613255
4.55,-19.839292488726393,0.15811941937982626,-1905.1107585858792
4.5600000000000005,-19.740309840386534,0.15344628458566306,-1895.595704993613
4.57,-19.641821775778144,0.14891126151486214,-1886.1284214865345
4.58,-19.543825804111535,0.14451026864630354,-1876.7086626560465
4.59,-19.446319447649493,0.14023934490731113,-1867.3361844728888
4.6000000000000005,-19.349300241626057,0.13609464616452174,-1858.010744277133
4.61,-19.25276573416616,0.13207244182513503,-1848.7321007682854
4.62,-19.156713486205728,0.12816911143771514,-1839.5000139954943
4.63,-19.06114107141379,0.12438114176655898,-1830.314245347842
4.64,-18.966046076114797,0.12070512378938952,-1821.1745575447437
4.65,-18.871426099208854,0.11713774886567657,-1812.0807146265038
4.66,-18.77727875209602,0.11367580605716197,-1803.0324819449072
4.67,-18.683601658600182,0.11031617919452077,-1794.029626153924
4.68,-18.59039245489371,0.10705584401325033,-1785.0719152005167
4.69,-18.497648789423668,0.10389186565361952,-1776.1591183155165
4.7,-18.405368322841255,0.10082139700487677,-1767.2910060045406
4.71,-18.313548727923525,0.09784167455889019,-1758.4673500391862
4.72,-18.222187689502434,0.09495001636114991,-1749.687923448171
4.73,-18.131282904393238,0.0921438196585135,-1740.9525005085875
4.74,-18.04083208132334,0.08942055852066004,-1732.2608567372565
4.75,-17.95083294086177,0.08677778157048545,-1723.6127688821648
4.76,-17.861283215351484,0.08421311047141458,-1715.008014914054
4.7700000000000005,-17.772180648837896,0.08172423704165174,-1706.4463740179742
4.78,-17.68352299700014,0.07930892113210083,-1697.927626584986
4.79,-17.5953080270834,0.07696498873780641,-1689.4515542039492
4.8,-17.50753351783146,0.0746903300066965,-1681.0179396533933
4.8100000000000005,-17.420197259419673,0.07248289729833439,-1672.6265668934623
4.82,-17.333297053390744,0.07034070389021778,-1664.277221057964
4.83,-17.246830712588338,0.06826182200055629,-1655.969688446471
4.84,-17.16079606109001,0.06624438050240782,-1647.7037565164878
4.8500000000000005,-17.07519093414367,0.06428656352795341,-1639.4792138757248
4.86,-16.990013178103492,0.06238660880987125,-1631.2958502744393
4.87,-16.905260650366262,0.06054280606439721,-1623.153456597847
4.88,-16.820931219309198,0.058753495647612584,-1615.0518248586236
4.89,-16.737022764228858,0.057017067407552253,-1606.9907481894852
4.9,-16.653533175276237,0.05533195847596357,-1598.970020835783
4.91,-16.570460353396456,0.05369665213460925,-1590.9894381482263
4.92,-16.487802210267755,0.05210967645009214,-1583.0487965756536
4.93,-16.405556668241008,0.05056960292678585,-1575.1478936578783
4.94,-16.323721660279848,0.04907504525688365,-1567.2865280186215
4.95,-16.242295129902434,0.0476246584783332,-1559.4644993586512
4.96,-16.16127503112068,0.046217137220755156,-1551.6816084486381
4.97,-16.080659328381923,0.04485121461455511,-1543.9376571223142
4.98,-16.00044599651092,0.043525661192249376,-1536.2324482696763
4.99,-15.920633020652083,0.04223928376136692,-1528.5657858302384
5.0,-15.841218396212156,0.04099092431529233,-1520.9374747863394
5.01,-15.762200128805222,0.03977945938601726,-1513.3473211565433
5.0200000000000005,-15.683576234194913,0.03860379872107445,-1505.7951319890572
5.03,-15.605344738237807,0.03746288415024408,-1498.2807153552224
5.04,-15.527503676828417,0.03635568875522397,-1490.803880343074
5.05,-15.450051095844037,0.03528121593204724,-1483.3644370509573
5.0600000000000005,-15.372985051089966,0.03423849847712289,-1475.9621965811975
5.07,-15.296303608245795,0.03322659787411558,-1468.596971033906
5.08,-15.220004842811681,0.03224460351203722,-1461.2685735007947
5.09,-15.144086840053626,0.03129163153888988,-1453.9768180588944
5.1000000000000005,-15.068547694950833,0.030366824205698556,-1446.7215197645166
5.11,-14.993385512142922,0.029469349084323266,-1439.5024946472138
5.12,-14.918598405877436,0.02859839830371407,-1432.3195597037848
5.13,-14.844184499958134,0.027753187883921334,-1425.17253289237
5.14,-14.770141927694365,0.026932957269623182,-1418.0612331266632
5.15,-14.696468831847966,0.02613696823109922,-1410.985480269927
5.16,-14.623163364582862,0.0253645043173111,-1403.945095129265
5.17,-14.550223687414485,0.02461487022114924,-1396.939899449898
5.18,-14.477647971159518,0.023887391139229167,-1389.9697159094867
5.19,-14.405434395885898,0.023181412146807086,-1383.0343681124998
5.2,-14.333581150864374,0.022496297835065633,-1376.133680584704
5.21,-14.262086434519286,0.02183143174816919,-1369.2674787676328
5.22,-14.190948454378056,0.021186215469822384,-1362.4355890130018
5.23,-14.120165427023423,0.020560068258465243,-1355.6378385773207
5.24,-14.04973557804522,0.019952426517202956,-1348.8740556165026
5.25,-13.979657141992393,0.019362743276755398,-1342.1440691805103
5.26,-13.909928362325426,0.018790487703094726,-1335.4477092080629
5.2700000000000005,-13.84054749136997,0.018235144831381028,-1328.7848065215353
5.28,-13.771512790268954,0.017696214881746393,-1322.155192821593
5.29,-13.702822528935766,0.017173212783850225,-1315.558700682005
5.3,-13.634474986008126,0.01666566778692609,-1308.9951635445598
5.3100000000000005,-13.566468448801967,0.016173123027274246,-1302.4644157139783
5.32,-13.498801213265645,0.01569513510611304,-1295.9662923528724
5.33,-13.431471583934705,0.015231273740621191,-1289.500629476765
5.34,-13.364477873887713,0.014781121569968084,-1283.067263949216
5.3500000000000005,-13.297818404699672,0.014344273449817164,-1276.666033476763
5.36,-13.231491506397925,0.013920336184857919,-1270.2967766040836
5.37,-13.16549551741787,0.013508928186812666,-1263.9593327091584
5.38,-13.0998287845589,0.01310967912418444,-1257.6535419984677
5.39,-13.034489662940581,0.012722229580479557,-1251.3792455022226
5.4,-12.969476515959718,0.012346230836590356,-1245.1362850697044
5.41,-12.90478771524715,0.011981344560706673,-1238.9245033645802
5.42,-12.840421640623887,0.011627242335342663,-1232.7437438601441
5.43,-12.776376680058869,0.011283605442344921,-1226.5938508347524
5.44,-12.712651229626475,0.0109501245716022,-1220.4746693672387
5.45,-12.649243693464358,0.010626499536856685,-1214.3860453323675
5.46,-12.58615248373149,0.010312439005532272,-1208.3278253963226
5.47,-12.523376020567111,0.010007660362194276,-1202.2998570123623
5.48,-12.460912732048692,0.009711889323414087,-1196.3019884162475
5.49,-12.398761054150697,0.009424859675926657,-1190.3340686218223
5.5,-12.33691943070377,0.009146313064985348,-1184.395947416669
5.51,-12.275386313354058,0.008875998756993603,-1178.4874753577653
5.5200000000000005,-12.214160161522726,0.008613673407826782,-1172.6085037671717
5.53,-12.153239442365969,0.008359100871919137,-1166.7588847277711
5.54,-12.092622630735695,0.008112052097774112,-1160.9384710790716
5.55,-12.032308209138696,0.007872304737910342,-1155.1471164129052
5.5600000000000005,-11.972294667697486,0.007639643003214689,-1149.3846750692678
5.57,-11.912580504111126,0.007413857475643066,-1143.6510021321715
5.58,-11.85316422361614,0.007194744916259403,-1137.9459534255145
5.59,-11.794044338947725,0.006982108077959233,-1132.2693855089865
5.6000000000000005,-11.735219370301449,0.006775755580359154,-1126.6211556740707
5.61,-11.676687845294932,0.006575501739142375,-1121.0011219400137
5.62,-11.618448298929241,0.0063811663148339755,-1115.4091430497158
5.63,-11.560499273551212,0.006192574390189806,-1109.8450784658044
5.64,-11.502839318815743,0.006009556210007266,-1104.3087883666844
5.65,-11.445466991648294,0.005831947024790693,-1098.8001336426146
5.66,-11.38838085620765,0.0056595869426219175,-1093.3189758918163
5.67,-11.331579483849342,0.005492320864277015,-1087.8651774166804
5.68,-11.275061453088329,0.005329998261919677,-1082.4386012198531
5.69,-11.218825349562286,0.005172473034616719,-1077.0391110004155
5.7,-11.162869765995334,0.005019603394866502,-1071.6665711501157
5.71,-11.107193302161773,0.004871251738558551,-1066.320846749605
5.72,-11.051794564850077,0.004727284518094257,-1061.0018035647022
5.73,-10.99667216782717,0.004587572136220647,-1055.7093080426973
5.74,-10.94182473180319,0.00445198888343027,-1050.4432273087157
5.75,-10.887250884395451,0.004320412732610362,-1045.2034291619764
5.76,-10.832949260093432,0.0041927252563524605,-1039.9897820721817
5.7700000000000005,-10.778918500223767,0.0040688115236412045,-1034.8021551759107
5.78,-10.72515725291544,0.003948559994434167,-1029.6404182730307
5.79,-10.671664173065105,0.00383186241679915,-1024.5044418231298
5.8,-10.6184379223028,0.0037186137540738745,-1019.3940969420215
5.8100000000000005,-10.565477168958003,0.003608712114687838,-1014.3092553982833
5.82,-10.512780588024718,0.003502058569679534,-1009.2497896095898
5.83,-10.460346861128217,0.003398557123841107,-1004.2155726393664
5.84,-10.408174676491177,0.0032981146135663843,-999.2064781933119
5.8500000000000005,-10.356262728900164,0.0032006406216795484,-994.2223806159736
5.86,-10.304609719672348,0.003106047397564297,-989.2631548873497
5.87,-10.253214356622792,0.003014249839521602,-984.3286766195641
5.88,-10.202075354030981,0.002925165345603495,-979.418822053443
5.89,-10.151191432608009,0.00283871373425335,-974.5334680551738
5.9,-10.100561319464074,0.0027548171862540522,-969.6724921130024
5.91,-10.050183748076057,0.0026734001717839562,-964.8357723339385
5.92,-10.000057458255236,0.0025943893792687613,-960.0231874404783
5.93,-9.950181196115215,0.002517713646029453,-955.2346167673504
5.94,-9.900553714040317,0.0024433039489232798,-950.4699402583306
5.95,-9.851173770654167,0.0023710933908101662,-945.7290384630729
5.96,-9.802040130787217,0.002301016978451254,-941.0117925337865
5.97,-9.753151565445801,0.002233011636089277,-936.3180842221286
5.98,-9.704506851780957,0.0021670161516752703,-931.6477958760595
5.99,-9.656104773057429,0.002102971122681872,-927.0008104367198
6.0,-9.607944118622811,0.002040818903952693,-922.3770114353233
6.01,-9.560023683876786,0.001980503555578066,-917.7762829900573
6.0200000000000005,-9.512342270238907,0.0019219707666738113,-913.1985098027442
6.03,-9.464898685120287,0.0018651678415185634,-908.6435771561179
6.04,-9.417691741893346,0.0018100436536977167,-904.1113709107847
6.05,-9.370720259861413,0.0017565485966536101,-899.6017775021539
6.0600000000000005,-9.323983064228893,0.0017046345427943988,-895.1146839374504
6.07,-9.277478986071628,0.0016542548045852929,-890.6499777927514
6.08,-9.23120686230739,0.001605364097622081,-886.2075472100389
6.09,-9.185165535664494,0.001557918414435862,-881.7872808939372
6.1000000000000005,-9.139353854651366,0.0015118749350632019,-877.3890681085979
6.11,-9.093770673532504,0.0014671922100803327,-873.012798675617
6.12,-9.048414852297197,0.001423830023874157,-868.6583629707684
6.13,-9.003285256630749,0.00138174935945055,-864.325651921134
6.140000000000001,-8.958380757885877,0.0013409123671296774,-860.0145570022582
6.15,-8.913700233054316,0.0013012823348812312,-855.7249702353253
6.16,-8.869242564738185,0.0012628236457849868,-851.4567841842909
6.17,-8.8250066411178,0.001225501587907108,-847.2098919524259
6.18,-8.78099135592874,0.0011892825277276574,-842.9841871803627
6.19,-8.737195608433488,0.001154133864075944,-838.7795640432536
6.2,-8.693618303392894,0.001120023966988854,-834.5959172478815
6.21,-8.650258351038568,0.0010869221523009751,-830.4331420299263
6.22,-8.607114667045504,0.0010547986575615304,-826.2911341512524
6.23,-8.56418617250483,0.0010236246192780686,-822.169789897213
6.24,-8.521471793894523,0.0009933719716517008,-818.0690060736358
6.25,-8.478970463051668,0.0009640133970018616,-813.9886800040373
6.26,-8.436681117150092,0.0009355224671011219,-809.9287095276611
6.2700000000000005,-8.394602698671418,0.0009078735408758748,-805.888992996495
6.28,-8.352734155378469,0.000881041742524168,-801.8694292726431
6.29,-8.311074440288799,0.0008550029417003242,-797.8699177257154
6.3,-8.269622511648436,0.0008297337347528577,-793.8903582302386
6.3100000000000005,-8.228377332905348,0.000805211414726195,-789.9306511630219
6.32,-8.187337872679866,0.0007814138415603855,-785.9906974000618
6.33,-8.146503104743434,0.000758319570990817,-782.0703983146881
6.34,-8.105872007992188,0.0007359078161067653,-778.1696557749295
6.3500000000000005,-8.065443566420608,0.0007141584088022538,-774.288372140886
6.36,-8.025216769096035,0.000693051783437735,-770.4264502622224
6.37,-7.985190610133288,0.0006725689613370351,-766.5837934756737
6.38,-7.945364088669461,0.0006526915361195965,-762.7603056025704
6.390000000000001,-7.905736208836538,0.0006334016010201916,-758.9558909460321
6.4,-7.866305979736348,0.000614681732452158,-755.1704542885035
6.41,-7.827072415419687,0.0005965150785408225,-751.4039008899152
6.42,-7.788034534859466,0.0005788852907028964,-747.6561364849376
6.43,-7.749191361926094,0.0005617765105150389,-743.9270672805671
6.44,-7.710541925363034,0.0005451733576057519,-740.2165999537311
6.45,-7.672085258762495,0.0005290609182605322,-736.5246416489091
6.46,-7.633820400541243,0.0005134247347402614,-732.8510999757654
6.47,-7.5957463939152,0.0004982507623252844,-729.195883006603
6.48,-7.557862286870782,0.0004835252461396527,-725.5588992733456
6.49,-7.520167132149647,0.0004692349158521602,-721.9400577664373
6.5,-7.482659987222146,0.0004553669082853455,-718.3392679321196
6.51,-7.445339914263177,0.0004419087439051422,-714.756439670045
6.5200000000000005,-7.408205980128689,0.0004288483169404318,-711.1914833309817
6.53,-7.371257256332341,0.00041617388603982743,-707.6443097145343
6.54,-7.334492819022261,0.00040387406546566997,-704.1148300668749
6.55,-7.297911748957764,0.00039193781310999706,-700.6029560784648
6.5600000000000005,-7.2615131314818955,0.0003803543389632445,-697.1085998811956
6.57,-7.225296056503443,0.00036911318796330954,-693.6316740468322
6.58,-7.189259618474606,0.0003582042405377304,-690.1720915848542
6.59,-7.153402916366975,0.00034761767912332825,-686.7297659400584
6.6000000000000005,-7.117725053648978,0.000337343980467995,-683.304610990361
6.61,-7.082225138263469,0.000327373908360812,-679.8965410446142
6.62,-7.046902282605419,0.0003176985067904865,-676.5054708404343
6.63,-7.01175560349975,0.00030830909353212236,-673.1313155420445
6.640000000000001,-6.97678422217646,0.0002991972077757026,-669.7739907377475
6.65,-6.9419872642485485,0.00029035460185828244,-666.4334124377723
6.66,-6.907363859695049,0.00028177331550855095,-663.109497072812
6.67,-6.87291314283662,0.00027344562614274815,-659.8021614915478
6.68,-6.8386342523138826,0.0002653640425120288,-656.5113229585406
6.69,-6.804526331065873,0.0002575212989263823,-653.2368991521377
6.7,-6.770588526308647,0.0002499103498106919,-649.9788081623918
6.71,-6.7368199895139655,0.00024252436459292357,-646.7369684889918
6.72,-6.703219876387103,0.0002353567081780648,-643.511299039076
6.73,-6.669787346842246,0.00022840088557478814,-640.3017191247365
6.74,-6.63652156498789,0.00022165062863545242,-637.1081484617956
6.75,-6.6034216991038415,0.00021509986117645175,-633.9305071675095
6.76,-6.570486921620019,0.00020874268819805276,-630.7687157584984
6.7700000000000005,-6.537716409095773,0.00020257339121048144,-627.6226951487384
6.78,-6.505109342199317,0.00019658642381346027,-624.4923666475676
6.79,-6.472664905687263,0.0001907764075291871,-621.3776519577003
6.8,-6.440382288384114,0.00018513812617402506,-618.2784731732353
6.8100000000000005,-6.408260683158199,0.00017966648352146965,-615.1947527772052
6.82,-6.376299286905692,0.0001743565414540678,-612.1264136401559
6.83,-6.344497300530927,0.00016920352013294148,-609.0733790182499
6.84,-6.312853928925273,0.00016420278247005743,-606.0355725511836
6.8500000000000005,-6.281368380947261,0.00015934983050547676,-603.0129182602611
6.86,-6.250039869402835,0.00015464030198779325,-600.0053405464823
6.87,-6.218867611025691,0.00015006996715775388,-597.0127641886378
6.88,-6.187850826457746,0.00014563472573506968,-594.0351143414188
6.890000000000001,-6.156988740203422,0.00014133054546058412,-591.0723165308228
6.9,-6.126280580719934,0.00013715362143487577,-588.1242966633989
6.91,-6.09572558020905,0.00013310012589104995,-585.1909810052996
6.92,-6.065322974752016,0.00012916641620747154,-582.2722961960083
6.93,-6.03507200423985,0.00012534895658856263,-579.3681692413595
6.94,-6.004971912354878,0.00012164431607507179,-576.4785275117547
6.95,-5.975021946552277,0.00011804916655434507,-573.6032987403782
6.96,-5.9452213580415885,0.0001145602807705939,-570.7424110214123
6.97,-5.915569401767308,0.00011117452066746695,-567.8957928081338
6.98,-5.886065336387454,0.00010788880549560257,-565.0633729107607
6.99,-5.856708424261323,0.00010470017262217195,-562.2450804954441
7.0,-5.827497931428777,0.00010160575300295025,-559.4408450822045
7.01,-5.798433127591368,9.860276497851427e-05,-556.6505965430965
7.0200000000000005,-5.769513286093851,9.568851208587342e-05,-553.8742651004213
7.03,-5.740737683905699,9.286038087010248e-05,-551.1117813249414
7.04,-5.712105601602612,9.011583869597161e-05,-548.3630761340918
7.05,-5.683616323348028,8.745243155957902e-05,-545.6280807901952
7.0600000000000005,-5.65526913687464,8.486778189998211e-05,-542.9067268986744
7.07,-5.6270633334710185,8.235957792490437e-05,-540.198946406737
7.08,-5.598998207989536,7.992552747045014e-05,-537.5046716040256
7.09,-5.571073058780827,7.756343409110174e-05,-534.82383511649
7.1000000000000005,-5.543287187688726,7.527117252276283e-05,-532.15636990584
7.11,-5.515639900036563,7.304667857250075e-05,-529.5022092681984
7.12,-5.488130504608803,7.088794667906999e-05,-526.8612868323272
7.13,-5.460758313632728,6.87930274734378e-05,-524.233536557856
7.140000000000001,-5.433522642760091,6.676002533930847e-05,-521.6188927335088
7.15,-5.406422811048794,6.478709597364883e-05,-519.0172899753314
7.16,-5.379458140944534,6.287244394721185e-05,-516.4286632249183
7.17,-5.352627958277388,6.101432885365925e-05,-513.852947749112
7.18,-5.325931592373248,5.9211137614700505e-05,-511.29007915103676
7.19,-5.299368375834389,5.7461266216343306e-05,-508.7399933484805
7.2,-5.272937644559516,5.576313937336955e-05,-506.20262657590985
7.21,-5.246638737755486,5.411522540726618e-05,-503.6779153856634
7.22,-5.220470997919662,5.251603420173906e-05,-501.16579664624766
7.23,-5.194433770822261,5.096411515822591e-05,-498.6662075406314
7.24,-5.168526405488714,4.94580551514101e-05,-496.1790855645413
7.25,-5.142748254181995,4.799647648473308e-05,-493.70436852475615
7.26,-5.117098672384991,4.657803484590815e-05,-491.2419945374019
7.2700000000000005,-5.091577018793588,4.520142399570512e-05,-488.791902027308
7.28,-5.066182655466364,4.3865478528682636e-05,-486.3540297428205
7.29,-5.040914947581076,4.256903036984539e-05,-483.92831673180143
7.3,-5.015773263429694,4.131091467197782e-05,-481.5147023411761
7.3100000000000005,-4.990756974450933,4.008999920177983e-05,-479.1131262201813
7.32,-4.965865455213473,3.890518283706491e-05,-476.7235283187465
7.33,-4.9410980833991625,3.775539406395732e-05,-474.3458488858726
7.34,-4.9164542397862405,3.663958947409017e-05,-471.98002846801353
7.3500000000000005,-4.891933308232546,3.555675226180307e-05,-469.62600790745563
7.36,-4.867534675658745,3.4505890721340173e-05,-467.2837283406992
7.37,-4.843257732036304,3.348603878364545e-05,-464.9531311973065
7.38,-4.819101870526565,3.2496321063734276e-05,-462.63415821358814
7.390000000000001,-4.795066487285042,3.153587495846129e-05,-460.3267514134126
7.4,-4.7711509814159845,3.060383690723572e-05,-458.03085310377304
7.41,-4.747354755016907,2.969936707454699e-05,-455.7464058791887
7.42,-4.723677213162637,2.8821648200939803e-05,-453.47335262016725
7.43,-4.700117763889354,2.7969884453988834e-05,-451.2116364916663
7.44,-4.676675818178635,2.7143300279273398e-05,-448.96120094155475
7.45,-4.653350789941506,2.6341139251352535e-05,-446.72198969907555
7.46,-4.630142096002465,2.5562662924739297e-05,-444.4939467733058
7.47,-4.607049156084855,2.4807150213095805e-05,-442.277016451748
7.48,-4.58407139293177,2.4073951362067228e-05,-440.0711433121887
7.49,-4.561208232165331,2.336243654961955e-05,-437.87627220894774
7.5,-4.538459102198532,2.267196566669074e-05,-435.69234826427225
7.51,-4.5158234342916845,2.2001916322867747e-05,-433.5193168738859
7.5200000000000005,-4.493300662537249,2.1351683015132604e-05,-431.357123705527
7.53,-4.470890223844668,2.0720676296608892e-05,-429.2057146974886
7.54,-4.448591557925197,2.0108321945307617e-05,-427.06503605715596
7.55,-4.426404107276733,1.9514060132873683e-05,-424.9350342595464
7.5600000000000005,-4.404327317168651,1.8937344593332007e-05,-422.8156560458476
7.57,-4.382360635626673,1.8377641801523826e-05,-420.7068484219606
7.58,-4.360503513551485,1.7834469644793747e-05,-418.6085586700801
7.59,-4.33875540461631,1.730737082635709e-05,-416.5207343387269
7.6000000000000005,-4.317115765114462,1.6795871504227245e-05,-414.44332322790575
7.61,-4.295584054046375,1.6299510630369264e-05,-412.3762733976052
7.62,-4.274159733105009,1.581783929303208e-05,-410.3195331663935
7.63,-4.252842266661279,1.5350420059081167e-05,-408.2730511100152
7.640000000000001,-4.23163112174947,1.4896826316330934e-05,-406.236776059987
7.65,-4.210525768052669,1.4456641615877373e-05,-404.2106571021947
7.66,-4.189525677888166,1.4029459014430288e-05,-402.1946435754885
7.67,-4.168630326192888,1.361488041664594e-05,-400.1886850702796
7.68,-4.147839190508817,1.3212515917459492e-05,-398.1927314271366
7.69,-4.1271517509907865,1.282198845243529e-05,-396.20673273755966
7.7,-4.106567490648552,1.2442993997822222e-05,-394.23063936755267
7.71,-4.086085894945517,1.2075209217951119e-05,-392.2644019185879
7.72,-4.065706451839119,1.171830383793756e-05,-390.30797123155077
7.73,-4.045428651836551,1.1371956660802173e-05,-388.36129839217836
7.74,-4.025251987981087,1.1035855120178297e-05,-386.424334729743
7.75,-4.005175955838372,1.070969483301937e-05,-384.49703181573375
7.76,-3.98520005348274,1.0393179152306588e-05,-382.57934146253945
7.7700000000000005,-3.9653237814835123,1.0086018719756408e-05,-380.6712157221311
7.78,-3.94554664289132,9.78793101852821e-06,-378.77260688474496
7.79,-3.925868143224393,9.498639925931679e-06,-376.8834674775642
7.8,-3.9062877904548787,9.217875266134476e-06,-375.003750263402
7.8100000000000005,-3.886805095070518,8.945384606891399e-06,-373.1334082466913
7.82,-3.8674195701898433,8.680953748326316e-06,-371.27239468466274
7.83,-3.84813073118998,8.424348040908469e-06,-369.42066305127105
7.84,-3.8289380958471573,8.175336985699857e-06,-367.578167050827
7.8500000000000005,-3.8098411843383397,7.933696277631102e-06,-365.74486061816623
7.86,-3.7908395192283018,7.699207481254283e-06,-363.92069791740556
7.87,-3.7719326254566816,7.471657706495549e-06,-362.105633340698
7.88,-3.7531200303250505,7.250839284407939e-06,-360.2996215069897
7.890000000000001,-3.7344012634839783,7.036549442924099e-06,-358.5026172607753
7.9,-3.7157758569201,6.828589982609084e-06,-356.7145756708547
7.91,-3.6972433449431747,6.626766952412994e-06,-354.935452029088
7.92,-3.678803264173197,6.430890330653176e-06,-353.16520184915635
7.930000000000001,-3.6604551536952226,6.240795019461e-06,-351.4037808815534
7.94,-3.6421985549370226,6.056326615640083e-06,-349.65114510175255
7.95,-3.6240330114840016,5.877319213545967e-06,-347.90725069230325
7.96,-3.605958069194406,5.703611363010968e-06,-346.17205405398823
7.97,-3.5879732761871224,5.535045838776822e-06,-344.44551180465066
7.98,-3.5700781828294788,5.371469409927329e-06,-342.72758077802143
7.99,-3.552272341725053,5.212732609321059e-06,-341.01821802254676
8.0,-3.5345553077014644,5.058689503023932e-06,-339.31738080021506
8.01,-3.5169266377981834,4.909197459741927e-06,-337.62502658538455
8.02,-3.49938589125433,4.764116920253726e-06,-335.94111306361054
8.03,-3.4819326294964785,4.6233111668433716e-06,-334.26559813047277
8.040000000000001,-3.4645664161439247,4.48664800126775e-06,-332.5984398920913
8.05,-3.447286817196808,4.354021396008035e-06,-330.9395966833156
8.06,-3.430093400722092,4.2253182941488005e-06,-329.2890270373793
8.07,-3.412985736884263,4.100423063971223e-06,-327.64668968887355
8.08,-3.395963397988016,3.979223263922031e-06,-326.01254357787906
8.09,-3.379025958466747,3.861609487687979e-06,-324.3865478488605
8.1,-3.362172994871047,3.747475209270336e-06,-322.7686618495606
8.11,-3.345404085857198,3.636716628059362e-06,-321.1588451298946
8.120000000000001,-3.3287188121756643,3.5292325139087754e-06,-319.5570574408439
8.13,-3.3121167566595964,3.424924052210305e-06,-317.9632587333519
8.14,-3.2955975042133114,3.3236946889680615e-06,-316.37740915721616
8.15,-3.2791606418007953,3.225449975873093e-06,-314.799469059984
8.16,-3.2628057584990837,3.1301015251850947e-06,-313.22939899210553
8.17,-3.2465324455977016,3.0375738821735162e-06,-311.6671597165298
8.18,-3.230340296278553,2.9477848232224826e-06,-310.1127121778307
8.19,-3.2142289057371474,2.860653608319317e-06,-308.56601751390485
8.2,-3.1981978711842953,2.7761016621089215e-06,-307.0270370561392
8.21,-3.182246791835252,2.6940524602693816e-06,-305.4957323283677
8.22,-3.166375268898874,2.614431415887641e-06,-303.9720650458298
8.23,-3.1505829055667496,2.537165765835033e-06,-302.4559971141259
8.24,-3.134869307002356,2.4621844571429565e-06,-300.9474906281754
8.25,-3.1192340803302034,2.3894180333784793e-06,-299.44650787117376
8.26,-3.103676834624981,2.3187985210199563e-06,-297.95301131354984
8.27,-3.0881971809007362,2.250259317707012e-06,-296.4669636119258
8.28,-3.0727947322400864,2.183742719895345e-06,-294.9883276215753
8.290000000000001,-3.057469103692,2.1191948252881116e-06,-293.51706638657436
8.3,-3.042219912117264,2.056557579297614e-06,-292.0531431249085
8.31,-3.027046776284579,1.9957744974547675e-06,-290.59652123773935
8.32,-3.0119493168603335,1.936790585362546e-06,-289.14716430842213
8.33,-2.9969271563983626,1.8795522586493626e-06,-287.70503610152184
8.34,-2.98197991932971,1.824007262922466e-06,-286.2701005618295
8.35,-2.967107231952391,1.7701045937213394e-06,-284.84232181337916
8.36,-2.9523087224211517,1.7177944164710938e-06,-283.42166415846384
8.370000000000001,-2.9375840207372317,1.6670279864358567e-06,-282.00809207665213
8.38,-2.9229327587381335,1.6177575686722033e-06,-280.60157022380554
8.39,-2.908354570102014,1.5699370001664517e-06,-279.2020634325035
8.4,-2.8938490905053627,1.5235289725841994e-06,-277.80953672723007
8.41,-2.8794159573597753,1.4784938586257418e-06,-276.4239552990281
8.42,-2.8650548098376682,1.4347912084426513e-06,-275.04528450797784
8.43,-2.8507652889080446,1.3923816869696984e-06,-273.67348988664367
8.44,-2.8365470373268376,1.3512270193302166e-06,-272.30853713914644
8.45,-2.822399699627251,1.311289936241464e-06,-270.95039214023564
8.46,-2.8083229221101016,1.2725341194199813e-06,-269.5990209343618
8.47,-2.7943163528341675,1.2349241469869805e-06,-268.2543897347498
8.48,-2.78037964160652,1.1984254388736692e-06,-266.91646492246946
8.49,-2.7665124399728724,1.163004202226639e-06,-265.5852130455094
8.5,-2.7527144012079217,1.1286273768132243e-06,-264.26060081784885
8.51,-2.7389851803601597,1.0952640306901253e-06,-262.9425951237718
8.52,-2.72532443433536,1.0628877854164917e-06,-261.63116302590333
8.53,-2.7117318216278417,1.0314698637508768e-06,-260.3262717393495
8.540000000000001,-2.698207002422241,1.0009820018535943e-06,-259.0278886414933
8.55,-2.6847496385949463,9.71396689691565e-07,-257.73598127213415
8.56,-2.671359393704971,9.426871310179366e-07,-256.4505173326118
8.57,-2.6580359329848533,9.148272033517584e-07,-255.17146468493192
8.58,-2.6447789233315433,8.877914179576292e-07,-253.8987913508912
8.59,-2.631588033297293,8.615548798253495e-07,-252.63246551120233
8.6,-2.6184629330805462,8.360932476495747e-07,-251.37245550461898
8.61,-2.605403294516828,8.113826938094678e-07,-250.118729827061
8.620000000000001,-2.5924087910696603,7.873998650302767e-07,-248.8712571307418
8.63,-2.579479097938974,7.641246224010589e-07,-247.6300062345977
8.64,-2.566613891975336,7.415381881036386e-07,-246.39494611603885
8.65,-2.553812851550285,7.196202530872289e-07,-245.16604589847873
8.66,-2.541075656636969,6.983510603046695e-07,-243.94327485909153
8.67,-2.528401988801547,6.777113769082933e-07,-242.72660242798688
8.68,-2.5157915311946004,6.576824664457933e-07,-241.5159981873846
8.69,-2.503243968542535,6.382460610560897e-07,-240.31143187078942
8.700000000000001,-2.4907589871389875,6.193843336651923e-07,-239.1128733621654
8.71,-2.478336274836238,6.01079870182082e-07,-237.9202926951116
8.72,-2.4659755210366057,5.833156416945562e-07,-236.7336600520356
8.73,-2.4536764166838614,5.660749766651101e-07,-235.55294576332878
8.74,-2.441438654266921,5.49341750119506e-07,-234.37812030772253
8.75,-2.4292619279521563,5.331028437171041e-07,-233.20915432500925
8.76,-2.417145933362498,5.173443694415818e-07,-232.04601859480655
8.77,-2.405090367599015,5.020521744806405e-07,-230.8886840386328
8.78,-2.393094929270925,4.872124950901456e-07,-229.73712172279312
8.790000000000001,-2.381159318487486,4.7281193739016206e-07,-228.59130285760102
8.8,-2.3692832368498964,4.5883745816100136e-07,-227.45119879660055
8.81,-2.357466387443179,4.452763456392423e-07,-226.31678103578668
8.82,-2.3457084748280783,4.3211620031377887e-07,-225.18802121282764
8.83,-2.3340092050329555,4.193449157218543e-07,-224.06489110628632
8.84,-2.322368285545679,4.0695065924509797e-07,-222.94736263484182
8.85,-2.310785425305518,3.949218529055624e-07,-221.8354078565109
8.86,-2.2992603348367644,3.8324875323091137e-07,-220.7289989814919
8.870000000000001,-2.2877927258928863,3.719195086379953e-07,-219.62810833796323
8.88,-2.2763823119491144,3.6092578930342506e-07,-218.53270841942899
8.89,-2.265028807739637,3.5025763790340354e-07,-217.44277184023736
8.9,-2.2537319294203813,3.3990537835829647e-07,-216.35827135122682
8.91,-2.242491394561027,3.298595980430789e-07,-215.27917983895946
8.92,-2.2313069221370663,3.201111304420896e-07,-214.2054703249585
8.93,-2.2201782325219,3.1065103824809076e-07,-213.13711596494932
8.94,-2.209105047478975,3.0147059690563307e-07,-212.0740900481046
8.950000000000001,-2.198087090153957,2.9256127859872524e-07,-211.01636599629265
8.96,-2.187124085066955,2.839147366828165e-07,-209.96391736333084
8.97,-2.176215758104806,2.7552279093660793e-07,-208.9167178342447
8.98,-2.165361836673451,2.673788943692966e-07,-207.87474123990899
8.99,-2.154562049564878,2.594769584905522e-07,-206.83796154426375
9.0,-2.143816126791596,2.5180987824339133e-07,-205.806352828411
9.01,-2.1331237997095647,2.4437072654517004e-07,-204.7798893024264
9.02,-2.1224848010110504,2.3715274514269438e-07,-203.75854530467336
9.03,-2.111898864717536,2.301493360015591e-07,-202.74229530112214
9.040000000000001,-2.1013657261726704,2.233540532297139e-07,-201.7311138846732
9.05,-2.090885122035285,2.1676059553526456e-07,-200.72497577448638
9.06,-2.080456790272435,2.1036279921849054e-07,-199.72385581531296
9.07,-2.070080470152509,2.0415463169810354e-07,-198.72772897683421
9.08,-2.059755902238382,1.9813018557172852e-07,-197.7365703530037
9.09,-2.049482828380613,1.9228367321061472e-07,-196.75035516139465
9.1,-2.0392609917106994,1.8660942188857527e-07,-195.76905874255183
9.11,-2.0290901366343745,1.8110186944515568e-07,-194.7926565593484
9.120000000000001,-2.0189700088249536,1.7575556048303e-07,-193.82112419634694
9.13,-2.008900355216741,1.7056514309963022e-07,-192.8544373591666
9.14,-1.9988809239984644,1.655253661529952e-07,-191.8925718738526
9.15,-1.9889114646067785,1.6063107706185748e-07,-190.93550368625276
9.16,-1.9789917277198086,1.5587722013995437e-07,-189.98320886139746
9.17,-1.9691214652824112,1.5125903650580407e-07,-189.03566358592627
9.18,-1.9593004307835076,1.4677386453237103e-07,-188.09284419472561
9.19,-1.9495283787613846,1.424180391602849e-07,-187.154727123414
9.200000000000001,-1.9398050649044742,1.3818757193319634e-07,-186.22128891802228
9.21,-1.930130246122028,1.3407864006164919e-07,-185.2925062417819
9.22,-1.92050368053854,1.3008759173888968e-07,-184.3683558745896
9.23,-1.9109251274882526,1.2621095208050008e-07,-183.44881471248002
9.24,-1.9013943475097148,1.2244542968784473e-07,-182.5338597671033
9.25,-1.8919111023404063,1.1878792383533316e-07,-181.62346816520912
9.26,-1.8824751549114251,1.1523553228149968e-07,-180.71761714813672
9.27,-1.8730862693422374,1.1178555970389933e-07,-179.81628407131097
9.28,-1.8637442109354918,1.0843552675782008e-07,-178.91944640374464
9.290000000000001,-1.8544487461718937,1.051831797588111e-07,-178.0270817275464
9.3,-1.8451996427051531,1.0202650098902994e-07,-177.13916773743583
9.31,-1.835996669356977,9.896371962740062e-08,-176.2556822402629
9.32,-1.8268395961121424,9.599332330359369e-08,-175.37660315453505
9.33,-1.8177281941136254,9.311407027581985e-08,-174.5019085099496
9.34,-1.8086622356577928,9.032500223244048e-08,-173.63157644693237
9.35,-1.7996414941896595,8.762545771739458e-08,-172.76558521618236
9.36,-1.790665744298206,8.501508617944208e-08,-171.90391317822258
9.370000000000001,-1.7817347615153518,8.249037579459067e-08,-171.04653878406984
9.38,-1.7728483221475422,8.004175971877273e-08,-170.19344055904097
9.39,-1.764006204007706,7.766670625882097e-08,-169.34459717313922
9.4,-1.75520818603837,7.536312312099342e-08,-168.49998740481365
9.41,-1.7464540482860411,7.312899729721635e-08,-167.6595901384965
9.42,-1.7377435718959582,7.09623960331725e-08,-166.8233843640993
9.43,-1.7290765391068827,6.886146802450136e-08,-165.9913491765128
9.44,-1.7204527332459327,6.68244448411119e-08,-165.16346377511118
9.450000000000001,-1.7118719387234536,6.484964257960714e-08,-164.3397074632595
9.46,-1.703333941027939,6.293546374382284e-08,-163.52005964782614
9.47,-1.694838526720978,6.108039935347494e-08,-162.70449983869793
9.48,-1.686385483432257,5.928303128092284e-08,-161.89300764830003
9.49,-1.677974599854595,5.7542034816043106e-08,-161.08556279111966
9.5,-1.669605665739023,5.585618145921603e-08,-160.28214508323353
9.51,-1.661278471889902,5.422434194242425e-08,-159.48273444183934
9.52,-1.6529928101600833,5.264548947846385e-08,-158.68731088479112
9.53,-1.64474847344611,5.1118703238267626e-08,-157.8958545301386
9.540000000000001,-1.6365452556834565,4.9643172056340474e-08,-157.10834559567036
9.55,-1.6283829518418187,4.821819836430832e-08,-156.32476439846147
9.56,-1.6202613579181764,4.684316619259021e-08,-155.54509135420747
9.57,-1.612180270722393,4.5514175806473297e-08,-154.76930695661136
9.58,-1.6041394881045492,4.42277740132525e-08,-153.99739179924129
9.59,-1.5961388090426212,4.298244062978276e-08,-153.22932658396135
9.6,-1.588178033517444,4.177665747312241e-08,-152.46509210891048
9.61,-1.5802569625077787,4.06089062411305e-08,-151.7046692680289
9.620000000000001,-1.5723753979854067,3.9477666443979027e-08,-150.9480390505872
9.63,-1.564533142910262,3.838141338658115e-08,-150.19518254071892
9.64,-1.5567300012255783,3.731861620193251e-08,-149.44608091695474
9.65,-1.54896577785308,3.628773593536955e-08,-148.70071545176086
9.66,-1.5412402786881985,3.528722367974191e-08,-147.95906751107952
9.67,-1.5335533105953147,3.4315518761500056e-08,-147.22111855387263
9.68,-1.5259046814030377,3.3371046977697986e-08,-146.48685013166818
9.69,-1.5182941998995076,3.2452218883910924e-08,-145.75624388810954
9.700000000000001,-1.5107216758277315,3.155742813306795e-08,-145.0292815585075
9.71,-1.5031869198809527,3.068504986520047e-08,-144.30594496939594
9.72,-1.495689743698038,2.983343914810411e-08,-143.58621603808882
9.73,-1.4882299598589084,2.9000929468917297e-08,-142.87007677224162
9.74,-1.4808073818799918,2.8185831276614035e-08,-142.15750926941482
9.75,-1.4734218242097092,2.7386430575411947e-08,-141.4484957166404
9.76,-1.4660731022131543,2.6601544600093127e-08,-140.7430183889531
9.77,-1.4587610321124271,2.5833359281032442e-08,-140.04105964367153
9.78,-1.4514854310925047,2.5081756953945566e-08,-139.34260193054345
9.790000000000001,-1.4442461172619094,2.4346111341507816e-08,-138.6476277879757
9.8,-1.4370429096366932,2.362588569513743e-08,-137.95611984149855
9.81,-1.4298756281359661,2.2920638246252947e-08,-137.26806080333662
9.82,-1.4227440935774651,2.2230027863532232e-08,-136.58343347198345
9.83,-1.4156481276731427,2.1553819916171076e-08,-135.90222073177804
9.84,-1.4085875530247853,2.0891892343142197e-08,-135.2244055524842
9.85,-1.4015621931196556,2.0244241928454552e-08,-134.54997098887225
9.86,-1.3945718723261653,1.961099078241291e-08,-133.87890018030376
9.870000000000001,-1.3876164158895707,1.8992393028877565e-08,-133.2111763503181
9.88,-1.3806956499277023,1.838884169852493e-08,-132.5467828062229
9.89,-1.3738094014267095,1.7800875828107245e-08,-131.88570293868514
9.9,-1.3669574982368433,1.72291877657137e-08,-131.22792022132668
9.91,-1.3601397690682615,1.6674630682031286e-08,-130.57341821032136
9.92,-1.3533560434868592,1.6138226287606e-08,-129.92218054399498
9.93,-1.34660615191013,1.5621172756104357e-08,-129.2741909424278
9.94,-1.3398899256030496,1.5124852853575172e-08,-128.62943320705952
9.950000000000001,-1.3332071966739896,1.4650842273711511e-08,-127.98789122029707
9.96,-1.326557798037088,1.4197325585467842e-08,-127.34954894188145
9.97,-1.3199415634056584,1.375883198441936e-08,-126.71439040825335
9.98,-1.3133583273716491,1.3335175466455521e-08,-126.08239974023307
9.99,-1.3068079253530915,1.292626646783257e-08,-125.4535611379455
