t,L,M,T,A
0.0,0.33,0.0,0.33,0.34
0.01,0.32972479588553066,0.0,0.3295713137969233,0.34070389031754633
0.02,0.32944919003099926,0.0,0.32914635712148393,0.341404452847517
0.03,0.329173199246727,0.0,0.32872510617381534,0.3421016945794579
0.04,0.3288968426874499,0.0,0.32830753364060783,0.3427956236719425
0.05,0.328620130455448,0.0,0.3278936246638159,0.3434862448807363
0.06,0.3283430825483214,0.0,0.32748335043755583,0.344173567014123
0.07,0.32806571804767587,0.0,0.32707668356777786,0.34485759838454644
0.08,0.32778805603511724,0.0,0.3266735966604323,0.3455383473044507
0.09,0.32751011528073143,0.0,0.32627406269457876,0.34621582202469015
0.1,0.32723190857413353,0.0,0.3258780618121278,0.346890029613739
0.11,0.3269534502748913,0.0,0.325485572274647,0.34756097745046205
0.12,0.32667475649218075,0.0,0.3250965702481861,0.34822867325963347
0.13,0.3263958433351779,0.0,0.3247110318987949,0.3488931247660275
0.14,0.3261167268531118,0.0,0.324328933433139,0.3495543397137495
0.15,0.32583742137152943,0.0,0.3239502522257333,0.35021232640273753
0.16,0.3255579415125104,0.0,0.32357496545018233,0.3508670930373076
0.17,0.3252783024983077,0.0,0.32320304987345405,0.35151864762823865
0.18,0.3249985195511744,0.0,0.32283448226251654,0.35216699818630937
0.19,0.3247186038635751,0.0,0.32246924220114803,0.3528121539352772
0.2,0.32443857943542426,0.0,0.3221073003207575,0.35345412024381856
0.21,0.3241584522957986,0.0,0.32174863981431573,0.354092907889886
0.22,0.32387823738442767,0.0,0.32139323764627387,0.3547285249692988
0.23,0.32359794947216675,0.0,0.3210410708991257,0.35536097962870794
0.24,0.3233176031483394,0.0,0.3206921167826343,0.3559902800690266
0.25,0.32303721163537236,0.0,0.32034635349792157,0.3566164348667064
0.26,0.32275678799555035,0.0,0.3200037593577861,0.35723945264666385
0.27,0.32247634570815964,0.0,0.3196643123659868,0.35785934192585395
0.28,0.32219589803118115,0.0,0.31932799068254525,0.35847611128627394
0.29,0.321915458001291,0.0,0.3189947726237459,0.3590897693749634
0.3,0.32163503843386015,0.0,0.318664636662136,0.35970032490400417
0.31,0.3213546519229546,0.0,0.3183375614265254,0.3603077866505203
0.32,0.32107431084133525,0.0,0.31801352570198693,0.36091216345667815
0.33,0.3207940273404579,0.0,0.3176925084298561,0.36151346422968633
0.34,0.3205138133504735,0.0,0.31737448870773116,0.36211169794179565
0.35000000000000003,0.3202336813072715,0.0,0.3170594453692716,0.36270687332345725
0.36,0.31995364375103913,0.0,0.31674735721621433,0.36329899903274687
0.37,0.3196737124099233,0.0,0.3164382035479801,0.3638880840420969
0.38,0.31939389883037916,0.0,0.3161319637973577,0.3644741373722635
0.39,0.3191142143773032,0.0,0.3158286175304267,0.3650571680922705
0.4,0.3188346702340332,0.0,0.3155281444465577,0.3656371853194095
0.41000000000000003,0.31855527740234857,0.0,0.31523052437841226,0.36621419821923945
0.42,0.31827604670247,0.0,0.31493573729194296,0.36678821600558736
0.43,0.3179969887730596,0.0,0.31464376328639315,0.3673592479405476
0.44,0.31771811407122086,0.0,0.3143545825942973,0.36792730333448215
0.45,0.317439433425211,0.0,0.3140681752646223,0.3684923913101671
0.46,0.31716095812879147,0.0,0.3137845211086781,0.3690545207625308
0.47000000000000003,0.316882698577636,0.0,0.3135036004818371,0.36961370094052726
0.48,0.3166046650119676,0.0,0.3132253938577956,0.3701699411302372
0.49,0.31632686753124456,0.0,0.31294988182015426,0.37072325064860157
0.5,0.3160493160941606,0.0,0.3126770450624186,0.3712736388434212
0.51,0.3157720205186449,0.0,0.3124068643879986,0.3718211150933569
0.52,0.31549499048186197,0.0,0.3121393207102089,0.37236568880792953
0.53,0.3152182355202119,0.0,0.3118743950522686,0.3729073694275199
0.54,0.31494176502933,0.0,0.31161206854730156,0.3734461664233688
0.55,0.3146655883684741,0.0,0.3113523224023611,0.37398208922916515
0.56,0.31438971499054635,0.0,0.3110951378536208,0.3745151471558332
0.5700000000000001,0.3141141540069263,0.0,0.31084049631634614,0.37504534967672787
0.58,0.31383891438508177,0.0,0.3105883793167917,0.37557270629812683
0.59,0.3135640049626348,0.0,0.3103387684873538,0.37609722655001177
0.6,0.3132894344473618,0.0,0.31009164556657026,0.3766189199860683
0.61,0.3130152114171934,0.0,0.3098469923991206,0.3771377961836863
0.62,0.3127413443202147,0.0,0.3096047909358259,0.37765386474395973
0.63,0.312467841474665,0.0,0.30936502323364873,0.37816713529168655
0.64,0.31219471106893787,0.0,0.30912767145569353,0.37867761747536893
0.65,0.31192196052670773,0.0,0.3088927180977618,0.3791853213755308
0.66,0.3116495998203787,0.0,0.3086601448059426,0.379690255373679
0.67,0.31137763578663563,0.0,0.3084299344051176,0.3801924298082471
0.68,0.31110607626112097,0.0,0.30820206942349476,0.3806918543153846
0.6900000000000001,0.3108349289523925,0.0,0.3079765324944383,0.3811885385531695
0.7000000000000001,0.3105642014429895,0.0,0.30775330635608844,0.3816824922009224
0.71,0.3102939011904985,0.0,0.30753237385098076,0.3821737249585211
0.72,0.31002403552861957,0.0,0.307313717925666,0.3826622465457148
0.73,0.30975461166823265,0.0,0.30709732163032943,0.38314806670143825
0.74,0.3094856366984634,0.0,0.30688316811841043,0.3836311951831265
0.75,0.3092171176464419,0.0,0.3066712406230062,0.3841116417305522
0.76,0.30894906181654863,0.0,0.3064615223227237,0.3845894158607279
0.77,0.3086814761225611,0.0,0.3062539966058914,0.3850645272715478
0.78,0.30841436729135707,0.0,0.3060486469900253,0.3855369857186179
0.79,0.308147741941906,0.0,0.3058454570906251,0.3860068009674692
0.8,0.30788160658659264,0.0,0.3056444106206918,0.38647398279271583
0.81,0.30761596763254134,0.0,0.30544549139024535,0.3869385409772136
0.8200000000000001,0.3073508313829397,0.0,0.30524868330584215,0.38740048531121846
0.8300000000000001,0.30708620403836273,0.0,0.30505397037009246,0.3878598255915451
0.84,0.3068220916980966,0.0,0.3048613366811783,0.38831657162072536
0.85,0.30655850036146287,0.0,0.30467076643237073,0.3887707332061667
0.86,0.30629543592914227,0.0,0.3044822439115475,0.3892223201593105
0.87,0.3060329042044985,0.0,0.3042957535007107,0.3896713422947911
0.88,0.30577091089490255,0.0,0.30411127967550416,0.39011780942959356
0.89,0.30550946161305637,0.0,0.3039288070047313,0.3905617313822126
0.9,0.3052485618783169,0.0,0.30374832014987235,0.39100311797181103
0.91,0.3049882171180201,0.0,0.30356980386460214,0.39144197901737804
0.92,0.3047284326688047,0.0,0.30339324299430764,0.3918783243368879
0.93,0.30446921377793645,0.0,0.30321862247560544,0.39231216374645833
0.9400000000000001,0.30421056560463183,0.0,0.30304592733585944,0.392743507059509
0.9500000000000001,0.30395249322186535,0.0,0.30287514269228727,0.39317236408584766
0.96,0.30369500171110647,0.0,0.3027062536720235,0.39359874461687033
0.97,0.30343809606642275,0.0,0.30253924549433053,0.39402265843924694
0.98,0.3031817811394828,0.0,0.30237410351802113,0.39444411534249635
0.99,0.30292606170290876,0.0,0.302210813188216,0.3948631251088755
1.0,0.30267094245167325,0.0,0.3020493600357998,0.39527969751252723
1.01,0.30241642800449625,0.0,0.3018897296768762,0.3956938423186278
1.02,0.30216252290524215,0.0,0.30173190781222375,0.39610556928253443
1.03,0.3019092316243165,0.0,0.3015758802267509,0.3965148881489329
1.04,0.3016565585600631,0.0,0.30142163278895195,0.3969218086509852
1.05,0.3014045080401611,0.0,0.30126915145036226,0.3973263405094769
1.06,0.3011530843230215,0.0,0.30111842224501384,0.397728493431965
1.07,0.3009022915991845,0.0,0.30096943128889064,0.3981282771119251
1.08,0.3006521339927163,0.0,0.30082216477938445,0.39852570122789954
1.09,0.300402615562606,0.0,0.3006766089947498,0.3989207754426445
1.1,0.3001537403041626,0.0,0.3005327502935601,0.3993135094022776
1.11,0.2999055121504119,0.0,0.3003905751141625,0.3997039127354259
1.12,0.2996579349734936,0.0,0.3002500699741338,0.40009199505237286
1.1300000000000001,0.29941101258605796,0.0,0.3001112214697358,0.40047776594420653
1.1400000000000001,0.2991647487426629,0.0,0.29997401627537074,0.40086123498196663
1.1500000000000001,0.2989191471411712,0.0,0.29983844114303676,0.40124241171579234
1.16,0.298674211197231,0.0,0.29970448296349766,0.4016213058392717
1.17,0.29842994373459814,0.0,0.29957212885034096,0.4019979274150613
1.18,0.298186348012899,0.0,0.2994413658602937,0.40237228612680764
1.19,0.29794342725482886,0.0,0.2993121811216452,0.40274439162352627
1.2,0.29770118460817774,0.0,0.2991845618444104,0.40311425354741226
1.21,0.2974596231462429,0.0,0.2990584953200528,0.40348188153370457
1.22,0.2972187458682422,0.0,0.2989339689212079,0.40384728521055024
1.23,0.2969785556997263,0.0,0.29881097010140595,0.40421047419886813
1.24,0.29673905549299173,0.0,0.2986894863947954,0.4045714581122132
1.25,0.29650024802749375,0.0,0.2985695054158661,0.4049302465566405
1.26,0.2962621360102589,0.0,0.29845101485917197,0.40528684913056945
1.27,0.2960247220762981,0.0,0.2983340024990548,0.4056412754246475
1.28,0.29578800878901895,0.0,0.2982184561893668,0.40599353502161456
1.29,0.2955519986406391,0.0,0.2981043638631942,0.40634363749616703
1.3,0.2953166940525985,0.0,0.29799171353258014,0.40669159241482167
1.31,0.2950820974164946,0.0,0.29788049327665944,0.4070374093068463
1.32,0.29484821137071643,0.0,0.2977706911623892,0.4073810974668947
1.33,0.2946150383008682,0.0,0.2976622953872567,0.4077226663118754
1.34,0.29438258047104304,0.0,0.29755529424157967,0.4080621252873776
1.35,0.2941508400884757,0.0,0.2974496760898582,0.40839948382166646
1.36,0.29391981930442357,0.0,0.29734542937036396,0.40873475132521286
1.37,0.2936895202150471,0.0,0.29724254259472976,0.4090679371902235
1.3800000000000001,0.2934599448622909,0.0,0.2971410043475387,0.40939905079017075
1.3900000000000001,0.29323109523476426,0.0,0.2970408032859134,0.40972810147932265
1.4000000000000001,0.293002973268622,0.0,0.2969419281391055,0.4100550985922728
1.41,0.29277558084844524,0.0,0.2968443677080849,0.4103800514434702
1.42,0.2925489198081219,0.0,0.2967481108651291,0.4107029693267493
1.43,0.29232299193172795,0.0,0.2966531465534124,0.41102386151486003
1.44,0.29209779895440763,0.0,0.2965594637865953,0.41134273725899734
1.45,0.2918733425632546,0.0,0.296467051648414,0.41165960578833166
1.46,0.2916496243944675,0.0,0.2963758992931253,0.4119744763124075
1.47,0.2914266458562513,0.0,0.2962859959859898,0.41228735815775924
1.48,0.29120440834359385,0.0,0.29619733105371526,0.4125982606026912
1.49,0.2909829132852071,0.0,0.29610989387346237,0.4129071928413309
1.5,0.2907621620587361,0.0,0.29602367389211875,0.41321416404914546
1.51,0.2905421559913441,0.0,0.2959386606259564,0.41351918338269983
1.52,0.29032289636029707,0.0,0.2958548436602888,0.4138222599794144
1.53,0.29010438439354885,0.0,0.29577221264912823,0.41412340295732325
1.54,0.2898866212703254,0.0,0.29569075731484334,0.4144226214148316
1.55,0.2896696081217099,0.0,0.2956104674478161,0.4147199244304743
1.56,0.28945334603122747,0.0,0.2955313329060996,0.41501532106267325
1.57,0.28923783603542974,0.0,0.29545334361507497,0.4153088203494957
1.58,0.28902307912447983,0.0,0.2953764895671088,0.4156004313084117
1.59,0.28880907624273705,0.0,0.2953007608212107,0.4158901629360526
1.6,0.2885958282893415,0.0,0.29522614750269033,0.4161780242079685
1.61,0.28838333611879907,0.0,0.2951526398028148,0.41646402407838645
1.62,0.2881716005292567,0.0,0.2950802279763294,0.41674817149441423
1.6300000000000001,0.2879606222654056,0.0,0.29500890234151694,0.41703047539307786
1.6400000000000001,0.2877504020433735,0.0,0.2949386532840752,0.41731094467255164
1.6500000000000001,0.2875409405363437,0.0,0.29486947125417595,0.41758958820948067
1.6600000000000001,0.2873322383749689,0.0,0.29480134676609276,0.41786641485893866
1.67,0.2871242961479241,0.0,0.2947342703978528,0.4181414334542234
1.68,0.28691711440245987,0.0,0.29466823279088866,0.4184146528066518
1.69,0.2867106936449551,0.0,0.29460322464969,0.41868608170535526
1.7,0.28650503434146996,0.0,0.29453923674145566,0.4189557289170747
1.71,0.2863001369182991,0.0,0.2944762598957452,0.41922360318595603
1.72,0.28609600176252437,0.0,0.29441428500413086,0.4194897132333451
1.73,0.2858926292225679,0.0,0.2943533030198493,0.4197540677575831
1.74,0.2856900196087452,0.0,0.2942933049574534,0.4200166754338017
1.75,0.2854881731938178,0.0,0.29423428189246414,0.4202775449137183
1.76,0.28528709021354665,0.0,0.2941762249610224,0.4205366848254313
1.77,0.2850867708567165,0.0,0.2941191253636449,0.4207941037796389
1.78,0.2848872152427311,0.0,0.2940629743738259,0.4210498103834433
1.79,0.28468842348295936,0.0,0.2940077633139898,0.4213038132030511
1.8,0.2844903956558492,0.0,0.29395348356505996,0.4215561207790911
1.81,0.2842931318041824,0.0,0.2939001265673961,0.42180674162842174
1.82,0.28409663193557144,0.0,0.2938476838204682,0.4220556842439606
1.83,0.28390089602295654,0.0,0.29379614688253,0.42230295709451376
1.84,0.28370592400510247,0.0,0.2937455073702925,0.4225485686246053
1.85,0.28351171578709566,0.0,0.29369575695859795,0.4227925272543066
1.86,0.28331827124084125,0.0,0.29364688738009337,0.42303484137906566
1.87,0.2831255902055597,0.0,0.293598890424904,0.42327551936953656
1.8800000000000001,0.28293367248828405,0.0,0.29355175794030713,0.4235145695714091
1.8900000000000001,0.2827425178643569,0.0,0.2935054818304057,0.4237520003052377
1.9000000000000001,0.282552126077927,0.0,0.293460054055802,0.42398781986627126
1.9100000000000001,0.28236249684244674,0.0,0.2934154666332713,0.4242220365242823
1.92,0.28217362977783583,0.0,0.29337171164576165,0.42445465857640285
1.93,0.28198552463286086,0.0,0.2933287812058902,0.42468569416124935
1.94,0.2817981809216158,0.0,0.2932866675149689,0.42491515156341564
1.95,0.28161159822584103,0.0,0.293245362813467,0.4251430389606923
1.96,0.28142577609722386,0.0,0.29320485939669483,0.42536936450608165
1.97,0.28124071405788453,0.0,0.2931651496144796,0.4255941363276362
1.98,0.2810564116008576,0.0,0.2931262258708416,0.42581736252830116
1.99,0.28087286819057017,0.0,0.2930880806236707,0.42603905118575947
2.0,0.2806900832633156,0.0,0.293050706384404,0.4262592103522807
2.0100000000000002,0.2805080562277237,0.0,0.2930140957177038,0.42647784805457284
2.02,0.28032678646522635,0.0,0.29297824124113625,0.42669497229363773
2.0300000000000002,0.2801462733305204,0.0,0.2929431356248506,0.42691059104462936
2.04,0.2799665161520252,0.0,0.29290877159125916,0.42712471225671594
2.05,0.27978751423233744,0.0,0.29287514191471825,0.42733734385294464
2.06,0.2796092668486811,0.0,0.29284223942120885,0.4275484937301104
2.07,0.2794317732530723,0.0,0.2928100569881158,0.4277581697588122
2.08,0.27925503263826795,0.0,0.2927785875557548,0.42796637980597746
2.09,0.2790790441755871,0.0,0.2927478241142189,0.4281731317101942
2.1,0.2789038070326733,0.0,0.29271775969711206,0.4283784332702149
2.11,0.2787293203528151,0.0,0.29268838738848263,0.42858229225870254
2.12,0.27855558325531266,0.0,0.2926597003225293,0.4287847164221583
2.13,0.2783825948358402,0.0,0.2926316916833073,0.4289857134808527
2.14,0.2782103541668023,0.0,0.29260435470443663,0.42918529112876136
2.15,0.2780388602976852,0.0,0.2925776826688104,0.42938345703350467
2.16,0.27786811225540337,0.0,0.2925516689083053,0.4295802188362916
2.17,0.2776981090446401,0.0,0.29252630680349234,0.42977558415186784
2.18,0.27752884964818325,0.0,0.29250158978334895,0.4299695605684681
2.19,0.27736033302725577,0.0,0.29247751132497246,0.430162155647772
2.2,0.27719255812184096,0.0,0.2924540649532941,0.43035337692486514
2.21,0.2770255238510022,0.0,0.29243124424079475,0.4305432319082033
2.22,0.2768592291131979,0.0,0.2924090428072211,0.4307317280795813
2.23,0.27669367278659085,0.0,0.29238745431930335,0.4309188728941061
2.24,0.2765288537293526,0.0,0.2923664724904741,0.4311046737801736
2.25,0.27636477077996235,0.0,0.2923460910805879,0.43128913813945
2.2600000000000002,0.27620142275750076,0.0,0.29232630389564207,0.43147227334685745
2.27,0.27603880846193846,0.0,0.2923071047874989,0.43165408675056294
2.2800000000000002,0.27587692667441943,0.0,0.29228848765360843,0.4318345856719724
2.29,0.2757157761473086,0.0,0.2922704464415591,0.43201377741113267
2.3000000000000003,0.2755553555907264,0.0,0.29225297515528365,0.43219166925399033
2.31,0.27539566372027924,0.0,0.29223606783239503,0.432368268447326
2.32,0.2752366992348346,0.0,0.29221971855452217,0.43254358221064354
2.33,0.2750784608148818,0.0,0.29220392144793284,0.4327176177371857
2.34,0.2749209471227395,0.0,0.29218867068328436,0.43289038219397646
2.35,0.27476415680275684,0.0,0.29217396047537575,0.4330618827218678
2.36,0.2746080884815086,0.0,0.29215978508290125,0.43323212643559056
2.37,0.27445274076798376,0.0,0.2921461388082056,0.43340112042381096
2.38,0.27429811225376843,0.0,0.2921330159970409,0.433568871749191
2.39,0.27414420151322205,0.0,0.2921204110383244,0.4337353874484538
2.4,0.27399100710364765,0.0,0.29210831836389917,0.43390067453245346
2.41,0.27383852756545585,0.0,0.2920967324482946,0.43406473998624995
2.42,0.2736867614223225,0.0,0.2920856478084898,0.43422759076918804
2.43,0.2735357071813406,0.0,0.2920750590036781,0.4343892338149817
2.44,0.27338536333316543,0.0,0.29206496063503284,0.43454967603180206
2.45,0.2732357283521537,0.0,0.29205534734547517,0.43470892430237146
2.46,0.2730868006964967,0.0,0.292046213819443,0.4348669854840606
2.47,0.27293857880834693,0.0,0.2920375547826617,0.43502386640899166
2.48,0.27279106111393875,0.0,0.29202936500191634,0.43517957388414524
2.49,0.2726442460237025,0.0,0.29202163928482533,0.43533411469147243
2.5,0.27249813193719574,0.0,0.2920143724789428,0.4354874955838618
2.5100000000000002,0.27235271732161376,0.0,0.2920075594605906,0.435639723217796
2.52,0.2722080005919538,0.0,0.2920011951513772,0.43579080425666933
2.5300000000000002,0.272063980122664,0.0,0.2919952745163643,0.43594074536097205
2.54,0.27192065427531076,0.0,0.291989792559998,0.43608955316469156
2.5500000000000003,0.27177802139877966,0.0,0.2919847443258745,0.43623723427534616
2.56,0.27163607982947224,0.0,0.291980124896507,0.43638379527402105
2.57,0.2714948278914999,0.0,0.291975929393094,0.4365292427154064
2.58,0.27135426389687367,0.0,0.2919721529752886,0.43667358312783805
2.59,0.27121438614569077,0.0,0.29196879084096894,0.4368168230133406
2.6,0.2710751929263181,0.0,0.2919658382260097,0.43695896884767255
2.61,0.2709366825155714,0.0,0.2919632904040552,0.4371000270803737
2.62,0.2707988531788915,0.0,0.2919611426862933,0.4372400041348155
2.63,0.2706617031705169,0.0,0.29195939042123037,0.43737890640825305
2.64,0.27052523073365287,0.0,0.2919580289944678,0.4375167402718796
2.65,0.2703894341006371,0.0,0.2919570538284796,0.4376535120708837
2.66,0.27025431149310153,0.0,0.29195646038239054,0.43778922812450827
2.67,0.2701198611221313,0.0,0.2919562441517568,0.4379238947261122
2.68,0.2699860811884197,0.0,0.2919564006683462,0.4380575181432344
2.69,0.2698529698824197,0.0,0.29195692549992097,0.43819010461765967
2.7,0.2697205253844921,0.0,0.2919578142500205,0.43832166036548775
2.71,0.2695887458650501,0.0,0.2919590625577465,0.4384521915772038
2.72,0.2694576295036005,0.0,0.2919606660953312,0.43858170440106853
2.73,0.2693271744860197,0.0,0.29196262056826044,0.43871020494572016
2.74,0.2691973789642119,0.0,0.2919649217198087,0.4388376993159797
2.75,0.2690682410813289,0.0,0.29196756532788587,0.43896419359078553
2.7600000000000002,0.26893975897226047,0.0,0.2919705472047848,0.43908969382295504
2.77,0.26881193076380866,0.0,0.29197386319696694,0.43921420603922473
2.7800000000000002,0.2686847545748591,0.0,0.2919775091848491,0.43933773624029215
2.79,0.26855822851655053,0.0,0.2919814810825909,0.4394602904008589
2.8000000000000003,0.26843235069244153,0.0,0.2919857748378838,0.439581874469675
2.81,0.26830711919867495,0.0,0.29199038643174063,0.4397024943695848
2.82,0.26818253212413995,0.0,0.2919953118782864,0.43982215599757396
2.83,0.2680585875506316,0.0,0.29200054722455054,0.43994086522481823
2.84,0.26793528355300816,0.0,0.2920060885502591,0.44005862789673306
2.85,0.2678126181993458,0.0,0.2920119319676294,0.4401754498330251
2.86,0.2676905895510911,0.0,0.2920180736211645,0.4402913368277447
2.87,0.2675691956632109,0.0,0.29202450968744953,0.4404062946493399
2.88,0.2674484345843401,0.0,0.2920312363749485,0.44052032904071176
2.89,0.2673283043569266,0.0,0.29203824992380256,0.44063344571927116
2.9,0.2672088030173744,0.0,0.29204554660562915,0.4407456503769968
2.91,0.26708992859618347,0.0,0.292053122723322,0.4408569486804948
2.92,0.26697167911808833,0.0,0.29206097461085273,0.44096734627105927
2.93,0.26685405260404055,0.0,0.292069098632754,0.44107684876320585
2.94,0.26673704708101725,0.0,0.29207749118225423,0.4411854617367288
2.95,0.2666206605627268,0.0,0.2920861486844327,0.4412931907528408
2.96,0.26650489105587427,0.0,0.2920950675949659,0.4414000413491602
2.97,0.26638973656239506,0.0,0.29210424439957056,0.4415060190380347
2.98,0.26627519507959596,0.0,0.2921136756138083,0.441611129306596
2.99,0.2661612646002936,0.0,0.2921233577828911,0.4417153776168156
3.0,0.2660479431129512,0.0,0.2921332874814874,0.44181876940556164
3.0100000000000002,0.2659352286018133,0.0,0.29214346131353014,0.4419213100846569
3.02,0.26582311904703815,0.0,0.2921538759120244,0.44202300504093783
3.0300000000000002,0.26571161242482855,0.0,0.2921645279388575,0.4421238596363143
3.04,0.2656007067075604,0.0,0.2921754140846089,0.442223879207831
3.0500000000000003,0.265490399863909,0.0,0.29218653106836173,0.4423230690677296
3.06,0.2653806898589738,0.0,0.29219787563751504,0.4424214345035115
3.0700000000000003,0.2652715746544007,0.0,0.29220944456759707,0.4425189807780026
3.08,0.2651630522085026,0.0,0.2922212346620795,0.4426157131294183
3.09,0.2650551204763777,0.0,0.29223324275219276,0.44271163677142983
3.1,0.26494777741002606,0.0,0.29224546569674226,0.442806756893232
3.11,0.2648410209584637,0.0,0.29225790038192534,0.4429010786596113
3.12,0.2647348490678351,0.0,0.2922705437211498,0.44299460721101547
3.13,0.2646292596815235,0.0,0.2922833926548527,0.4430873476636241
3.14,0.26452425074029345,0.0,0.29229644415032346,0.44317930510938336
3.15,0.26441982019072896,0.0,0.2923096952021999,0.4432704846070714
3.16,0.2643159659770585,0.0,0.2923231428316195,0.4433608911913224
3.17,0.26421268603581455,0.0,0.2923367840856016,0.4434505298785842
3.18,0.2641099783015842,0.0,0.2923506160373293,0.44353940566108674
3.19,0.26400784070712197,0.0,0.29236463578597555,0.4436275235069028
3.2,0.2639062711834609,0.0,0.2923788404565302,0.4437148883600092
3.21,0.2638052676600227,0.0,0.2923932271996285,0.44380150514034905
3.22,0.2637048280647256,0.0,0.29240779319138016,0.44388737874389456
3.23,0.26360495032409037,0.0,0.29242253563319953,0.4439725140427104
3.24,0.26350563236334523,0.0,0.29243745175163693,0.4440569158850181
3.25,0.2634068721065285,0.0,0.2924525387982109,0.4441405890952608
3.2600000000000002,0.26330866747659015,0.0,0.29246779404924134,0.4442235384741688
3.27,0.26321101639549066,0.0,0.2924832148056837,0.44430576879882594
3.2800000000000002,0.2631139167842994,0.0,0.29249879839296433,0.4443872848227366
3.29,0.2630173665632904,0.0,0.29251454216081674,0.44446809127589315
3.3000000000000003,0.2629213636520368,0.0,0.2925304434831187,0.44454819286484476
3.31,0.26282590596950356,0.0,0.29254649975773067,0.44462759427276605
3.3200000000000003,0.2627309914341384,0.0,0.2925627084063348,0.44470630015952706
3.33,0.26263661796396115,0.0,0.2925790668742755,0.4447843151617636
3.34,0.2625427834766512,0.0,0.29259557263040037,0.4448616438929487
3.35,0.2624494858896335,0.0,0.2926122231669027,0.44493829094346404
3.36,0.2623567231222853,0.0,0.2926290159982909,0.44501426087942403
3.37,0.26226449309960576,0.0,0.29264594865975607,0.4450895582406384
3.38,0.26217279374126934,0.0,0.2926630187115568,0.4451641875471741
3.39,0.26208162296670656,0.0,0.29268022373680624,0.4452381532964874
3.4,0.2619909786956991,0.0,0.2926975613411065,0.4453114599631946
3.41,0.26190085884846565,0.0,0.2927150291523927,0.4453841119991419
3.42,0.2618112613457463,0.0,0.29273262482077783,0.4454561138334761
3.43,0.2617221841088852,0.0,0.2927503460183989,0.44552746987271613
3.44,0.26163362505991217,0.0,0.29276819043926366,0.4455981845008244
3.45,0.26154558212162216,0.0,0.2927861557990984,0.4456682620792797
3.46,0.2614580532176538,0.0,0.29280423983519677,0.44573770694714965
3.47,0.26137103627256647,0.0,0.29282244030626914,0.4458065234211646
3.48,0.26128452921191536,0.0,0.29284075499229323,0.4458747157957916
3.49,0.26119852996232573,0.0,0.29285918169436564,0.4459422883433089
3.5,0.261113036451565,0.0,0.2928777182345539,0.4460092453138813
3.5100000000000002,0.26102804660861406,0.0,0.29289636245575,0.44607559093563615
3.52,0.26094355836373656,0.0,0.2929151122215245,0.44614132941473916
3.5300000000000002,0.2608595696485469,0.0,0.2929339654159813,0.446206464935472
3.54,0.26077607839607686,0.0,0.29295291994361405,0.44627100166030925
3.5500000000000003,0.2606930825408406,0.0,0.29297197372916284,0.44633494372999677
3.56,0.2606105800188982,0.0,0.2929911247174719,0.4463982952636301
3.5700000000000003,0.2605285687685596,0.0,0.2930103708732254,0.44646106035821526
3.58,0.26044704674314517,0.0,0.2930297101783702,0.44652324307848484
3.59,0.260366011891382,0.0,0.29304914063574933,0.446584847472869
3.6,0.26028546215887644,0.0,0.2930686602686914,0.4466458775724324
3.61,0.2602053954932504,0.0,0.2930882671198989,0.446706337386851
3.62,0.2601258098442016,0.0,0.2931079592513099,0.4467662309044888
3.63,0.26004670316356304,0.0,0.2931277347439615,0.44682556209247576
3.64,0.2599680734053608,0.0,0.2931475916978533,0.44688433489678614
3.65,0.25988991852587057,0.0,0.29316752823181264,0.4469425532423171
3.66,0.25981223648367247,0.0,0.2931875424833601,0.4470002210329677
3.67,0.25973502523970493,0.0,0.2932076326085761,0.4470573421517193
3.68,0.25965828275731695,0.0,0.2932277967819686,0.44711392046071474
3.69,0.2595820070023188,0.0,0.29324803319634135,0.44716995980134017
3.7,0.25950619594303176,0.0,0.29326834006266317,0.4472254639943053
3.71,0.2594308475503361,0.0,0.2932887156099384,0.4472804368397258
3.72,0.25935595979771764,0.0,0.2933091580850776,0.447334882117205
3.73,0.2592815306613134,0.0,0.29332966575277,0.447388803585917
3.74,0.25920755811995505,0.0,0.29335023689535583,0.4474422049846894
3.75,0.259134040155212,0.0,0.2933708698127008,0.44749509003208754
3.7600000000000002,0.25906097475143214,0.0,0.29339156282207,0.4475474624264981
3.77,0.25898835989578156,0.0,0.29341231425800435,0.44759932584621437
3.7800000000000002,0.2589161935782832,0.0,0.29343312247219616,0.4476506839495209
3.79,0.25884447379185366,0.0,0.2934539858333671,0.4477015403747795
3.8000000000000003,0.2587731985323386,0.0,0.2934749027271464,0.4477518987405153
3.81,0.2587023657985471,0.0,0.29349587155594975,0.4478017626455034
3.8200000000000003,0.25863197359228457,0.0,0.2935168907388595,0.4478511356688562
3.83,0.25856201991838373,0.0,0.29353795871150573,0.4479000213701108
3.84,0.2584925027847351,0.0,0.2935590739259478,0.44794842328931733
3.85,0.2584234202023153,0.0,0.2935802348505575,0.4479963449471275
3.86,0.2583547701852142,0.0,0.2936014399699022,0.44804378984488397
3.87,0.258286550750661,0.0,0.29362268778462963,0.44809076146470966
3.88,0.25821875991904847,0.0,0.29364397681135357,0.44813726326959824
3.89,0.25815139571406737,0.0,0.2936653055825145,0.44818329870341833
3.9,0.25808445619917636,0.0,0.2936866726380358,0.44822887116278815
3.91,0.2580179394396175,0.0,0.29370807653379427,0.4482739840265886
3.92,0.2579518434776646,0.0,0.29372951584710405,0.44831864067523164
3.93,0.2578861663594279,0.0,0.29375098917055653,0.44836284447001584
3.94,0.2578209061348897,0.0,0.29377249511190656,0.448406598753204
3.95,0.2577560608579389,0.0,0.29379403229396006,0.4484499068481013
3.96,0.25769162858640443,0.0,0.2938155993544617,0.4484927720591341
3.97,0.25762760738208806,0.0,0.29383719494598387,0.44853519767192834
3.98,0.2575639953107952,0.0,0.2938588177358164,0.4485771869533887
3.99,0.25750079044236546,0.0,0.293880466405857,0.44861874315177785
4.0,0.25743799085070157,0.0,0.29390213965250267,0.448659869496796
4.01,0.25737559461379766,0.0,0.2939238361865419,0.4487005691996608
4.0200000000000005,0.2573135998137657,0.0,0.2939455547330474,0.4487408454531871
4.03,0.257252004536862,0.0,0.2939672940312704,0.4487807014318679
4.04,0.25719080687351115,0.0,0.2939890528345349,0.4488201402919542
4.05,0.2571300049183302,0.0,0.2940108299101334,0.44885916517153673
4.0600000000000005,0.257069596770151,0.0,0.29403262403922287,0.44889777919062634
4.07,0.25700958053204176,0.0,0.2940544340167225,0.4489359854512361
4.08,0.2569499543113269,0.0,0.29407625865121106,0.4489737870374623
4.09,0.2568907162196069,0.0,0.29409809676482607,0.4490111870155673
4.1,0.25683186437277605,0.0,0.2941199471931634,0.4490481884340608
4.11,0.2567733968910395,0.0,0.29414180878517754,0.44908479432378323
4.12,0.2567153118989293,0.0,0.2941636804030831,0.44912100769798785
4.13,0.25665760752531924,0.0,0.2941855609222568,0.44915683155242425
4.14,0.25660028190343837,0.0,0.2942074492311405,0.44919226886542146
4.15,0.2565433331708838,0.0,0.29422934423114494,0.44922732259797155
4.16,0.25648675946963223,0.0,0.2942512448365544,0.44926199569381364
4.17,0.2564305589460504,0.0,0.2942731499744321,0.4492962910795178
4.18,0.2563747297509042,0.0,0.2942950585845265,0.4493302116645696
4.19,0.25631927003936733,0.0,0.2943169696191782,0.44936376034145475
4.2,0.2562641779710279,0.0,0.2943388820432283,0.4493969399857441
4.21,0.256209451709895,0.0,0.29436079483392663,0.44942975345617864
4.22,0.25615508944551285,0.0,0.2943827069734156,0.44946220358107175
4.23,0.25610108939038995,0.0,0.2944046174495461,0.4494942931600641
4.24,0.2560474497301141,0.0,0.29442652527333907,0.44952602499654704
4.25,0.25599416865467006,0.0,0.2944484294678807,0.44955740187744947
4.26,0.25594124435898896,0.0,0.29447032906804227,0.449588426572969
4.2700000000000005,0.2558886750429651,0.0,0.2944922231203879,0.4496191018366472
4.28,0.25583645891147183,0.0,0.29451411068308286,0.4496494304054455
4.29,0.2557845941743766,0.0,0.29453599082580256,0.44967941499982106
4.3,0.2557330790465554,0.0,0.29455786262964256,0.4497090583238023
4.3100000000000005,0.2556819117479057,0.0,0.29457972518702913,0.44973836306506537
4.32,0.25563109050335964,0.0,0.2946015776016306,0.44976733189501
4.33,0.25558061354289496,0.0,0.2946234189882694,0.4497959674688359
4.34,0.25553047910154664,0.0,0.2946452484728348,0.4498242724256188
4.3500000000000005,0.25548068541941626,0.0,0.2946670651921968,0.44985224938838714
4.36,0.2554312307416816,0.0,0.29468886829412,0.4498799009641986
4.37,0.25538211331860483,0.0,0.2947106569371788,0.4499072297442166
4.38,0.25533333140554,0.0,0.2947324302906732,0.4499342383037871
4.39,0.25528488326293947,0.0,0.29475418753454535,0.4499609292025154
4.4,0.2552367671563602,0.0,0.2947759278592968,0.44998730498434325
4.41,0.2551889813564682,0.0,0.2947976504659063,0.4500133681776257
4.42,0.25514152413904306,0.0,0.2948193545657487,0.45003912129520846
4.43,0.2550943937849808,0.0,0.2948410393805145,0.4500645668345049
4.44,0.25504758858029664,0.0,0.2948627041421299,0.4500897072775737
4.45,0.2550011068161265,0.0,0.2948843480926777,0.450114545091196
4.46,0.25495494678872754,0.0,0.2949059704843192,0.45013908272695347
4.47,0.25490910679947837,0.0,0.29492757057921654,0.4501633226213053
4.48,0.2548635851548778,0.0,0.29494914764945573,0.4501872671956667
4.49,0.25481838016654335,0.0,0.2949707009769707,0.45021091885648623
4.5,0.2547734901512083,0.0,0.29499222985346796,0.450234279995324
4.51,0.25472891343071846,0.0,0.2950137335803519,0.4502573529889299
4.5200000000000005,0.2546846483320278,0.0,0.2950352114686509,0.4502801401993215
4.53,0.2546406931871932,0.0,0.2950566628389444,0.45030264397386266
4.54,0.254597046343602,0.0,0.29507808701680327,0.450324866639595
4.55,0.2545537061801565,0.0,0.2950994833256194,0.4503468104942243
4.5600000000000005,0.2545106710530851,0.0,0.2951208511102904,0.4503684778366247
4.57,0.25446793932153233,0.0,0.29514218972592554,0.45038987095254235
4.58,0.25442550935012753,0.0,0.2951634985366462,0.45041099211322644
4.59,0.2543833795089894,0.0,0.2951847769155106,0.4504318435755002
4.6000000000000005,0.25434154817372906,0.0,0.2952060242444396,0.45045242758183157
4.61,0.254300013725453,0.0,0.29522723991414307,0.45047274636040413
4.62,0.2542587745507653,0.0,0.2952484233240467,0.4504928021251882
4.63,0.254217829041769,0.0,0.2952695738822199,0.4505125970760114
4.64,0.25417717559606706,0.0,0.2952906910053038,0.45053213339862935
4.65,0.25413681261676274,0.0,0.2953117741184404,0.4505514132647971
4.66,0.2540967385124591,0.0,0.29533282265520183,0.45057043883233927
4.67,0.25405695169725817,0.0,0.2953538360575209,0.45058921224522114
4.68,0.254017450590759,0.0,0.29537481377562175,0.4506077356336195
4.69,0.2539782336180556,0.0,0.2953957552679515,0.45062601111399314
4.7,0.2539392992097343,0.0,0.2954166600011121,0.4506440407891538
4.71,0.2539006458018698,0.0,0.29543752744979357,0.4506618267483369
4.72,0.25386227183602106,0.0,0.2954583570967071,0.4506793710672721
4.73,0.25382417575922683,0.0,0.2954791484325192,0.4506966758082542
4.74,0.25378635602400007,0.0,0.29549990095578665,0.45071374302021344
4.75,0.25374881108832176,0.0,0.29552061417289166,0.4507305747387868
4.76,0.25371153941563424,0.0,0.29554128759797793,0.45074717298638806
4.7700000000000005,0.25367453947483415,0.0,0.29556192075288734,0.45076353977227873
4.78,0.2536378097402642,0.0,0.29558251316709744,0.45077967709263855
4.79,0.25360134869170475,0.0,0.2956030643776592,0.45079558693063626
4.8,0.25356515481436454,0.0,0.2956235739291357,0.4508112712565
4.8100000000000005,0.2535292265988708,0.0,0.2956440413735414,0.45082673202758805
4.82,0.2534935625412589,0.0,0.2956644662702821,0.45084197118845926
4.83,0.25345816114296105,0.0,0.29568484818609553,0.45085699067094365
4.84,0.2534230209107949,0.0,0.2957051866949923,0.45087179239421304
4.8500000000000005,0.2533881403569506,0.0,0.29572548137819815,0.45088637826485145
4.86,0.25335351800301126,0.0,0.29574573182220726,0.45090075017478165
4.87,0.25331915240182906,0.0,0.29576593760847303,0.450914909989698
4.88,0.25328504209192404,0.0,0.29578609833470315,0.45092885957337286
4.89,0.25325118561225435,0.0,0.29580621360787934,0.4509426007798664
4.9,0.253217581507419,0.0,0.295826283041758,0.4509561354508231
4.91,0.2531842283276536,0.0,0.29584630625681085,0.4509694654155357
4.92,0.25315112462882466,0.0,0.2958662828801658,0.45098259249100964
4.93,0.2531182689724249,0.0,0.29588621254554814,0.45099551848202707
4.94,0.2530856599255665,0.0,0.2959060948932228,0.4510082451812108
4.95,0.25305329606097515,0.0,0.29592592956993685,0.4510207743690881
4.96,0.25302117595698304,0.0,0.29594571622886257,0.45103310781415457
4.97,0.25298929819752136,0.0,0.29596545452954126,0.4510452472729375
4.98,0.2529576613721127,0.0,0.29598514413782756,0.4510571944900598
4.99,0.25292626407586266,0.0,0.29600478472583414,0.4510689511983033
5.0,0.25289510490945116,0.0,0.29602437597187714,0.45108051911867175
5.01,0.2528641824791232,0.0,0.29604391756042236,0.45109189996045457
5.0200000000000005,0.25283349539667915,0.0,0.2960634091820314,0.45110309542128957
5.03,0.25280304227946476,0.0,0.2960828505333092,0.4511141071872261
5.04,0.2527728217503607,0.0,0.2961022413168514,0.451124936932788
5.05,0.25274283243777107,0.0,0.2961215812411928,0.45113558632103623
5.0600000000000005,0.2527130729756124,0.0,0.296140870020756,0.4511460570036317
5.07,0.25268354200330145,0.0,0.2961601073758008,0.4511563506208979
5.08,0.25265423816574273,0.0,0.2961792930323743,0.4511664688018831
5.09,0.2526251601133159,0.0,0.29619842672226104,0.45117641316442314
5.1000000000000005,0.25259630650186216,0.0,0.2962175081829347,0.45118618531520327
5.11,0.25256767599267055,0.0,0.296236537157509,0.4511957868498206
5.12,0.25253926725246373,0.0,0.2962555133946903,0.4512052193528461
5.13,0.2525110789533832,0.0,0.29627443664873065,0.45121448439788625
5.14,0.2524831097729742,0.0,0.2962933066793804,0.45122358354764547
5.15,0.25245535839417,0.0,0.29631212325184275,0.4512325183539873
5.16,0.2524278235052759,0.0,0.2963308861367279,0.4512412903579963
5.17,0.2524005037999524,0.0,0.2963495951100082,0.45124990109003954
5.18,0.2523733979781932,0.0,0.29636824995231914,0.4512583520694877
5.19,0.25234650476514914,0.0,0.29638685043651836,0.4512666447983326
5.2,0.2523198228816968,0.0,0.29640539634699553,0.45127478077130784
5.21,0.25229335104683354,0.0,0.29642388747804194,0.45128276147512464
5.22,0.25226708798508046,0.0,0.29644232362892503,0.45129058838599456
5.23,0.2522410324264718,0.0,0.296460704603841,0.45129826296968734
5.24,0.2522151831065439,0.0,0.2964790302118677,0.4513057866815885
5.25,0.25218953876632444,0.0,0.29649730026691856,0.4513131609667571
5.26,0.25216409815232066,0.0,0.2965155145876965,0.4513203872599829
5.2700000000000005,0.25213886001650776,0.0,0.2965336729976483,0.45132746698584403
5.28,0.2521138231163165,0.0,0.29655177532491994,0.4513344015587636
5.29,0.25208898621462117,0.0,0.2965698214023119,0.451341192383067
5.3,0.25206434807972616,0.0,0.29658781106723525,0.45134784085303875
5.3100000000000005,0.25203990748535343,0.0,0.29660574416166796,0.4513543483529788
5.32,0.25201566321062874,0.0,0.29662362053211205,0.4513607162572593
5.33,0.2519916140400681,0.0,0.2966414400295509,0.4513669459303812
5.34,0.2519677587635632,0.0,0.29665920250940714,0.4513730387270298
5.3500000000000005,0.25194409617636765,0.0,0.2966769078315011,0.4513789959921314
5.36,0.25192062507908153,0.0,0.2966945558600096,0.451384819060909
5.37,0.2518973442776368,0.0,0.2967121464634254,0.45139050925893787
5.38,0.25187425258328167,0.0,0.2967296795145169,0.45139606790220155
5.39,0.2518513488125647,0.0,0.2967471548902886,0.4514014962971468
5.4,0.25182863178731907,0.0,0.29676457247194155,0.45140679574073944
5.41,0.25180610033464584,0.0,0.29678193214483517,0.45141196752051904
5.42,0.2517837532868974,0.0,0.29679923379844847,0.4514170129146542
5.43,0.2517615894816604,0.0,0.29681647732634253,0.45142193319199725
5.44,0.2517396077617381,0.0,0.2968336626261231,0.451426729612139
5.45,0.251717806975133,0.0,0.29685078959940386,0.45143140342546323
5.46,0.2516961859750287,0.0,0.29686785815177014,0.4514359558732013
5.47,0.2516747436197712,0.0,0.29688486819274285,0.4514403881874861
5.48,0.2516534787728506,0.0,0.2969018196357433,0.4514447015914062
5.49,0.25163239030288187,0.0,0.29691871239805817,0.45144889729906007
5.5,0.2516114770836329,0.0,0.29693554640077185,0.4514529765155953
5.51,0.25159073800707377,0.0,0.29695232155954265,0.45145694043338364
5.5200000000000005,0.25157017196949477,0.0,0.2969690377943167,0.45146079023618857
5.53,0.2515497778630194,0.0,0.29698569503524874,0.4514645271017319
5.54,0.2515295545849989,0.0,0.2970022932160487,0.4514681521989524
5.55,0.25150950103799874,0.0,0.2970188322739449,0.45147166668805644
5.5600000000000005,0.25148961612978393,0.0,0.29703531214964707,0.451475071720569
5.57,0.25146989877330495,0.0,0.297051732787311,0.45147836843938416
5.58,0.2514503478866826,0.0,0.297068094134502,0.45148155797881545
5.59,0.2514309623931934,0.0,0.29708439614216037,0.4514846414646463
5.6000000000000005,0.2514117412212545,0.0,0.29710063876456566,0.45148762001417986
5.61,0.2513926833044079,0.0,0.2971168219593031,0.45149049473628905
5.62,0.2513737875813052,0.0,0.29713294568722876,0.4514932667314661
5.63,0.2513550529956916,0.0,0.29714900991243626,0.4514959370918722
5.64,0.25133647849639,0.0,0.2971650146022234,0.45149850690138665
5.65,0.25131806303728454,0.0,0.2971809597270594,0.45150097723565613
5.66,0.2512998055773042,0.0,0.2971968452605522,0.4515033491621437
5.67,0.25128170508040604,0.0,0.29721267117941663,0.45150562374017744
5.68,0.2512637605155583,0.0,0.2972284374634427,0.45150780202099905
5.69,0.25124597085672323,0.0,0.2972441440954643,0.4515098850478125
5.7,0.2512283350828396,0.0,0.29725979106132855,0.4515118738558319
5.71,0.2512108521778051,0.0,0.29727537834986506,0.4515137694723299
5.72,0.2511935211304585,0.0,0.29729090595285623,0.45151557291668526
5.73,0.2511763409345618,0.0,0.29730637386500747,0.4515172852004308
5.74,0.2511593105887815,0.0,0.297321782083918,0.45151890732730054
5.75,0.25114242909667034,0.0,0.2973371306100522,0.45152044029327754
5.76,0.2511256954666486,0.0,0.2973524194467108,0.45152188508664065
5.7700000000000005,0.251109108711985,0.0,0.2973676486000036,0.4515232426880115
5.78,0.2510926678507776,0.0,0.2973828180788211,0.45152451407040134
5.79,0.25107637190593424,0.0,0.297397927894808,0.4515257001992578
5.8,0.2510602199051531,0.0,0.2974129780623359,0.45152680203251105
5.8100000000000005,0.25104421088090256,0.0,0.29742796859847737,0.45152782052062007
5.82,0.2510283438704015,0.0,0.29744289952297964,0.4515287566066189
5.83,0.25101261792215057,0.0,0.297457770852705,0.45152961122514457
5.84,0.2509970320948894,0.0,0.2974725826024689,0.45153038530264183
5.8500000000000005,0.2509815854424936,0.0,0.2974873347977554,0.4515310797597511
5.86,0.2509662770235084,0.0,0.29750202746662197,0.45153169550986977
5.87,0.25095110590128245,0.0,0.2975166606395445,0.45153223345917315
5.88,0.2509360711439517,0.0,0.29753123434938944,0.45153269450665895
5.89,0.2509211718244233,0.0,0.29754574863138605,0.45153307954419075
5.9,0.250906407020359,0.0,0.29756020352309914,0.45153338945654203
5.91,0.2508917758141585,0.0,0.29757459906440187,0.4515336251214397
5.92,0.2508772772929432,0.0,0.2975889352974495,0.4515337874096074
5.93,0.25086291054853865,0.0,0.2976032122666527,0.45153387718480875
5.94,0.2508486746774583,0.0,0.29761743001865176,0.45153389530389004
5.95,0.2508345687808857,0.0,0.29763158860229105,0.45153384261682333
5.96,0.2508205919646578,0.0,0.29764568806859343,0.4515337199667489
5.97,0.25080674333924674,0.0,0.29765972847073574,0.45153352819001763
5.98,0.25079302201974313,0.0,0.2976737098640238,0.4515332681162332
5.99,0.25077942712583784,0.0,0.2976876323058684,0.4515329405682939
6.0,0.25076595778180405,0.0,0.2977014958557612,0.45153254636243484
6.01,0.2507526131164795,0.0,0.2977153005752514,0.4515320863082692
6.0200000000000005,0.25073939226324815,0.0,0.2977290465279222,0.45153156120882976
6.03,0.25072629436002203,0.0,0.29774273377936794,0.45153097186061014
6.04,0.2507133185492224,0.0,0.29775636239717185,0.4515303190536058
6.05,0.25070046397776174,0.0,0.29776993245088346,0.4515296035713549
6.0600000000000005,0.25068772979702436,0.0,0.2977834440119969,0.45152882619097884
6.07,0.250675115162848,0.0,0.2977968971539293,0.45152798768322283
6.08,0.2506626192355045,0.0,0.29781029195199965,0.451527088812496
6.09,0.2506502411796807,0.0,0.29782362848340777,0.4515261303369116
6.1000000000000005,0.2506379801644592,0.0,0.29783690682721414,0.45152511300832676
6.11,0.25062583536329863,0.0,0.2978501270643193,0.45152403757238224
6.12,0.2506138059540142,0.0,0.2978632892774442,0.4515229047685417
6.13,0.2506018911187581,0.0,0.29787639355111084,0.4515217153301312
6.140000000000001,0.250590090043999,0.0,0.2978894399716228,0.4515204699843783
6.15,0.2505784019237037,0.0,0.29790242862390065,0.45151916945239584
6.16,0.2505668259633879,0.0,0.297915359587461,0.4515178144491512
6.17,0.25055536136480605,0.0,0.2979282329514276,0.45151640568376655
6.18,0.25054400733344023,0.0,0.29794104880713146,0.4515149438594285
6.19,0.25053276307910927,0.0,0.2979538072474755,0.45151342967341546
6.2,0.2505216278159517,0.0,0.2979665083669129,0.4515118638171356
6.21,0.2505106007624093,0.0,0.2979791522614266,0.45151024697616426
6.22,0.2504996811412099,0.0,0.29799173902850845,0.4515085798302818
6.23,0.25048886817935095,0.0,0.2980042687671389,0.4515068630535103
6.24,0.250478161108082,0.0,0.2980167415777671,0.45150509731415106
6.25,0.25046755916288793,0.0,0.29802915756229076,0.4515032832748215
6.26,0.25045706158347164,0.0,0.2980415168240371,0.4515014215924914
6.2700000000000005,0.2504466676137368,0.0,0.29805381946774345,0.4514995129185199
6.28,0.2504363765017705,0.0,0.29806606559953824,0.45149755789869145
6.29,0.25042618749982587,0.0,0.2980782553269224,0.4514955571732519
6.3,0.2504160998643045,0.0,0.298090388758751,0.45149351137694466
6.3100000000000005,0.2504061128557388,0.0,0.29810246600521517,0.4514914211390461
6.32,0.25039622573877457,0.0,0.2981144871778243,0.4514892870834013
6.33,0.25038643778215264,0.0,0.29812645238938845,0.45148710982845913
6.34,0.25037674825869166,0.0,0.29813836175400105,0.45148488998730746
6.3500000000000005,0.25036715644526986,0.0,0.2981502153870221,0.4514826281677082
6.36,0.2503576616228069,0.0,0.2981620134050614,0.45148032497213186
6.37,0.2503482630762461,0.0,0.298173755925962,0.45147798099779207
6.38,0.2503389600945358,0.0,0.2981854430687843,0.4514755968366801
6.390000000000001,0.25032975197061147,0.0,0.29819707495379,0.4514731730755987
6.4,0.2503206380013771,0.0,0.29820865170242666,0.4514707102961964
6.41,0.2503116174876869,0.0,0.29822017343731233,0.4514682090750009
6.42,0.2503026897343266,0.0,0.2982316402822206,0.45146566998345294
6.43,0.250293854049995,0.0,0.2982430523620658,0.45146309358793946
6.44,0.250285109747285,0.0,0.2982544098028885,0.4514604804498267
6.45,0.2502764561426652,0.0,0.2982657127318416,0.4514578311254933
6.46,0.2502678925564607,0.0,0.29827696127717623,0.4514551461663633
6.47,0.2502594183140764,0.0,0.2982881555667811,0.4514524261191426
6.48,0.2502510327510828,0.0,0.29829929572222447,0.4514496715266929
6.49,0.25024273520162743,0.0,0.2983103818722149,0.4514468829261578
6.5,0.2502345250026372,0.0,0.29832141414767244,0.4514440608496905
6.51,0.2502264014948856,0.0,0.2983323926804502,0.45144120582466435
6.5200000000000005,0.25021836402297604,0.0,0.2983433176033192,0.4514383183737049
6.53,0.25021041193532556,0.0,0.29835418904995276,0.45143539901472185
6.54,0.25020254458414815,0.0,0.29836500715491127,0.45143244826094076
6.55,0.25019476132543816,0.0,0.2983757720536275,0.4514294666209345
6.5600000000000005,0.25018706151895376,0.0,0.29838648388239164,0.45142645459865477
6.57,0.2501794445282,0.0,0.29839714277833723,0.45142341269346287
6.58,0.2501719097204126,0.0,0.29840774887942656,0.451420341400161
6.59,0.2501644564665404,0.0,0.29841830232443683,0.45141724120902293
6.6000000000000005,0.25015708414122945,0.0,0.2984288032529463,0.4514141126058244
6.61,0.25014979212280547,0.0,0.2984392518053209,0.4514109560718738
6.62,0.25014257979325727,0.0,0.29844964812270075,0.45140777208404215
6.63,0.2501354465382198,0.0,0.2984599923469873,0.45140456111479316
6.640000000000001,0.25012839174695706,0.0,0.2984702846208301,0.451401323632213
6.65,0.25012141481234534,0.0,0.2984805250876146,0.45139806010004024
6.66,0.2501145151308558,0.0,0.29849071389144954,0.4513947709776948
6.67,0.2501076921025377,0.0,0.29850085117715486,0.4513914567203076
6.68,0.2501009451310011,0.0,0.2985109370902495,0.4513881177787495
6.69,0.25009427362339975,0.0,0.29852097177694026,0.45138475459966015
6.7,0.2500876769904137,0.0,0.2985309553841098,0.4513813676254767
6.71,0.25008115464623226,0.0,0.29854088805930556,0.45137795729446234
6.72,0.25007470600853665,0.0,0.2985507699507289,0.4513745240407346
6.73,0.25006833049848254,0.0,0.2985606012072241,0.45137106829429346
6.74,0.25006202754068274,0.0,0.29857038197826796,0.4513675904810494
6.75,0.25005579656318977,0.0,0.29858011241395943,0.45136409102285097
6.76,0.2500496369974784,0.0,0.29858979266500935,0.4513605703375124
6.7700000000000005,0.250043548278428,0.0,0.29859942288273095,0.4513570288388412
6.78,0.25003752984430533,0.0,0.2986090032190299,0.451353466936665
6.79,0.25003158113713486,0.0,0.29861853382585407,0.45134988503701123
6.8,0.2500257016071929,0.0,0.29862801484890245,0.4513462835439048
6.8100000000000005,0.25001989070521025,0.0,0.29863744643844903,0.45134266285634095
6.82,0.250014147883822,0.0,0.2986468287472906,0.4513390233688876
6.83,0.25000847259902476,0.0,0.29865616192868444,0.4513353654722909
6.84,0.25000286431016105,0.0,0.2986654461363371,0.451331689553502
6.8500000000000005,0.2499973224799034,0.0,0.29867468152439325,0.4513279959957035
6.86,0.24999184657423895,0.0,0.29868386824742477,0.45132428517833645
6.87,0.24998643606245366,0.0,0.29869300646042013,0.45132055747712635
6.88,0.24998109041711652,0.0,0.29870209631877404,0.4513168132641096
6.890000000000001,0.249975809114064,0.0,0.2987111379782768,0.45131305290765933
6.9,0.2499705916323842,0.0,0.29872013159510447,0.45130927677251154
6.91,0.24996543745440117,0.0,0.29872907732580867,0.4513054852197903
6.92,0.24996034606565923,0.0,0.2987379753273071,0.45130167860703385
6.93,0.2499553169549071,0.0,0.2987468257568737,0.4512978572882193
6.94,0.24995034961408233,0.0,0.29875562877212947,0.45129402161378834
6.95,0.24994544353829534,0.0,0.29876438453103304,0.4512901719306718
6.96,0.2499405982258137,0.0,0.2987730931918719,0.45128630858231455
6.97,0.24993581317804645,0.0,0.2987817549132533,0.4512824319087004
6.98,0.24993108789952817,0.0,0.29879036985409596,0.45127854224637604
6.99,0.24992642189790326,0.0,0.2987989381736211,0.45127463992847583
7.0,0.2499218146839101,0.0,0.2988074600313446,0.4512707252847455
7.01,0.2499172657713652,0.0,0.29881593558706876,0.4512667986415662
7.0200000000000005,0.2499127746771474,0.0,0.2988243650008744,0.4512628603219784
7.03,0.24990834092118203,0.0,0.298832748433113,0.4512589106457051
7.04,0.24990396402642504,0.0,0.29884108604439946,0.4512549499291757
7.05,0.2498996435188471,0.0,0.2988493779956043,0.45125097848554874
7.0600000000000005,0.24989537892741787,0.0,0.298857624447847,0.45124699662473533
7.07,0.24989116978408987,0.0,0.29886582556248864,0.4512430046534216
7.08,0.2498870156237829,0.0,0.2988739815011254,0.4512390028750919
7.09,0.24988291598436782,0.0,0.29888209242558145,0.45123499159005087
7.1000000000000005,0.2498788704066509,0.0,0.29889015849790324,0.451230971095446
7.11,0.24987487843441678,0.0,0.29889817988025347,0.4512269416853299
7.12,0.2498709396174537,0.0,0.2989061567297981,0.45122290365274836
7.13,0.2498670535075423,0.0,0.29891408920540996,0.4512188572870479
7.140000000000001,0.2498632196577532,0.0,0.29892197746881616,0.4512148028734308
7.15,0.24985943762405582,0.0,0.2989298216818638,0.4512107406940805
7.16,0.24985570696530385,0.0,0.2989376220065123,0.451206671028184
7.17,0.2498520272432209,0.0,0.29894537860482534,0.4512025941519539
7.18,0.24984839802238584,0.0,0.29895309163896383,0.4511985103386505
7.19,0.24984481887021856,0.0,0.2989607612711783,0.4511944198586033
7.2,0.2498412893569653,0.0,0.2989683876638018,0.45119032297923306
7.21,0.24983780905568453,0.0,0.29897597097924267,0.45118621996507297
7.22,0.2498343775422322,0.0,0.29898351137997775,0.4511821110777902
7.23,0.24983099439524756,0.0,0.2989910090285457,0.45117799657620694
7.24,0.24982765919613875,0.0,0.2989984640875401,0.4511738767163213
7.25,0.24982437152906833,0.0,0.2990058767196033,0.4511697517513285
7.26,0.24982113098093903,0.0,0.29901324708742,0.45116562193164117
7.2700000000000005,0.24981793714137926,0.0,0.29902057535371074,0.45116148750491014
7.28,0.24981478960272896,0.0,0.29902786168122647,0.45115734871604474
7.29,0.24981168796002504,0.0,0.29903510623274215,0.45115320580723295
7.3,0.2498086318109873,0.0,0.29904230917105135,0.4511490590179615
7.3100000000000005,0.24980562075600402,0.0,0.2990494706589605,0.45114490858503564
7.32,0.24980265439811758,0.0,0.2990565908592835,0.4511407547425991
7.33,0.24979973234301037,0.0,0.29906366993483635,0.4511365977221534
7.34,0.2497968541989904,0.0,0.29907070804843233,0.45113243775257744
7.3500000000000005,0.24979401957697706,0.0,0.29907770536287653,0.4511282750601466
7.36,0.24979122809048693,0.0,0.29908466204096135,0.4511241098685519
7.37,0.24978847935561954,0.0,0.29909157824546173,0.4511199423989189
7.38,0.2497857729910431,0.0,0.2990984541391306,0.45111577286982646
7.390000000000001,0.24978310861798034,0.0,0.2991052898846944,0.45111160149732543
7.4,0.24978048586019436,0.0,0.299112085644849,0.45110742849495683
7.41,0.2497779043439744,0.0,0.29911884158225527,0.4511032540737705
7.42,0.24977536369812164,0.0,0.29912555785953565,0.45109907844234287
7.43,0.24977286355393516,0.0,0.29913223463926986,0.4510949018067952
7.44,0.2497704035467214,0.0,0.2991388720806265,0.45109072437265224
7.45,0.24976798331465128,0.0,0.2991454703418524,0.4510865463434965
7.46,0.2497656024968663,0.0,0.2991520295844205,0.4510823679187133
7.47,0.24976326073497626,0.0,0.29915854996968805,0.4510781892953358
7.48,0.24976095767304668,0.0,0.29916503165889,0.4510740106680634
7.49,0.24975869295758568,0.0,0.2991714748131341,0.4510698322292804
7.5,0.24975646623753103,0.0,0.2991778795933956,0.4510656541690735
7.51,0.24975427716423693,0.0,0.299184246160513,0.4510614766752502
7.5200000000000005,0.24975212539146105,0.0,0.2991905746751829,0.4510572999333562
7.53,0.24975001057535146,0.0,0.29919686529795564,0.4510531241266931
7.54,0.24974793237443374,0.0,0.2992031181892308,0.4510489494363356
7.55,0.24974589044959802,0.0,0.2992093335092528,0.45104477604114934
7.5600000000000005,0.24974388446408588,0.0,0.29921551141810676,0.4510406041178075
7.57,0.2497419140834777,0.0,0.2992216520757144,0.45103643384080805
7.58,0.2497399789756796,0.0,0.2992277556418299,0.45103226538249064
7.59,0.24973807881091065,0.0,0.29923382227603634,0.4510280989130532
7.6000000000000005,0.24973621326169004,0.0,0.29923985213774146,0.45102393460056867
7.61,0.24973438200282436,0.0,0.29924584538617444,0.45101977261100135
7.62,0.24973258471139465,0.0,0.2992518021803823,0.4510156131082232
7.63,0.24973082106674385,0.0,0.2992577226792263,0.45101145625403
7.640000000000001,0.24972909075046398,0.0,0.29926360704137883,0.4510073022081573
7.65,0.2497273934463835,0.0,0.29926945542532013,0.45100315112829653
7.66,0.24972572884055455,0.0,0.29927526798933535,0.4509990031701102
7.67,0.24972409662124045,0.0,0.2992810448915115,0.45099485848724813
7.68,0.24972249647890302,0.0,0.29928678628973476,0.45099071723136236
7.69,0.24972092810618993,0.0,0.29929249234168753,0.4509865795521227
7.7,0.24971939119792227,0.0,0.2992981632048461,0.4509824455972318
7.71,0.249717885451082,0.0,0.29930379903647797,0.45097831551244016
7.72,0.24971641056479935,0.0,0.29930939999363976,0.45097418944156104
7.73,0.2497149662403404,0.0,0.2993149662331747,0.450970067526485
7.74,0.24971355218109467,0.0,0.2993204979117106,0.45096594990719485
7.75,0.24971216809256264,0.0,0.29932599518565794,0.4509618367217796
7.76,0.24971081368298834,0.0,0.2993314582093533,0.45095772810765855
7.7700000000000005,0.24970948866351625,0.0,0.29933688713457146,0.45095362420191243
7.78,0.24970819274621503,0.0,0.2993422821161698,0.45094952513761527
7.79,0.24970692564519506,0.0,0.2993476433088386,0.4509454310459665
7.8,0.24970568707663396,0.0,0.29935297086699053,0.4509413420563757
7.8100000000000005,0.24970447675876492,0.0,0.29935826494475787,0.45093725829647735
7.82,0.24970329441186523,0.0,0.29936352569598945,0.4509331798921455
7.83,0.24970213975824448,0.0,0.2993687532742476,0.4509291069675081
7.84,0.2497010125222332,0.0,0.2993739478328056,0.4509250396449614
7.8500000000000005,0.24969991243017123,0.0,0.29937910952464486,0.4509209780451841
7.86,0.24969883921039632,0.0,0.2993842385024523,0.4509169222871515
7.87,0.24969779259323263,0.0,0.299389334918618,0.45091287248814954
7.88,0.24969677231097936,0.0,0.29939439892523245,0.45090882876378835
7.890000000000001,0.24969577809789942,0.0,0.2993994306740846,0.4509047912280162
7.9,0.24969480969020794,0.0,0.29940443031665925,0.45090075999313295
7.91,0.24969386682606118,0.0,0.29940939800413535,0.45089673516980366
7.92,0.24969294924554516,0.0,0.29941433388738337,0.45089271686707166
7.930000000000001,0.2496920566906644,0.0,0.2994192381169638,0.45088870519237195
7.94,0.24969118890533085,0.0,0.29942411084312515,0.45088470025154415
7.95,0.24969034563535256,0.0,0.299428952215802,0.45088070214884557
7.96,0.2496895266284227,0.0,0.29943376238461356,0.4508767109869639
7.97,0.24968873163410849,0.0,0.2994385414988617,0.45087272686702995
7.98,0.24968796040384003,0.0,0.29944328970752987,0.45086874988863024
7.99,0.24968721269089938,0.0,0.29944800715928144,0.45086478014981934
8.0,0.24968648825040957,0.0,0.2994526940024583,0.4508608177471323
8.01,0.2496857868393236,0.0,0.2994573503850797,0.4508568627755969
8.02,0.24968510821641363,0.0,0.2994619764548413,0.4508529153287453
8.03,0.24968445214226007,0.0,0.29946657235911367,0.45084897549862646
8.040000000000001,0.24968381837924067,0.0,0.29947113824494176,0.45084504337581777
8.05,0.24968320669151983,0.0,0.2994756742590437,0.45084111904943663
8.06,0.2496826168450378,0.0,0.2994801805478103,0.4508372026071521
8.07,0.24968204860749998,0.0,0.2994846572573039,0.4508332941351963
8.08,0.24968150174855758,0.0,0.29948910453234423,0.45082939371909836
8.09,0.24968097604018896,0.0,0.29949352251463635,0.45082550144517486
8.1,0.2496804712555292,0.0,0.29949791134830805,0.45082161739616294
8.11,0.24967998716937864,0.0,0.2995022711774301,0.45081774165319144
8.120000000000001,0.2496795235582586,0.0,0.29950660214570085,0.45081387429604075
8.13,0.24967908020040086,0.0,0.2995109043964447,0.45081001540315463
8.14,0.24967865687573773,0.0,0.2995151780726105,0.45080616505165194
8.15,0.24967825336589186,0.0,0.29951942331677023,0.4508023233173381
8.16,0.24967786945416603,0.0,0.2995236402711175,0.45079849027471663
8.17,0.24967750492553326,0.0,0.2995278290774663,0.45079466599700063
8.18,0.24967715956662662,0.0,0.29953198987724977,0.4507908505561238
8.19,0.24967683316572944,0.0,0.29953612281151915,0.45078704402275155
8.2,0.24967652551276523,0.0,0.2995402280209424,0.45078324646629253
8.21,0.2496762363992879,0.0,0.29954430564580337,0.45077945795490887
8.22,0.24967596561847183,0.0,0.29954835582600087,0.45077567855552747
8.23,0.24967571296510205,0.0,0.2995523787010477,0.45077190833385045
8.24,0.24967547823556455,0.0,0.29955637441006977,0.4507681473543659
8.25,0.2496752612278364,0.0,0.29956034309180557,0.4507643956803582
8.26,0.24967506174147627,0.0,0.2995642848846053,0.45076065337391863
8.27,0.24967487957761456,0.0,0.2995681999264303,0.45075692049595534
8.28,0.24967471453894394,0.0,0.29957208835485255,0.4507531971062037
8.290000000000001,0.24967456642970967,0.0,0.2995759503070542,0.45074948326323633
8.3,0.24967443505570017,0.0,0.2995797859198271,0.4507457790244729
8.31,0.24967432022423744,0.0,0.29958359532957257,0.4507420844461902
8.32,0.24967422174416762,0.0,0.29958737867230106,0.45073839958353146
8.33,0.24967413942585168,0.0,0.29959113608363197,0.4507347244905165
8.34,0.24967407308115588,0.0,0.2995948676987937,0.45073105922005063
8.35,0.24967402252344253,0.0,0.29959857365262316,0.4507274038239345
8.36,0.2496739875675608,0.0,0.2996022540795663,0.4507237583528731
8.370000000000001,0.24967396802983716,0.0,0.29960590911367796,0.45072012285648505
8.38,0.24967396372806655,0.0,0.2996095388886219,0.4507164973833117
8.39,0.24967397448150297,0.0,0.2996131435376713,0.4507128819808259
8.4,0.24967400011088506,0.0,0.29961672319332905,0.4507092766957861
8.41,0.2496740404386318,0.0,0.29962027798509,0.4507056815762784
8.42,0.24967409528841697,0.0,0.299623808043996,0.4507020966675872
8.43,0.2496741644852897,0.0,0.29962731350121763,0.4506985220134928
8.44,0.2496742478557162,0.0,0.2996307944875028,0.4506949576567812
8.45,0.24967434522757082,0.0,0.29963425113317615,0.4506914036392532
8.46,0.24967445643012717,0.0,0.2996376835681389,0.4506878600017341
8.47,0.24967458129404957,0.0,0.2996410919218681,0.4506843267840825
8.48,0.24967471965138427,0.0,0.29964447632341634,0.45068080402519956
8.49,0.24967487133555072,0.0,0.2996478369014116,0.45067729176303784
8.5,0.24967503618133305,0.0,0.2996511737840568,0.4506737900346103
8.51,0.24967521402487147,0.0,0.2996544870991298,0.4506702988759989
8.52,0.24967540470365365,0.0,0.29965777697398294,0.45066681832236355
8.53,0.2496756080565064,0.0,0.29966104353554335,0.4506633484079504
8.540000000000001,0.24967582392358706,0.0,0.2996642869103125,0.4506598891661006
8.55,0.24967605214637517,0.0,0.2996675072243664,0.4506564406292586
8.56,0.24967629256766408,0.0,0.29967070460335576,0.45065300282898035
8.57,0.24967654503155257,0.0,0.2996738791725059,0.4506495757959417
8.58,0.24967680938343675,0.0,0.2996770310566169,0.45064615955994647
8.59,0.24967708547000161,0.0,0.2996801603800642,0.4506427541499344
8.6,0.24967737313921287,0.0,0.29968326726679817,0.4506393595939891
8.61,0.24967767224030893,0.0,0.29968635184034514,0.4506359759193461
8.620000000000001,0.24967798262379262,0.0,0.2996894142238073,0.4506326031524002
8.63,0.24967830414142322,0.0,0.2996924545398634,0.45062924131871357
8.64,0.24967863664620832,0.0,0.2996954729107689,0.4506258904430229
8.65,0.24967897999239594,0.0,0.299698469458357,0.4506225505492472
8.66,0.24967933403546652,0.0,0.29970144430403867,0.45061922166049495
8.67,0.24967969863212502,0.0,0.29970439756880374,0.4506159037990714
8.68,0.24968007364029307,0.0,0.29970732937322114,0.4506125969864859
8.69,0.2496804589191011,0.0,0.29971023983744016,0.4506093012434589
8.700000000000001,0.24968085432888054,0.0,0.2997131290811908,0.4506060165899288
8.71,0.24968125973115626,0.0,0.2997159972237847,0.4506027430450592
8.72,0.24968167492852147,0.0,0.2997188443274611,0.45059948074401757
8.73,0.2496820999154446,0.0,0.2997216706314364,0.45059622945311917
8.74,0.2496825344848038,0.0,0.29972447618476405,0.4505929893304323
8.75,0.24968297850299354,0.0,0.2997272611048456,0.45058976039216103
8.76,0.24968343183754385,0.0,0.29973002550862493,0.45058654265383136
8.77,0.24968389435711416,0.0,0.2997327695125899,0.4505833361302961
8.78,0.2496843659314868,0.0,0.29973549323277354,0.45058014083573983
8.790000000000001,0.2496848464315608,0.0,0.29973819678475533,0.45057695678368404
8.8,0.24968533572934554,0.0,0.29974088028366286,0.45057378398699177
8.81,0.24968583369795433,0.0,0.29974354384417295,0.4505706224578729
8.82,0.24968634021159822,0.0,0.2997461875805131,0.45056747220788884
8.83,0.24968685514557953,0.0,0.2997488116064629,0.45056433324795775
8.84,0.24968737837628568,0.0,0.2997514160353552,0.45056120558835927
8.85,0.2496879097811827,0.0,0.29975400098007793,0.4505580892387396
8.86,0.24968844923880898,0.0,0.2997565665530748,0.45055498420811635
8.870000000000001,0.24968899662876903,0.0,0.2997591128663474,0.45055189050488376
8.88,0.24968955183172695,0.0,0.29976164003145583,0.45054880813681736
8.89,0.24969011472940028,0.0,0.2997641481595208,0.4505457371110791
8.9,0.2496906852045536,0.0,0.2997666373612244,0.4505426774342222
8.91,0.24969126314099213,0.0,0.29976910774681176,0.45053962911219625
8.92,0.24969184842355563,0.0,0.2997715594260924,0.45053659215035213
8.93,0.24969244093811177,0.0,0.2997739925084415,0.4505335665534469
8.94,0.24969304057155,0.0,0.29977640710280146,0.4505305523256487
8.950000000000001,0.24969364721177525,0.0,0.299778803317683,0.45052754947054197
8.96,0.24969426074770146,0.0,0.2997811812611666,0.4505245579911321
8.97,0.24969488106924526,0.0,0.29978354104090416,0.45052157788985076
8.98,0.24969550806731977,0.0,0.29978588276412,0.4505186091685604
8.99,0.24969614163382825,0.0,0.2997882065376123,0.4505156518285596
9.0,0.24969678166165762,0.0,0.2997905124677547,0.4505127058705879
9.01,0.24969742804467232,0.0,0.2997928006604973,0.45050977129483055
9.02,0.2496980806777078,0.0,0.29979507122136845,0.4505068481009239
9.03,0.2496987394565644,0.0,0.29979732425547573,0.45050393628796004
9.040000000000001,0.24969940427799828,0.0,0.29979955986749185,0.45050103585451007
9.05,0.2497000750393733,0.0,0.29980177815953013,0.4504981468010968
9.06,0.24970075163906125,0.0,0.2998039792336739,0.450495269127265
9.07,0.24970143397659916,0.0,0.2998061631929948,0.45049240283040626
9.08,0.24970212195245467,0.0,0.299808330140135,0.4504895479074105
9.09,0.24970281546801978,0.0,0.29981048017730894,0.45048670435467153
9.1,0.2497035144256044,0.0,0.299812613406304,0.4504838721680918
9.11,0.24970421872843,0.0,0.2998147299284818,0.4504810513430884
9.120000000000001,0.24970492828062318,0.0,0.2998168298447794,0.4504782418745976
9.13,0.2497056429872095,0.0,0.29981891325571014,0.4504754437570806
9.14,0.2497063627541068,0.0,0.29982098026136494,0.4504726569845285
9.15,0.24970708748811915,0.0,0.2998230309614134,0.4504698815504677
9.16,0.24970781709693024,0.0,0.2998250654551048,0.4504671174479652
9.17,0.2497085514890971,0.0,0.2998270838412693,0.4504643646696338
9.18,0.24970929057404379,0.0,0.29982908621831916,0.4504616232076373
9.19,0.24971003426205493,0.0,0.29983107268424947,0.45045889305369585
9.200000000000001,0.24971078246426934,0.0,0.2998330433366397,0.45045617419909123
9.21,0.24971153509267374,0.0,0.2998349982726544,0.45045346663467206
9.22,0.24971229206009637,0.0,0.29983693758904484,0.450450770350859
9.23,0.2497130532802005,0.0,0.2998388613821495,0.45044808533765024
9.24,0.24971381866747824,0.0,0.2998407697478956,0.4504454115846264
9.25,0.249714588137244,0.0,0.2998426627818,0.45044274908095616
9.26,0.2497153616056283,0.0,0.29984454057897053,0.4504400978154014
9.27,0.2497161389895712,0.0,0.2998464032341068,0.4504374577763222
9.28,0.24971692020681607,0.0,0.2998482508415015,0.45043482895168263
9.290000000000001,0.24971770517590322,0.0,0.2998500834950416,0.4504322113290554
9.3,0.24971849381616343,0.0,0.29985190128820916,0.45042960489562767
9.31,0.24971928604771162,0.0,0.2998537043140826,0.450427009638206
9.32,0.24972008179144062,0.0,0.299855492665338,0.4504244255432216
9.33,0.24972088096901454,0.0,0.2998572664342498,0.45042185259673584
9.34,0.2497216835028626,0.0,0.29985902571269235,0.45041929078444526
9.35,0.24972248931617277,0.0,0.29986077059214056,0.45041674009168686
9.36,0.24972329833288523,0.0,0.2998625011636714,0.4504142005034436
9.370000000000001,0.2497241104776861,0.0,0.2998642175179648,0.4504116720043493
9.38,0.24972492567600116,0.0,0.2998659197453049,0.4504091545786942
9.39,0.24972574385398927,0.0,0.29986760793558087,0.4504066482104301
9.4,0.24972656493853623,0.0,0.29986928217828834,0.45040415288317565
9.41,0.24972738885724827,0.0,0.29987094256253044,0.4504016685802215
9.42,0.2497282155384622,0.0,0.2998725891769801,0.45039919528455785
9.43,0.2497290449127077,0.0,0.2998742221064544,0.45039673298083804
9.44,0.24972987691086,0.0,0.29987584143621143,0.4503942816529288
9.450000000000001,0.24973071146359135,0.0,0.2998774472532164,0.45039184128319243
9.46,0.24973154850227308,0.0,0.29987903964402346,0.4503894118537036
9.47,0.24973238795896915,0.0,0.2998806186947764,0.45038699334625465
9.48,0.24973322976643017,0.0,0.29988218449120896,0.450384585742361
9.49,0.24973407385808707,0.0,0.29988373711864613,0.45038218902326693
9.5,0.24973492016804502,0.0,0.2998852766620043,0.4503798031699508
9.51,0.24973576863107713,0.0,0.29988680320579236,0.4503774281631307
9.52,0.24973661918261833,0.0,0.299888316834112,0.4503750639832699
9.53,0.24973747175875907,0.0,0.2998898176306588,0.45037271061058226
9.540000000000001,0.24973832629623935,0.0,0.2998913056787228,0.45037036802503805
9.55,0.2497391827324422,0.0,0.299892781061189,0.45036803620636895
9.56,0.24974004100538777,0.0,0.29989424386053837,0.45036571513407403
9.57,0.249740901053727,0.0,0.2998956941588483,0.4503634047874248
9.58,0.2497417628167355,0.0,0.2998971320377935,0.4503611051454712
9.59,0.24974262623430715,0.0,0.2998985575786465,0.4503588161870465
9.6,0.24974349124694828,0.0,0.2998999708622785,0.4503565378907734
9.61,0.24974435779577106,0.0,0.29990137196916,0.45035427023506913
9.620000000000001,0.24974522582248762,0.0,0.2999027609793615,0.45035201319815105
9.63,0.2497460952694037,0.0,0.2999041379725543,0.45034976675804217
9.64,0.24974696607941246,0.0,0.299905503028011,0.4503475308925767
9.65,0.24974783819598842,0.0,0.29990685622460633,0.4503453055794054
9.66,0.24974871156318104,0.0,0.29990819764081794,0.45034309079600116
9.67,0.2497495861256087,0.0,0.29990952735472687,0.4503408865196646
9.68,0.24975046182845248,0.0,0.2999108454440184,0.45033869272752924
9.69,0.24975133861744991,0.0,0.2999121519859828,0.4503365093965675
9.700000000000001,0.24975221643888879,0.0,0.29991344705751577,0.4503343365035956
9.71,0.249753095239601,0.0,0.2999147307351195,0.4503321740252797
9.72,0.24975397496695637,0.0,0.29991600309490307,0.45033002193814076
9.73,0.24975485556885635,0.0,0.2999172642125833,0.4503278802185605
9.74,0.249755736993728,0.0,0.2999185141634855,0.4503257488427867
9.75,0.2497566191905176,0.0,0.29991975302254387,0.45032362778693874
9.76,0.24975750210868453,0.0,0.2999209808643026,0.45032151702701306
9.77,0.24975838569819517,0.0,0.29992219776291634,0.4503194165388887
9.78,0.24975926990951658,0.0,0.2999234037921509,0.4503173262983327
9.790000000000001,0.24976015469361038,0.0,0.29992459902538393,0.45031524628100583
9.8,0.2497610400020456,0.0,0.2999257835356272,0.4503131764623273
9.81,0.24976192579449416,0.0,0.2999269573968685,0.4503111168086375
9.82,0.24976281202886572,0.0,0.2999281206823093,0.45030906728882514
9.83,0.2497636986592801,0.0,0.29992927346400405,0.450307027876716
9.84,0.24976458564037238,0.0,0.2999304158136319,0.45030499854599587
9.85,0.2497654729272878,0.0,0.29993154780249737,0.450302979270215
9.86,0.24976636047567619,0.0,0.2999326695015315,0.45030097002279246
9.870000000000001,0.24976724824168686,0.0,0.2999337809812925,0.4502989707770208
9.88,0.24976813618196328,0.0,0.2999348823119665,0.45029698150607034
9.89,0.2497690242536376,0.0,0.29993597356336893,0.4502950021829937
9.9,0.24976991241432536,0.0,0.29993705480494465,0.4502930327807302
9.91,0.24977080062212043,0.0,0.2999381261057693,0.45029107327211043
9.92,0.24977168883558934,0.0,0.2999391875345501,0.4502891236298607
9.93,0.24977257701376615,0.0,0.29994023915962664,0.45028718382660743
9.94,0.24977346511614712,0.0,0.2999412810489715,0.4502852538348816
9.950000000000001,0.24977435310268536,0.0,0.2999423132701915,0.4502833336271233
9.96,0.24977524093378553,0.0,0.29994333589052846,0.45028142317568615
9.97,0.24977612857029854,0.0,0.2999443489768599,0.45027952245284175
9.98,0.24977701597351615,0.0,0.2999453525956998,0.45027763143078414
9.99,0.24977790310516576,0.0,0.29994634681320004,0.45027575008163434
