t,a,g
0.0,4.39927,1.96477
0.01,4.420073871881923,1.9537209608609771
0.02,4.441423886069638,1.9430462872993461
0.03,4.463228177796164,1.9327854751750877
0.04,4.485394553419192,1.9229753579177933
0.05,4.507830785172675,1.9136501053643504
0.06,4.530444859729002,1.9048413574997154
0.07,4.553145179223482,1.8965782489427405
0.08,4.5758407782356985,1.888887510526387
0.09,4.5984414151898045,1.8817935069104974
0.1,4.620857776073184,1.875318348362806
0.11,4.643001754186744,1.869482026614438
0.12,4.664786489923472,1.8643024550936675
0.13,4.686126349108936,1.8597955355548756
0.14,4.706937262706344,1.8559752760422004
0.15,4.727136735277886,1.8528538287403031
0.16,4.746644015185184,1.850441584743114
0.17,4.765380164766339,1.8487471968723812
0.18,4.783268206823792,1.847777663747477
0.19,4.800233254349323,1.8475383141974226
0.2,4.8162026256762545,1.84803288303662
0.21,4.831106009097729,1.8492634612059233
0.22,4.844875583922069,1.851230545895086
0.23,4.857446231252809,1.8539329658175738
0.24,4.8687556760557875,1.8573678893176264
0.25,4.878744727975826,1.8615307361884232
0.26,4.887357476863714,1.8664151287080912
0.27,4.89454155184308,1.8720127993744744
0.28,4.900248400411582,1.87831347349665
0.29,4.904433547660356,1.885304781642353
0.3,4.907056984265065,1.892972069779329
0.31,4.908083418564199,1.9012983165588475
0.32,4.907482773766619,1.9102638860668866
0.33,4.905230445299083,1.9198464369891566
0.34,4.901307876515843,1.9300206520999694
0.35000000000000003,4.895702876612429,1.9407581027954257
0.36,4.888410134573866,1.952027045992839
0.37,4.879431746281261,1.9637921870724386
0.38,4.868777698073967,1.9760144848747734
0.39,4.856466195359995,1.9886511032972047
0.4,4.842524253602232,2.001655168366634
0.41000000000000003,4.82698816117459,2.0149756378161277
0.42,4.809903874635058,2.028557237124028
0.43,4.791327318499285,2.042340486294615
0.44,4.771324752445668,2.056261673933905
0.45,4.749972939227814,2.07025299186471
0.46,4.7273592961970605,2.0842426978261352
0.47000000000000003,4.703581847604305,2.0981554239052334
0.48,4.678749132482935,2.111912515117873
0.49,4.652979881229501,2.125432529319862
0.5,4.626402606212541,2.1386317972972115
0.51,4.599154956982066,2.15142513004718
0.52,4.5713829579460015,2.1637265864864066
0.53,4.543240018700691,2.1754503732302832
0.54,4.514885823994598,2.1865117873803763
0.55,4.486485014014165,2.196828265914461
0.56,4.458205778379563,2.2063204262241234
0.5700000000000001,4.430218262120466,2.2149131907226356
0.58,4.402692957139582,2.2225368332323634
0.59,4.375798980400304,2.2291280265093913
0.6,4.349702374844426,2.2346308070941165
0.61,4.3245643395797835,2.238997501230475
0.62,4.3005396658024715,2.2421893969821265
0.63,4.277775098263808,2.2441774211810817
0.64,4.256407956277838,2.2449425395085205
0.65,4.2365648377881815,2.2444760402532977
0.66,4.218360514399594,2.2427796133388997
0.67,4.201897070736102,2.2398652444392426
0.68,4.187263172736316,2.2357549466024267
0.6900000000000001,4.174533640074823,2.230480315085583
0.7000000000000001,4.163769148167461,2.2240819411068466
0.71,4.155016193806019,2.2166086991404965
0.72,4.148307203232856,2.2081169423604603
0.73,4.1436608514823545,2.198669589691703
0.74,4.141082478964993,2.1883352271970384
0.75,4.140564703274641,2.177187090351785
0.76,4.142088047946633,2.165302156961137
0.77,4.145621736994691,2.152760149726269
0.78,4.15112447733694,2.13964266170457
0.79,4.158545310891102,2.1260322872166983
0.8,4.167824489527195,2.1120118250450983
0.81,4.178894307958895,2.097663577105655
0.8200000000000001,4.191679991029099,2.0830686844193833
0.8300000000000001,4.2061004784675085,2.068306588789293
0.84,4.2220692477431285,2.053454535954876
0.85,4.239495042822573,2.0385871862320473
0.86,4.258282584250957,2.0237762812044022
0.87,4.278333239357446,2.009090399579926
0.88,4.299545609141289,1.9945947561453814
0.89,4.321816089331213,1.9803510889067797
0.9,4.345039383098635,1.9664175647310256
0.91,4.369108955553252,1.9528487677717983
0.92,4.393917450481367,1.9396956933466023
0.93,4.419357053644901,1.9270058092787044
0.9400000000000001,4.44531983108165,1.914823113844623
0.9500000000000001,4.471698013372454,1.903188245922446
0.96,4.498384260604876,1.8921385873624197
0.97,4.525271881312848,1.8817084019130867
0.98,4.552255039337485,1.8719289633980853
0.99,4.579228920518979,1.8628287074860053
1.0,4.606089891487608,1.8544333713551893
1.01,4.632735626596663,1.846766145949464
1.02,4.659065231721721,1.8398478148595667
1.03,4.684979342998426,1.833696897545595
1.04,4.710380226639627,1.8283297781224266
1.05,4.73517186081975,1.8237608319712486
1.06,4.759260026301007,1.8200025346295967
1.07,4.782552373795755,1.817065571656282
1.08,4.804958508918039,1.8149589258622307
1.09,4.826390096451709,1.813689938973173
1.1,4.846760916778944,1.8132643918477103
1.11,4.865987008271377,1.8136865257747574
1.12,4.883986738296545,1.8149590868587417
1.1300000000000001,4.900680971078196,1.8170833141960556
1.1400000000000001,4.915993187156883,1.8200589367355844
1.1500000000000001,4.929849666381633,1.8238841325198696
1.16,4.942179686838541,1.828555468193066
1.17,4.952915724823507,1.8340678258032663
1.18,4.961993748722447,1.840414282190728
1.19,4.969353459317166,1.8475859943218227
1.2,4.974938664681542,1.8555720272571086
1.21,4.978697606303335,1.864359182242327
1.22,4.980583395285313,1.8739317828391697
1.23,4.980554454838132,1.8842714412778534
1.24,4.978574997387775,1.8953568024120369
1.25,4.974615595999662,1.9071632700177907
1.26,4.968653776218348,1.919662690711219
1.27,4.960674640690864,1.9328230415469414
1.28,4.950671457355802,1.946608151580821
1.29,4.9386464709203155,1.9609773050022696
1.3,4.924611544453642,1.975884964720348
1.31,4.908588849522669,1.9912804868987155
1.32,4.89061171491631,2.0071077578980674
1.33,4.8707252094701445,2.0233050327659075
1.34,4.848986736458552,2.039804794506015
1.35,4.82546679854045,2.0565335232200312
1.36,4.800249397767956,2.0734117465993496
1.37,4.773432402269424,2.090354138857083
1.3800000000000001,4.74512781326594,2.107269707036822
1.3900000000000001,4.715461807209781,2.1240621602544576
1.4000000000000001,4.684574593621553,2.1406304198376214
1.41,4.652620024219796,2.156869301691425
1.42,4.619764969932201,2.1726703647151355
1.43,4.586188420720442,2.1879229370028703
1.44,4.552080303848884,2.202515307060183
1.45,4.5176400555503875,2.2163360604426314
1.46,4.483074859221696,2.229275557599618
1.47,4.448597727449146,2.24122749055307
1.48,4.4144253252005266,2.2520905066637784
1.49,4.380775649715931,2.2617698383766114
1.5,4.347865570559685,2.270178911428907
1.51,4.31590836690314,2.277240837698823
1.52,4.285111215410152,2.2828897994072137
1.53,4.255672819204844,2.287072221079405
1.54,4.227781118981678,2.2897477268993502
1.55,4.201611257006151,2.2908898377170708
1.56,4.1773237557575955,2.290486363982826
1.57,4.155062994235231,2.2885395457274145
1.58,4.1349560253275,2.285065834700649
1.59,4.117111660994314,2.280095498265477
1.6,4.101619974956576,2.2736718445050172
1.61,4.0885520729590485,2.26585031084033
1.62,4.0779601817306945,2.2566973400846497
1.6300000000000001,4.069878022274489,2.2462891026635745
1.6400000000000001,4.06432141434008,2.234710140277127
1.6500000000000001,4.061289087813425,2.222051941407732
1.6600000000000001,4.060763657451341,2.208411507393622
1.67,4.062712709625034,2.1938899518801134
1.68,4.067090006398935,2.1785911253430275
1.69,4.073836723943704,2.162620334539482
1.7,4.082882631107584,2.146083248007855
1.71,4.094147406094988,2.129084759348578
1.72,4.1075417947244555,2.1117281090928457
1.73,4.12296881017744,2.0941140508041327
1.74,4.140324810176509,2.076340205294491
1.75,4.159500544235764,2.0585004904189277
1.76,4.18038209087776,2.0406847081925856
1.77,4.202851748378936,2.0229782094074977
1.78,4.226788809407232,2.0054616855376475
1.79,4.252070300763972,1.9882110118855152
1.8,4.278571602659427,1.9712972036354506
1.81,4.3061670345579905,1.9547864123925016
1.82,4.334730344920658,1.9387399936585015
1.83,4.364135153647489,1.9232146121659155
1.84,4.394255319307739,1.908262387707246
1.85,4.42496529053914,1.8939310725967131
1.86,4.456140363988208,1.8802642389872684
1.87,4.487656929808426,1.867301505813013
1.8800000000000001,4.519392667063235,1.855078747078286
1.8900000000000001,4.55122670792511,1.843628328721581
1.9000000000000001,4.583039774479731,1.8329793359484272
1.9100000000000001,4.614714287006437,1.8231577935298988
1.92,4.6461344477064,1.814186901814541
1.93,4.677186315165121,1.8060872325722734
1.94,4.707757853518494,1.798876950873146
1.95,4.737738980016859,1.7925719924293997
1.96,4.767021594392993,1.7871862534942826
1.97,4.795499610162008,1.7827317494904291
1.98,4.823068981279441,1.7792187642892137
1.99,4.849627729168791,1.7766559829574424
2.0,4.875075976126839,1.7750506002728752
2.0100000000000002,4.899315983600496,1.7744084174815797
2.02,4.922252203577769,1.774733910028788
2.0300000000000002,4.943791345120299,1.7760302783759867
2.04,4.963842456616086,1.77829947247673
2.05,4.982317034125848,1.7815421911826
2.06,4.999129153566563,1.7857578554275337
2.07,5.0141956350320855,1.7909445521133753
2.08,5.02743624495869,1.7970989469309153
2.09,5.038773936556206,1.8042161659007105
2.1,5.048135133023233,1.8122896437206022
2.11,5.055450071417412,1.8213109324967136
2.12,5.060653186482372,1.8312694785514645
2.13,5.063683576197813,1.8421523533107134
2.14,5.064485505810143,1.8539439526518182
2.15,5.063009011198774,1.866625647473341
2.16,5.0592105412406,1.8801754025107982
2.17,5.05305370650488,1.894567351406586
2.18,5.044510071795048,1.9097713387701498
2.19,5.03356004559938,1.925752433622229
2.2,5.02019381886445,1.942470411771146
2.21,5.004412374504014,1.9598792350529317
2.22,4.9862285352464815,1.9779265188780615
2.23,4.965668060790119,1.9965530036826302
2.24,4.94277072331495,2.015692086873887
2.25,4.917591423152767,2.035269354363245
2.2600000000000002,4.890201181432955,2.0552022563228824
2.27,4.86068813320733,2.075399814417766
2.2800000000000002,4.829158327703203,2.0957625225730445
2.29,4.795736378765318,2.116182388687419
2.3000000000000003,4.760565933967864,2.136543152861727
2.31,4.7238097579445615,2.1567208055326086
2.32,4.685649667563093,2.1765842492178695
2.33,4.6462858908102,2.19599636528628
2.34,4.605936221966285,2.214815242414428
2.35,4.564834593848608,2.2328957882976423
2.36,4.523229290841975,2.2500915453476833
2.37,4.481380696971855,2.2662568059845145
2.38,4.439558635434637,2.281248857452351
2.39,4.3980393331785725,2.2949304653944016
2.4,4.357102121094343,2.307172295059409
2.41,4.317025882509439,2.3178554341313506
2.42,4.278085375562233,2.3268737572249
2.43,4.240547630057764,2.334136055050955
2.44,4.2046684420906795,2.3395678668375166
2.45,4.170688929371132,2.3431131239787177
2.46,4.138832631948936,2.3447351333203184
2.47,4.109302875742042,2.3444172451804484
2.48,4.082280650836754,2.3421630059503933
2.49,4.057923021507309,2.337995813003445
2.5,4.036362031009808,2.3319581522619215
2.5100000000000002,4.017704164047902,2.3241104057659197
2.52,4.002030304769996,2.31452933296167
2.5300000000000002,3.989396138863059,2.3033062830867403
2.54,3.979833002258069,2.2905451502655354
2.5500000000000003,3.9733490016791597,2.2763603375188213
2.56,3.9699304467115084,2.2608745622958377
2.57,3.9695434978291635,2.244216706683254
2.58,3.972135857358839,2.2265198323558457
2.59,3.9776386464462323,2.2079192008214745
2.6,3.985968219197617,2.188550548175919
2.61,3.997027957019555,2.1685485259692197
2.62,4.010710055956264,2.14804531458815
2.63,4.026897146178316,2.127169492995678
2.64,4.045463861797312,2.1060450712506795
2.65,4.066278270441064,2.084790745280479
2.66,4.089203159430868,2.063519319298906
2.67,4.114097221755731,2.0423373015930895
2.68,4.140816091524874,2.0213446496182708
2.69,4.1692132712275445,2.000634626584825
2.7,4.199140931731575,1.9802938268962123
2.71,4.230450618599819,1.9604021847536004
2.72,4.262993840537322,1.9410331877523217
2.73,4.296622596065413,1.9222540427439536
2.74,4.331189789994717,1.904125964575408
2.75,4.366549594857157,1.8867044532193258
2.7600000000000002,4.4025577475359645,1.8700396145289102
2.77,4.43907177588347,1.8541765033427091
2.7800000000000002,4.475951199470921,1.839155447495508
2.79,4.51305765312363,1.8250124136105144
2.8000000000000003,4.55025501375894,1.8117793247036216
2.81,4.587409450594525,1.7994844160830263
2.82,4.624389489784836,1.788152538908829
2.83,4.66106601847395,1.7778054857763672
2.84,4.697312298761835,1.7684622749760661
2.85,4.733003945672876,1.7601394352298019
2.86,4.768018903815843,1.7528512626511712
2.87,4.802237417933601,1.746610060542155
2.88,4.83554197126612,1.741426367755534
2.89,4.867817256625378,1.7373091534882474
2.9,4.898950147762889,1.7342659893443169
2.91,4.9288296235534945,1.7323032179672726
2.92,4.95734678608729,1.731426070615815
2.93,4.984394788614965,1.7316387884657007
2.94,5.009868884369809,1.7329446881324102
2.95,5.033666403756768,1.735346226327787
2.96,5.055686818548066,1.7388450153438602
2.97,5.07583181618906,1.7434418143668322
2.98,5.094005377760757,1.7491364961242666
2.99,5.110113987910537,1.7559279448256222
3.0,5.124066753289377,1.7638139680400988
3.0100000000000002,5.1357757440189475,1.772791097847483
3.02,5.145156231653337,1.7828544160839441
3.0300000000000002,5.152127134064075,1.7939972705608904
3.04,5.156611465041523,1.8062109710285708
3.0500000000000003,5.158536858901646,1.8194844342510754
3.06,5.15783630515052,1.8338037187746181
3.0700000000000003,5.154448785022819,1.8491515847073559
3.08,5.148320269598168,1.8655068870911284
3.09,5.139404587369941,1.882843997763262
3.1,5.1276645998212125,1.901132108481748
3.11,5.113073413119224,1.9203344873308035
3.12,5.095615689397447,1.9404076949440086
3.13,5.07528910671898,1.9613007954740127
3.14,5.052106000820446,1.9829544116515474
3.15,5.026094891976153,2.0052999469480843
3.16,4.997302066947662,2.0282588203495266
3.17,4.965793358521532,2.051741629059973
3.18,4.93165582272418,2.075647450759003
3.19,4.8949991704950255,2.0998633946073113
3.2,4.855957069063144,2.124264327221829
3.21,4.8146882968795,2.148712765763422
3.22,4.771377469117486,2.1730591551667557
3.23,4.726235351166772,2.1971425098625628
3.24,4.679498619366068,2.220791505527985
3.25,4.63142910464224,2.2438259524529296
3.2600000000000002,4.582312282712314,2.2660588179658534
3.27,4.532455154318929,2.287298674329609
3.2800000000000002,4.482183319905486,2.307352644169575
3.29,4.431837396919955,2.3260297223672364
3.3000000000000003,4.381768908957983,2.343144255095479
3.31,4.3323354336579,2.358519866876054
3.3200000000000003,4.283895480117424,2.3719932423511936
3.33,4.23680312066117,2.3834178139054263
3.34,4.191402585219835,2.3926671864725844
3.35,4.148022965360279,2.3996381407797673
3.36,4.1069732613032155,2.404253056888286
3.37,4.068538044575927,2.4064615904899047
3.38,4.032973685788246,2.406241664102112
3.39,4.000505385235403,2.403599634945779
3.4,3.971325102586723,2.3985696579700955
3.41,3.9455902856012686,2.391212371336759
3.42,3.923423454278862,2.3816129106883737
3.43,3.904912588169394,2.3698784036125224
3.44,3.8901121499279103,2.3561351204210554
3.45,3.879044724172398,2.3405253109628203
3.46,3.871703108151326,2.3232039497644257
3.47,3.868052676935647,2.304335537613111
3.48,3.868034028840475,2.2840909382251966
3.49,3.8715657151975624,2.262644450962545
3.5,3.8785469375020556,2.240171180793987
3.5100000000000002,3.8888602411276603,2.21684466106535
3.52,3.9023740696718825,2.1928348333946746
3.5300000000000002,3.9189451322153084,2.1683063751672584
3.54,3.938420605168585,2.143417335321957
3.5500000000000003,3.9606401248550287,2.1183180941282074
3.56,3.9854375547033656,2.0931506072545383
3.5700000000000003,4.0126425561557495,2.0680478966082347
3.58,4.042081957166224,2.0431337982627467
3.59,4.073580915649268,2.018522836957321
3.6,4.1069639379506855,1.9943203148833737
3.61,4.1420557112307845,1.9706225213332509
3.62,4.178681826744014,1.9475169931851706
3.63,4.216669332592512,1.9250829410583599
3.64,4.255847232385774,1.9033916318670665
3.65,4.296046837069025,1.8825068945482202
3.66,4.337102061821624,1.8624855983286637
3.67,4.378849651184582,1.8433781530123805
3.68,4.4211293191485534,1.8252290317987292
3.69,4.463783872301915,1.8080772494493254
3.7,4.506659250024521,1.7919568688681444
3.71,4.54960455505053,1.7768974600819907
3.72,4.592472037263105,1.7629245557280688
3.73,4.635117050590751,1.7500600801118167
3.74,4.677397998750317,1.7383227501567604
3.75,4.719176225264583,1.7277284685861507
3.7600000000000002,4.7603159570979425,1.7182906607117372
3.77,4.800684157101397,1.7100206175603752
3.7800000000000002,4.84015043329431,1.7029277946598191
3.79,4.878586890110135,1.6970200933824675
3.8000000000000003,4.915868023754046,1.6923041116397177
3.81,4.95187057621401,1.6887853716784904
3.8200000000000003,4.986473429566506,1.6864685202401932
3.83,5.019557474990119,1.6853575033114676
3.84,5.051005523606995,1.6854557097383325
3.85,5.080702204489179,1.6867660909493631
3.86,5.108533908172303,1.6892912439520302
3.87,5.134388733085038,1.6930334692252196
3.88,5.158156489322244,1.697994783052806
3.89,5.179728704890833,1.7041769069804749
3.9,5.198998678552137,1.7115812136002662
3.91,5.215861689607001,1.7202085876992497
3.92,5.23021505672218,1.730059325022076
3.93,5.241958527216913,1.7411328614227182
3.94,5.25099451636649,1.7534275521527125
3.95,5.257228585698067,1.7669403126986474
3.96,5.260570048121386,1.781666177795023
3.97,5.260932485299872,1.7975978860862472
3.98,5.258234778394536,1.8147251867119343
3.99,5.252401836133064,1.8330342804887914
4.0,5.2433658943256605,1.8525069640768508
4.01,5.231067763107805,1.8731197765673475
4.0200000000000005,5.215458234327825,1.8948430616676648
4.03,5.19649997384355,1.917639803675468
4.04,5.17416916519962,1.9414645258506709
4.05,5.148457754376605,1.9662620230252414
4.0600000000000005,5.119375643560811,1.9919659904374185
4.07,5.086953057991454,2.0184977152568804
4.08,5.051243064608583,2.0457648199284715
4.09,5.012324076327649,2.073659935478206
4.1,4.970302402695672,2.1020595154354105
4.11,4.925314540182456,2.1308230464962477
4.12,4.877529387780768,2.15979234539989
4.13,4.82714982500036,2.188791447628904
4.14,4.774414020418136,2.2176268443399794
4.15,4.719595888708767,2.246088424069034
4.16,4.663004745249318,2.2739510876216014
4.17,4.604984004940004,2.300977111489746
4.18,4.5459087984931035,2.3269193097103105
4.19,4.486182282091573,2.351525088818266
4.2,4.426231101360026,2.374541000359508
4.21,4.366499539048655,2.395718066608617
4.22,4.307442798345316,2.4148174530169926
4.23,4.2495195438046895,2.4316163317137125
4.24,4.193183982380613,2.4459136463004754
4.25,4.1388778179982015,2.4575355149222924
4.26,4.08702239834951,2.466339945709499
4.2700000000000005,4.038011407960785,2.472220644327707
4.28,3.992204385188492,2.4751097477611887
4.29,3.9499215082091297,2.474979090403791
4.3,3.911439417430675,2.4718405100809684
4.3100000000000005,3.876988599979817,2.46574460903219
4.32,3.8467520862736153,2.4567784799204464
4.33,3.8208654730391807,2.445062416278276
4.34,3.799418118586892,2.430745865819068
4.3500000000000005,3.782455335987336,2.414002851667947
4.36,3.7699814320966354,2.395027073199804
4.37,3.761963153595921,2.37402705757351
4.38,3.758333626616455,2.3512213518461045
4.39,3.7589964303899754,2.326834044802354
4.4,3.7638296675289427,2.3010907124025834
4.41,3.7726899051644924,2.2742148639981226
4.42,3.7854159153915505,2.2464249159705205
4.43,3.801832106676351,2.2179317220409267
4.44,3.8217516299098464,2.1889366387550324
4.45,3.8449791419957733,2.1596300737528713
4.46,3.8713132248481648,2.1301904820999913
4.47,3.900548468825453,2.1007837620779486
4.48,3.9324772386740103,2.0715629834226723
4.49,3.9668911595072482,2.042668380125151
4.5,4.003582343017316,2.0142275808853043
4.51,4.0423443841561655,1.986356011398987
4.5200000000000005,4.082973163139059,1.959157422834466
4.53,4.125267481001195,1.9327245103300976
4.54,4.169029541378996,1.9071396055642695
4.55,4.214065313617437,1.882475398147018
4.5600000000000005,4.260184791455684,1.8587956738370013
4.57,4.307202163386532,1.8361560553451652
4.58,4.354935927289233,1.814604706319732
4.59,4.403208906988794,1.7941830676760655
4.6000000000000005,4.451848257780737,1.7749265075264145
4.61,4.500685403411542,1.7568649753577041
4.62,4.549555951733094,1.740023606089639
4.63,4.598299578726564,1.7244232884488018
4.64,4.646759886429544,1.7100811996591438
4.65,4.694784242069779,1.6970113027366114
4.66,4.742223600944925,1.6852248079241288
4.67,4.788932314664065,1.674730600291223
4.68,4.834767929536602,1.6655356338101936
4.69,4.8795909794451475,1.6576452917824256
4.7,4.923264773286475,1.6510637163069737
4.71,4.965655168453377,1.6457941152900435
4.72,5.006630364696864,1.641839028642431
4.73,5.046060682975112,1.6392005719798706
4.74,5.083818356929593,1.6378806527647034
4.75,5.119777335752202,1.6378811555459676
4.76,5.153813099989125,1.6392040905177436
4.7700000000000005,5.185802486530466,1.6418517296399857
4.78,5.215623555216899,1.6458266834308606
4.79,5.243155464909741,1.6511319648974656
4.8,5.268278393440657,1.6577710076059742
4.8100000000000005,5.290873520026054,1.6657476229585009
4.82,5.310823015159932,1.6750659506502097
4.83,5.328010160052925,1.6857303016804115
4.84,5.342319481808828,1.6977449879841955
4.8500000000000005,5.353637009059296,1.711114062118138
4.86,5.361850663644489,1.7258409577307054
4.87,5.36685068630335,1.7419281046842925
4.88,5.368530328110773,1.7593763644274367
4.89,5.366786631594643,1.778184402669757
4.9,5.361521411727102,1.798347935774756
4.91,5.352642447611762,1.8198588377480516
4.92,5.340064949060782,1.8427040801630332
4.93,5.323713262705315,1.866864522386238
4.94,5.303522850728946,1.8923135532500108
4.95,5.279442596350334,1.9190155411210281
4.96,5.251437395880903,1.9469241391983103
4.97,5.2194910853266805,1.9759804257909324
4.98,5.183609641729365,2.0061109323204116
4.99,5.143824632216495,2.0372256146443632
5.0,5.100196934169107,2.069215728806531
5.01,5.052820397166403,2.10195192948711
5.0200000000000005,5.0018256466183315,2.1352824040379716
5.03,4.947383767516677,2.1690312778505363
5.04,4.889709340214413,2.202997716415872
5.05,4.829062992851807,2.236955563253234
5.0600000000000005,4.765753419173972,2.2706535362756193
5.07,4.700137738444737,2.3038168844441484
5.08,4.63262084756495,2.3361498629010824
5.09,4.563653062198031,2.367339575227423
5.1000000000000005,4.493725975595993,2.397061142273749
5.11,4.423366491287548,2.4249840816451385
5.12,4.353129110136578,2.4507797854218203
5.13,4.283586564252414,2.474129859679627
5.14,4.215319151429949,2.494734925204755
5.15,4.148903286084084,2.5123233727508056
5.16,4.084899667684376,2.526659705585226
5.17,4.023841653222643,2.5375519324232716
5.18,3.9662248075996516,2.5448572384903927
5.19,3.912497336391233,2.5484863124894104
5.2,3.8630527550700995,2.5484052310485183
5.21,3.8182244192552917,2.5446354713244257
5.22,3.7782823428236836,2.537251811675393
5.23,3.7434321717795966,2.526378457194381
5.24,3.7138161616694685,2.5121836887040345
5.25,3.689515877955112,2.494873434759439
5.26,3.670556270534998,2.4746841921484486
5.2700000000000005,3.6569107497553497,2.4518756986202317
5.28,3.648506879134774,2.4267237369223893
5.29,3.6452324488403938,2.3995132756838897
5.3,3.6469414100285973,2.370532391461248
5.3100000000000005,3.6534596841547184,2.340066891786642
5.32,3.664590603515765,2.3083957631628413
5.33,3.6801198944634828,2.2757874944391014
5.34,3.699820012546475,2.2424973321627917
5.3500000000000005,3.723453993059679,2.208765226060209
5.36,3.750778714402452,2.174814509491611
5.37,3.7815476462132223,2.140851159798593
5.38,3.8155131173995764,2.1070635557425654
5.39,3.8524281632101296,2.073622636062725
5.4,3.892047992008807,2.0406823713336912
5.41,3.934131123700238,2.0083804613379903
5.42,3.978440291226472,1.9768392109086006
5.43,4.024743074529437,1.9461665021623136
5.44,4.072812374901025,1.9164568344347175
5.45,4.122426720704293,1.8877924028503061
5.46,4.173370469053136,1.8602441425251575
5.47,4.22543387779394,1.8338727997553004
5.48,4.278413131220787,1.8087299102523164
5.49,4.332110272971948,1.7848587797731381
5.5,4.38633310628963,1.7622953761924542
5.51,4.440895044256488,1.7410691821842992
5.5200000000000005,4.495614926413192,1.721203988703544
5.53,4.5503168159786584,1.702718623269033
5.54,4.604829764360215,1.685627634549889
5.55,4.658987574362398,1.6699419079031181
5.5600000000000005,4.71262852364365,1.6556692549487533
5.57,4.765595103039745,1.6428149318048466
5.58,4.817733721590034,1.63138213108757
5.59,4.868894422151638,1.6213724259190723
5.6000000000000005,4.918930576922156,1.6127861747306034
5.61,4.967698588535791,1.605622899401061
5.62,5.015057578211538,1.599881617550662
5.63,5.0608690834635714,1.5955611585403935
5.64,5.104996746436143,1.592660434391218
5.65,5.1473060160782955,1.5911786947415898
5.66,5.187663852914454,1.5911157436695693
5.67,5.2259384377836655,1.5924721310130032
5.68,5.2619988897577565,1.5952493093303857
5.69,5.295715058455529,1.599449769468438
5.7,5.326957231859955,1.605077136375673
5.71,5.355596008729735,1.6121362114458726
5.72,5.381502089772876,1.6206330079544917
5.73,5.404546190510344,1.630574708302578
5.74,5.424599045732974,1.641969559821193
5.75,5.441531326940901,1.6548267818181535
5.76,5.455213945844225,1.669156247403233
5.7700000000000005,5.465518087791962,1.6849682949256681
5.78,5.472315714042249,1.7022732458780223
5.79,5.475480133625296,1.7210808634807164
5.8,5.474886643079139,1.7413997510362436
5.8100000000000005,5.470413414077751,1.7632365842232827
5.82,5.461942830895266,1.7865950514540567
5.83,5.44936286827027,1.8114747553635349
5.84,5.432569027277012,1.8378697720479182
5.8500000000000005,5.411466407423412,1.8657671061580121
5.86,5.385972491745335,1.8951447265377732
5.87,5.356020047951462,1.9259695192473931
5.88,5.321560840581536,1.9581948089611154
5.89,5.282569501784737,1.9917577730108122
5.9,5.239048151407335,2.026576530101514
5.91,5.191031201484935,2.0625471525792314
5.92,5.138590686492399,2.0995405601904955
5.93,5.08184169188561,2.137399468826663
5.94,5.0209476521444145,2.1759358375067923
5.95,4.956125687897696,2.2149283400346835
5.96,4.887651137799711,2.2541209080744813
5.97,4.815861217111813,2.2932221904254355
5.98,4.741157198120988,2.331906361617567
5.99,4.664004843126079,2.3698155504465737
6.0,4.584932629514949,2.406564095127521
6.01,4.504527285266839,2.4417449040236567
6.0200000000000005,4.423426569681217,2.4749378150598917
6.03,4.342309357817696,2.5057197718873674
6.04,4.261882954643809,2.5336766562694257
6.05,4.182868325688962,2.558415970451566
6.0600000000000005,4.105983895714702,2.5795797786759516
6.07,4.031928710411166,2.5968570437739373
6.08,3.9613657548613928,2.609994775978319
6.09,3.89490682879122,2.6188066423078395
6.1000000000000005,3.833099437923503,2.623179020772681
6.11,3.7764166031664304,2.6230737459160114
6.12,3.7252499380603763,2.618527626257786
6.13,3.6799061406432183,2.6096488475851554
6.140000000000001,3.640606767034702,2.59661066390819
6.15,3.6074909270767708,2.5796430468219196
6.16,3.5806203705749935,2.559022876516767
6.17,3.559986362559742,2.5350634303047186
6.18,3.545517725434678,2.508103807182265
6.19,3.5370894231887213,2.478498853172199
6.2,3.534531269173151,2.446609937593914
6.21,3.537636320948356,2.4127969004484338
6.22,3.546168669771725,2.377411326022068
6.23,3.5598704579430636,2.3407911666961643
6.24,3.5784680279922076,2.3032566694448793
6.25,3.6016771918001553,2.2651074903424098
6.26,3.6292076384494227,2.2266208730887684
6.2700000000000005,3.660766538701804,2.188050725262643
6.28,3.696061429418944,2.1496274143126426
6.29,3.734802495717334,2.1115581285426135
6.3,3.776704305104426,2.074027686607986
6.3100000000000005,3.821487098765433,2.0371996577156968
6.32,3.86887772184335,2.0012176839283917
6.33,3.9186102659102833,1.9662069184305546
6.34,3.970426469847434,1.9322755340304834
6.3500000000000005,4.024075935101259,1.899516238262215
6.36,4.07931620200956,1.8680077536400068
6.37,4.135912717550728,1.8378162414128434
6.38,4.193638718158613,1.8089966541752462
6.390000000000001,4.252275050695197,1.7815940038786982
6.4,4.31160992123323,1.7556445534197545
6.41,4.371438668916374,1.7311768850619154
6.42,4.431563445627013,1.7082129178963676
6.43,4.491792917086347,1.6867688187709404
6.44,4.551941934474361,1.6668558440614933
6.45,4.6118311914806815,1.6484810980771352
6.46,4.6712868802839695,1.6316482364608489
6.47,4.730140329417106,1.6163580947077465
6.48,4.788227641722365,1.6026092671736143
6.49,4.84538932280478,1.5903986371494647
6.5,4.901469903965881,1.5797218532739163
6.51,4.956317561416634,1.5705737727191267
6.5200000000000005,5.009783728871559,1.5629488470452535
6.53,5.061722714876087,1.556841516476923
6.54,5.111991306654868,1.552246514337321
6.55,5.160448382967766,1.54915919496563
6.5600000000000005,5.206954520050401,1.5475757890285164
6.57,5.2513716132550545,1.5474936696240615
6.58,5.293562487964344,1.5489115585583142
6.59,5.333390540105386,1.5518297300142128
6.6000000000000005,5.370719366942778,1.55625016823534
6.61,5.4054124478189385,1.5621767034368688
6.62,5.437332811522413,1.5696151127176166
6.63,5.466342786246834,1.5785731732689792
6.640000000000001,5.492303732133672,1.5890606919845378
6.65,5.515075905989055,1.6010894500745882
6.66,5.534518305950585,1.6146731324233148
6.67,5.5504887055469485,1.6298271286863775
6.68,5.56284367971907,1.6465683180109068
6.69,5.571438905017203,1.6649146657109013
6.7,5.576129458427679,1.6848848025922463
6.71,5.576770507391114,1.7064973372504244
6.72,5.57321801973867,1.729770140261474
6.73,5.565330011274366,1.7547192653567936
6.74,5.55296781613561,1.7813578428763024
6.75,5.535998176032478,1.8096944335707825
6.76,5.514295395364872,1.8397313348216497
6.7700000000000005,5.4877441364284625,1.8714624682599537
6.78,5.456242973863521,1.9048707903761852
6.79,5.41970835842741,1.9399254587078982
6.8,5.378079403391809,1.9765785131455003
6.8100000000000005,5.331323340653087,2.014761202040409
6.82,5.279441645614538,2.054379953566647
6.83,5.222476845030499,2.095312111101105
6.84,5.160519729441844,2.1374015777509685
6.8500000000000005,5.093717044568596,2.180454416615448
6.86,5.02227881194515,2.224235160657919
6.87,4.9464855027849195,2.2684635515622826
6.88,4.866694212806684,2.3128124830808243
6.890000000000001,4.783343097721768,2.356907768770109
6.9,4.696953636377355,2.4003298925310075
6.91,4.608129952754989,2.4426183944581608
6.92,4.517554589134312,2.4832791568442967
6.93,4.425980287870805,2.5217947720181773
6.94,4.334217609561348,2.5576378828753437
6.95,4.243118596117455,2.5902870045411266
6.96,4.153557083955509,2.619244092077783
6.97,4.06640653300301,2.6440528383048267
6.98,3.982516950684584,2.6643161456803917
6.99,3.902691899597679,2.6797120160916905
7.0,3.8276677037627875,2.6900058765415795
7.01,3.7580957831475006,2.6950589424142692
7.0200000000000005,3.694529347094409,2.6948317380562266
7.03,3.637414977945952,2.6893827881333467
7.04,3.5870892291053855,2.6788627911262246
7.05,3.543779916669628,2.663504964474838
7.0600000000000005,3.5076114630825335,2.6436126338577233
7.07,3.4786133009519453,2.6195451084480377
7.08,3.456730454969616,2.591702920561109
7.09,3.4418353036163127,2.5605133749569524
7.1000000000000005,3.4337396836190313,2.526417171753975
7.11,3.432206661295712,2.489856618195745
7.12,3.436961482700149,2.4512657259052673
7.13,3.4477013929966027,2.411062298790762
7.140000000000001,3.4641041613036796,2.3696419640945825
7.15,3.4858352811048907,2.327373981644088
7.16,3.5125538869149118,2.284598643428319
7.17,3.543917492416543,2.24162597484409
7.18,3.5795856710697556,2.1987355067148755
7.19,3.6192228865747937,2.1561768442465388
7.2,3.6625005568864397,2.11417085213849
7.21,3.7090985023905043,2.072911281286417
7.22,3.7587059205723423,2.032566641009437
7.23,3.811021996269776,1.9932821981862048
7.24,3.865756199956429,1.9551820591842153
7.25,3.9226283691591664,1.9183712243623243
7.26,3.9813686334586693,1.8829375679969822
7.2700000000000005,4.041717227167538,1.8489537154628068
7.28,4.103424206327615,1.816478811199189
7.29,4.166249118388178,1.7855601470082294
7.3,4.229960607164585,1.7562346675470502
7.3100000000000005,4.294336047291803,1.7285303221952941
7.32,4.3591611035735935,1.702467311952343
7.33,4.4242293177379155,1.678059209084003
7.34,4.489341674041715,1.6553139714525391
7.3500000000000005,4.554306164707133,1.6342348473642332
7.36,4.618937356132311,1.6148212080167827
7.37,4.683055948159666,1.5970692816536733
7.38,4.746488336077852,1.5809728243059806
7.390000000000001,4.809066167464963,1.5665237315967344
7.4,4.870625897693475,1.553712580815184
7.41,4.931008342040876,1.5425291363924056
7.42,4.9900582251304835,1.5329627966881707
7.43,5.047623726218832,1.5250030278714681
7.44,5.103556020980756,1.5186397284499595
7.45,5.157708819060385,1.5138635852180184
7.46,5.209937903540214,1.5106663910154725
7.47,5.260100666284111,1.5090413403140617
7.48,5.308055643444579,1.5089832958446547
7.49,5.353662052315844,1.5104890348252928
7.5,5.396779337666736,1.5135574657138107
7.51,5.437266720059484,1.5181898262148357
7.5200000000000005,5.474982764190391,1.524389845334711
7.53,5.5097849579658,1.5321638861280826
7.54,5.541529327974401,1.541521043752213
7.55,5.570070081127984,1.5524732130285042
7.5600000000000005,5.595259301593072,1.5650351015273274
7.57,5.616946680230417,1.5792242107970507
7.58,5.6349793979636384,1.5950606886944299
7.59,5.649201997975101,1.6125671875763425
7.6000000000000005,5.659456504921692,1.6317685323418767
7.61,5.665582615436914,1.65269132983864
7.62,5.6674181103644345,1.6753634138434916
7.63,5.6647996033744645,1.6998130440819277
7.640000000000001,5.6575633664160145,1.7260680456001798
7.65,5.645546846010361,1.7541544667712623
7.66,5.628590374639035,1.7840950930983923
7.67,5.606539464755846,1.8159075685842418
7.68,5.57924768977656,1.8496021094570598
7.69,5.546580433240969,1.885178654483091
7.7,5.508419223161705,1.9226236249911195
7.71,5.464667095994821,1.9619060734173697
7.72,5.41525484179535,2.0029732570954546
7.73,5.360148253944474,2.0457457051055528
7.74,5.299356403323642,2.090111683799301
7.75,5.232940564397059,2.1359215790236505
7.76,5.161023992443611,2.182981891441298
7.7700000000000005,5.083802050537671,2.2310494383043418
7.78,5.001551736166758,2.2798266180416618
7.79,4.914640924470342,2.3289572963297442
7.8,4.82353551346341,2.3780250478251674
7.8100000000000005,4.72880411124844,2.426553798426356
7.82,4.631119072426533,2.4740118356298293
7.83,4.531252949552302,2.519819747969882
7.84,4.43006960804203,2.5633626352402237
7.8500000000000005,4.32850961799242,2.604006597078945
7.86,4.227570013626229,2.6411189992864577
7.87,4.128279168298386,2.674091503924795
7.88,4.031668047239841,2.7023644120774177
7.890000000000001,3.938739766672075,2.7254503827994574
7.9,3.8504396494344877,2.7429555580698706
7.91,3.767627783465156,2.754596424787203
7.92,3.69105642281408,2.7602106326912983
7.930000000000001,3.6213534102568024,2.759761220374871
7.94,3.5590125171883287,2.7533340352995688
7.95,3.5043906875711723,2.7411290063937943
7.96,3.4577116399857784,2.7234462829510835
7.97,3.4190746309871662,2.7006690159337867
7.98,3.388466942872754,2.6732442649569816
7.99,3.365778869275471,2.6416633990301848
8.0,3.350819632820365,2.6064435623568394
8.01,3.343333224786432,2.5681109587995166
8.02,3.3430133053610187,2.5271866269284198
8.03,3.349516626511226,2.4841749360934737
8.040000000000001,3.362474662416164,2.4395548329181267
8.05,3.38150339071027,2.393773667367574
8.06,3.406211198299906,2.347243256507272
8.07,3.436205167461777,2.300337861360653
8.08,3.4710958663258444,2.253393691926629
8.09,3.5105008972067147,2.206709580914987
8.1,3.55404742169966,2.1605485095558397
8.11,3.6013738607923327,2.1151397152766056
8.120000000000001,3.652130958391262,2.070681154319967
8.13,3.705982346606183,2.0273421587663214
8.14,3.762604748460177,1.9852661432472194
8.15,3.821687916321139,1.9445732683612509
8.16,3.8829343883333864,1.905362992118629
8.17,3.9460590909281654,1.8677164926393377
8.18,4.010788910534083,1.8316988715596703
8.19,4.076862165566932,1.7973612160617136
8.2,4.144028073064234,1.7647424522154476
8.21,4.212046203563618,1.7338710180877521
8.22,4.2806859306046245,1.7047663722211424
8.23,4.349725883612219,1.6774403394199269
8.24,4.418953410588656,1.6518983125096023
8.25,4.488164048198125,1.6281403274163038
8.26,4.557160999130205,1.60616202174463
8.27,4.625754616859265,1.5859554737883699
8.28,4.693761898994354,1.567509998784543
8.290000000000001,4.761005979652584,1.550812814009753
8.3,4.827315621200153,1.535849661378804
8.31,4.892524715226043,1.5226053660542926
8.32,4.956471777567711,1.5110643435559743
8.33,5.018999440308202,1.5012110588442333
8.34,5.079953941947625,1.4930304513973272
8.35,5.139184615228467,1.4865083193495907
8.36,5.1965433681848925,1.4816316794095667
8.370000000000001,5.251884163492289,1.478389092080645
8.38,5.305062493160395,1.476770968931194
8.39,5.355934851555155,1.4767698529038262
8.4,5.404358207837434,1.4783806759865146
8.41,5.450189473448304,1.4816010060674794
8.42,5.493284980941598,1.486431258749524
8.43,5.533499969442668,1.492874884993435
8.44,5.5706880666571985,1.5009385593010267
8.45,5.6047008251710055,1.5106322938348993
8.46,5.635387233477447,1.521969574722862
8.47,5.662593323524792,1.5349673998901245
8.48,5.686161779562852,1.549646311159965
8.49,5.705931636653579,1.5660303487878795
8.5,5.721738108045294,1.584146896315628
8.51,5.733412418809643,1.6040265165531038
8.52,5.740781980031647,1.625702524168962
8.53,5.743670522584981,1.649210582510673
8.540000000000001,5.7418986770376685,1.6745879699645627
8.55,5.735284828548577,1.7018726404454896
8.56,5.72364626056925,1.7311020764589036
8.57,5.706800781257907,1.7623117920066154
8.58,5.684569044657352,1.7955333442353987
8.59,5.656777433148452,1.8307919491554425
8.6,5.623261803183261,1.8681035274059872
8.61,5.583872106821891,1.9074711404956082
8.620000000000001,5.538478150851002,1.94888070332836
8.63,5.486976465529633,1.9922959625359773
8.64,5.429298439089891,2.0376527857718894
8.65,5.365419845074958,2.084852553314155
8.66,5.295371345377224,2.133755240656508
8.67,5.219250220486372,2.184171926046887
8.68,5.137232848330333,2.235857189374895
8.69,5.04958711958332,2.2885022735888394
8.700000000000001,4.956684245945368,2.3417293569416406
8.71,4.859009212565101,2.3950875628726616
8.72,4.75716791696137,2.448052480803807
8.73,4.651890365748041,2.500029304988096
8.74,4.544028220817027,2.550361062685967
8.75,4.434545644872258,2.5983423616233776
8.76,4.324502701016829,2.643238842404789
8.77,4.215031424689331,2.684311807512177
8.78,4.107305224164133,2.7208468414706135
8.790000000000001,4.002503351172841,2.7521844842755376
8.8,3.9017729182173433,2.7777504168264455
8.81,3.806191428200059,2.797082415729765
8.82,3.716732881230713,2.8098515395112966
8.83,3.634239990884306,2.815875648707841
8.84,3.55940461598633,2.8151240364194687
8.85,3.4927573597519137,2.8077131083883873
8.86,3.434665699417404,2.7938945816255423
8.870000000000001,3.385340768586653,2.7740366623105843
8.88,3.3448497811650104,2.748601922105522
8.89,3.3131332248187486,2.718122728021485
8.9,3.2900242459928046,2.683177095628029
8.91,3.2752687920822283,2.644366092423923
8.92,3.2685450080859533,2.6022941450384884
8.93,3.2694810043276967,2.557552725097662
8.94,3.277670401333822,2.510707670443398
8.950000000000001,3.2926853997506296,2.4622900042647093
8.96,3.314087419562217,2.412789870044143
8.97,3.34143544754242,2.3626531511011897
8.98,3.3742923759537424,2.3122802447260513
8.99,3.412229631489426,2.2620265052096307
9.0,3.4548304062552897,2.2122039022398545
9.01,3.501691776122788,2.1630835129533095
9.02,3.5524259623808625,2.114898527784139
9.03,3.6066609458482755,2.0678475345806833
9.040000000000001,3.664040611569192,2.022097881765559
9.05,3.724224560825589,1.9777889966534978
9.06,3.786887697205045,1.9350355620175688
9.07,3.8517196674417122,1.8939304954295282
9.08,3.918424215512186,1.8545476977131203
9.09,3.9867184910070104,1.8169445583431811
9.1,4.056332341224616,1.781164216186427
9.11,4.127007615486129,1.7472375747480682
9.120000000000001,4.198497460937017,1.7151851207173714
9.13,4.270565659280857,1.685018514503677
9.14,4.3429859779789135,1.6567420081834878
9.15,4.415541538032056,1.6303537013410878
9.16,4.488024212803506,1.6058466444485757
9.17,4.560234036130532,1.5832098211714556
9.18,4.631978627181657,1.5624290167197148
9.19,4.703072627593152,1.5434875925158889
9.200000000000001,4.773337144818667,1.5263671756545067
9.21,4.842599201991051,1.5110482783530557
9.22,4.910691189621616,1.4975108562347734
9.23,4.977450318249348,1.4857348125652041
9.24,5.04271806809125,1.4757004651757926
9.25,5.106339638841114,1.4673889543182639
9.26,5.168163390896637,1.4607826443590648
9.27,5.228040288156067,1.4558654703908231
9.28,5.285823328306036,1.4526232815300733
9.290000000000001,5.341366973919759,1.45104414100506
9.3,5.39452657324814,1.4511186246280507
9.31,5.445157782583337,1.4528400841255922
9.32,5.493115979378357,1.4562049061671418
9.33,5.5382556806942596,1.46121274047436
9.34,5.580429957819389,1.4678667208933764
9.35,5.619489864230055,1.4761736542237227
9.36,5.655283867413118,1.4861441955867754
9.370000000000001,5.687657309735726,1.4977929835463883
9.38,5.716451889182639,1.5111387504597784
9.39,5.74150519527326,1.5262043758063395
9.4,5.762650275586947,1.5430169072574333
9.41,5.779715342613481,1.5616074619714444
9.42,5.792523518144326,1.5820110904558518
9.43,5.8008927815988995,1.6042664828961863
9.44,5.804636063397205,1.6284155529853908
9.450000000000001,5.803561607648258,1.654502817902897
9.46,5.797473644179801,1.6825745443532902
9.47,5.786173404155785,1.7126776339507799
9.48,5.769460725527255,1.7448580896443036
9.49,5.747136105426323,1.7791591402466183
9.5,5.719003649780366,1.8156187462582722
9.51,5.6848747604933285,1.8542665677801347
9.52,5.6445729309351185,1.895120194949133
9.53,5.597939756983952,1.9381805447405194
9.540000000000001,5.544842243497436,1.9834264034349554
9.55,5.485181602212142,2.0308080905653525
9.56,5.41890386982586,2.080239887671224
9.57,5.346011539380248,2.131592195703663
9.58,5.266577106964488,2.184682550349948
9.59,5.180757510929229,2.239266554120144
9.6,5.0888090535597374,2.295029128883569
9.61,4.991101973733503,2.3515768425841763
9.620000000000001,4.888133465219839,2.408432345432731
9.63,4.7805376526631465,2.465032124120523
9.64,4.669090837910146,2.520728870947477
9.65,4.5547104342911515,2.574799584176645
9.66,4.43844570216778,2.6264605732447825
9.67,4.3214596365756375,2.674889446221884
9.68,4.205001548524359,2.7192538290056087
9.69,4.0903717716919274,2.758744940286941
9.700000000000001,3.978879327958892,2.792614626545956
9.71,3.8717971302075216,2.8202114218685015
9.72,3.7703172846200816,2.8410132037165607
9.73,3.6755110250262106,2.8546525197756263
9.74,3.5882963742813057,2.8609323998425182
9.75,3.5094160086429698,2.859831171406386
9.76,3.4394263353178705,2.8514964046265416
9.77,3.3786974870844344,2.8362292636632205
9.78,3.3274227708708066,2.8144615591388695
9.790000000000001,3.2856353608949163,2.7867282512043183
9.8,3.2532297118491225,2.7536382015739087
9.81,3.229985250082063,2.7158456153735555
9.82,3.215590267556383,2.6740240412717915
9.83,3.2096644162392076,2.628844186208763
9.84,3.2117788560206972,2.5809560073054296
9.85,3.2214734391338107,2.530975306598824
9.86,3.238270833814664,2.479474412846563
9.870000000000001,3.2616876750888575,2.4269765118899667
9.88,3.2912430634927445,2.3739529427748045
9.89,3.3264647811082924,2.320822838413913
9.9,3.366893627051635,2.267954504383247
9.91,3.4120862563537027,2.2156680091795207
9.92,3.4616168623361094,2.164238557982914
9.93,3.5150779966580266,2.1139002926830135
9.94,3.572080764001625,2.0648502716389308
9.950000000000001,3.632254579549825,2.0172524291076015
9.96,3.695246635944193,1.9712413901113126
9.97,3.7607211872743416,1.9269260548056777
9.98,3.82835872960073,1.8843929057838726
9.99,3.897855133128636,1.8437090167151944
