t,m,x,z,h
0.0,0.0,0.0,1e-08,0.0
0.01,6.667273965910476e-05,0.012617764349930451,2.0719175432503244e-05,3.060419850602675e-122
0.02,0.000335673599878359,0.017273274635485187,0.0002538264291587121,6.185312088224762e-96
0.03,0.0006192354793035948,0.01903885108555269,0.0008319614636181621,9.650370048743159e-84
0.04,0.0008153833391407111,0.019782197145135298,0.0016762624707341062,3.76404244543623e-76
0.05,0.0009345657217907585,0.020174452059751137,0.002667977773185743,5.082875141248374e-71
0.06,0.0010086579299244303,0.020449110969744153,0.003725922228584948,2.901108833761694e-67
0.07,0.0010605834735645582,0.020684814559932384,0.0048071936256419145,2.1247973113607455e-64
0.08,0.0011027285420906923,0.020907196865719013,0.005892110863214195,4.042105942713965e-62
0.09,0.0011409594973994588,0.021124339962524285,0.0069726426888625515,3.201934133893383e-60
0.1,0.0011778482381340882,0.02133873471898401,0.008046028937248047,1.3484172012595025e-58
0.11,0.0012144676265930959,0.021551169420573713,0.009111735412627034,3.383840124317693e-57
0.12,0.001251254012503222,0.02176195389046071,0.010170112674702636,6.181099824810446e-56
0.13,0.0012883877804841309,0.021971274250978723,0.01122184243285825,7.931943263781902e-55
0.14,0.001325946914362767,0.02217928988633097,0.012267724653858801,7.976033477357763e-54
0.15,0.0013639754039107294,0.022386161094836498,0.01330859292108211,6.712103383841534e-53
0.16,0.0014025048036331782,0.02259204766621006,0.014345284077711289,4.73912012336069e-52
0.17,0.0014415625559554607,0.02279710391599989,0.015378602207048961,2.7727073429514493e-51
0.18,0.0014811774926087296,0.023001491285925293,0.016409385129466894,1.509076507405992e-50
0.19,0.0015213796145535988,0.023205369300757353,0.017438460195335518,7.621525251834926e-50
0.2,0.0015621991482341118,0.023408889322687938,0.01846661331070229,3.274043510473036e-49
0.21,0.0016036705280620556,0.023612213657902153,0.019494689139310892,1.3330985760896136e-48
0.22,0.001645827993608749,0.023815493373015036,0.02052347688424913,4.999381550813525e-48
0.23,0.0016887094087746147,0.024018887160928225,0.021553807441153566,1.7803082297426964e-47
0.24,0.0017323545104441403,0.02422255220409247,0.022586506822055277,5.995329179046121e-47
0.25,0.001776805514415245,0.024426647093354306,0.023622411793450086,1.9791168536437044e-46
0.26,0.0018221068795502544,0.024631331905693592,0.024662369993709327,6.091172280417784e-46
0.27,0.0018683064635228407,0.02483676891681849,0.025707243837302825,1.7801308368653614e-45
0.28,0.0019154557158578291,0.025043123218788217,0.02675791272944545,4.9904313096015933e-45
0.29,0.0019636087274312935,0.025250563092785606,0.027815276985615686,1.3403365342692275e-44
0.3,0.002012822813115573,0.025459260148868443,0.02888026167526233,3.50676147134545e-44
0.31,0.0020631587074927916,0.025669390504266833,0.02995381944210809,8.945825401818041e-44
0.32,0.002114681797688348,0.02588113540156309,0.031036932245670844,2.2249649959875553e-43
0.33,0.002167461998878838,0.02609468151741171,0.03213061585857348,5.5011161215755314e-43
0.34,0.0022215734871502166,0.026310221600330606,0.033235924937573304,1.3044539652648317e-42
0.35000000000000003,0.0022770972462680034,0.026527954851202802,0.03435395520077736,3.07194948725501e-42
0.36,0.0023341195910831485,0.026748089314002244,0.035485853590762555,7.827854937356897e-42
0.37,0.0023927330087368443,0.026970841039810452,0.036632815546498686,1.82628048673633e-41
0.38,0.0024530370768239256,0.02719643394422402,0.037796088091634004,3.9059015647417673e-41
0.39,0.002515135822038239,0.027425103758487446,0.03897699258222336,8.318534481696478e-41
0.4,0.002579143390268654,0.027657097034478093,0.04017691400872344,1.7892910473331857e-40
0.41000000000000003,0.0026451823113012606,0.027892672456919846,0.041397311569306844,3.7561964636670615e-40
0.42,0.0027133868541154484,0.028132103479209615,0.04263973514267562,7.96196260122415e-40
0.43,0.0027839003818887448,0.028375676533711286,0.043905814897006144,1.6450198452766823e-39
0.44,0.002856879288935033,0.02862369581952966,0.04519729251356382,3.37818060894605e-39
0.45,0.0029324927651354837,0.028876483052767056,0.046516020195873975,6.912341623825726e-39
0.46,0.003010924353897629,0.02913438005159178,0.0478639748924113,1.4226106830053637e-38
0.47000000000000003,0.00309237303692596,0.02939774960698045,0.049243264619272316,2.90720925481716e-38
0.48,0.003177055975299308,0.029666978721245456,0.050656148657258884,5.901748849785298e-38
0.49,0.0032652105702105348,0.029942480344874824,0.05210505102594342,1.1923914474974134e-37
0.5,0.003357096606392785,0.030224696193971095,0.05359258012115685,2.41893638644262e-37
0.51,0.003452997817431814,0.03051409864544407,0.05512154090568588,4.897540283650328e-37
0.52,0.003553225378909842,0.030811194422615547,0.05669496061855147,9.818354967817128e-37
0.53,0.003658122610608615,0.031116528893839132,0.05831611827065752,1.9699021362934492e-36
0.54,0.0037680660494574885,0.03143069052765834,0.059988570123606956,3.9653120548430235e-36
0.55,0.003883471986436159,0.03175431413234252,0.061716177814783876,8.008794885057229e-36
0.56,0.004004801194683903,0.03208808575843674,0.06350314358668592,1.6229833684655406e-35
0.5700000000000001,0.004132564598356632,0.03243274832052369,0.06535405121166975,3.3014200432523284e-35
0.58,0.004267329743433331,0.03278910810107507,0.06727391241868559,6.745742999869893e-35
0.59,0.004409728757211248,0.03315804206701482,0.06926822022216542,1.387370849342896e-34
0.6,0.004560465904090478,0.033540504550343346,0.0713429987758822,2.855305366740627e-34
0.61,0.004720332253243628,0.033937538831866815,0.07350489250474514,5.931321393001057e-34
0.62,0.004890214972643846,0.03435028575317519,0.0757612317317889,1.2442912178188996e-33
0.63,0.005071111458570926,0.03477999576221629,0.07812012597178304,2.636602941377108e-33
0.64,0.005264147722603484,0.03522804206149455,0.08059056953079179,5.6462280426266595e-33
0.65,0.005470599294371071,0.035695935862772185,0.08318256582420784,1.2230388514478632e-32
0.66,0.0056919144121906125,0.036185342460717404,0.08590726429687034,2.6710204263260716e-32
0.67,0.005929744169382134,0.03669810449886207,0.08877715159083427,5.933776117543876e-32
0.68,0.006185973633452897,0.03723626405922932,0.09180623369048382,1.3397902225246544e-31
0.6900000000000001,0.006462767522837475,0.03780208778266229,0.09501027013704644,3.0775363386453586e-31
0.7000000000000001,0.006762619834407332,0.03839809819081686,0.09840705901981532,7.218182419763894e-31
0.71,0.007088411476321489,0.03902710855711876,0.10201675723810327,1.7256627076702506e-30
0.72,0.0074434852499895635,0.03969226471519239,0.10586227943213207,4.20665238882542e-30
0.73,0.007831741650575224,0.040397093944157844,0.10996978683216517,1.0519809292105528e-29
0.74,0.008257744870930462,0.041145560882596376,0.11436925264739407,2.7080058949113293e-29
0.75,0.008726858482912898,0.04194213036055381,0.1190951322177894,7.168690352103257e-29
0.76,0.009245425236603814,0.042791843353505284,0.12418722065641899,1.9585455910738064e-28
0.77,0.009820978543030347,0.04370041214561633,0.12969172813377863,5.55534884253913e-28
0.78,0.010462500892733461,0.044674322408347684,0.13566249421414928,1.6374155004241406e-27
0.79,0.011180781737118367,0.04572094903031418,0.14216254553661087,5.038741621960381e-27
0.8,0.011988840249655274,0.04684870279143168,0.14926608546765402,1.622378873826734e-26
0.81,0.012902470839417991,0.04806720368131223,0.15706092141044015,5.503934691899271e-26
0.8200000000000001,0.013940964580454513,0.04938747201612331,0.16565150607707668,1.9707369913981826e-25
0.8300000000000001,0.015128022946376888,0.050822155410857495,0.17516282375717562,7.5217687976518615e-25
0.84,0.01649294097418123,0.052385795650763615,0.18574529635345122,3.0380172041735737e-24
0.85,0.018072177953303944,0.05409513171826728,0.19758108443627567,1.3254896392614427e-23
0.86,0.019911397230802062,0.05596944761510142,0.21089218909302776,6.306039557271473e-23
0.87,0.02206815277402979,0.05803096126625919,0.2259508658221018,3.283038029650461e-22
0.88,0.024615476998810615,0.060305248566351305,0.24309320216346259,1.874309177806036e-21
0.89,0.027646609623786886,0.06282169651469652,0.2627368052626704,1.1879740248132688e-20
0.9,0.031281310680439045,0.06561397827080936,0.28540401703820834,8.526979107994753e-20
0.91,0.03567425191028623,0.06872047621359013,0.31175220975917645,7.011855809364278e-19
0.92,0.041026141131723474,0.07218463884538019,0.34261367769343276,6.595711200113882e-18
0.93,0.0475984169888795,0.07605517176013192,0.3790478773043328,7.210266238534606e-17
0.9400000000000001,0.05573249808539105,0.08038595765008133,0.4224097319903315,9.342104045817079e-16
0.9500000000000001,0.06587459176404435,0.0852355657412996,0.4744379880298573,1.4511105063531424e-14
0.96,0.07860714937388556,0.09066619184059475,0.5373684516496791,2.6910251373339614e-13
0.97,0.09468758709622871,0.09674187609943952,0.6140762592868628,5.895916393931903e-12
0.98,0.11509417917274434,0.10352591312930218,0.7082499233680788,1.5042497885344753e-10
0.99,0.14107758233559625,0.11107742826373354,0.8245959534516966,4.173063239942814e-09
1.0,0.1742143125381676,0.11944734495315468,0.9690657811543403,1.0931319515457614e-07
1.01,0.21645583690926185,0.12867408863246804,1.1490850533673056,2.2428279910063747e-06
1.02,0.2701585489925772,0.13877530635092786,1.3737476096429202,3.476255376118252e-05
1.03,0.3377282082558454,0.14954513741193723,1.653811215914729,0.0003779468756792688
1.04,0.4160311723690784,0.15902883913113003,1.9990632480224009,0.0017248128621505576
1.05,0.486703080849758,0.1646300924784712,2.4054049815145238,0.003442154879361468
1.06,0.5338597263304734,0.16682863412817187,2.8474076554573804,0.004951806796471632
1.07,0.5564460952002148,0.16693977939109164,3.2935372234022164,0.006244358152699849
1.08,0.5605748889879866,0.1658846586601435,3.7195657028001143,0.007372869567957393
1.09,0.5528527781209964,0.16418335604900489,4.111256490852418,0.008380515505660996
1.1,0.538116076507898,0.16210350889736613,4.462062849164162,0.009298346104848863
1.11,0.5193617705914007,0.15977412989692966,4.770151135069768,0.010148477418538363
1.12,0.4982820350869912,0.15725245576388336,5.036190022450425,0.010946896941317777
1.1300000000000001,0.4757797492635447,0.15455979879723158,5.262007618058488,0.01170543617420444
1.1400000000000001,0.45232465642750663,0.15170018844886918,5.449863910455829,0.01243308893088385
1.1500000000000001,0.4281685107624058,0.14867001197801272,5.602091798896086,0.013136885574755258
1.16,0.40346585837579396,0.14546303135944272,5.720940369155688,0.013822477676526746
1.17,0.378338600992515,0.14207303878147723,5.80852240393282,0.014494535802821297
1.18,0.35290866257469644,0.1384952982849995,5.8668129856043185,0.015157025398030615
1.19,0.32731300258217244,0.13472736864555362,5.897671095674103,0.01581340239963903
1.2,0.30170880750418355,0.13076961196567982,5.902869892562094,0.01646675476835214
1.21,0.2762731511700437,0.12662554754403105,5.884128329436548,0.017119907304466168
1.22,0.25119931956355057,0.1223021257259232,5.8431403987677495,0.017775500335387884
1.23,0.22669112932709584,0.11780995670122736,5.781599980452066,0.01843605028095365
1.24,0.2029558898864703,0.11316349622330023,5.701220115694546,0.019103996488375807
1.25,0.18019655846121602,0.10838117560559536,5.603745819313811,0.019781737736554558
1.26,0.15860355859562514,0.10348544930420611,5.490959977011115,0.0204716608966213
1.27,0.1383466716533171,0.09850272350386416,5.3646819291483245,0.021176162970125516
1.28,0.11956753262019587,0.09346312588444652,5.22675872363236,0.021897667708985265
1.29,0.10237327228743945,0.08840007718872665,5.0790494172550895,0.022638637582800655
1.3,0.08683182226219555,0.08334963155148895,4.9234032585482685,0.023401581686478844
1.31,0.07296938774090833,0.0783495727275018,4.761633186647811,0.02418906024016916
1.32,0.0607703946559801,0.07343827676467371,4.5954865771904485,0.025003686271183944
1.33,0.05017999804525036,0.06865338354370137,4.426615496978688,0.02584812512347424
1.34,0.04110900048131096,0.06403035927051753,4.256548940019713,0.026725092534319927
1.35,0.03344071520234404,0.059601064053583785,4.086669368686019,0.02763735197179515
1.36,0.02703908080993644,0.05539246120492996,3.9181954351163624,0.028587711825500413
1.37,0.0217572039356104,0.0514256087594563,3.7521720704778434,0.02957902277642857
1.3800000000000001,0.01744549810472053,0.047715052929618654,3.5894682906854873,0.030614175159597145
1.3900000000000001,0.013958718748562639,0.044268699582710375,3.4307822346267147,0.03169609524357331
1.4000000000000001,0.011161412612377915,0.04108817850111273,3.2766522564256646,0.03282773777669127
1.41,0.008931635141569682,0.038169661176933004,3.127472483182089,0.03401206938030101
1.42,0.007162878776916569,0.035505024431281104,2.9835110758321886,0.035252031816358505
1.43,0.00576455986756742,0.033083248571712,2.844929462384998,0.03655046386851031
1.44,0.004661428875577737,0.03089195574571177,2.7118012589072773,0.03790993999536147
1.45,0.003792216846007757,0.028919032575680695,2.5841298594213185,0.03933244265531997
1.46,0.0031079413841712143,0.027154402177637378,2.4618640881304086,0.040818706936405436
1.47,0.0025701333251961418,0.02559214325456482,2.344911735096906,0.04236693508327777
1.48,0.002149191501462351,0.024233329667103766,2.2331509729446055,0.043970355884851015
1.49,0.0018230876882487329,0.023090329011438093,2.126439847171178,0.045612691921865
1.5,0.0015765577468759868,0.022193380397459102,2.0246245418186417,0.04726088316521337
1.51,0.001400932247863701,0.021600277467242683,1.9275468634687094,0.04885595678497474
1.52,0.0012952370022892134,0.021409428852280588,1.8350519917068684,0.05030905175570208
1.53,0.001269222960740559,0.021773293671125387,1.7469983323903195,0.051518409528179473
1.54,0.001350653423891431,0.022906418737838927,1.663272614709391,0.052413810160540114
1.55,0.0016013371934643313,0.025078851422202973,1.5838172990357504,0.052996379515869975
1.56,0.0021500323387257853,0.028581139191517814,1.5086842806210843,0.05332944727112565
1.57,0.003250962688164829,0.03364478361686181,1.4381386401378786,0.053495031390870376
1.58,0.005362986046663413,0.04033109898997726,1.3728399169800507,0.05356080591374772
1.59,0.009205112764628043,0.04845059439675144,1.314100711722877,0.053571552502034214
1.6,0.015701301207752975,0.05757611282893391,1.2641427853244378,0.05355352569979138
1.61,0.025749883504150122,0.06714226625534188,1.2261745834192375,0.0535211289360908
1.62,0.03985817669075974,0.07655242825748525,1.204101766670059,0.05348210664155102
1.6300000000000001,0.05774191329514419,0.08520199090961399,1.2017870895319096,0.05344096425576864
1.6400000000000001,0.07786544960677876,0.0923519701282666,1.2218503530294629,0.05340135001751578
1.6500000000000001,0.09671495868924138,0.09683852509188635,1.2638673644290215,0.05336843846512166
1.6600000000000001,0.10809148947253899,0.09688647725335384,1.3217710979003297,0.05335226708480651
1.67,0.10514752163557811,0.09107901947986911,1.381834798745693,0.053369910110035786
1.68,0.08771116374213611,0.08079362434683038,1.4263774554024204,0.05343615934379089
1.69,0.06494653870414624,0.07016809278567691,1.444392592073382,0.0535420498131678
1.7,0.046032575966678035,0.06254883777837592,1.4369902054207204,0.053654685100779365
1.71,0.03408230754169679,0.05890277304861818,1.4122381647838056,0.05374397099812722
1.72,0.028402455835623355,0.058784695616260804,1.3787703516440022,0.05379852227332998
1.73,0.027583489842180526,0.061343226193576184,1.343385853407608,0.05382152392403984
1.74,0.03064043292707989,0.06571292687476174,1.311153966068156,0.05382152872679016
1.75,0.03700049817337205,0.07109578093363787,1.286039376515083,0.053806928134675455
1.76,0.046138667389102536,0.07675614944839126,1.2712221710086897,0.05378430161456687
1.77,0.05718174912909806,0.08198682237927572,1.2689443495662631,0.053758704130089874
1.78,0.06858413859033433,0.08605555239741614,1.2799426510351497,0.05373461278882197
1.79,0.07798821912118188,0.08818335440425216,1.302633506308816,0.053716974396246585
1.8,0.08260570179378471,0.08769719671275686,1.3324537227446298,0.053711794981479016
1.81,0.08054569796853474,0.08447643175485982,1.3622240071527998,0.053725022640965216
1.82,0.0724794875355974,0.07938540778200533,1.3843634162869256,0.05375872083507534
1.83,0.06159055473821439,0.07401597873948325,1.394068052084032,0.05380724362021901
1.84,0.051422772653021635,0.06982562551013322,1.3908838374486117,0.05385882505153898
1.85,0.044096214073107654,0.0675650082241325,1.3776967905662783,0.05390204504870569
1.86,0.04022740412432959,0.06731121786750947,1.3587481283908045,0.05393070562785395
1.87,0.03963615914173311,0.06874437727689779,1.3382440225575525,0.053944124833467
1.8800000000000001,0.041879289001573894,0.07137138824950558,1.3197930706654522,0.0539449366387413
1.8900000000000001,0.04641704471299173,0.07464398918453524,1.3062591868105031,0.053936970851006905
1.9000000000000001,0.05255936075591002,0.0780082990658697,1.2996638237968587,0.053924130844629915
1.9100000000000001,0.059356237177207,0.08092389242588541,1.3009839610520915,0.05391010223397087
1.92,0.06555870458308345,0.08288648137231545,1.30986598137987,0.05389845635199673
1.93,0.06976859127816526,0.08349424461777137,1.3244133102868179,0.05389272343924484
1.94,0.07085903450818869,0.08258217242116603,1.3413195749637459,0.053896018130247456
1.95,0.06854115289426789,0.08036783079792705,1.3565944064361264,0.053909978957752104
1.96,0.0636390348784284,0.07745748819651171,1.3667791672340077,0.053933487830382584
1.97,0.0577168039558796,0.0746300120713028,1.370039999581674,0.05396241887206204
1.98,0.05233040222653471,0.07253735794398745,1.366499329503379,0.0539911338184755
1.99,0.04850908880443314,0.07152865219236484,1.357780142564856,0.05401475184532738
2.0,0.04668529520545616,0.07164720195474387,1.3462484866206308,0.05403060499877538
2.0100000000000002,0.046863428368638424,0.07271682176144309,1.3343813594564868,0.0540383453730347
2.02,0.048786926738426536,0.07443503431283915,1.3243738603991753,0.05403925440904359
2.0300000000000002,0.0520186333416288,0.07644170755090463,1.317906826314152,0.05403546209048658
2.04,0.05596074337704627,0.07836514742445909,1.3159770028685234,0.05402941700507368
2.05,0.05987612373525461,0.07985946099478204,1.3187536518753318,0.054023611489569044
2.06,0.06296955149311065,0.0806485223363369,1.325498838130795,0.05402041070192664
2.07,0.06455879253602544,0.08058381991517019,1.3346396053112397,0.05402180942658015
2.08,0.06429945330060985,0.07970128256463675,1.3440741069900766,0.05402902049326101
2.09,0.062342883691264894,0.07823687581495664,1.3516956907340156,0.05404200091174572
2.1,0.059295919201013465,0.07656660696258837,1.3559626005073473,0.054059246841962214
2.11,0.055981157458859024,0.07508742662459181,1.356265355807853,0.054078159546030326
2.12,0.05315043348675362,0.07410168791030151,1.3529545841598158,0.054095895822181266
2.13,0.051307254859163286,0.07375714480483038,1.3470926859812078,0.05411024212887244
2.14,0.05067085708513404,0.07404751376958128,1.3401003509665526,0.054120092476935035
2.15,0.051220041500519925,0.07484788151806421,1.3334334467504358,0.05412545523173784
2.16,0.052750775042247414,0.07595915787301787,1.3283386660301637,0.05412717839524054
2.17,0.05492165759437271,0.07714896160755959,1.325680511239853,0.054126612945237434
2.18,0.057295156111623016,0.07818736291280365,1.3258249897175864,0.05412532934214526
2.19,0.0593947704842032,0.0788806217196885,1.328584494025315,0.05412489531350186
2.2,0.06079088945848584,0.07910470956477032,1.3332487616219544,0.054126670089992925
2.21,0.061205043366989155,0.07883387392790363,1.3387267561341984,0.054131580017222736
2.22,0.060594263110309216,0.07815201266914461,1.3437947290131735,0.0541398996423729
2.23,0.059167346465329416,0.07723439919987227,1.347392436672123,0.05415113471419487
2.24,0.05731374085374536,0.07629993624448557,1.348870647455807,0.05416411642731046
2.25,0.05547768514121616,0.07555155162867706,1.3481065482965777,0.054177323598800474
2.2600000000000002,0.054038346520378734,0.0751284965126677,1.345466617991572,0.054189311610835296
2.27,0.053238481110692036,0.07508447597438424,1.3416597597295634,0.054199068569483345
2.2800000000000002,0.053165626174789773,0.07539070627968295,1.3375478741362552,0.054206183394592225
2.29,0.05376627933140091,0.07595462059770575,1.3339656246041334,0.05421082613765873
2.3000000000000003,0.05487378264044962,0.07664499519240527,1.3315747448429631,0.054213612125554096
2.31,0.056242067594681026,0.07731805271824596,1.3307612844077295,0.05421542548270464
2.32,0.05758653702812535,0.07784242251075317,1.331580835884366,0.0542172445135157
2.33,0.05863450339402286,0.07812183364701239,1.3337594094289267,0.05421997933227065
2.34,0.059181282750360935,0.07811318458270503,1.3367568867562503,0.054224320522535806
2.35,0.05913815618907896,0.07783550307370002,1.3398889254557642,0.05423060975595718
2.36,0.05855368962048704,0.07736519141204896,1.3424840014341404,0.05423876359974499
2.37,0.05759626775715487,0.07681642640144908,1.344034588831537,0.054248290450771786
2.38,0.05650295744170826,0.07631193138858745,1.3442992317899463,0.054258415971690156
2.39,0.055515189361286896,0.07595369337260277,1.343330455154632,0.05426828536035734
2.4,0.054824290761498314,0.07580248854613833,1.3414311777756234,0.05427717358209542
2.41,0.05453980622063736,0.07587020538267963,1.3390634492963993,0.054284636038121135
2.42,0.054680957784218075,0.07612381161222023,1.3367392741500885,0.054290567183492254
2.43,0.05518493050735715,0.07649715076639992,1.3349175755864022,0.05429517463065496
2.44,0.05592571771347642,0.07690663832403964,1.3339224598606585,0.05429889807430301
2.45,0.05674007158657869,0.07726796035265998,1.3338916817135564,0.05430230280535656
2.46,0.057458658393651905,0.07751169961547519,1.334760953815759,0.05430596800438993
2.47,0.05793931829768121,0.07759597873761492,1.3362866929328157,0.05431038158257033
2.48,0.05809648343448676,0.07751393107245536,1.3381045025573668,0.05431585211263243
2.49,0.05791877631868966,0.07729395241965134,1.3398124444261128,0.05432245223541561
2.5,0.05746846386404277,0.07699199660614856,1.3410600834833735,0.054330009533165066
2.5100000000000002,0.0568622621379235,0.07667754634599709,1.3416210760136111,0.05433815328021186
2.52,0.05623992611972861,0.07641714805051052,1.3414318738943487,0.0543464084000226
2.5300000000000002,0.05573098350481374,0.07626011589305547,1.3405901886199918,0.05435431021352279
2.54,0.05542869880496378,0.07622979781913965,1.3393187934897968,0.05436150662613298
2.5500000000000003,0.05537580613357966,0.07632157268633845,1.3379078823975412,0.054367822094308495
2.56,0.0555621165600732,0.07650676085057341,1.3366509736234495,0.054373274073489866
2.57,0.055931685747422646,0.0767405983389619,1.3357871352560344,0.05437804771026703
2.58,0.05639686963319772,0.07697224143422436,1.3354586489330185,0.05438244235009192
2.59,0.05685682662670105,0.07715498310727743,1.335689855816912,0.05438680422060726
2.6,0.05721781624245018,0.07725509114374815,1.3363897785298655,0.05439145729790859
2.61,0.0574119518830373,0.07725782881257898,1.337377488554558,0.054396642397088
2.62,0.05741040878774397,0.07716949758187897,1.338424967015221,0.054402473828692094
2.63,0.05722769878575766,0.07701497637597485,1.3393080255577727,0.0544089220265168
2.64,0.05691576811941164,0.07683127058993669,1.3398535531292557,0.05441582694356119
2.65,0.05654971192833598,0.07665869531602097,1.339972330238124,0.054422939979828965
2.66,0.05620945951655149,0.07653196855222098,1.339670845486292,0.054429983983395214
2.67,0.05596240979174141,0.07647336161654637,1.339041535930952,0.054436715459848094
2.68,0.05585089509109983,0.07648924270645166,1.3382360709326129,0.05444297347267017
2.69,0.05588627800403235,0.07657028608852885,1.3374293463969995,0.05444870537567732
2.7,0.05604967646518712,0.07669480806845863,1.3367824307607747,0.05445396679022428
2.71,0.05629821456903682,0.07683413087503727,1.336411590588149,0.054458900047832944
2.72,0.056575086546562424,0.07695879463457607,1.3363685045443239,0.05446369835145027
2.73,0.056821677780114065,0.07704444617032201,1.3366344519427436,0.05446856381073897
2.74,0.05698942777409729,0.07707637723183983,1.3371289217339832,0.0544736670973569
2.75,0.057049312213085575,0.07705191236220048,1.3377301824708372,0.05447911552892676
2.7600000000000002,0.05699674356400839,0.07698019879317837,1.3383033571844478,0.054484935249386496
2.77,0.056850997279747156,0.07687953168798285,1.3387294260317606,0.05449107069036646
2.7800000000000002,0.05664937355925053,0.07677285827756591,1.3389289469404182,0.054497401376972544
2.79,0.056437782912657775,0.07668258977537777,1.338875569051318,0.05450377184473018
2.8000000000000003,0.056260368318150435,0.07662593826717708,1.3385971282795057,0.05451002724771741
2.81,0.05615051392918708,0.07661178912250599,1.3381653553480408,0.05451604594414754
2.82,0.05612504845126474,0.07663959955670037,1.3376775227334785,0.05452176202481052
2.83,0.0561823639702714,0.07670033275008036,1.3372345646352861,0.054527173905506196
2.84,0.05630430382236865,0.07677900142666613,1.3369204094434044,0.054532338873325724
2.85,0.05646104230753668,0.07685814195833449,1.3367864127336537,0.05453735653249434
2.86,0.05661788092719207,0.07692151355121485,1.3368433613992126,0.054542345396657844
2.87,0.05674257435503017,0.07695728467946991,1.3370622252132727,0.05454741774777665
2.88,0.056811745305502766,0.07696012710334292,1.3373829058339293,0.05455265759186646
2.89,0.05681515726954036,0.07693186906138537,1.3377288234104652,0.0545581055483009
2.9,0.056756959844686546,0.07688061680745094,1.3380240056676285,0.05456375346592612
2.91,0.056653758598622234,0.07681861765374484,1.3382086907149224,0.05456954952907548
2.92,0.056530196371167823,0.07675940682684182,1.3382505154180973,0.05457541204446657
2.93,0.056413157287594475,0.07671488656618232,1.3381490853939761,0.054581248723368184
2.94,0.056325993143926056,0.07669298903198744,1.3379334502359215,0.054586976825198225
2.95,0.0562840424115585,0.07669636911479559,1.337653758886781,0.054592539584700006
2.96,0.05629219253840025,0.07672230165767942,1.3373692996513897,0.05459791576244611
2.97,0.056344774332761215,0.07676367989637652,1.3371357083713895,0.05460312098306714
2.98,0.05642753054025755,0.07681080556581514,1.3369939601521101,0.05460820150013162
2.99,0.056521153361440375,0.07685355418582103,1.3369631645084044,0.054613222332267834
3.0,0.05660554097411327,0.07688345877088232,1.3370383183958383,0.05461825267496085
3.0100000000000002,0.0566639651124067,0.07689531017296401,1.3371930917714747,0.05462335160458641
3.02,0.05668624731721472,0.07688798681099333,1.3373868152672546,0.054628556840294606
3.0300000000000002,0.05667042812066854,0.07686439222638877,1.337573875931598,0.05463387857413311
3.04,0.056622544991295654,0.07683055962276562,1.3377135191634908,0.05463929937760388
3.0500000000000003,0.0565548022100485,0.0767941740168366,1.3377778680146755,0.05464477978108496
3.06,0.05648254623133044,0.07676285491189423,1.3377566937965881,0.05465026809088392
3.0700000000000003,0.05642083567167405,0.07674258629592592,1.3376581414864357,0.054655712050213835
3.08,0.056381374219203674,0.07673661217410606,1.3375055895708516,0.05466106972295247
3.09,0.056370382338470255,0.07674499292254836,1.3373316613817496,0.05466631731500509
3.1,0.05638778308016708,0.07676484813805025,1.3371708162922151,0.05467145260200237
3.11,0.05642773390121498,0.07679118252693942,1.3370522122088817,0.05467649357771175
3.12,0.05648020867607008,0.07681804953404264,1.336994128677091,0.05468147334258303
3.13,0.05653339388817779,0.0768398538349929,1.3370010709250608,0.054686432036709545
3.14,0.05657620945539507,0.07685245806494993,1.3370638771915673,0.05469140821030941
3.15,0.0566005461169552,0.07685392865776963,1.3371626338763396,0.054696431027063806
3.16,0.056602692853923484,0.07684475853292141,1.337271574535888,0.054701515094574785
3.17,0.05658378456285141,0.07682758915954532,1.3373648086106207,0.05470665853463896
3.18,0.056549206393429974,0.07680650663378485,1.3374216599292084,0.054711844587528306
3.19,0.056507155730775825,0.07678608938891282,1.3374305271209483,0.05471704618343456
3.2,0.05646672839480478,0.07677042592545055,1.3373905663647572,0.054722232324642704
3.21,0.05643597728162001,0.07676231186634448,1.3373110250957747,0.05472737478883016
3.22,0.0564203389881642,0.07676277521904032,1.3372085640666693,0.05473245374581164
3.23,0.0564217342077811,0.07677100689803694,1.3371032529465867,0.05473746117073381
3.24,0.056438449671726405,0.07678466961682394,1.3370142022082738,0.05474240156592188
3.25,0.056465774314326055,0.07680049565629622,1.3369557312269924,0.05474729004420414
3.2600000000000002,0.05649718613709695,0.07681502532513615,1.3369348041037188,0.05475214842481026
3.27,0.05652582104391822,0.07682532825222367,1.336950173378292,0.05475700026392537
3.2800000000000002,0.056545905208274724,0.07682956363233985,1.336993242318366,0.0547618659230997
3.29,0.05655385265248855,0.07682727517421432,1.33705040015823,0.05476675865400678
3.3000000000000003,0.0565488508100258,0.07681938006936401,1.3371061829689954,0.0547716824317184
3.31,0.056532802458465696,0.07680787877886747,1.3371466101450729,0.05477663183324911
3.3200000000000003,0.05650974798072007,0.0767953581818811,1.337161920738074,0.05478159388669466
3.33,0.05648484231816312,0.07678441686072297,1.3371482893149198,0.05478655130449997
3.34,0.056463231465220726,0.07677712805055488,1.3371081119340524,0.05479148639905583
3.35,0.05644898297545095,0.07677465750894576,1.3370490618266084,0.05479638473405614
3.36,0.05644434534088186,0.07677709292800167,1.3369820780618373,0.05480123786938565
3.37,0.056449422712372715,0.07678350983707116,1.3369189325623412,0.05480604460117835
3.38,0.056462320028499616,0.0767922350953315,1.3368697116544312,0.05481081070122821
3.39,0.05647968781120227,0.07680125205882239,1.3368408604253976,0.054815547176350975
3.4,0.05649750226396122,0.07680863791231717,1.3368341769686156,0.05482026761855357
3.41,0.056511966536490404,0.07681294987255481,1.3368467589224649,0.0548249852398436
3.42,0.056520254444892934,0.07681348878903321,1.336871989603367,0.05482971017102023
3.43,0.05652102200085923,0.07681038318290455,1.3369011587352269,0.05483444765553681
3.44,0.056514586970926275,0.0768045010597246,1.3369254070570336,0.05483919733807154
3.45,0.05650270726433263,0.07679721555423519,1.3369375987357153,0.05484395376490097
3.46,0.05648814181813193,0.07679008321233366,1.3369336082422993,0.05484870791029121
3.47,0.05647398570414554,0.0767845100122556,1.3369129675329876,0.054853449308427185
3.48,0.05646300031138772,0.07678147369350509,1.3368786805438146,0.054858168331133675
3.49,0.05645710467473143,0.07678135468312695,1.336836313863555,0.054862858110236674
3.5,0.05645700568703374,0.07678390585787216,1.3367926965258365,0.05486751573715053
3.5100000000000002,0.056462170218374526,0.07678834848994485,1.3367543916987472,0.054872142580916036
3.52,0.056471031229594376,0.07679357705965165,1.336726350480653,0.054876743667714514
3.5300000000000002,0.05648137811688379,0.07679841150324257,1.3367110602093781,0.05488132635480403
3.54,0.056490870843429145,0.07680184184684208,1.3367081951042585,0.05488589867639535
3.5500000000000003,0.05649752867748482,0.07680322841577145,1.336714921331893,0.05489046760235036
3.56,0.05650010001776348,0.07680239507090787,1.3367266805486833,0.054895037758548385
3.5700000000000003,0.0564982601958724,0.07679963126612203,1.3367382379256076,0.054899610670867745
3.58,0.05649260892021743,0.07679560045625734,1.336744780566628,0.0549041846906658
3.59,0.056484492464764155,0.07679117961662245,1.3367429005556701,0.054908755529219276
3.6,0.05647565826797301,0.07678726172772044,1.3367311400004174,0.05491331738918688
3.61,0.05646788625074608,0.07678457215577854,1.3367102431340483,0.05491786419793939
3.62,0.0564625926631167,0.07678352385348866,1.336682785753008,0.0549223909845361
3.63,0.056460574183631304,0.07678415978215386,1.336652505340984,0.054926894799059094
3.64,0.056461892570457896,0.07678617494904182,1.3366234189080926,0.054931375169384795
3.65,0.0564659213356857,0.07678900383925125,1.3365990111069415,0.054935834003546895
3.66,0.056471524708703806,0.07679195638781239,1.336581550942861,0.05494027502842032
3.67,0.05647732708218499,0.0767943690925281,1.3365717093170544,0.054944702899388236
3.68,0.05648201695840525,0.07679574037137119,1.3365685406513386,0.05494912217266449
3.69,0.05648461029950672,0.07679582105300736,1.336569796288472,0.05495353638882724
3.7,0.05648463608272335,0.07679464928629773,1.336572503404204,0.05495794739650541
3.71,0.05648218648168695,0.07679251713633013,1.3365736254777558,0.054962355139711434
3.72,0.056477855400068847,0.0767898912544625,1.336570692628228,0.054966757820076914
3.73,0.05647257540912262,0.07678730341948624,1.336562266402805,0.054971152409129254
3.74,0.0564674070569526,0.07678523894190119,1.3365481466692322,0.05497553535612935
3.75,0.05646330806214081,0.0767840382948692,1.3365293293961125,0.05497990337351706
3.7600000000000002,0.056460941073131515,0.07678383807245369,1.3365077122444053,0.05498425410148061
3.77,0.05646056206105441,0.07678455798570266,1.3364856342037286,0.05498858653132797
3.7800000000000002,0.056461998798135335,0.0767859341204244,1.336465349842947,0.05499290112131283
3.79,0.05646471674089962,0.07678758897805416,1.336448577040452,0.054997199584464515
3.8000000000000003,0.05646796128377141,0.0767891166153585,1.3364361880406324,0.05500148444859185
3.81,0.05647092859324587,0.0767901680046273,1.3364280909725792,0.05500575848532158
3.8200000000000003,0.05647293009325038,0.07679051972411415,1.3364233280585365,0.055010024120352274
3.83,0.05647353312150948,0.07679010909606364,1.3364203330669433,0.0550142829732623
3.84,0.05647262455156808,0.07678903502769369,1.3364173022003782,0.05501853559416029
3.85,0.056470407642111836,0.07678752570696239,1.3364125878147781,0.05502278143539418
3.86,0.05646734529077018,0.07678588094695844,1.3364050138815982,0.05502701906015977
3.87,0.05646403587081722,0.07678440620385277,1.3363940917082995,0.05503124650596414
3.88,0.056461080402100926,0.07678334912748667,1.33638006872626,0.05503546173527192
3.89,0.056458966514461535,0.07678284998073855,1.3363638140922376,0.05503966308440902
3.9,0.056457967506353166,0.07678292570961646,1.336346590681655,0.05504384956219709
3.91,0.0564581052709422,0.07678347559409263,1.3363297692606064,0.05504802100626651
3.92,0.05645917735641373,0.0767843091758788,1.3363145332464508,0.05505217806460817
3.93,0.05646080316099453,0.0767851923683119,1.33630166379275,0.055056322006430986
3.94,0.05646251431346505,0.07678589936441843,1.3362914214193464,0.05506045441154808
3.95,0.0564638593184917,0.07678625539262886,1.336283512959844,0.05506457685670407
3.96,0.056464498291716195,0.0767861694015554,1.3362771869317376,0.055068690596046695
3.97,0.0564642577128889,0.07678564804214622,1.3362714288720383,0.05507279632541693
3.98,0.05646315228162346,0.07678478765137434,1.336265190494537,0.055076894083876775
3.99,0.05646137723736898,0.07678374736920077,1.3362576014990146,0.055080983300583454
4.0,0.056459255876691046,0.07678271125948712,1.3362481304224483,0.055085062968866144
4.01,0.05645715768818966,0.07678184985869395,1.336236677675051,0.055089131883109196
4.0200000000000005,0.056455416502151114,0.07678128669215696,1.3362235691454738,0.05509318890280206
4.03,0.05645427120790818,0.07678107528858082,1.3362094526720043,0.05509723319322402
4.04,0.056453827744087186,0.07678119263062995,1.3361951375920518,0.05510126438415212
4.05,0.056454039793529545,0.07678154993128679,1.3361814240309748,0.05510528261595399
4.0600000000000005,0.05645472344122008,0.07678201608407983,1.3361689451091168,0.055109288477643
4.07,0.056455610731057,0.07678244684589973,1.3361580412088065,0.05511328286485042
4.08,0.05645641777551456,0.07678271483810675,1.3361487038519728,0.055117266782700645
4.09,0.05645689820609476,0.07678273517881122,1.3361406082471305,0.05512124113421041
4.1,0.056456884683736754,0.07678248120190898,1.3361332092130112,0.05512520654073909
4.11,0.05645632019201338,0.07678198385740875,1.3361258676815475,0.05512916325124254
4.12,0.056455271110073424,0.07678132148029726,1.3361179761951862,0.0551331111232423
4.13,0.05645390285603965,0.07678060066725416,1.336109083305441,0.05513704968418613
4.14,0.05645242926399408,0.07677993392087246,1.336098980342189,0.05514097825216837
4.15,0.056451067131958924,0.07677941549543418,1.3360877435940224,0.05514489608979054
4.16,0.05645000273073121,0.0767791014043491,1.336075674438224,0.05514880258340026
4.17,0.056449351117248206,0.07677900104639665,1.3360632247697006,0.0551526973649429
4.18,0.05644912615289757,0.07677908014681534,1.3360509062673906,0.05515658036688682
4.19,0.056449251081051206,0.0767792703032211,1.3360391748622795,0.05516045182350231
4.2,0.056449590842637454,0.07677948454061823,1.3360283294761957,0.055164312212461576
4.21,0.05644997715401513,0.07677963737284141,1.3360184705634326,0.05516816213947384
4.22,0.0564502381251877,0.07677966285588597,1.3360095040297557,0.05517200220589976
4.23,0.05645023813672734,0.0767795258403346,1.3360011658087232,0.055175832898877494
4.24,0.05644991143582056,0.07677922642310414,1.3359930798090964,0.05517965450789654
4.25,0.056449266658292474,0.07677879793067886,1.3359848475500786,0.0551834670823156
4.26,0.05644837080132696,0.07677829868436421,1.3359761407943465,0.0551872704390092
4.2700000000000005,0.056447334280241915,0.07677779796933697,1.3359667611113035,0.05519106422358961
4.28,0.05644629547649569,0.0767773599920733,1.3359566613602014,0.05519484800615218
4.29,0.056445388915589985,0.07677703116186078,1.335945946371663,0.05519862137995773
4.3,0.05644470677490208,0.07677683288872893,1.3359348531572974,0.055202384043029136
4.3100000000000005,0.05644428254029808,0.07677675860486259,1.3359236967885197,0.0552061358587693
4.32,0.05644409861548821,0.07677677479123862,1.335912775549349,0.05520987689839484
4.33,0.056444089937379656,0.0767768313007686,1.3359023126896334,0.055213607410134605
4.34,0.05644416108639506,0.07677687700059774,1.3358924262553333,0.05521732772860593
4.3500000000000005,0.05644421145323943,0.07677686847832324,1.3358831155402902,0.055221038213655045
4.36,0.05644415266654196,0.0767767753978902,1.335874275407607,0.055224739197757326
4.37,0.056443925922170984,0.07677658638036283,1.335865722331947,0.055228430922903735
4.38,0.056443509857476606,0.07677630978248276,1.3358572367833024,0.05523211350636678
4.39,0.05644291703271625,0.07677596687704473,1.3358486305742698,0.05523578694273299
4.4,0.056442193659719586,0.07677559496020964,1.335839705821296,0.05523945111855138
4.41,0.05644141369767927,0.07677523420910472,1.335830375512102,0.05524310581589237
4.42,0.0564406579747359,0.07677492079835352,1.3358206302902935,0.0552467507918708
4.43,0.05643999939686936,0.07677467868134577,1.3358105640651567,0.055250385823900135
4.44,0.056439484889720386,0.07677451585810813,1.3358003322178633,0.05525401076849753
4.45,0.05643912801649636,0.07677442350819282,1.3357901215524133,0.055257625588860874
4.46,0.05643890469101482,0.07677437570794633,1.33578011717229,0.05526123038115985
4.47,0.05643878473040921,0.07677435092678837,1.3357704126450134,0.05526482526138056
4.48,0.056438686399279514,0.07677430492928583,1.3357610960343747,0.055268410538904016
4.49,0.05643855607288716,0.0767742180648273,1.3357521259552416,0.05527198641476166
4.5,0.056438344675190155,0.07677407611119148,1.3357434182921946,0.05527555308314948
4.51,0.056438023557265966,0.07677387679168526,1.3357348472023463,0.055279110676200914
4.5200000000000005,0.05643758918377457,0.07677362911669605,1.335726280633108,0.05528265924323071
4.53,0.056437059592485024,0.0767733505152226,1.3357176007050404,0.05528619875980905
4.54,0.056436463320679545,0.076773059312913,1.3357087378803798,0.05528972915699117
4.55,0.05643584871242124,0.07677278224340363,1.3356996288627525,0.05529325030694897
4.5600000000000005,0.05643526038536378,0.07677253715036189,1.3356903005173983,0.055296762081108425
4.57,0.05643473576647041,0.07677233609932303,1.3356808114162337,0.055300264372008
4.58,0.05643430194062976,0.07677218359338665,1.3356712544751097,0.055303757107859244
4.59,0.056433961416187374,0.07677207226105275,1.3356617285473877,0.05530724029477536
4.6000000000000005,0.05643370364013098,0.07677198555766386,1.3356523625946395,0.05531071399878275
4.61,0.056433496289601606,0.07677190462475486,1.3356432074999423,0.055314178348211826
4.62,0.05643330044488446,0.07677181102575428,1.335634286988823,0.05531763349275579
4.63,0.05643308064417352,0.07677169165777172,1.3356255872103977,0.05532107956754973
4.64,0.05643280538767239,0.0767715364844447,1.3356170517740498,0.05532451671354738
4.65,0.05643245926330541,0.07677134553463891,1.3356085884130733,0.055327945020810745
4.66,0.05643204374785094,0.07677112625762178,1.3356001189489708,0.055331364511395704
4.67,0.05643157228111998,0.07677089059012548,1.3355915749265796,0.05533477516792302
4.68,0.056431068793787405,0.07677065298265369,1.3355829108533204,0.05533817693799397
4.69,0.05643056042706196,0.07677042647334294,1.3355741127931746,0.05534156975605275
4.7,0.056430073969030985,0.07677022124450152,1.3355651982057384,0.05534495355697852
4.71,0.05642963016808426,0.0767700428229774,1.3355562089582327,0.05534832829372752
4.72,0.05642923956451207,0.07676989132568594,1.3355471994604675,0.055351693951084975
4.73,0.05642890346966406,0.07676976222787252,1.335538234124397,0.05535505054349814
4.74,0.05642861136147638,0.0767696465386634,1.3355293680589562,0.05535839812542793
4.75,0.0564283429549596,0.07676953222483617,1.3355206382052323,0.05536173678800894
4.76,0.05642807931884853,0.07676941052979903,1.33551204793752,0.05536506661755183
4.7700000000000005,0.056427802443676775,0.07676927437762746,1.3355035849170855,0.05536838769924491
4.78,0.05642749677644249,0.07676911921641141,1.3354952190407774,0.05537170011324845
4.79,0.05642715515991412,0.07676894490097992,1.3354869110737793,0.05537500391114798
4.8,0.05642677506164022,0.07676875438210912,1.3354786136666705,0.0553782991286509
4.8100000000000005,0.056426362495929784,0.07676855407433118,1.3354702861907815,0.05538158576999601
4.82,0.05642593001998334,0.07676835200379523,1.335461901362497,0.05538486381754816
4.83,0.05642549359469465,0.07676815593004421,1.335453449231458,0.05538813324288963
4.84,0.0564250691478164,0.07676797194136102,1.3354449377514193,0.05539139401742616
4.8500000000000005,0.05642466909419037,0.07676780343061107,1.3354363898175046,0.055394646122418276
4.86,0.05642430029686115,0.0767676507213817,1.335427838733967,0.05539788955572666
4.87,0.0564239629940226,0.07676751114274383,1.33541932056155,0.055401124336029284
4.88,0.05642365112404662,0.07676737950791611,1.335410867156981,0.05540435050442492
4.89,0.05642335509050631,0.07676724990559736,1.3354024982072732,0.05540756811432112
4.9,0.05642306315148052,0.07676711649731573,1.3353942199986681,0.055410777228632385
4.91,0.0564227639795777,0.07676697468440759,1.3353860258978443,0.05541397790970617
4.92,0.0564224489059589,0.07676682198708389,1.335377898603808,0.05541717021111005
4.93,0.05642211205752249,0.07676665799334963,1.3353698130154736,0.05542035417704822
4.94,0.05642175274609531,0.07676648481110958,1.3353617419080763,0.055423529833864456
4.95,0.05642137525362153,0.07676630636781881,1.3353536610962065,0.05542669719185683
4.96,0.056420987270934315,0.07676612722603843,1.335345555681792,0.05542985624934538
4.97,0.05642059800804103,0.07676595178647237,1.3353374205330921,0.05543300699919681
4.98,0.056420216035185926,0.07676578340679266,1.335329260168448,0.05543614943480041
4.99,0.056419848462764786,0.07676562413286654,1.3353210881665023,0.055439283554218656
5.0,0.05641949911921363,0.07676547414852633,1.335312923743293,0.05544240936524029
5.01,0.05641916808476819,0.07676533179848807,1.335304787815497,0.05544552688855582
5.0200000000000005,0.05641885221885911,0.07676519422664178,1.3352966977183414,0.05544863615562042
5.03,0.05641854591213459,0.07676505793526897,1.3352886649141458,0.055451737207108234
5.04,0.056418242413107736,0.0767649195531183,1.3352806933981178,0.055454830087701204
5.05,0.056417934968041226,0.07676477641415959,1.335272779255723,0.055457914842665844
5.0600000000000005,0.05641761804728622,0.07676462698591872,1.3352649120458777,0.05546099151316446
5.07,0.05641728867342447,0.0767644712265104,1.3352570767997596,0.055464060132239666
5.08,0.05641694677009058,0.07676431040163512,1.3352492576857355,0.05546712072325361
5.09,0.05641659494115832,0.07676414673954791,1.3352414412656075,0.05547017330058031
5.1000000000000005,0.05641623774489791,0.07676398295895405,1.3352336187165397,0.05547321787199466
5.11,0.056415881022561426,0.07676382185712802,1.3352257874174152,0.05547625444102087
5.12,0.05641552908397275,0.07676366497128528,1.3352179518962008,0.05547928301360056
5.13,0.05641518525293759,0.0767635132001816,1.3352101191516792,0.0554823035982238
5.14,0.05641485178957763,0.07676336669155141,1.3352022996323722,0.05548531620919149
5.15,0.05641452868532692,0.0767632246753245,1.335194503039944,0.05548832086614458
5.16,0.056414214668529666,0.07676308566096617,1.3351867402672306,0.0554913175952325
5.17,0.056413906756278796,0.07676294767164811,1.3351790183770917,0.055494306427793176
5.18,0.05641360093558007,0.07676280869200039,1.3351713398124232,0.05549728739902647
5.19,0.05641329341458201,0.07676266724177674,1.3351637023348073,0.0555002605427186
5.2,0.056412981157086914,0.07676252248856787,1.335156100194606,0.05550322589031321
5.21,0.05641266237136416,0.07676237431827151,1.3351485255726214,0.055506183468944065
5.22,0.05641233680475062,0.07676222336437077,1.3351409694589027,0.05550913330167015
5.23,0.05641200576334741,0.07676207082783648,1.3351334238625239,0.05551207540600561
5.24,0.056411671886886325,0.07676191829037678,1.3351258833855832,0.055515009795517066
5.25,0.056411338090724183,0.07676176719274862,1.3351183461566207,0.0555179364805919
5.26,0.05641100719915193,0.07676161863010773,1.33511081412685,0.0555208554728775
5.2700000000000005,0.05641068134005553,0.07676147318580515,1.3351032917787065,0.055523766786080495
5.28,0.05641036161116935,0.0767613309568871,1.335095784047493,0.05552667043456323
5.29,0.05641004835402028,0.07676119152901816,1.3350882977837824,0.055529566438976496
5.3,0.05640974080581846,0.07676105402433414,1.3350808389794533,0.055532454822334563
5.3100000000000005,0.056409437076428814,0.07676091723809762,1.3350734116699718,0.055535335612137846
5.32,0.05640913499480054,0.07676078009868163,1.3350660171745226,0.05553820883520141
5.33,0.05640883234065938,0.07676064173370337,1.3350586543339962,0.055541074519451776
5.34,0.05640852732525384,0.07676050163043341,1.3350513200021263,0.05554393269119244
5.3500000000000005,0.05640821891551275,0.07676035971989817,1.3350440095801566,0.05554678337462003
5.36,0.05640790692900585,0.07676021633470859,1.3350367177929123,0.055549626591322315
5.37,0.05640759217568036,0.07676007219622691,1.3350294399424714,0.05555246235974379
5.38,0.05640727607106786,0.07675992818591426,1.335022172888738,0.05555529069532503
5.39,0.056406960297440814,0.07675978512639434,1.3350149157477542,0.055558111612591665
5.4,0.056406646461649175,0.0767596436594505,1.3350076694462574,0.05556092512628958
5.41,0.05640633574143311,0.07675950413792589,1.3350004360884726,0.05556373125097756
5.42,0.05640602899113903,0.07675936664497024,1.334993219154314,0.055566530004490335
5.43,0.05640572638382584,0.07675923092174634,1.334986022426995,0.055569321405983425
5.44,0.05640542733135838,0.07675909640741883,1.3349788493369317,0.05557210547772768
5.45,0.056405130820115376,0.07675896247442633,1.3349717020120129,0.05557488224189724
5.46,0.05640483555646664,0.07675882849051725,1.3349645812192683,0.05557765172252375
5.47,0.05640454027163288,0.07675869395065202,1.3349574863424771,0.05558041394343539
5.48,0.05640424397649474,0.0767585585706978,1.334950415543524,0.05558316892755317
5.49,0.056403946036321546,0.07675842228497688,1.3349433660744392,0.05558591669707028
5.5,0.05640364639104327,0.07675828530356003,1.3349363348930585,0.05558865727210615
5.51,0.05640334547844121,0.07675814803803317,1.3349293193004743,0.05559139067096676
5.5200000000000005,0.05640304409088666,0.07675801098023122,1.334922317606632,0.055594116910338
5.53,0.05640274318750634,0.07675787461034529,1.3349153291688634,0.055596836006406115
5.54,0.05640244367517707,0.07675773929705602,1.3349083543768963,0.05559954797482882
5.55,0.05640214635125755,0.07675760527388362,1.3349013945844972,0.055602252832537495
5.5600000000000005,0.05640185167712191,0.07675747256970812,1.3348944517697008,0.05560495059706468
5.57,0.05640155969678619,0.07675734101273265,1.3348875281406936,0.05560764128753085
5.58,0.05640127008141264,0.07675721030127486,1.3348806255479424,0.055610324923599484
5.59,0.056400982220511355,0.0767570800607382,1.3348737452465378,0.055613001526215435
5.6000000000000005,0.05640069537735977,0.07675694992610227,1.3348668876907652,0.055615671116526516
5.61,0.056400408811538676,0.07675681959943997,1.3348600524612915,0.05561833371616769
5.62,0.056400121928098255,0.07675668890511454,1.3348532384044074,0.05562098934611235
5.63,0.05639983439739952,0.07675655782852339,1.3348464438589742,0.055623638026550265
5.64,0.05639954618987438,0.07675642649825289,1.3348396670796807,0.05562627977628509
5.65,0.056399257559992005,0.07675629515041192,1.3348329065569016,0.055628914613232716
5.66,0.05639896899037067,0.07675616408095365,1.3348261612653582,0.055631542554964664
5.67,0.05639868109121027,0.0767560335875645,1.3348194308212307,0.0556341636183651
5.68,0.05639839435430906,0.07675590384511595,1.3348127156802008,0.055636777820319096
5.69,0.056398109126921045,0.07675577494680365,1.3348060165139728,0.05563938517624309
5.7,0.056397825673857455,0.0767556469186887,1.3347993343473266,0.05564198570433192
5.71,0.05639754402002364,0.07675551967900832,1.3347926701909334,0.05564457942238686
5.72,0.05639726403796508,0.07675539307296524,1.3347860252014583,0.055647166349844374
5.73,0.05639698538581741,0.07675526688818417,1.3347794001402142,0.05564974650607452
5.74,0.05639670762033726,0.07675514090503271,1.334772795269341,0.05565231991100315
5.75,0.056396430333673725,0.07675501495976371,1.3347662103158535,0.055654886583963156
5.76,0.05639615320278392,0.07675488895683548,1.3347596446145313,0.05565744654420678
5.7700000000000005,0.05639587603976671,0.07675476287784967,1.3347530972980397,0.05565999980987749
5.78,0.05639559880306588,0.07675463678488226,1.334746567343902,0.05566254639970846
5.79,0.05639532161027297,0.0767545108047082,1.3347400538472256,0.055665086331310995
5.8,0.05639504473635909,0.07675438511080948,1.334733556167925,0.055667619622659134
5.8100000000000005,0.05639476848271356,0.07675425985396024,1.3347270740526007,0.05567014628933692
5.82,0.05639449315966397,0.0767541351542385,1.3347206076465343,0.05567266634863936
5.83,0.056394219004320505,0.07675401107561926,1.3347141573706092,0.055675179817981896
5.84,0.05639394614526299,0.07675388763002697,1.33470772368496,0.055677686712433595
5.8500000000000005,0.056393674631684224,0.07675376477618258,1.334701307272219,0.055680187050976195
5.86,0.05639340437721396,0.0767536424243265,1.3346949087585753,0.05568268085143845
5.87,0.05639313452852201,0.07675352020525182,1.3346885277869214,0.055685168216321336
5.88,0.05639286548910258,0.0767533982797951,1.3346821647164184,0.05568764909628747
5.89,0.05639259732053823,0.07675327667253207,1.3346758196014907,0.055690123483808675
5.9,0.05639233002282897,0.07675315538346268,1.3346694924421383,0.055692591378884965
5.91,0.05639206356388955,0.07675303440369957,1.334663183150921,0.05569505278919176
5.92,0.056391797157157295,0.0767529135153699,1.334656889584277,0.055697507902890644
5.93,0.056391531335589745,0.0767527928660995,1.3346506131946367,0.05569995659248747
5.94,0.05639126609918689,0.07675267245588836,1.334644353982,0.05570239885798225
5.95,0.05639100144794874,0.07675255228473649,1.3346381119463673,0.05570483469937497
5.96,0.05639073739242231,0.07675243237723321,1.334631886747989,0.05570726415226077
5.97,0.05639047398318776,0.07675231285130103,1.3346256767575393,0.05570968738734247
5.98,0.05639021118213703,0.07675219361809489,1.3346194832025833,0.05571210427600931
5.99,0.056389948989270126,0.07675207467761477,1.3346133060831213,0.0557145148182613
6.0,0.05638968740458705,0.07675195602986071,1.3346071453991533,0.055716919014098434
6.01,0.05638942655160914,0.07675183772487798,1.3346010008959306,0.055719316977430114
6.0200000000000005,0.05638916663926511,0.07675171984731512,1.3345948721425622,0.05572170890092705
6.03,0.05638890743666263,0.07675160230362492,1.3345887596152368,0.055724094571664044
6.04,0.05638864894380171,0.07675148509380739,1.3345826633139544,0.0557264739896411
6.05,0.056388391160682345,0.07675136821786253,1.3345765832387149,0.0557288471548582
6.0600000000000005,0.05638813408730454,0.07675125167579035,1.334570519389518,0.05573121406731537
6.07,0.05638787772366828,0.07675113546759083,1.3345644717663645,0.05573357472701259
6.08,0.05638762206977359,0.07675101959326397,1.3345584403692534,0.05573592913394987
6.09,0.05638736711925421,0.0767509039902125,1.3345524246707943,0.05573827774106083
6.1000000000000005,0.0563871128767468,0.07675078870402706,1.3345464250550947,0.05574062021846644
6.11,0.056386859342407475,0.07675067373624272,1.3345404415350879,0.05574295655505927
6.12,0.056386606516236226,0.07675055908685952,1.3345344741107739,0.055745286750839326
6.13,0.05638635439823305,0.07675044475587742,1.3345285227821526,0.055747610805806605
6.140000000000001,0.05638610298839796,0.07675033074329642,1.3345225875492241,0.055749928719961095
6.15,0.056385852286730945,0.07675021704911654,1.3345166684119887,0.05575224049330281
6.16,0.056385602174800695,0.07675010361690582,1.3345107646184422,0.05575454641758822
6.17,0.05638535266247373,0.07674999045136562,1.3345048762312344,0.05575684646851109
6.18,0.05638510381102972,0.0767498775816954,1.334499003639473,0.055759140495108425
6.19,0.05638485562046869,0.07674976500789515,1.3344931468431582,0.05576142849738023
6.2,0.056384608090790614,0.0767496527299649,1.3344873058422897,0.055763710475326494
6.21,0.05638436122199551,0.07674954074790463,1.3344814806368677,0.05576598642894722
6.22,0.05638411501408338,0.07674942906171435,1.3344756712268921,0.055768256358242424
6.23,0.056383869439931414,0.07674931766492633,1.3344698769331869,0.0557705204895918
6.24,0.05638362444766368,0.07674920654517023,1.3344640964567365,0.05577277925597674
6.25,0.05638338009989784,0.07674909571737785,1.3344583313655376,0.05577503213476033
6.26,0.0563831363966339,0.07674898518154924,1.3344525816595902,0.05577727912594257
6.2700000000000005,0.05638289333787186,0.07674887493768437,1.3344468473388944,0.055779520229523455
6.28,0.05638265092361172,0.07674876498578324,1.3344411284034499,0.055781755445502984
6.29,0.05638240915385347,0.07674865532584586,1.3344354248532568,0.05578398477388117
6.3,0.056382168028597135,0.07674854595787223,1.3344297366883153,0.055786208214658004
6.3100000000000005,0.056381927547842686,0.07674843688186234,1.3344240639086253,0.05578842576783348
6.32,0.05638168771159014,0.0767483280978162,1.3344184065141869,0.05579063743340761
6.33,0.0563814485198395,0.0767482196057338,1.3344127645049997,0.05579284321138039
6.34,0.05638120997259075,0.07674811140561516,1.3344071378810642,0.05579504310175181
6.3500000000000005,0.056380972003163714,0.07674800346953853,1.3344015241857996,0.05579723799323681
6.36,0.05638073465887354,0.07674789581731672,1.3343959251623547,0.055799427255218075
6.37,0.05638049794694754,0.0767477884519761,1.3343903410769928,0.05580161079136982
6.38,0.05638026186738572,0.07674768137351667,1.3343847719297135,0.05580378860169204
6.390000000000001,0.05638002642018807,0.07674757458193843,1.3343792177205172,0.05580596068618474
6.4,0.0563797916053546,0.07674746807724137,1.3343736784494036,0.05580812704484793
6.41,0.0563795574228853,0.07674736185942549,1.3343681541163726,0.05581028767768159
6.42,0.056379323872780183,0.0767472559284908,1.3343626447214245,0.05581244258468573
6.43,0.056379090955039235,0.0767471502844373,1.3343571502645593,0.05581459176586035
6.44,0.05637885866966247,0.07674704492726497,1.3343516707457765,0.05581673522120545
6.45,0.056378627016649877,0.07674693985697384,1.3343462061650768,0.05581887295072103
6.46,0.05637839629036061,0.07674683521443398,1.3343407636115743,0.05582100231166741
6.47,0.056378165689843225,0.07674673061633779,1.334335323795784,0.05582313049494097
6.48,0.05637793571923757,0.07674662630394911,1.3343298988590135,0.05582525297440297
6.49,0.056377706376914354,0.07674652227648825,1.3343244887620245,0.05582736976468103
6.5,0.05637747766124429,0.07674641853317547,1.3343190934655786,0.0558294808804028
6.51,0.0563772495705981,0.07674631507323106,1.3343137129304372,0.055831586336195914
6.5200000000000005,0.05637702210334649,0.0767462118958753,1.334308347117362,0.055833686146687996
6.53,0.05637679525786018,0.07674610900032847,1.3343029959871144,0.05583578032650669
6.54,0.05637656903250987,0.07674600638581085,1.3342976595004563,0.05583786889027962
6.55,0.056376343425666296,0.07674590405154272,1.3342923376181488,0.055839951852634434
6.5600000000000005,0.05637611843570016,0.07674580199674436,1.3342870303009537,0.05584202922819876
6.57,0.05637589405070846,0.07674570021619054,1.3342817372852132,0.055844101113402454
6.58,0.05637567019480281,0.0767455986769691,1.3342764569095684,0.05584616811414502
6.59,0.05637544693937981,0.07674549740989917,1.3342711907299631,0.05584822966360129
6.6000000000000005,0.05637522428235188,0.07674539641400267,1.334265938697147,0.05585028578004826
6.61,0.05637500222163137,0.07674529568830157,1.3342607007618696,0.055852336481762924
6.62,0.056374780755130686,0.07674519523181784,1.334255476874881,0.05585438178702226
6.63,0.056374559880762204,0.07674509504357342,1.334250266986931,0.055856421714103266
6.640000000000001,0.056374339596438304,0.0767449951225903,1.3342450710487692,0.05585845628128292
6.65,0.05637411990007138,0.07674489546789039,1.3342398890111453,0.055860485506838226
6.66,0.05637390078957381,0.07674479607849567,1.3342347208248093,0.05586250940904617
6.67,0.05637368226285798,0.0767446969534281,1.3342295664405108,0.05586452800618373
6.68,0.05637346431783627,0.07674459809170964,1.3342244258089997,0.0558665413165279
6.69,0.05637324695242106,0.07674449949236224,1.3342192988810255,0.055868549358355675
6.7,0.056373030164524746,0.07674440115440787,1.3342141856073384,0.05587055214994404
6.71,0.05637281395205971,0.07674430307686847,1.334209085938688,0.05587254970956999
6.72,0.05637259831293833,0.076744205258766,1.3342039998258237,0.0558745420555105
6.73,0.05637238324507299,0.07674410769912243,1.3341989272194956,0.055876529206042566
6.74,0.05637216874637608,0.07674401039695972,1.3341938680704537,0.05587851117944318
6.75,0.05637195481475998,0.0767439133512998,1.3341888223294474,0.05588048799398933
6.76,0.056371741448137065,0.07674381656116466,1.3341837899472266,0.055882459667958004
6.7700000000000005,0.05637152864441974,0.07674372002557624,1.3341787708745412,0.05588442621962619
6.78,0.05637131640152037,0.07674362374355649,1.3341737650621406,0.05588638766727089
6.79,0.05637110471735135,0.07674352771412739,1.334168772460775,0.05588834402916907
6.8,0.05637089358982506,0.07674343193631089,1.3341637930211938,0.05589029532359773
6.8100000000000005,0.05637068302252125,0.0767433364124142,1.3341588268208926,0.05589224152160511
6.82,0.05637047305025536,0.07674324116285121,1.334153874635927,0.055894182333937836
6.83,0.05637026363421954,0.07674314616535793,1.3341489355958298,0.05589611808487965
6.84,0.05637005477255912,0.07674305141909135,1.3341440096565602,0.05589804879076643
6.8500000000000005,0.05636984646341939,0.07674295692320843,1.334139096774077,0.05589997446793409
6.86,0.05636963870494567,0.07674286267686616,1.334134196904339,0.05590189513271854
6.87,0.05636943149528327,0.07674276867922152,1.3341293100033056,0.055903810801455664
6.88,0.056369224832577496,0.07674267492943147,1.3341244360269355,0.05590572149048137
6.890000000000001,0.05636901871497367,0.07674258142665302,1.3341195749311878,0.05590762721613155
6.9,0.05636881314061709,0.07674248817004314,1.3341147266720215,0.05590952799474212
6.91,0.056368608107653075,0.07674239515875882,1.3341098912053955,0.05591142384264898
6.92,0.05636840361422693,0.07674230239195702,1.3341050684872686,0.05591331477618802
6.93,0.056368199658483976,0.07674220986879474,1.3341002584736001,0.05591520081169515
6.94,0.05636799623856951,0.07674211758842893,1.334095461120349,0.05591708196550626
6.95,0.056367793352628856,0.07674202555001661,1.3340906763834741,0.05591895825395726
6.96,0.05636759099880732,0.07674193375271474,1.3340859042189346,0.05592082969338406
6.97,0.05636738917525021,0.0767418421956803,1.334081144582689,0.05592269630012253
6.98,0.05636718788010284,0.07674175087807028,1.3340763974306968,0.05592455809050861
6.99,0.056366987111510516,0.07674165979904164,1.3340716627189169,0.055926415080878165
7.0,0.056366786867618555,0.07674156895775139,1.334066940403308,0.05592826728756712
7.01,0.056366587146572264,0.07674147835335648,1.3340622304398293,0.055930114726911374
7.0200000000000005,0.05636638794651696,0.07674138798501393,1.3340575327844397,0.055931957415246814
7.03,0.05636618926559795,0.07674129785188066,1.3340528473930984,0.05593379536890935
7.04,0.05636599110196054,0.07674120795311372,1.334048174221764,0.055935628604234885
7.05,0.05636579346156113,0.07674111829151359,1.3340435134044908,0.05593745707454515
7.0600000000000005,0.05636559638862133,0.07674102888772993,1.3340388659477918,0.055939280424465346
7.07,0.05636539983487592,0.07674093971927116,1.3340342307494517,0.055941099044738235
7.08,0.05636520379876782,0.07674085078543307,1.3340296077722142,0.05594291294929908
7.09,0.05636500827873989,0.07674076208551144,1.3340249969788236,0.05594472215208314
7.1000000000000005,0.05636481327323503,0.07674067361880205,1.3340203983320231,0.05594652666702569
7.11,0.056364618780696124,0.0767405853846007,1.334015811794557,0.05594832650806198
7.12,0.05636442479956606,0.07674049738220318,1.334011237329169,0.05595012168912728
7.13,0.05636423132828774,0.07674040961090527,1.3340066748986028,0.05595191222415686
7.140000000000001,0.05636403836530402,0.07674032207000275,1.3340021244656024,0.05595369812708598
7.15,0.05636384590905782,0.07674023475879142,1.3339975859929116,0.055955479411849904
7.16,0.056363653957992005,0.07674014767656707,1.333993059443274,0.05595725609238389
7.17,0.056363462510549474,0.07674006082262548,1.3339885447794337,0.05595902818262321
7.18,0.05636327156517311,0.07673997419626244,1.3339840419641347,0.05596079569650313
7.19,0.0563630811203058,0.07673988779677374,1.3339795509601202,0.055962558647958904
7.2,0.056362891174390445,0.07673980162345516,1.3339750717301344,0.055964317050925805
7.21,0.056362701725869914,0.0767397156756025,1.3339706042369213,0.05596607091933909
7.22,0.05636251277318711,0.07673962995251155,1.3339661484432244,0.05596782026713403
7.23,0.056362324314784905,0.07673954445347807,1.3339617043117877,0.05596956510824588
7.24,0.0563621363491062,0.07673945917779787,1.3339572718053552,0.05597130545660992
7.25,0.056361948874593885,0.07673937412476674,1.3339528508866703,0.0559730413261614
7.26,0.05636176188969084,0.07673928929368046,1.333948441518477,0.055974772730835586
7.2700000000000005,0.056361575392839945,0.07673920468383483,1.3339440436635193,0.05597649968456775
7.28,0.056361389382484105,0.0767391202945256,1.3339396572845408,0.05597822220129314
7.29,0.056361203861390034,0.0767390361269516,1.3339352824674724,0.05597994024937043
7.3,0.05636101885121531,0.0767389521906257,1.3339309198364495,0.055981653598033865
7.3100000000000005,0.056360834326722516,0.07673886847442163,1.3339265686795587,0.05598336251082775
7.32,0.05636065028650803,0.07673878497770277,1.333922228963917,0.055985067000069395
7.33,0.056360466729168224,0.07673870169983243,1.333917900656641,0.0559867670780761
7.34,0.056360283653299495,0.07673861864017396,1.3339135837248481,0.05598846275716516
7.3500000000000005,0.056360101057498224,0.07673853579809073,1.333909278135655,0.055990154049653885
7.36,0.05635991894036079,0.07673845317294604,1.3339049838561787,0.05599184096785958
7.37,0.056359737300483576,0.07673837076410328,1.3339007008535362,0.05599352352409953
7.38,0.05635955613646297,0.07673828857092575,1.3338964290948443,0.05599520173069106
7.390000000000001,0.05635937544689535,0.07673820659277682,1.33389216854722,0.055996875599951444
7.4,0.0563591952303771,0.07673812482901983,1.3338879191777804,0.055998545144198004
7.41,0.05635901548550461,0.0767380432790181,1.3338836809536423,0.05600021037574804
7.42,0.05635883621087426,0.07673796194213502,1.3338794538419225,0.056001871306918846
7.43,0.056358657405082425,0.07673788081773389,1.3338752378097383,0.056003527950027734
7.44,0.056358479066725496,0.07673779990517807,1.3338710328242063,0.05600518031739199
7.45,0.05635830119439986,0.07673771920383089,1.3338668388524437,0.05600682842132893
7.46,0.05635812378670189,0.07673763871305572,1.3338626558615674,0.056008472274155854
7.47,0.056357946842227974,0.0767375584322159,1.3338584838186942,0.05601011188819005
7.48,0.056357770359574504,0.07673747836067475,1.3338543226909412,0.05601174727574884
7.49,0.05635759433733785,0.07673739849779562,1.333850172445425,0.05601337844914951
7.5,0.0563574187741144,0.07673731884294187,1.3338460330492632,0.05601500542070937
7.51,0.056357243668500534,0.07673723939547682,1.3338419044695722,0.056016628202745715
7.5200000000000005,0.05635706901909264,0.07673716015476384,1.3338377866734692,0.056018246807575854
7.53,0.05635689482851078,0.07673708112207542,1.3338336797102919,0.05601986121746171
7.54,0.05635672111509255,0.07673700230614179,1.3338295839505518,0.056021471297261226
7.55,0.05635654785703176,0.07673692369664561,1.3338254989444565,0.05602307721169127
7.5600000000000005,0.05635637505305848,0.07673684529301368,1.3338214246618552,0.05602467897207035
7.57,0.056356202701902836,0.07673676709467277,1.3338173610725972,0.056026276589716976
7.58,0.056356030802294906,0.07673668910104965,1.3338133081465318,0.05602787007594966
7.59,0.0563558593529648,0.07673661131157114,1.3338092658535081,0.05602945944208689
7.6000000000000005,0.056355688352642604,0.07673653372566402,1.3338052341633755,0.056031044699447204
7.61,0.05635551780005842,0.07673645634275508,1.3338012130459835,0.056032625859349094
7.62,0.05635534769394235,0.0767363791622711,1.333797202471181,0.05603420293311107
7.63,0.056355178033024485,0.07673630218363887,1.3337932024088177,0.05603577593205164
7.640000000000001,0.056355008816034925,0.07673622540628519,1.3337892128287425,0.05603734486748931
7.65,0.05635484004170376,0.07673614882963684,1.3337852337008047,0.0560389097507426
7.66,0.05635467170876111,0.0767360724531206,1.333781264994854,0.056040470593130005
7.67,0.05635450381593704,0.07673599627616327,1.3337773066807392,0.056042027405970044
7.68,0.056354336361961674,0.07673592029819165,1.3337733587283098,0.056043580200581214
7.69,0.05635416934556509,0.0767358445186325,1.3337694211074151,0.056045128988282025
7.7,0.056354002765477404,0.07673576893691263,1.3337654937879044,0.05604667378039099
7.71,0.0563538366204287,0.07673569355245881,1.3337615767396267,0.056048214588226626
7.72,0.056353670909149084,0.07673561836469785,1.3337576699324316,0.05604975142310742
7.73,0.05635350563036864,0.07673554337305652,1.3337537733361684,0.0560512842963519
7.74,0.05635334078281748,0.07673546857696162,1.333749886920686,0.05605281321927856
7.75,0.05635317636522569,0.07673539397583994,1.3337460106558343,0.05605433820320592
7.76,0.056353012376323376,0.07673531956911826,1.333742144511462,0.05605585925945248
7.7700000000000005,0.056352848817575955,0.07673524535739416,1.3337382885227074,0.05605737637629918
7.78,0.05635268570001875,0.0767351713453615,1.3337344429531277,0.056058889461427314
7.79,0.05635252300949045,0.0767350975269291,1.3337306074648727,0.0560603986347296
7.8,0.056352360744806596,0.07673502390156034,1.3337267820298306,0.05606190390680499
7.8100000000000005,0.056352198904782706,0.07673495046871855,1.3337229666198902,0.05606340528825245
7.82,0.05635203748823433,0.07673487722786711,1.3337191612069397,0.05606490278967093
7.83,0.056351876493976986,0.07673480417846937,1.333715365762868,0.05606639642165939
7.84,0.05635171592082622,0.07673473131998869,1.3337115802595632,0.056067886194816785
7.8500000000000005,0.056351555767597546,0.07673465865188842,1.333707804668914,0.05606937211974207
7.86,0.05635139603310651,0.07673458617363192,1.3337040389628085,0.056070854207034206
7.87,0.056351236716168644,0.07673451388468257,1.333700283113136,0.056072332467292145
7.88,0.05635107781559947,0.07673444178450368,1.3336965370917844,0.05607380691111484
7.890000000000001,0.05635091933021453,0.07673436987255865,1.3336928008706421,0.05607527754910126
7.9,0.05635076125882935,0.07673429814831081,1.3336890744215981,0.05607674439185035
7.91,0.05635060360025947,0.07673422661122355,1.3336853577165404,0.056078207449961066
7.92,0.05635044635332042,0.07673415526076019,1.333681650727358,0.05607966673403237
7.930000000000001,0.05635028951682773,0.0767340840963841,1.3336779534259386,0.05608112225466322
7.94,0.05635013308959693,0.07673401311755866,1.3336742657841716,0.056082574022452564
7.95,0.05634997707044355,0.0767339423237472,1.333670587773945,0.056084022047999366
7.96,0.05634982145818313,0.07673387171441308,1.3336669193671473,0.056085466341902576
7.97,0.0563496662516312,0.07673380128901966,1.333663260535667,0.05608690691476116
7.98,0.05634951144960329,0.07673373104703031,1.333659611251393,0.05608834377717407
7.99,0.056349357050914935,0.07673366098790838,1.3336559714862133,0.05608977693974025
8.0,0.05634920305438166,0.0767335911111172,1.3336523412120165,0.05609120641305868
8.01,0.05634904949992744,0.07673352143493592,1.3336487214413109,0.05609263183406218
8.02,0.05634889631248978,0.07673345192501316,1.333645110275835,0.05609405388488374
8.03,0.0563487435261522,0.07673338259695478,1.3336415085802522,0.056095472255544634
8.040000000000001,0.05634859113973505,0.07673331345022635,1.3336379163265732,0.056096886956599784
8.05,0.056348439152061634,0.07673324448429479,1.3336343334868823,0.05609829799857785
8.06,0.056348287561958074,0.0767331756986283,1.3336307600333368,0.05609970539198119
8.07,0.05634813636825344,0.07673310709269643,1.3336271959381676,0.0561011091472859
8.08,0.05634798556977968,0.07673303866597006,1.3336236411736786,0.05610250927494177
8.09,0.0563478351653716,0.07673297041792136,1.3336200957122468,0.05610390578537234
8.1,0.05634768515386694,0.07673290234802387,1.3336165595263225,0.056105298688974826
8.11,0.056347535534106326,0.0767328344557524,1.333613032588429,0.0561066879961202
8.120000000000001,0.056347386304933245,0.07673276674058312,1.333609514871163,0.05610807371715313
8.13,0.05634723746519411,0.07673269920199353,1.3336060063471944,0.056109455862392
8.14,0.056347089013738194,0.07673263183946243,1.3336025069892663,0.05611083444212893
8.15,0.056346940949417695,0.07673256465246996,1.3335990167701948,0.05611220946662973
8.16,0.05634679327108768,0.07673249764049754,1.3335955356628695,0.05611358094613396
8.17,0.05634664597760611,0.076732430803028,1.3335920636402527,0.056114948890854874
8.18,0.056346499067833844,0.0767323641395454,1.3335886006753803,0.05611631331097945
8.19,0.05634635254063463,0.0767322976495352,1.3335851467413615,0.05611767421666838
8.2,0.0563462063948751,0.07673223133248412,1.3335817018113785,0.056119031618056085
8.21,0.056346060629424786,0.07673216518788024,1.3335782658586866,0.056120385525250685
8.22,0.05634591524315612,0.07673209921521297,1.3335748388566142,0.05612173594833404
8.23,0.0563457702349444,0.07673203341397303,1.3335714207785634,0.05612308289736171
8.24,0.05634562560366784,0.07673196778365243,1.3335680115980089,0.05612442638236298
8.25,0.05634548135110338,0.07673190232505908,1.3335646113549213,0.056125766389321
8.26,0.056345337486949275,0.07673183704259652,1.3335612202709695,0.05612710283851295
8.27,0.05634519399802064,0.07673177193028109,1.3335578380429574,0.05612843584001925
8.28,0.05634505088327889,0.07673170698764266,1.3335544646462958,0.05612976540316973
8.290000000000001,0.05634490814168962,0.07673164221421296,1.3335511000564986,0.05613109153725739
8.3,0.056344765772222555,0.07673157760952566,1.3335477442491814,0.056132414251538476
8.31,0.05634462377385161,0.07673151317311634,1.3335443972000622,0.05613373355523243
8.32,0.05634448214555483,0.07673144890452244,1.3335410588849614,0.056135049457521916
8.33,0.05634434088631444,0.0767313848032833,1.3335377292798016,0.056136361967552804
8.34,0.05634419999511679,0.07673132086894019,1.3335344083606073,0.0561376710944342
8.35,0.05634405947095243,0.07673125710103625,1.3335310961035056,0.05613897684723839
8.36,0.05634391931281604,0.07673119349911654,1.3335277924847257,0.05614027923500091
8.370000000000001,0.05634377951970647,0.076731130062728,1.3335244974805989,0.05614157826672047
8.38,0.05634364009062671,0.07673106679141947,1.3335212110675592,0.056142873951359036
8.39,0.05634350102458393,0.07673100368474171,1.3335179332221423,0.05614416629784176
8.4,0.056343362320589445,0.07673094074224736,1.3335146639209865,0.05614545531505701
8.41,0.05634322397765872,0.07673087796349094,1.3335114031408322,0.056146741011856384
8.42,0.056343085994811415,0.0767308153480289,1.333508150858522,0.056148023397054686
8.43,0.056342948371071296,0.07673075289541958,1.333504907051001,0.05614930247942992
8.44,0.05634281110546632,0.07673069060522322,1.3335016716953159,0.05615057826772332
8.45,0.0563426741970286,0.07673062847700193,1.3334984447686165,0.05615185077063934
8.46,0.05634253764479439,0.07673056651031977,1.3334952262481543,0.05615311999684563
8.47,0.05634240144780412,0.07673050470474264,1.3334920161112829,0.05615438595497306
8.48,0.05634226560510237,0.07673044305983841,1.3334888143354588,0.05615564865361572
8.49,0.05634213011573786,0.07673038157517675,1.33348562089824,0.05615690810133091
8.5,0.056341994978763514,0.07673032025032933,1.3334824357772872,0.05615816430663914
8.51,0.056341860193236365,0.07673025908486966,1.3334792589503635,0.05615941727802414
8.52,0.05634172575821764,0.07673019807837315,1.3334760903953333,0.05616066702393285
8.53,0.05634159167277269,0.07673013723041713,1.3334729300901644,0.05616191355277544
8.540000000000001,0.05634145793597105,0.07673007654058081,1.333469778012926,0.05616315687292526
8.55,0.056341324546886395,0.07673001600844533,1.3334666341417902,0.056164396992718905
8.56,0.056341191504596586,0.07672995563359365,1.333463498455031,0.056165633920456176
8.57,0.05634105880818361,0.07672989541561073,1.3334603709310244,0.05616686766440007
8.58,0.05634092645673362,0.07672983535408337,1.333457251548249,0.05616809823277683
8.59,0.05634079444933695,0.07672977544860028,1.3334541402852853,0.056169325633775885
8.6,0.05634066278508805,0.07672971569875205,1.3334510371208168,0.0561705498755499
8.61,0.05634053146308556,0.0767296561041312,1.3334479420336283,0.05617177096621473
8.620000000000001,0.05634040048229259,0.07672959666417722,1.333444854982923,0.056172988921398805
8.63,0.05634026984183738,0.07672953737851011,1.3334417759506976,0.056174203747991404
8.64,0.056340139540924504,0.07672947824683161,1.333438704929208,0.05617541544894908
8.65,0.05634000957866812,0.07672941926874068,1.3334356418974966,0.056176624032298894
8.66,0.05633987995418655,0.07672936044383803,1.333432586834705,0.056177829506032145
8.67,0.05633975066660227,0.07672930177172638,1.3334295397200742,0.05617903187810435
8.68,0.056339621715041865,0.07672924325201022,1.333426500532945,0.05618023115643529
8.69,0.056339493098636076,0.07672918488429598,1.3334234692527582,0.05618142734890896
8.700000000000001,0.05633936481651978,0.07672912666819194,1.3334204458590533,0.05618262046337361
8.71,0.056339236867831995,0.07672906860330826,1.3334174303314699,0.05618381050764172
8.72,0.05633910925171586,0.07672901068925701,1.3334144226497469,0.05618499748949001
8.73,0.056338981967318694,0.07672895292565207,1.333411422793723,0.05618618141665943
8.74,0.056338855013791905,0.07672889531210926,1.3334084307433367,0.05618736229685518
8.75,0.056338728390291075,0.07672883784824626,1.3334054464786256,0.05618854013774668
8.76,0.05633860209597591,0.0767287805336826,1.333402469979727,0.05618971494696761
8.77,0.05633847613001025,0.07672872336803972,1.3333995012268778,0.05619088673211588
8.78,0.0563383504915621,0.07672866635094093,1.3333965402004144,0.05619205550075362
8.790000000000001,0.056338225179803574,0.07672860948201139,1.333393586880773,0.05619322126040722
8.8,0.05633810019391094,0.0767285527608782,1.3333906412484893,0.0561943840185673
8.81,0.05633797553306459,0.07672849618717026,1.3333877032841983,0.05619554378268871
8.82,0.05633785119644908,0.0767284397605184,1.3333847729686348,0.05619670056019056
8.83,0.056337727183253083,0.07672838348055531,1.3333818502826333,0.056197854358456166
8.84,0.056337603492669426,0.07672832734691556,1.3333789352071277,0.056199005184833103
8.85,0.05633748012389506,0.0767282713592356,1.3333760277231512,0.056200153046633186
8.86,0.05633735707613109,0.07672821551715375,1.333373127811837,0.05620129795113245
8.870000000000001,0.056337234348582746,0.0767281598203102,1.333370235454418,0.05620243990557118
8.88,0.0563371119404594,0.07672810426834704,1.333367350632226,0.0562035789171539
8.89,0.056336989850974566,0.07672804886090824,1.333364473326693,0.05620471499304936
8.9,0.05633686807934591,0.0767279935976396,1.33336160351935,0.05620584814039056
8.91,0.05633674662479521,0.07672793847818886,1.3333587411918284,0.05620697836627474
8.92,0.05633662548654839,0.07672788350220558,1.333355886325858,0.05620810567776336
8.93,0.05633650466383554,0.07672782866934125,1.3333530389032697,0.05620923008188214
8.94,0.05633638415589085,0.07672777397924918,1.3333501989059926,0.05621035158562101
8.950000000000001,0.056336263961952675,0.07672771943158463,1.3333473663160558,0.056211470195934164
8.96,0.056336144081263494,0.07672766502600466,1.3333445411155884,0.05621258591974003
8.97,0.05633602451306994,0.07672761076216826,1.3333417232868183,0.05621369876392125
8.98,0.05633590525662277,0.07672755663973628,1.3333389128120738,0.05621480873532473
8.99,0.056335786296106374,0.07672750265141215,1.333336109334982,0.056215915952703754
9.0,0.05633566764409106,0.07672744880300739,1.3333333131373206,0.056217020323959054
9.01,0.056335549300005956,0.0767273950942651,1.333330524205447,0.05621812185459748
9.02,0.056335431263050115,0.07672734152482213,1.333327742520552,0.05621922055183012
9.03,0.056335313532425504,0.07672728809431663,1.3333249680639,0.056220316422841095
9.040000000000001,0.05633519610733706,0.07672723480238805,1.3333222008168275,0.05622140947478764
9.05,0.05633507898699265,0.07672718164867724,1.333319440760744,0.05622249971480004
9.06,0.05633496217060312,0.07672712863282632,1.3333166878771316,0.056223587149981685
9.07,0.05633484565738223,0.07672707575447876,1.3333139421475457,0.05622467178740901
9.08,0.056334729446546716,0.07672702301327934,1.333311203553614,0.05622575363413154
9.09,0.056334613537316246,0.0767269704088742,1.3333084720770376,0.056226832697171894
9.1,0.05633449792891344,0.07672691794091079,1.33330574769959,0.05622790898352573
9.11,0.05633438262056389,0.07672686560903785,1.3333030304031173,0.056228982500161825
9.120000000000001,0.05633426761149609,0.07672681341290552,1.333300320169539,0.05623005325402199
9.13,0.05633415290094152,0.07672676135216522,1.3332976169808473,0.056231121252021156
9.14,0.056334038488134605,0.0767267094264697,1.3332949208191067,0.0562321865010473
9.15,0.05633392437231271,0.07672665763547307,1.333292231666455,0.05623324900796147
9.16,0.05633381055271614,0.07672660597883073,1.3332895495051031,0.05623430877959783
9.17,0.05633369702858817,0.07672655445619941,1.3332868743173338,0.056235365822763575
9.18,0.05633358379917502,0.0767265030672372,1.3332842060855035,0.056236420144239005
9.19,0.05633347086372584,0.0767264518116035,1.333281544792041,0.056237471750777486
9.200000000000001,0.05633335822149274,0.07672640068895903,1.3332788904194481,0.056238520649105464
9.21,0.05633324587173079,0.07672634969896583,1.3332762429502998,0.05623956684592246
9.22,0.05633313381369799,0.0767262988412873,1.333273602367243,0.05624061034790108
9.23,0.056333022046655315,0.07672624811558813,1.333270968652998,0.05624165116168699
9.24,0.056332910569866654,0.0767261975215344,1.3332683417903581,0.05624268929389894
9.25,0.056332799382598865,0.07672614705879341,1.3332657217621893,0.05624372475112876
9.26,0.05633268848412176,0.0767260967270339,1.3332631085514297,0.05624475753994136
9.27,0.056332577873708094,0.07672604652592588,1.3332605021410915,0.056245787666874714
9.28,0.05633246755063356,0.07672599645514068,1.3332579025142586,0.05624681513843988
9.290000000000001,0.056332357514176805,0.076725946514351,1.333255309654088,0.056247839961120996
9.3,0.05633224776361945,0.07672589670323082,1.3332527235438103,0.056248862141375276
9.31,0.05633213829824602,0.0767258470214555,1.3332501441667277,0.056249881685632996
9.32,0.05633202911734403,0.07672579746870167,1.333247571506216,0.05625089860029753
9.33,0.05633192022020391,0.07672574804464734,1.3332450055457237,0.05625191289174531
9.34,0.056331811606119074,0.07672569874897181,1.333242446268772,0.05625292456632586
9.35,0.05633170327155019,0.07672564958015737,1.333239893563665,0.05625393366535569
9.36,0.05633159521355945,0.07672560053694064,1.3332373473388934,0.056254940222737686
9.370000000000001,0.05633148743574977,0.07672555162082233,1.3332348077227172,0.05625594419166773
9.38,0.05633137993739273,0.07672550283147288,1.33323227469782,0.056256945578802266
9.39,0.056331272717762275,0.07672545416856377,1.333229748246938,0.05625794439077811
9.4,0.05633116577613472,0.07672540563176762,1.3332272283528603,0.05625894063421244
9.41,0.056331059111788734,0.07672535722075806,1.3332247149984298,0.05625993431570285
9.42,0.05633095272400533,0.07672530893520983,1.3332222081665415,0.05626092544182727
9.43,0.05633084661206789,0.07672526077479877,1.3332197078401435,0.05626191401914405
9.44,0.05633074077526216,0.07672521273920174,1.333217214002237,0.056262900054191885
9.450000000000001,0.056330635212876214,0.07672516482809674,1.333214726635876,0.056263883553489866
9.46,0.05633052992420051,0.0767251170411628,1.3332122457241675,0.056264864523537454
9.47,0.05633042490852787,0.07672506937808006,1.3332097712502715,0.05626584297081449
9.48,0.056330320165153436,0.07672502183852971,1.3332073031974008,0.05626681890178119
9.49,0.05633021569337474,0.07672497442219403,1.3332048415488214,0.05626779232287815
9.5,0.05633011149249167,0.0767249271287564,1.3332023862878515,0.05626876324052636
9.51,0.05633000756180645,0.07672487995790124,1.3331999373978634,0.05626973166112717
9.52,0.056329903900623673,0.07672483290931408,1.3331974948622813,0.056270697591062305
9.53,0.0563298005082503,0.0767247859826815,1.333195058664583,0.05627166103669388
9.540000000000001,0.05632969738399563,0.07672473917769117,1.333192628788299,0.05627262200436438
9.55,0.05632959452717134,0.07672469249403184,1.3331902052170121,0.05627358050039667
9.56,0.056329491937091435,0.07672464593139335,1.3331877879343597,0.05627453653109401
9.57,0.0563293896130723,0.07672459948946657,1.33318537692403,0.05627549010274001
9.58,0.05632928755443268,0.07672455316794352,1.3331829721697661,0.05627644122159867
9.59,0.05632918576049366,0.07672450696651724,1.3331805736553628,0.05627738989391438
9.6,0.05632908423057869,0.07672446088488186,1.3331781813646681,0.05627833612591189
9.61,0.056328982964013584,0.0767244149227326,1.3331757952815835,0.05627927992379634
9.620000000000001,0.05632888196012651,0.07672436907976576,1.3331734153900623,0.056280221293753235
9.63,0.05632878121824798,0.07672432335567872,1.3331710416741118,0.05628116024194848
9.64,0.05632868073771088,0.07672427775016989,1.3331686741177917,0.056282096774528334
9.65,0.056328580517850446,0.07672423226293884,1.333166312705215,0.05628303089761945
9.66,0.05632848055800427,0.07672418689368614,1.3331639574205472,0.05628396261732886
9.67,0.0563283808575123,0.07672414164211347,1.3331616082480071,0.05628489193974396
9.68,0.05632828141571685,0.07672409650792361,1.333159265171866,0.056285818870932536
9.69,0.056328182231962586,0.07672405149082039,1.3331569281764488,0.05628674341694275
9.700000000000001,0.05632808330559653,0.07672400659050871,1.333154597246133,0.056287665583803145
9.71,0.05632798463596806,0.07672396180669457,1.3331522723653486,0.056288585377522626
9.72,0.05632788621760308,0.07672391713666388,1.3331499534414761,0.05628950283466026
9.73,0.056327788052795605,0.07672387258159975,1.3331476405060234,0.05629041794256255
9.74,0.056327690142146114,0.07672382814183558,1.3331453335634555,0.05629133069929907
9.75,0.05632759248498575,0.07672378381706776,1.333143032597973,0.05629224111097541
9.76,0.05632749508064756,0.07672373960699358,1.3331407375938211,0.05629314918368058
9.77,0.05632739792846645,0.07672369551131114,1.3331384485352908,0.05629405492348705
9.78,0.0563273010277792,0.07672365152971936,1.3331361654067184,0.05629495833645072
9.790000000000001,0.056327204377924454,0.07672360766191803,1.3331338881924848,0.05629585942861093
9.8,0.056327107978242745,0.07672356390760775,1.3331316168770164,0.05629675820599048
9.81,0.05632701182807648,0.07672352026648994,1.3331293514447853,0.05629765467459557
9.82,0.05632691592676992,0.07672347673826692,1.3331270918803078,0.05629854884041589
9.83,0.056326820273669226,0.07672343332264175,1.333124838168146,0.056299440709424546
9.84,0.05632672486812241,0.07672339001931842,1.3331225902929076,0.05630033028757808
9.85,0.05632662970947937,0.07672334682800169,1.3331203482392446,0.056301217580816486
9.86,0.056326534797091876,0.07672330374839718,1.3331181119918551,0.05630210259506319
9.870000000000001,0.05632644013031357,0.07672326078021134,1.333115881535482,0.056302985336225075
9.88,0.056326345708499974,0.07672321792315145,1.3331136568549133,0.05630386581019244
9.89,0.05632625153100847,0.07672317517692565,1.3331114379349822,0.05630474402283906
9.9,0.05632615759719833,0.07672313254124288,1.3331092247605674,0.05630561998002211
9.91,0.056326063906430676,0.07672309001581296,1.3331070173165926,0.05630649368758224
9.92,0.05632597045806853,0.07672304760034647,1.3331048155880267,0.056307365151343526
9.93,0.05632587725147678,0.07672300529455492,1.333102619559884,0.056308234377113485
9.94,0.056325784286022175,0.07672296309815056,1.333100429217224,0.05630910137068308
9.950000000000001,0.05632569156107335,0.07672292101084657,1.3330982445451511,0.05630996613782671
9.96,0.056325599076000814,0.0767228790323569,1.333096065528815,0.05631082868430221
9.97,0.05632550683017694,0.07672283716239633,1.3330938921534112,0.05631168901585088
9.98,0.05632541482297599,0.07672279540068054,1.3330917244041793,0.05631254713819744
9.99,0.05632532305377408,0.07672275374692597,1.3330895622664054,0.056313403057050036
