t,x,y,w,z
0.0,1.0,0.0,0.0,0.01
0.01,0.9999466647404028,8.754629726517499e-09,0.00032995964649232783,0.009953411616766633
0.02,0.9998933250762747,3.4635317315849934e-08,0.0006533497778241172,0.009913516433771263
0.03,0.9998399811801864,7.706421060109247e-08,0.0009703304608362213,0.009880125725916365
0.04,0.999786633255168,1.353597194223437e-07,0.0012810841152116287,0.009853023065175515
0.05,0.9997332814668649,2.0895952535736962e-07,0.0015857478853235605,0.009832042814607462
0.06,0.9996799259758887,2.9731202476140664e-07,0.0018844485459470095,0.009817030008317339
0.07,0.9996265669370685,3.9987743699437626e-07,0.002177301410968808,0.00980784147878981
0.08,0.9995732044968569,5.161340916114645e-07,0.0024644087940634218,0.00980434773349672
0.09,0.9995198387946082,6.455735599756732e-07,0.0027458634314384742,0.009806429342615278
0.1,0.9994664699605774,7.877053600944857e-07,0.003021745147687197,0.009813980448387213
0.11,0.9994130981164996,9.420558701592507e-07,0.003292121562002856,0.009826908017440556
0.12,0.9993597233781812,1.108154710791585e-06,0.0035570569640475886,0.009845122433298359
0.13,0.9993063458510495,1.2855518446381904e-06,0.00381660092381811,0.009868549545817418
0.14,0.999252965633811,1.4738033489652962e-06,0.004070797663548153,0.009897120747017027
0.15,0.9991995828185116,1.672471201581083e-06,0.004319686207213393,0.009930772813563584
0.16,0.999146197488514,1.881130153447256e-06,0.004563295876210056,0.009969452675296548
0.17,0.9990928097193615,2.0993597365549068e-06,0.004801651581345548,0.010013111798513295
0.18,0.9990394195787582,2.326749415943819e-06,0.005034770384279381,0.010061709841347573
0.19,0.9989860271266278,2.562892306376081e-06,0.005262665778520036,0.010115210095081565
0.2,0.9989326324150676,2.8073894428760146e-06,0.005485344765439528,0.010173582599045803
0.21,0.9988792354883697,3.059847176801156e-06,0.005702809712583716,0.010236802165365797
0.22,0.9988258363830148,3.319875106050576e-06,0.005915060101842671,0.01030484653445231
0.23,0.9987724351276753,3.5870887770737e-06,0.006122090305594644,0.010377698723895686
0.24,0.9987190317432236,3.8611079270576785e-06,0.0063238909058805646,0.010455345629539696
0.25,0.9986656262427285,4.141555940194875e-06,0.00652044942480573,0.010537777266072242
0.26,0.9986122186314293,4.428060557235572e-06,0.00671175073071012,0.01062498638045295
0.27,0.9985588089067869,4.720250874639459e-06,0.00689777799287571,0.010716967378384972
0.28,0.9985053970584742,5.0177572188059435e-06,0.007078513211188889,0.010813715783088268
0.29,0.9984519830683762,5.320213472514821e-06,0.0072539362838020165,0.010915229267707192
0.3,0.9983985669105896,5.627261579434695e-06,0.00742402293388879,0.01102150992488821
0.31,0.9983451485514356,5.938542748144309e-06,0.007588749429781971,0.011132559158316869
0.32,0.9982917279494621,6.253700119356797e-06,0.007748091450143552,0.011248378933117989
0.33,0.9982383050555895,6.572379847129885e-06,0.007902024135541282,0.011368971767724808
0.34,0.9981848798132537,6.894231991783961e-06,0.008050522225401195,0.011494340632164314
0.35000000000000003,0.9981314521581427,7.218907998934955e-06,0.008193560866897213,0.011624488031194473
0.36,0.9980780220183315,7.546061521475723e-06,0.008331115765865768,0.01175941588565169
0.37,0.9980245893145863,7.875349578600905e-06,0.008463163482684794,0.01189912529200584
0.38,0.9979711539604927,8.206432916392934e-06,0.008589681753695603,0.01204361621725197
0.39,0.9979177158621323,8.538974331515071e-06,0.00871064987124528,0.01219288703510199
0.4,0.9978642749182983,8.87263942977768e-06,0.008826048993781971,0.012346934251733787
0.41000000000000003,0.9978108310209077,9.207098230270489e-06,0.008935862473152378,0.012505752248256466
0.42,0.9977573840550304,9.542025084298406e-06,0.009040076186112926,0.012669332944294304
0.43,0.9977039338986724,9.877097501350317e-06,0.00913867886856413,0.012837665410422139
0.44,0.9976504804230348,1.021199701721504e-05,0.009231662440035614,0.013010735581411095
0.45,0.9975970234941339,1.0546412431422327e-05,0.009319022061987856,0.013188526373074248
0.46,0.997543562971543,1.0880037273095882e-05,0.009400756706802432,0.013371016970847475
0.47000000000000003,0.9974900987078729,1.121256874708455e-05,0.009476869595792541,0.013558182330801012
0.48,0.9974366305495079,1.154370919888029e-05,0.009547368414343225,0.013749993042115159
0.49,0.9973831583367099,1.1873166312017732e-05,0.009612265639205668,0.013946415007657923
0.5,0.9973296819037223,1.2200653305473686e-05,0.009671578865791501,0.014147409124562634
0.51,0.9972762010788739,1.2525889131066683e-05,0.009725331135467098,0.014352930964805572
0.52,0.9972227156868397,1.2848602989627662e-05,0.009773550410367314,0.01456293154245614
0.53,0.9971692255517742,1.3168540598577127e-05,0.009816268702499771,0.01477735852160919
0.54,0.9971157304903294,1.348545019322644e-05,0.0098535252032015,0.014996152324995128
0.55,0.9970622303147468,1.3799088710301848e-05,0.009885365428834437,0.015219247320763117
0.56,0.9970087248332415,1.4109222545880987e-05,0.009911841437435561,0.01544657164409885
0.5700000000000001,0.9969552138502222,1.4415627985263883e-05,0.009933012110123733,0.01567804693629575
0.58,0.996901697167681,1.4718091622904552e-05,0.009948941894993419,0.01591358967846651
0.59,0.9968481745871918,1.50164107771673e-05,0.009959698750445915,0.0161531133555625
0.6,0.9967946459061188,1.5310393954294114e-05,0.009965359700922022,0.016396522725148428
0.61,0.9967411109194999,1.559986126413384e-05,0.009966008930725748,0.016643715825337663
0.62,0.9966875694204341,1.588464484860024e-05,0.009961737846864362,0.016894583940551194
0.63,0.9966340212003656,1.6164589310989794e-05,0.009952645274881499,0.017149011429342106
0.64,0.9965804660504973,1.643955191078446e-05,0.009938835623860946,0.017406877643205365
0.65,0.996526903764298,1.6709402530759547e-05,0.009920415079661895,0.01766806087556266
0.66,0.9964733341339954,1.6974024894963197e-05,0.009897498630323024,0.017932431157714545
0.67,0.9964197569523608,1.7233316686331953e-05,0.009870207562648713,0.01819985286586725
0.68,0.9963661720132281,1.748718991687534e-05,0.009838669225942013,0.018470184993284493
0.6900000000000001,0.9963125791110714,1.77355684030156e-05,0.009803015540635304,0.018743282544334154
0.7000000000000001,0.9962589780416395,1.7978388920748406e-05,0.009763383328056766,0.019018996268427266
0.71,0.9962053686030224,1.821560386683648e-05,0.009719915385529392,0.019297171714528175
0.72,0.9961517505956402,1.8447180167167892e-05,0.009672759704199582,0.01957764997871184
0.73,0.9960981238226704,1.8673099027982028e-05,0.009622068952693423,0.01986026823805987
0.74,0.9960444880910051,1.8893350824798255e-05,0.009567996066599662,0.020144864116236304
0.75,0.9959908432110425,1.9107940679447956e-05,0.009510698397965407,0.02043127162642151
0.76,0.9959371889971116,1.931688823305906e-05,0.00945033721637868,0.020719321688061686
0.77,0.9958835252679661,1.952022678657831e-05,0.009387076703517181,0.02100884314202322
0.78,0.995829851846723,1.971800149143316e-05,0.009321082760423349,0.021299663895785432
0.79,0.9957761685602545,1.9910265346909007e-05,0.009252520744743436,0.02159161305657334
0.8,0.9957224752412341,2.0097085819693705e-05,0.009181558390194489,0.021884518279856685
0.81,0.995668771727902,2.0278542337378523e-05,0.009108364273716064,0.022178207228570886
0.8200000000000001,0.9956150578643505,2.0454725866249114e-05,0.009033107301307998,0.022472508091635313
0.8300000000000001,0.9955613334994984,2.0625734301999454e-05,0.008955955194715731,0.022767250926122824
0.84,0.9955075984876786,2.07916730618738e-05,0.008877074280787118,0.02306226791366959
0.85,0.9954538526901622,2.0952658693895332e-05,0.008796630036443449,0.023357392987090306
0.86,0.9954000959747524,2.110881626598108e-05,0.00871478607585425,0.02365246275539628
0.87,0.9953463282158472,2.1260278593038836e-05,0.008631703690557187,0.023947316946026326
0.88,0.9952925492922592,2.1407181879859684e-05,0.008547541517534089,0.024241798497793107
0.89,0.995238759089833,2.154966903303861e-05,0.008462454933502618,0.024535754401184513
0.9,0.9951849575015784,2.1687889000644622e-05,0.008376595591017305,0.024829036151564947
0.91,0.9951311444274056,2.1821995476572935e-05,0.008290110977251432,0.025121500140464197
0.92,0.9950773197730204,2.195214547147636e-05,0.00820314480766698,0.02541300714892207
0.93,0.9950234834475776,2.207849708181072e-05,0.008115838263002486,0.025703420894199632
0.9400000000000001,0.9949696353691473,2.2201212298275886e-05,0.008028325926488727,0.025992612525541244
0.9500000000000001,0.9949157754628039,2.232045505613168e-05,0.007940736725033367,0.026280459502928094
0.96,0.9948619036605362,2.2436390460496638e-05,0.007853193634713491,0.026566845862909257
0.97,0.9948080199013473,2.2549184133255078e-05,0.007765813258376532,0.02685166262799251
0.98,0.994754124131287,2.2659001541620355e-05,0.007678705472480037,0.027134808141564052
0.99,0.9947002162979068,2.276600577878822e-05,0.007591978916516183,0.027416182118713106
1.0,0.9946462963530414,2.2870357655327063e-05,0.007505737760561613,0.027695689078022768
1.01,0.9945923642558269,2.2972215855771743e-05,0.0074200782267160184,0.02797324203807008
1.02,0.9945384199704549,2.3071735635023996e-05,0.007335090622040229,0.028248760285935634
1.03,0.9944844634661386,2.3169068770703865e-05,0.007250859235193633,0.02852216947182815
1.04,0.9944304947182604,2.3264369567645166e-05,0.0071674625915467,0.028793401570982268
1.05,0.9943765137068484,2.3357787187223067e-05,0.007084972898298383,0.029062395145460187
1.06,0.9943225204165643,2.344946571173634e-05,0.0070034559477492545,0.029329095436319317
1.07,0.9942685148367969,2.3539544752212577e-05,0.006922971052762173,0.02959345444386245
1.08,0.9942144969608465,2.3628159634210823e-05,0.006843572267374113,0.02985542963975543
1.09,0.9941604667839957,2.3715442599460794e-05,0.006765311748113046,0.030114980469552282
1.1,0.9941064243062262,2.3801519770972598e-05,0.006688234187539946,0.03037207407028957
1.11,0.9940523695310762,2.3886511637697962e-05,0.006612378664654924,0.030626683332543144
1.12,0.9939983024653227,2.3970532786550923e-05,0.006537778909239732,0.030878786599587725
1.1300000000000001,0.9939442231187906,2.4053693599266975e-05,0.006464464753825274,0.031128366233417856
1.1400000000000001,0.9938901315041485,2.4136100307334745e-05,0.0063924624735941125,0.03137540825490667
1.1500000000000001,0.9938360276366777,2.4217851806069644e-05,0.0063217929312744765,0.03161990410411235
1.16,0.9937819115340765,2.4299040807068495e-05,0.006252472660386746,0.03186184956244471
1.17,0.9937277832162482,2.437975380609292e-05,0.006184514044683058,0.03210124455123533
1.18,0.9936736427049286,2.4460076502847768e-05,0.006117926454979199,0.03233809209774543
1.19,0.9936194900236013,2.454008940600932e-05,0.006052715660802377,0.03257239880163229
1.2,0.9935653251973245,2.4619866425464763e-05,0.005988883767114955,0.03280417484473703
1.21,0.9935111482524749,2.469947635204965e-05,0.005926429658587091,0.03303343355943775
1.22,0.9934569592166632,2.4778983071028474e-05,0.005865349296409595,0.033260191126872084
1.23,0.9934027581192725,2.485844677428707e-05,0.005805636549236278,0.03348446581833091
1.24,0.9933485449903332,2.4937922501195772e-05,0.005747282595450235,0.03370627845856634
1.25,0.9932943198605284,2.5017460493122314e-05,0.005690276295403406,0.03392565205950355
1.26,0.9932400827610948,2.5097106383668568e-05,0.005634604475798208,0.03414261152909548
1.27,0.9931858337240863,2.5176902090698867e-05,0.005580251987962833,0.0343571836627752
1.28,0.993131572782708,2.5256886841970547e-05,0.005527201741549928,0.03456939717017262
1.29,0.9930772999698521,2.5337094820173975e-05,0.005475435360107136,0.03477928180952367
1.3,0.9930230153184761,2.541755627233742e-05,0.005424933199365184,0.03498686843649927
1.31,0.9929687188614694,2.5498297655140785e-05,0.0053756745428740335,0.03519218879856224
1.32,0.992914410631504,2.5579341754311882e-05,0.005327637799288952,0.03539527532548112
1.33,0.9928600906621572,2.5660710542634396e-05,0.005280799678489786,0.03559616214020434
1.34,0.9928057589871043,2.574242388063402e-05,0.005235135917872189,0.03579488421717873
1.35,0.992751415639097,2.5824497759118905e-05,0.005190622179471114,0.035991476336512444
1.36,0.9926970606504393,2.5906945763255162e-05,0.0051472337458461845,0.03618597347369503
1.37,0.9926426940528689,2.5989779257144148e-05,0.00510494569306325,0.03637841061915676
1.3800000000000001,0.9925883158775982,2.6073007500200018e-05,0.005063732910590677,0.03656882276630528
1.3900000000000001,0.9925339261569357,2.6156637091697094e-05,0.005023568613164108,0.03675724655921988
1.4000000000000001,0.9924795249221683,2.62406730055339e-05,0.00498442642214971,0.03694371801194957
1.41,0.9924251122036385,2.6325118691626605e-05,0.0049462803518061675,0.03712827253356574
1.42,0.9923706880309986,2.640997610159353e-05,0.004909104625605712,0.03731094514024275
1.43,0.9923162524331355,2.6495245855050195e-05,0.004872873808178359,0.03749177031998068
1.44,0.992261805438519,2.6580927030693037e-05,0.00483756242582726,0.03767078244641085
1.45,0.9922073470761795,2.6667016403176022e-05,0.004803143831636663,0.03784801700362562
1.46,0.9921528773737408,2.6753510278838765e-05,0.0047695926129232855,0.038023508007859974
1.47,0.9920983963580342,2.6840404053320245e-05,0.004736883893522351,0.038197288762956014
1.48,0.9920439040551352,2.692769227817623e-05,0.004704993329866987,0.03836939187095357
1.49,0.9919894004903226,2.7015368796604798e-05,0.004673897201264864,0.03853984914154838
1.5,0.9919348856885368,2.71034267624568e-05,0.004643571535585213,0.03870869251784813
1.51,0.9918803596743442,2.7191858774691775e-05,0.004613992189043011,0.03887595399688549
1.52,0.9918258224712034,2.7280657174871402e-05,0.0045851362734037225,0.039041664130480117
1.53,0.9917712741018083,2.736981409315628e-05,0.004556981504698404,0.039205852716010806
1.54,0.9917167145880655,2.745932157956483e-05,0.004529506256586127,0.039368548744766724
1.55,0.991662143951107,2.7549171652845668e-05,0.00450268956859339,0.03952978039716196
1.56,0.9916075622120664,2.763935449540779e-05,0.004476510122529855,0.03968957610983489
1.57,0.9915529693913185,2.7729860373778808e-05,0.004450947292371149,0.03984796348877699
1.58,0.9914983655083421,2.7820680046138062e-05,0.0044259813521132915,0.04000496909718221
1.59,0.9914437505819361,2.7911804316881077e-05,0.004401593208901777,0.04016061873645316
1.6,0.991389124630217,2.800322411896639e-05,0.004377764429901437,0.040314937422061936
1.61,0.99133448767071,2.8094930302087646e-05,0.004354477120127078,0.04046794951167926
1.62,0.9912798397207762,2.8186912361243583e-05,0.004331713263442652,0.040619679381766555
1.6300000000000001,0.9912251807969811,2.8279160503220864e-05,0.004309455754663774,0.040770150376423946
1.6400000000000001,0.9911705109152681,2.8371665175461e-05,0.004287688146015299,0.04091938506973895
1.6500000000000001,0.9911158300910167,2.8464416957791164e-05,0.0042663945774284295,0.041067405340312446
1.6600000000000001,0.9910611383390515,2.855740660807365e-05,0.004245559784818404,0.041214232366114406
1.67,0.991006435673677,2.865062505186488e-05,0.004225168879226089,0.041359886847908936
1.68,0.990951722108705,2.8744063384043285e-05,0.004205207174941133,0.041504389183818886
1.69,0.9908969976574061,2.8837713049363097e-05,0.0041856607498637665,0.04164775891346336
1.7,0.9908422623325464,2.89315658253598e-05,0.004166516197008016,0.04179001496895272
1.71,0.9907875161463979,2.902561386368463e-05,0.004147760615120822,0.041931175687359254
1.72,0.990732759111418,2.9119850399178783e-05,0.0041293811844044835,0.04207125936563057
1.73,0.9906779912373317,2.9214265661443295e-05,0.0041113668801152055,0.04221028195055062
1.74,0.9906232125365332,2.9308853156199602e-05,0.004093705160300852,0.04234826141276357
1.75,0.9905684230194955,2.9403605579299054e-05,0.004076384915684448,0.042485213936048156
1.76,0.9905136226963501,2.94985159736394e-05,0.0040593954276147304,0.042621155247361465
1.77,0.9904588115768871,2.959357772916479e-05,0.004042726368066143,0.042756100616838946
1.78,0.990403989670565,2.9688784480876453e-05,0.00402636778252343,0.042890064873405576
1.79,0.9903491569865891,2.978412929436228e-05,0.0040103099533007345,0.04302306252944401
1.8,0.9902943135338007,2.9879605819592415e-05,0.0039945435931665815,0.043155107604187094
1.81,0.9902394593206945,2.9975208105552908e-05,0.003979059814236506,0.043286213652091246
1.82,0.9901845943554328,3.007093045178629e-05,0.003963850103059231,0.043416393785560614
1.83,0.9901297186458463,3.016676740839155e-05,0.003948906320616659,0.0435456606749471
1.84,0.9900748321995233,3.0262713766381814e-05,0.003934220538980402,0.04367402672658625
1.85,0.9900199350238903,3.0358764549089328e-05,0.003919784895710026,0.0438015042414956
1.86,0.9899650271259447,3.0454915040807896e-05,0.0039055920790631855,0.04392810488652085
1.87,0.98991010851237,3.055116077440699e-05,0.0038916351181754187,0.04405383992302898
1.8800000000000001,0.9898551791895409,3.064749753085951e-05,0.0038779073750603668,0.044178720215627576
1.8900000000000001,0.9898002391635333,3.074392133411462e-05,0.003864402533334052,0.044302756245083126
1.9000000000000001,0.9897452884406254,3.08404282162816e-05,0.0038511140818033745,0.044425958699957815
1.9100000000000001,0.9896903270268423,3.0937014430938986e-05,0.00383803578357906,0.04454833793916124
1.92,0.9896353549277739,3.1033676539261e-05,0.0038251618654862756,0.044669903774948415
1.93,0.9895803721487623,3.113041132147738e-05,0.0038124868233456208,0.04479066569600341
1.94,0.9895253786949021,3.122721577687335e-05,0.0038000054219731317,0.04491063286743932
1.95,0.9894703745711413,3.132408702873299e-05,0.003787712600153031,0.04502981423986616
1.96,0.9894153597827059,3.142102192064771e-05,0.0037756030670711553,0.04514821901258584
1.97,0.9893603343343779,3.1518017702052164e-05,0.0037636719876387214,0.04526585584700932
1.98,0.9893052982306935,3.161507183960148e-05,0.003751914793927894,0.04538273308308216
1.99,0.9892502514759981,3.171218196577066e-05,0.003740327133787149,0.0454988587982614
2.0,0.9891951940744458,3.180934587885464e-05,0.003728904870841273,0.045614240807515555
2.0100000000000002,0.9891401260302158,3.190656139899189e-05,0.003717643852349188,0.045728886928949296
2.02,0.9890850473475237,3.200382636114205e-05,0.0037065398978812117,0.04584280499675927
2.0300000000000002,0.9890299580302373,3.210113886994814e-05,0.0036955892102496636,0.04595600239103393
2.04,0.9889748580820729,3.21984971695922e-05,0.0036847881656688676,0.04606848627785922
2.05,0.988919747506596,3.229589964308602e-05,0.0036741333126115044,0.04618026361062728
2.06,0.988864626307238,3.239334480226268e-05,0.003663621352442345,0.046291341152032296
2.07,0.9888094944875722,3.249083111903077e-05,0.003653248812897114,0.04640172584492872
2.08,0.9887543520509938,3.258835722044344e-05,0.003643012425538927,0.04651142438362149
2.09,0.9886991990007101,3.268592189582857e-05,0.003632909139555006,0.04662044319819586
2.1,0.9886440353398103,3.2783524052953784e-05,0.003622936036936507,0.04672878855085507
2.11,0.9885888610712668,3.288116271802643e-05,0.003613090332478522,0.04683646653592024
2.12,0.9885336761980332,3.297883691309119e-05,0.003603369270541803,0.0469434831977793
2.13,0.9884784807231405,3.307654553797084e-05,0.0035937700256401146,0.047049844644465
2.14,0.9884232746493955,3.3174287742905015e-05,0.003584290016223456,0.04715555668916037
2.15,0.9883680579795092,3.327206277001468e-05,0.0035749267711820878,0.04726062500271664
2.16,0.9883128307161023,3.3369869946817984e-05,0.0035656779243864374,0.04736505511989139
2.17,0.988257592861714,3.346770867536497e-05,0.0035565412044188203,0.04746885245113103
2.18,0.9882023444189701,3.356557823846715e-05,0.0035475142514486448,0.04757202249269948
2.19,0.9881470853903922,3.366347802050679e-05,0.0035385948259105396,0.04767457058722801
2.2,0.9880918157783865,3.376140751937944e-05,0.003529780819790756,0.0477765019107645
2.21,0.9880365355852889,3.385936629492164e-05,0.003521070207888235,0.0478778215286995
2.22,0.9879812448133654,3.395735396891093e-05,0.0035124610478146035,0.04797853439576627
2.23,0.9879259434648641,3.405537018546511e-05,0.003503951415049061,0.048078645430761215
2.24,0.9878706315420701,3.4153414570070435e-05,0.0034955393357445955,0.0481781595938516
2.25,0.9878153090471403,3.425148685381967e-05,0.003487222990478335,0.0482770816521571
2.2600000000000002,0.9877599759821728,3.4349586821151824e-05,0.0034790006285446732,0.04837541627835713
2.27,0.9877046323492096,3.444771430752926e-05,0.0034708705641458273,0.04847316805507365
2.2800000000000002,0.9876492781515894,3.454586809545898e-05,0.0034628295725062166,0.04857034378884354
2.29,0.9875939133878876,3.464405080439405e-05,0.0034548800897899593,0.04866694208533572
2.3000000000000003,0.9875385380625932,3.474226024562449e-05,0.003447017534024575,0.04876297168822074
2.31,0.9874831521774518,3.484049647783249e-05,0.003439240575507216,0.04885843665400224
2.32,0.9874277557342086,3.493875955970029e-05,0.0034315478845350325,0.048953341039183904
2.33,0.9873723487346092,3.503704954991008e-05,0.003423938131405174,0.049047688900269386
2.34,0.9873169311804064,3.513536647648009e-05,0.003416409981441212,0.04914148428349278
2.35,0.987261503073365,3.523371031575595e-05,0.003408962091585614,0.04923473121778267
2.36,0.9872060644152378,3.5332081095624824e-05,0.0034015931271406943,0.04932743374932926
2.37,0.9871506152077771,3.543047884612208e-05,0.0033943017537571936,0.0494195959250422
2.38,0.9870951554527352,3.552890359728309e-05,0.0033870866370858533,0.04951122179183112
2.39,0.987039685151864,3.56273553791432e-05,0.0033799464427774146,0.04960231539660567
2.4,0.986984204306896,3.57258342338068e-05,0.00337287986062629,0.04969288074615967
2.41,0.9869287129192442,3.582434039481095e-05,0.0033658859633820494,0.04978292121098939
2.42,0.986873210990442,3.592287402349213e-05,0.0033589636793592125,0.04987244040157656
2.43,0.9868176985221144,3.602143522620484e-05,0.003352111826882545,0.04996144211115593
2.44,0.9867621755158867,3.612002410930355e-05,0.003345329224276815,0.050049930132962245
2.45,0.9867066419733839,3.621864077914276e-05,0.003338614689866788,0.05013790826023025
2.46,0.9866510978962308,3.6317285342076944e-05,0.003331967041977231,0.05022538028619468
2.47,0.9865955432858816,3.641595795399065e-05,0.0033253853326916587,0.05031234962696704
2.48,0.986539978143567,3.6514658835169346e-05,0.0033188689180360395,0.0503988192083081
2.49,0.9864844024707654,3.661338813436531e-05,0.003312416816432924,0.05048479250063461
2.5,0.9864288162689616,3.67121459985328e-05,0.003306028037819154,0.050570272988053354
2.5100000000000002,0.9863732195396401,3.681093257462611e-05,0.0032997015921315677,0.05065526415467109
2.52,0.9863176122842856,3.6909748009599493e-05,0.0032934364893070053,0.05073976948459457
2.5300000000000002,0.9862619945043604,3.700859245834586e-05,0.0032872317668117164,0.05082379241121509
2.54,0.9862063662010637,3.710746616927986e-05,0.0032810867864250977,0.050907335770464676
2.5500000000000003,0.9861507273757122,3.720636934902226e-05,0.0032750007649943913,0.050990402665273646
2.56,0.986095078029687,3.730530218131378e-05,0.003268972840023835,0.051072996344740336
2.57,0.9860394181643692,3.7404264849895145e-05,0.003263002149017666,0.05115512005796309
2.58,0.9859837477811401,3.750325753850708e-05,0.0032570878294801205,0.05123677705404027
2.59,0.9859280668813807,3.760228043089029e-05,0.0032512290189154365,0.05131797058207021
2.6,0.9858723754663613,3.7701333770725146e-05,0.0032454249848137794,0.051398703632792614
2.61,0.9858166735372391,3.780041786251421e-05,0.003239675126565299,0.05147897893478424
2.62,0.9857609610953052,3.7899532938808424e-05,0.003233978687524758,0.05155879952675605
2.63,0.985705238141852,3.7998679231233966e-05,0.0032283349090414643,0.05163816845140506
2.64,0.9856495046781718,3.8097856971417e-05,0.003222743032464727,0.05171708875142827
2.65,0.9855937607055568,3.819706639107594e-05,0.0032172022996387003,0.05179556346849737
2.66,0.9855380062251883,3.829630774826595e-05,0.003211712093676194,0.05187359535158355
2.67,0.9854822412382295,3.8395581305314595e-05,0.0032062718206071097,0.051951187102175035
2.68,0.9854264657459123,3.849488730824345e-05,0.003200880798996874,0.05202834160298147
2.69,0.9853706797494686,3.8594226003074074e-05,0.0031955383474109133,0.052105061736712484
2.7,0.9853148832501302,3.869359763582806e-05,0.0031902437844146536,0.052181350386077706
2.71,0.9852590762491245,3.879300245027846e-05,0.0031849964355772937,0.05225721041932641
2.72,0.9852032587475668,3.889244063601422e-05,0.0031797957952449376,0.0523326443562422
2.73,0.9851474307466013,3.899191239634861e-05,0.0031746413150140315,0.052407654804871834
2.74,0.9850915922474094,3.909141795291429e-05,0.0031695323894184195,0.05248224449107656
2.75,0.9850357432511728,3.919095752734392e-05,0.0031644684129919463,0.05255641614071761
2.7600000000000002,0.9849798837590731,3.929053134127018e-05,0.0031594487802684575,0.05263017247965622
2.77,0.9849240137722798,3.939013961213242e-05,0.0031544729035308527,0.05270351619434573
2.7800000000000002,0.9848681332918615,3.948978252276857e-05,0.0031495403415210802,0.052776449646059306
2.79,0.9848122423189378,3.958946027343595e-05,0.003144650579249122,0.05284897535977575
2.8000000000000003,0.984756340854647,3.968917307093466e-05,0.003139803074031231,0.05292109592196173
2.81,0.9847004289001278,3.978892112206478e-05,0.0031349972831836606,0.052992813919083906
2.82,0.9846445064565184,3.988870463362639e-05,0.003130232664022665,0.05306413193760894
2.83,0.9845885735249231,3.9988523835651414e-05,0.0031255087116081066,0.053135052462461814
2.84,0.9845326301063312,4.008837903727621e-05,0.0031208250495171324,0.05320557763281719
2.85,0.984476676201831,4.0188270479395373e-05,0.0031161811904577095,0.05327570988612131
2.86,0.9844207118125237,4.0288198394243136e-05,0.0031115766330677267,0.05334545169767318
2.87,0.9843647369395105,4.038816301405373e-05,0.003107010875985071,0.05341480554277178
2.88,0.984308751583893,4.048816457106138e-05,0.0031024834178476307,0.053483773896716116
2.89,0.9842527557467721,4.058820329750032e-05,0.003097993757293294,0.05355235923480518
2.9,0.9841967494292492,4.068827942560476e-05,0.003093541392959948,0.05362056403233797
2.91,0.9841407326324254,4.078839318760895e-05,0.003089125823485481,0.053688390764613486
2.92,0.9840847053573923,4.088854480894768e-05,0.003084746563287681,0.05375584186980361
2.93,0.9840286676050638,4.0988734392370404e-05,0.003080403411508685,0.053822919116177884
2.94,0.9839726193764301,4.1088962093572145e-05,0.003076096044416173,0.05388962456110612
2.95,0.9839165606725409,4.1189228109003774e-05,0.0030718240436929424,0.0539559604844984
2.96,0.9838604914944454,4.128953263511615e-05,0.003067586991021792,0.05402192916626481
2.97,0.9838044118431932,4.138987586836016e-05,0.0030633844680855197,0.054087532886315445
2.98,0.9837483217198338,4.149025800518665e-05,0.0030592160565669235,0.05415277392456038
2.99,0.9836922211254167,4.1590679242046506e-05,0.003055081338148801,0.05421765456090971
3.0,0.9836361100609912,4.169113977539058e-05,0.0030509798945139504,0.05428217707527352
3.0100000000000002,0.9835799885276068,4.1791639801669754e-05,0.00304691130734517,0.05434634374756189
3.02,0.9835238565262422,4.189217931513617e-05,0.0030428753090723172,0.05441015647564327
3.0300000000000002,0.983467714057842,4.199275821250416e-05,0.0030388717048435393,0.054473616973094524
3.04,0.983411561123424,4.209337660032507e-05,0.0030349001433652486,0.054536727349966285
3.0500000000000003,0.9833553977240066,4.2194034585616485e-05,0.0030309602729962546,0.05459948971719014
3.06,0.9832992238606078,4.2294732275396e-05,0.003027051742095366,0.054661906185697676
3.0700000000000003,0.9832430395342457,4.2395469776681216e-05,0.003023174199021392,0.05472397886642048
3.08,0.9831868447459386,4.249624719648971e-05,0.003019327292133142,0.054785709870290106
3.09,0.9831306394967047,4.2597064641839094e-05,0.0030155106697894243,0.054847101308238166
3.1,0.9830744237875619,4.2697922219746954e-05,0.003011723980349049,0.05490815529119623
3.11,0.9830181976194985,4.279882005300162e-05,0.003007966902072354,0.05496887381116704
3.12,0.9829619609934044,4.289975831572952e-05,0.0030042392105573633,0.05502925847300736
3.13,0.9829057139102554,4.3000737137035997e-05,0.003000540596041547,0.055089311221082696
3.14,0.982849456371038,4.31017566406328e-05,0.0029968707385360266,0.055149034040432324
3.15,0.9827931883767385,4.320281695023164e-05,0.0029932293180519247,0.05520842891609551
3.16,0.982736909928343,4.330391818954428e-05,0.0029896160146003626,0.05526749783311153
3.17,0.9826806210268378,4.340506048228245e-05,0.0029860305081924636,0.055326242776519645
3.18,0.9826243216732093,4.350624395215788e-05,0.0029824724788393487,0.055384665731359126
3.19,0.9825680118684438,4.360746872288231e-05,0.0029789416065521407,0.05544276868266925
3.2,0.9825116916135191,4.370873493663688e-05,0.0029754375778617247,0.05550055359034476
3.21,0.9824553609092725,4.3810043046122855e-05,0.0029719601889136925,0.05555802199153355
3.22,0.9823990197566056,4.391139336270569e-05,0.0029685091859615893,0.05561517561580026
3.23,0.9823426681564651,4.401278609723296e-05,0.002965084279775804,0.055672016329556075
3.24,0.9822863061097978,4.411422146055228e-05,0.002961685181126723,0.055728545999212176
3.25,0.9822299336175506,4.4215699663511226e-05,0.0029583116007847344,0.05578476649117974
3.2600000000000002,0.9821735506806704,4.43172209169574e-05,0.002954963249520226,0.05584067967186997
3.27,0.9821171573001038,4.441878543173839e-05,0.0029516398381035855,0.05589628740769402
3.2800000000000002,0.9820607534767979,4.45203934187018e-05,0.0029483410773052,0.05595159156506311
3.29,0.9820043392116995,4.46220450886952e-05,0.002945066677895458,0.05600659401038839
3.3000000000000003,0.9819479145057339,4.472374061395818e-05,0.002941816393459613,0.056061296488805056
3.31,0.9818914793597489,4.482548002604322e-05,0.0029385901335996145,0.05611570030352038
3.3200000000000003,0.9818350337746581,4.4927263476168467e-05,0.002935387675212697,0.05616980713363677
3.33,0.9817785777513846,4.5029091132115796e-05,0.0029322087768275146,0.05622361871028688
3.34,0.9817221112908513,4.51309631616671e-05,0.002929053196972721,0.05627713676460336
3.35,0.9816656343939814,4.523287973260425e-05,0.00292592069417697,0.05633036302771886
3.36,0.9816091470616978,4.533484101270913e-05,0.0029228110269689154,0.05638329923076605
3.37,0.9815526492949234,4.543684716976364e-05,0.0029197239538772102,0.056435947104877565
3.38,0.9814961410945812,4.553889837154963e-05,0.0029166592334305087,0.05648830838118607
3.39,0.9814396224615942,4.5640994785849016e-05,0.002913616624157465,0.05654038479082422
3.4,0.9813830933968866,4.574313623518163e-05,0.0029105959610885813,0.056592177819760225
3.41,0.9813265539013825,4.584532228337942e-05,0.0029075971365734514,0.056643688770272614
3.42,0.9812700039760055,4.59475529283236e-05,0.0029046199467866723,0.056694919252850605
3.43,0.981213443621679,4.604982817194424e-05,0.0029016641870057143,0.05674587088085841
3.44,0.9811568728393264,4.61521480161714e-05,0.0028987296525080485,0.05679654526766025
3.45,0.9811002916298712,4.6254512462935146e-05,0.0028958161385711444,0.05684694402662037
3.46,0.9810436999942369,4.6356921514165534e-05,0.002892923440472473,0.056897068771102975
3.47,0.9809870979333467,4.645937517179264e-05,0.002890051353489505,0.05694692111447229
3.48,0.9809304854481241,4.656187343774653e-05,0.00288719967289971,0.05699650267009254
3.49,0.9808738625394912,4.6664416311755576e-05,0.002884368195405633,0.057045815042311626
3.5,0.9808172292083266,4.6767003719498133e-05,0.0028815567656398137,0.05709485953222838
3.5100000000000002,0.9807605854555224,4.68696356092687e-05,0.002878765213596162,0.057143637533559014
3.52,0.9807039312819888,4.69723119611678e-05,0.0028759933486816355,0.057192150570271674
3.5300000000000002,0.9806472666886367,4.707503275529599e-05,0.0028732409803031906,0.057240400166334506
3.54,0.9805905916763765,4.7177797971753825e-05,0.002870507917867784,0.05728838784571565
3.5500000000000003,0.9805339062461189,4.728060759064184e-05,0.002867793970782373,0.057336115132383264
3.56,0.9804772103987744,4.738346159206058e-05,0.0028650989484539143,0.057383583550305484
3.5700000000000003,0.9804205041352537,4.748635995611059e-05,0.0028624226602893647,0.05743079462345046
3.58,0.9803637874564672,4.758930266289241e-05,0.0028597649156956815,0.05747774987578633
3.59,0.9803070603632992,4.7692289801193185e-05,0.0028571255336219104,0.057524450773025135
3.6,0.9802503228564896,4.779532204724357e-05,0.0028545043845914324,0.057570898466008706
3.61,0.9801935749368873,4.78983996346308e-05,0.002851901300265955,0.05761709434283609
3.62,0.9801368166053647,4.8001522699566494e-05,0.002849316103758132,0.05766303984379977
3.63,0.980080047862794,4.810469137826222e-05,0.002846748618180618,0.05770873640919225
3.64,0.9800232687100477,4.8207905806929586e-05,0.0028441986666460674,0.05775418547930603
3.65,0.9799664791479983,4.831116612178015e-05,0.002841666072267135,0.0577993884944336
3.66,0.9799096791775181,4.841447245902553e-05,0.002839150658156475,0.057844346894867456
3.67,0.9798528687994796,4.8517824954877294e-05,0.0028366522474267417,0.05788906212090008
3.68,0.9797960480147551,4.862122374554704e-05,0.0028341706631905893,0.05793353561282397
3.69,0.979739216824217,4.8724668967246354e-05,0.002831705728560673,0.05797776881093164
3.7,0.9796823752286621,4.882816091090301e-05,0.002829257341497463,0.05802176289019697
3.71,0.9796255232288554,4.893169993254302e-05,0.002826825431454325,0.05806551891395867
3.72,0.9795686608256398,4.9035286228777165e-05,0.0028244098507635342,0.0581090382189323
3.73,0.979511788019858,4.913891999595252e-05,0.0028220104516297824,0.058152322142285634
3.74,0.9794549048123535,4.924260143041614e-05,0.002819627086257761,0.058195372021186485
3.75,0.979398011203969,4.934633072851508e-05,0.0028172596068521617,0.058238189192802645
3.7600000000000002,0.9793411071955475,4.945010808659643e-05,0.002814907865617677,0.05828077499430191
3.77,0.9792841927879321,4.955393370100724e-05,0.0028125717147589983,0.05832313076285208
3.7800000000000002,0.9792272679819657,4.9657807768094576e-05,0.0028102510064808178,0.05836525783562096
3.79,0.9791703327784914,4.97617304842055e-05,0.002807945592987827,0.05840715754977632
3.8000000000000003,0.9791133871783588,4.9865701945009284e-05,0.002805655338151572,0.0584488311994515
3.81,0.9790564311824725,4.996972139564087e-05,0.0028033802044061524,0.05849027971522085
3.8200000000000003,0.9789994647917023,5.007378862208662e-05,0.00280112009151013,0.058531504258844444
3.83,0.9789424880069053,5.017790360198462e-05,0.0027988748770128684,0.05857250607400344
3.84,0.9788855008289388,5.028206631297299e-05,0.002796644438463732,0.05861328640437899
3.85,0.9788285032586599,5.0386276732689825e-05,0.0027944286534120847,0.058653846493652254
3.86,0.978771495296926,5.0490534838773204e-05,0.002792227399407291,0.05869418758550438
3.87,0.978714476944594,5.059484060886126e-05,0.0027900405539987147,0.058734310923616535
3.88,0.9786574482025214,5.0699194020592056e-05,0.0027878679947357203,0.05877421775166987
3.89,0.9786004090715653,5.0803595051603716e-05,0.0027857095991676716,0.058813909313345535
3.9,0.9785433595525829,5.090804367953433e-05,0.0027835652448439333,0.0588533868523247
3.91,0.9784862996464689,5.101253945994391e-05,0.0027814348218660762,0.05889265146810089
3.92,0.978429229354153,5.1117081559143945e-05,0.0027793182319115583,0.058931704127195096
3.93,0.9783721486765112,5.122166974278325e-05,0.0027772153588341065,0.05897054600087005
3.94,0.9783150576144188,5.132630378603989e-05,0.0027751260862040566,0.05900917826364381
3.95,0.9782579561687511,5.143098346409195e-05,0.002773050297591744,0.05904760209003444
3.96,0.9782008443403832,5.1535708552117485e-05,0.002770987876567505,0.05908581865456
3.97,0.9781437221301904,5.164047882529458e-05,0.0027689387067016753,0.05912382913173855
3.98,0.9780865895390479,5.17452940588013e-05,0.0027669026715645903,0.05916163469608816
3.99,0.9780294465678311,5.185015402781573e-05,0.0027648796547265863,0.05919923652212688
4.0,0.9779722932174151,5.195505850751593e-05,0.002762869539757998,0.05923663578437277
4.01,0.9779151294886642,5.206000732673967e-05,0.0027608722110565587,0.05927383363882898
4.0200000000000005,0.9778579553822884,5.216500106791852e-05,0.0027588875646399015,0.05931083098147622
4.03,0.9778007708990794,5.2270039914269365e-05,0.0027569154903700445,0.0593476288460415
4.04,0.9777435760398759,5.2375123818519e-05,0.0027549558745550025,0.059384228345780894
4.05,0.977686370805517,5.248025273339422e-05,0.0027530086035027924,0.059420630593950495
4.0600000000000005,0.9776291551968416,5.2585426611621814e-05,0.0027510735635214293,0.059456836703806366
4.07,0.9775719292146884,5.269064540592855e-05,0.00274915064091893,0.059492847788604586
4.08,0.9775146928598965,5.2795909069041213e-05,0.0027472397220033103,0.05952866496160124
4.09,0.9774574461333045,5.290121755368661e-05,0.002745340693082586,0.059564289336052394
4.1,0.9774001890357517,5.30065708125915e-05,0.002743453440464773,0.05959972202521414
4.11,0.9773429215680767,5.31119687984827e-05,0.002741577850457888,0.05963496414234254
4.12,0.9772856437311185,5.321741146408697e-05,0.002739713809369946,0.059670016800693684
4.13,0.9772283555256288,5.332289921202665e-05,0.0027378612265353225,0.05970488100620152
4.14,0.9771710569521295,5.34284336301048e-05,0.002736020071947798,0.05973955748207632
4.15,0.9771137480113725,5.353401511863075e-05,0.002734190254823363,0.059774047234803805
4.16,0.9770564287041316,5.363964396840017e-05,0.0027323716787729297,0.059808351296994064
4.17,0.9769990990311799,5.374532047020874e-05,0.0027305642474074097,0.059842470701257165
4.18,0.9769417589932907,5.3851044914852155e-05,0.0027287678643377147,0.059876406480203204
4.19,0.9768844085912375,5.395681759312611e-05,0.0027269824331747567,0.05991015966644226
4.2,0.9768270478257937,5.406263879582627e-05,0.002725207857529447,0.05994373129258441
4.21,0.9767696766977324,5.416850881374833e-05,0.0027234440410126982,0.059977122391239736
4.22,0.9767122952078273,5.4274427937687974e-05,0.0027216908872354215,0.06001033399501833
4.23,0.9766549033568515,5.43803964584409e-05,0.0027199482998085285,0.06004336713653027
4.24,0.9765975011455785,5.448641466679838e-05,0.0027182161823467903,0.060076222848372225
4.25,0.9765400885747395,5.459248276998288e-05,0.0027164945121158977,0.06010890190716436
4.26,0.9764826656450579,5.469860095972692e-05,0.0027147832800330798,0.0601414050420804
4.2700000000000005,0.9764252323572937,5.4804769500106395e-05,0.0027130824132579365,0.06017373320388609
4.28,0.9763677887122069,5.4910988655197193e-05,0.0027113918389500683,0.06020588734334718
4.29,0.9763103347105571,5.50172586890752e-05,0.002709711484269075,0.06023786841122939
4.3,0.9762528703531044,5.512357986581631e-05,0.002708041276374558,0.06026967735829848
4.3100000000000005,0.9761953956406086,5.522995244949641e-05,0.002706381142426116,0.060301315135320194
4.32,0.9761379105738297,5.5336376704191387e-05,0.0027047310095833508,0.060332782693060256
4.33,0.9760804151535276,5.5442852893977125e-05,0.0027030908050058615,0.06036408098228442
4.34,0.9760229093804622,5.554938128292952e-05,0.0027014604558532494,0.06039521095375842
4.3500000000000005,0.9759653932553933,5.565596213512447e-05,0.0026998398892851137,0.060426173558247996
4.36,0.9759078667791066,5.576259550616576e-05,0.0026982290349651795,0.06045696972440218
4.37,0.9758503299526848,5.586927903310343e-05,0.002696627851608339,0.060487600124286875
4.38,0.9757927827770402,5.5976011744115704e-05,0.0026950362812195408,0.06051806557755204
4.39,0.975735225253002,5.608279333619886e-05,0.0026934542577700285,0.06054836697480221
4.4,0.9756776573814002,5.618962350634919e-05,0.0026918817152310447,0.06057850520664195
4.41,0.9756200791630643,5.629650195156297e-05,0.002690318587573834,0.0606084811636758
4.42,0.9755624905988238,5.640342836883648e-05,0.0026887648087696395,0.06063829573650831
4.43,0.9755048916895086,5.6510402455165994e-05,0.0026872203127897044,0.06066794981574402
4.44,0.9754472824359482,5.661742390754783e-05,0.0026856850336052732,0.06069744429198749
4.45,0.9753896628389723,5.672449242297823e-05,0.0026841589051875884,0.06072678005584326
4.46,0.9753320328994105,5.683160769845349e-05,0.0026826418615078945,0.06075595799791589
4.47,0.9752743926180923,5.69387694309699e-05,0.002681133836537434,0.06078497900880991
4.48,0.9752167419959603,5.704597646907897e-05,0.002679634748153566,0.06081384392997088
4.49,0.9751590810342166,5.715322570100146e-05,0.002678144477048749,0.060842553489262534
4.5,0.975101409733798,5.7260516015000536e-05,0.002676662941853618,0.060871108530431324
4.51,0.9750437280956216,5.736784645131696e-05,0.0026751900640816268,0.060899509906029305
4.5200000000000005,0.9749860361206039,5.747521605019149e-05,0.0026737257652462276,0.06092775846860853
4.53,0.9749283338096619,5.7582623851864894e-05,0.002672269966860874,0.060955855070721036
4.54,0.9748706211637124,5.769006889657793e-05,0.002670822590439018,0.06098380056491888
4.55,0.974812898183672,5.7797550224571365e-05,0.0026693835574941134,0.061011595803754114
4.5600000000000005,0.9747551648704577,5.790506687608598e-05,0.002667952789539613,0.061039241639778787
4.57,0.974697421224986,5.801261789136251e-05,0.0026665302080889687,0.06106673892554494
4.58,0.974639667248067,5.812020301183687e-05,0.0026651157381275175,0.06109408848443664
4.59,0.974581902939879,5.8227826116025675e-05,0.002663709325124855,0.06112129096774554
4.6000000000000005,0.9745241283010568,5.833548809067971e-05,0.0026623108997372064,0.0611483471512134
4.61,0.9744663433323465,5.844318909654308e-05,0.002660920389026063,0.06117525784078209
4.62,0.9744085480344936,5.8550929294359895e-05,0.0026595377200529144,0.06120202384239346
4.63,0.9743507424082442,5.865870884487427e-05,0.0026581628198792525,0.06122864596198938
4.64,0.9742929264543436,5.876652790883031e-05,0.0026567956155665678,0.06125512500551172
4.65,0.9742351001735381,5.887438664697214e-05,0.0026554360341763503,0.06128146177890232
4.66,0.9741772635665732,5.8982285220043844e-05,0.002654084002770091,0.06130765708810306
4.67,0.9741194166341947,5.909022378878955e-05,0.0026527394484092814,0.0613337117390558
4.68,0.974061559377109,5.919820276681697e-05,0.0026514023037673856,0.06135962652373036
4.69,0.974003691795298,5.9306227207190844e-05,0.002650072604484486,0.06138540197774216
4.7,0.9739458138890661,5.941430009809015e-05,0.002648750340373256,0.061411038750802435
4.71,0.9738879256589639,5.952242284923923e-05,0.002647435466214652,0.06143653757984033
4.72,0.9738300271055423,5.963059687036246e-05,0.0026461279367896314,0.06146189920178498
4.73,0.9737721182293521,5.9738823571184194e-05,0.0026448277068791505,0.061487124353565514
4.74,0.973714199030944,5.9847104361428765e-05,0.0026435347312641676,0.06151221377211108
4.75,0.9736562695108689,5.9955440650820545e-05,0.002642248964725639,0.061537168194350816
4.76,0.9735983296696775,6.006383384908389e-05,0.0026409703620445227,0.06156198835721386
4.7700000000000005,0.9735403795079206,6.017228536594315e-05,0.0026396988780017744,0.06158667499762936
4.78,0.9734824191448509,6.028086605148913e-05,0.0026384283833469856,0.061611348739686746
4.79,0.9734244483122537,6.0389416694081184e-05,0.002637172661375098,0.061635738307460664
4.8,0.9733664671678098,6.049802730419638e-05,0.002635923665079467,0.061660002585344584
4.8100000000000005,0.9733084757115193,6.0606697881834735e-05,0.002634681394460092,0.061684141573338507
4.82,0.9732504739433823,6.071542842699621e-05,0.0026334458495169736,0.06170815527144244
4.83,0.9731924618633985,6.082421893968083e-05,0.002632217030250112,0.06173204367965638
4.84,0.973134439471568,6.093306941988859e-05,0.0026309949366595062,0.06175580679798032
4.8500000000000005,0.973076406767891,6.104197986761949e-05,0.002629779568745157,0.06177944462641427
4.86,0.9730183637523672,6.115095028287353e-05,0.0026285709265070644,0.06180295716495822
4.87,0.9729603104249968,6.12599806656507e-05,0.002627369009945228,0.06182634441361218
4.88,0.9729022467857797,6.136907101595102e-05,0.002626173819059648,0.06184960637237614
4.89,0.9728441728374765,6.147820614515499e-05,0.0026249852670277344,0.061872743615857484
4.9,0.9727860885846794,6.158736078440675e-05,0.0026238032094053174,0.06189575710001343
4.91,0.9727279940274588,6.169653454704581e-05,0.0026226276439821334,0.061918646839471916
4.92,0.9726698891658148,6.180572743307217e-05,0.002621458570758182,0.06194141283423294
4.93,0.9726117739997951,6.191494041260576e-05,0.00262029597225399,0.06196405525320506
4.94,0.9725536485300269,6.202418614367166e-05,0.002619139620399174,0.06198657630028984
4.95,0.9724955127567031,6.213346852999995e-05,0.0026179894448569154,0.0620089766551697
4.96,0.9724373666798238,6.224278757159064e-05,0.002616845445627215,0.062031256317844626
4.97,0.9723792102993892,6.235214326844377e-05,0.002615707622710072,0.062053415288314616
4.98,0.9723210436126731,6.246151809763415e-05,0.002614576260270409,0.06207544905627213
4.99,0.9722628666293687,6.257097436658619e-05,0.002613450347884209,0.06209737365931616
5.0,0.9722046793431945,6.268047169906669e-05,0.002612330540322812,0.062119178704819464
5.01,0.9721464817545311,6.279001254012051e-05,0.0026112167979355327,0.06214086482212354
5.0200000000000005,0.9720882738638155,6.289959915465297e-05,0.002610109079871088,0.06216243266487143
5.03,0.9720300556725665,6.300923036011895e-05,0.002609007322301528,0.06218388335178079
5.04,0.9719718271818358,6.311890646331969e-05,0.0026079114713251418,0.06220521780065057
5.05,0.9719135883923011,6.322862896250973e-05,0.0026068214809810497,0.06222643676854802
5.0600000000000005,0.97185533930464,6.333839935594356e-05,0.0026057373053083722,0.06224754101254039
5.07,0.9717970799195299,6.34482191418757e-05,0.0026046588983462296,0.06226853128969492
5.08,0.9717388102376486,6.355808981856065e-05,0.002603586214133742,0.062289408357078864
5.09,0.9716805302596735,6.366801288425291e-05,0.0026025192067100304,0.062310172971759455
5.1000000000000005,0.9716222399862823,6.377798983720703e-05,0.0026014578301142145,0.06233082589080395
5.11,0.9715639394181524,6.388802217567747e-05,0.0026004020383854146,0.06235136787127959
5.12,0.9715056285559804,6.399811104800844e-05,0.002599351787016754,0.06237179964083992
5.13,0.9714473074008602,6.410825021172077e-05,0.002598307062212875,0.062392121305860804
5.14,0.9713889759537224,6.421843645533485e-05,0.0025972678375835306,0.062412333227506014
5.15,0.9713306342153546,6.432866923436497e-05,0.002596234075656158,0.06243243599112865
5.16,0.9712722821865443,6.443894800432543e-05,0.002595205738958196,0.06245243018208183
5.17,0.9712139198680787,6.454927222073053e-05,0.0025941827900170817,0.06247231638571865
5.18,0.9711555472607454,6.465964133909459e-05,0.0025931651913602533,0.06249209518739221
5.19,0.9710971643653318,6.477005481493191e-05,0.002592152905515148,0.06251176717245562
5.2,0.9710387711826253,6.488051210375678e-05,0.002591145895009204,0.06253133292626198
5.21,0.9709803677134133,6.49910126610835e-05,0.002590144122369859,0.0625507930341644
5.22,0.9709219539585043,6.510155578271007e-05,0.0025891475506926694,0.06257014807675967
5.23,0.9708635299191961,6.521213702285073e-05,0.0025881561563821827,0.06258939852322115
5.24,0.9708050955965966,6.532275338550795e-05,0.00258716991068598,0.06260854488589648
5.25,0.9707466509916296,6.543340328459467e-05,0.0025861887798365253,0.06262758771912018
5.26,0.970688196105219,6.554408513402383e-05,0.0025852127300662817,0.06264652757722669
5.2700000000000005,0.9706297309382882,6.565479734770837e-05,0.002584241727607712,0.0626653650145505
5.28,0.970571255491761,6.576553833956122e-05,0.0025832757386932805,0.06268410058542606
5.29,0.9705127697665612,6.587630652349531e-05,0.00258231472955545,0.06270273484418785
5.3,0.9704542737636124,6.598710031342359e-05,0.002581358666426684,0.06272126834517036
5.3100000000000005,0.9703957674838383,6.609791812325899e-05,0.002580407515539445,0.06273970164270805
5.32,0.9703372509180138,6.62088286571818e-05,0.0025794613331200536,0.06275803411834471
5.33,0.970278724089849,6.631967251149417e-05,0.002578519883344331,0.06277626895959618
5.34,0.9702201869849499,6.643055418996822e-05,0.0025775832682734382,0.06279440495069129
5.3500000000000005,0.9701616396041943,6.654147242439352e-05,0.0025766514545468226,0.06281244264066078
5.36,0.9701030819484334,6.665242613013034e-05,0.0025757244090389587,0.06283038257547248
5.37,0.9700445140184921,6.676341440610963e-05,0.0025748020988593506,0.06284822529803136
5.38,0.9699859358151686,6.687443653483307e-05,0.0025738844913525305,0.06286597134817952
5.39,0.9699273473392348,6.698549198237302e-05,0.00257297155409806,0.0628836212626962
5.4,0.9698687485914358,6.709658039837257e-05,0.002572063254910529,0.06290117557529773
5.41,0.9698101395724905,6.720770161604548e-05,0.002571159561839557,0.0629186348166376
5.42,0.9697515202830846,6.731885569378301e-05,0.002570260443243954,0.06293599951195046
5.43,0.9696928907236888,6.743004409100004e-05,0.002569365869887621,0.06295327011446955
5.44,0.9696342508948111,6.754126803786974e-05,0.002568475812033665,0.06297044709774084
5.45,0.9695756007970078,6.765252846511823e-05,0.002567590239319264,0.0629875309595984
5.46,0.9695169404308057,6.77638265077245e-05,0.002566709121653487,0.06300452219364228
5.47,0.9694582697967018,6.787516350492025e-05,0.0025658324292172985,0.06302142128923854
5.48,0.9693995888951634,6.798654100019002e-05,0.002564960132463557,0.06303822873151929
5.49,0.969340897726628,6.80979607412711e-05,0.002564092202117013,0.06305494500138256
5.5,0.9692821962915036,6.820942468015356e-05,0.0025632286091743124,0.06307157057549245
5.51,0.9692234845901683,6.83209349730803e-05,0.0025623693249039944,0.06308810592627902
5.5200000000000005,0.9691647626229705,6.8432493980547e-05,0.0025615143208464917,0.06310455152193836
5.53,0.969106030390229,6.854410426730208e-05,0.002560663568814131,0.06312090782643255
5.54,0.9690472878922328,6.865576860234677e-05,0.0025598170408911336,0.06313717529948966
5.55,0.9689885351292411,6.87674899589351e-05,0.002558974709433613,0.0631533543966038
5.5600000000000005,0.9689297721014837,6.887927151457392e-05,0.002558136547069577,0.06316944556903506
5.57,0.9688709988091604,6.899111665102275e-05,0.002557302526698928,0.0631854492638095
5.58,0.968812215252491,6.910302861856881e-05,0.0025564726211784075,0.0632013659297948
5.59,0.9687534214321816,6.921500737794448e-05,0.002555646800357957,0.0632171960748515
5.6000000000000005,0.9686946173486137,6.932705509172976e-05,0.0025548250362340146,0.06323294016645596
5.61,0.9686358030020159,6.943917496066329e-05,0.0025540073018574753,0.06324859865275952
5.62,0.9685769783925953,6.955137033340714e-05,0.0025531935704982654,0.06326417197869888
5.63,0.9685181435205376,6.966364470654673e-05,0.0025523838156453443,0.06327966058599616
5.64,0.9684592983860069,6.977600172459081e-05,0.0025515780110067035,0.06329506491315881
5.65,0.9684004429891464,6.988844517997149e-05,0.0025507761305093675,0.06331038539547973
5.66,0.9683415773300775,7.000097901304421e-05,0.0025499781482993937,0.06332562246503717
5.67,0.9682827014089006,7.011360731208781e-05,0.0025491840387418707,0.06334077655069478
5.68,0.9682238152256942,7.022633431330443e-05,0.0025483937764209214,0.0633558480781016
5.69,0.9681649187805157,7.033916440081962e-05,0.0025476073361396998,0.06337083746969205
5.7,0.9681060120734013,7.045210210668222e-05,0.002546824692920394,0.06338574514468592
5.71,0.9680470951043654,7.056515211086446e-05,0.0025460458220042223,0.06340057151908843
5.72,0.9679881678734013,7.06783192412619e-05,0.0025452706988514386,0.06341531700569014
5.73,0.9679292303804807,7.07916084736935e-05,0.002544499299141327,0.06342998201406704
5.74,0.9678702826286295,7.090500269415126e-05,0.0025437316007295347,0.06344456697294487
5.75,0.9678113246407409,7.101834111932275e-05,0.0025429675943492913,0.06345907245247089
5.76,0.967752356437107,7.1131481766409e-05,0.0025422072693110902,0.063473499000819
5.7700000000000005,0.967693378039796,7.124426980450697e-05,0.0025414506162883444,0.0634878471760185
5.78,0.9676343894648518,7.135659396072209e-05,0.0025406976231908806,0.06350211749509997
5.79,0.9675753906782123,7.146870528759036e-05,0.0025399482509145172,0.06351631014018574
5.8,0.967516381658049,7.158076636925651e-05,0.0025392024676354707,0.06353042537413024
5.8100000000000005,0.9674573623805667,7.169295400388181e-05,0.002538460240998733,0.06354446344584495
5.82,0.9673983328244966,7.1805426743026e-05,0.002537721538688532,0.06355842461914235
5.83,0.967339293004623,7.191808255475574e-05,0.002536986339707036,0.06357230939208457
5.84,0.9672802429214917,7.203092233741257e-05,0.0025362546174559084,0.06358611816795279
5.8500000000000005,0.9672211825743432,7.214395644357467e-05,0.0025355263440868143,0.06359985133985607
5.86,0.9671621119658531,7.225717030215796e-05,0.0025348014953457524,0.06361350931787507
5.87,0.967103031107771,7.237048335003301e-05,0.0025340800625940833,0.06362709255385414
5.88,0.9670439400119129,7.248381464333736e-05,0.0025333620336036003,0.06364060150179314
5.89,0.9669848386927162,7.259706424818561e-05,0.0025326473980036074,0.06365403662908156
5.9,0.9669257271708481,7.27100871130387e-05,0.0025319361486936622,0.06366739844815096
5.91,0.9668666054020764,7.282320838988126e-05,0.0025312282361008042,0.06368068705084255
5.92,0.9668074734065835,7.293628657207661e-05,0.002530523650966146,0.06369390295711366
5.93,0.9667483311744391,7.304939828450168e-05,0.0025298223664001612,0.06370704647974498
5.94,0.9666891786992915,7.316259424952502e-05,0.0025291243567828834,0.06372011795318663
5.95,0.9666300159839918,7.327585857022992e-05,0.002528429599759548,0.06373311776762096
5.96,0.9665708430254725,7.338921819490587e-05,0.002527738070875423,0.06374604627738696
5.97,0.9665116598202194,7.350270330264269e-05,0.0025270497455174264,0.06375890383412085
5.98,0.9664524663711593,7.361629730063945e-05,0.002526364605710901,0.06377169081961927
5.99,0.9663932626874427,7.372993840447591e-05,0.0025256826398953242,0.06378440764482031
6.0,0.9663340487723614,7.38436073700206e-05,0.0025250038304723476,0.06379705469323033
6.01,0.9662748246291339,7.395728548559053e-05,0.002524328159788437,0.06380963234783532
6.0200000000000005,0.9662155902577342,7.407097756256647e-05,0.0025236556084697686,0.06382214096240099
6.03,0.9661563456576908,7.418469163668257e-05,0.002522986156906714,0.0638345808866877
6.04,0.9660970908299353,7.429842557621676e-05,0.002522319786233212,0.06384695248308583
6.05,0.966037825773833,7.441222039856788e-05,0.0025216563415164117,0.06385925850860215
6.0600000000000005,0.9659785504920987,7.452597708239506e-05,0.002520996161360059,0.06387149297293405
6.07,0.9659192649812427,7.463978911227567e-05,0.0025203389538539242,0.06388366100993625
6.08,0.965859969241265,7.475365648820973e-05,0.002519684718998006,0.06389576261960876
6.09,0.9658006632726518,7.486757702212686e-05,0.002519033451966606,0.06390779790358377
6.1000000000000005,0.9657413470778361,7.498153976155435e-05,0.002518385128604498,0.06391976737058522
6.11,0.9656820206571525,7.509554320128648e-05,0.002517739745592013,0.06393167109052741
6.12,0.9656226840106008,7.52095873413233e-05,0.0025170973029291508,0.06394350906341034
6.13,0.9655633371387474,7.532367118281253e-05,0.0025164577885727576,0.06395528152081115
6.140000000000001,0.9655039800440409,7.543779040617889e-05,0.0025158211504417486,0.06396698946419418
6.15,0.9654446127267639,7.555194451301033e-05,0.0025151873825267727,0.06397863300911294
6.16,0.9653852351869162,7.566613350330687e-05,0.002514556484827831,0.06399021215556738
6.17,0.9653258474212241,7.5780356474791e-05,0.002513928552761075,0.06400172510611446
6.18,0.9652664494413918,7.58946166531119e-05,0.0025133032452130106,0.06401317828662728
6.19,0.965207041239973,7.60089119860732e-05,0.002512680779204099,0.06402456760888894
6.2,0.9651476228175729,7.612324264050677e-05,0.002512061137091813,0.06403589340524823
6.21,0.9650881941749464,7.623760870948776e-05,0.0025114442985387222,0.06404715606937639
6.22,0.965028755313228,7.635201009841022e-05,0.0025108302363499586,0.06405835615098575
6.23,0.9649693062331479,7.646644691242416e-05,0.00251021893062928,0.06406949403370835
6.24,0.9649098469354003,7.658091927460345e-05,0.0025096103621353415,0.06408057008627403
6.25,0.9648503774206788,7.669542730802193e-05,0.002509004511626797,0.0640915846774127
6.26,0.9647908976896777,7.68099711357535e-05,0.0025084013598623005,0.06410253817585418
6.2700000000000005,0.9647314077430909,7.692455088087199e-05,0.002507800887600507,0.06411343095032836
6.28,0.9646719075816121,7.703916666645128e-05,0.002507203075600071,0.06412426336956509
6.29,0.9646123972059356,7.715381861556521e-05,0.002506607904619646,0.06413503580229425
6.3,0.964552876616755,7.726850685128767e-05,0.0025060153554178873,0.06414574861724569
6.3100000000000005,0.9644933458147646,7.738323149669253e-05,0.002505425408753449,0.06415640218314927
6.32,0.9644338048006582,7.749799267485363e-05,0.002504838045384985,0.06416699686873488
6.33,0.9643742535751297,7.761279050884484e-05,0.0025042532460711506,0.06417753304273235
6.34,0.9643146921388731,7.772762512174003e-05,0.0025036709915705994,0.06418801107387158
6.3500000000000005,0.9642551204925824,7.784249663661305e-05,0.0025030912626419865,0.06419843133088242
6.36,0.9641955386366813,7.795740519706229e-05,0.0025025140486696056,0.06420879399294968
6.37,0.9641359465713468,7.807235096539423e-05,0.0025019393469000333,0.06421909906648766
6.38,0.9640763442971696,7.818733407255101e-05,0.00250136714139864,0.06422934684756242
6.390000000000001,0.9640167318147471,7.830235464890953e-05,0.0025007974159932597,0.06423953763745983
6.4,0.9639571091246774,7.841741282484667e-05,0.002500230154511725,0.06424967173746576
6.41,0.963897476227558,7.853250873073936e-05,0.0024996653407818696,0.06425974944886609
6.42,0.9638378331239867,7.864764249696451e-05,0.0024991029586315266,0.06426977107294667
6.43,0.9637781798145616,7.876281425389898e-05,0.0024985429918885286,0.06427973691099338
6.44,0.9637185162998801,7.887802413191973e-05,0.0024979854243807093,0.0642896472642921
6.45,0.9636588425805402,7.899327226140363e-05,0.002497430239935902,0.06429950243412867
6.46,0.9635991586571395,7.910855877272758e-05,0.0024968774223819395,0.064309302721789
6.47,0.963539464530276,7.92238837962685e-05,0.0024963269555466554,0.06431904842855893
6.48,0.9634797602005473,7.93392474624033e-05,0.002495778823257882,0.06432873985572435
6.49,0.9634200456685511,7.945464990150887e-05,0.0024952330093434534,0.0643383773045711
6.5,0.9633603209348854,7.957009124263386e-05,0.0024946894976489516,0.0643479610762074
6.51,0.9633005860002105,7.968557087302349e-05,0.0024941482819326047,0.06435749137250218
6.5200000000000005,0.9632408408651865,7.980108817636784e-05,0.0024936093560001473,0.06436696839484882
6.53,0.9631810855304259,7.991664310657655e-05,0.002493072706037526,0.06437639242092522
6.54,0.9631213199965416,8.003223561755937e-05,0.0024925383182306878,0.06438576372840928
6.55,0.963061544264146,8.014786566322597e-05,0.0024920061787655798,0.06439508259497892
6.5600000000000005,0.9630017583338517,8.026353319748607e-05,0.002491476273828149,0.06440434929831206
6.57,0.9629419622062712,8.037923817424934e-05,0.002490948589604341,0.06441356411608659
6.58,0.9628821558820172,8.04949805474255e-05,0.002490423112280104,0.06442272732598044
6.59,0.9628223393617021,8.061076027092423e-05,0.0024898998280413836,0.06443183920567151
6.6000000000000005,0.9627625126459387,8.072657729865526e-05,0.002489378723074128,0.06444090003283771
6.61,0.9627026757353394,8.084243158452826e-05,0.0024888597835642824,0.06444991008515696
6.62,0.9626428286305168,8.095832308245291e-05,0.002488342995697795,0.06445886964030717
6.63,0.9625829713320836,8.107425174633896e-05,0.002487828345660612,0.06446777897596623
6.640000000000001,0.9625231038406522,8.119021753009608e-05,0.0024873158196386806,0.06447663836981207
6.65,0.9624632261568424,8.1306220322316e-05,0.002486805404404398,0.06448544809493978
6.66,0.9624033382814534,8.142225839033937e-05,0.00248629710128641,0.06449420831069484
6.67,0.9623434402152056,8.153833071202079e-05,0.0024857909052340807,0.06450291922627355
6.68,0.9622835319587465,8.165443692553922e-05,0.0024852868052681145,0.06451158109720163
6.69,0.9622236135127235,8.177057666907367e-05,0.002484784790409217,0.06452019417900481
6.7,0.962163684877784,8.188674958080309e-05,0.0024842848496780924,0.06452875872720881
6.71,0.9621037460545758,8.200295529890645e-05,0.002483786972095446,0.06453727499733938
6.72,0.9620437970437461,8.211919346156273e-05,0.002483291146681982,0.06454574324492224
6.73,0.9619838378459425,8.223546370695093e-05,0.002482797362458406,0.06455416372548312
6.74,0.9619238684618124,8.235176567325001e-05,0.0024823056084454223,0.06456253669454773
6.75,0.9618638888920035,8.246809899863894e-05,0.0024818158736637356,0.06457086240764182
6.76,0.9618038991371629,8.25844633212967e-05,0.0024813281471340516,0.06457914112029112
6.7700000000000005,0.9617438991979385,8.270085827940228e-05,0.002480842417877074,0.06458737308802133
6.78,0.9616838890749774,8.281728351113463e-05,0.0024803586749135085,0.06459555856635821
6.79,0.9616238687689272,8.293373865467275e-05,0.00247987690726406,0.06460369781082749
6.8,0.9615638382805334,8.305022259024482e-05,0.002479397105584925,0.06461179106515853
6.8100000000000005,0.9615037976113067,8.316672826020695e-05,0.002478919273344934,0.06461983848066691
6.82,0.9614437467622371,8.328325264727853e-05,0.0024784434052946944,0.06462784027155018
6.83,0.9613836857341456,8.339979404484458e-05,0.002477969493356683,0.06463579667240445
6.84,0.9613236145278531,8.351635074629009e-05,0.002477497529453377,0.06464370791782578
6.8500000000000005,0.9612635331441806,8.363292104500005e-05,0.0024770275055072525,0.06465157424241026
6.86,0.9612034415839488,8.374950323435942e-05,0.0024765594134407874,0.06465939588075395
6.87,0.9611433398479787,8.386609560775323e-05,0.002476093245176458,0.06466717306745295
6.88,0.9610832279370913,8.398269645856645e-05,0.002475628992636741,0.06467490603710334
6.890000000000001,0.9610231058521075,8.409930408018408e-05,0.0024751666477441144,0.06468259502430118
6.9,0.9609629735938482,8.421591676599109e-05,0.0024747062024210544,0.06469024026364255
6.91,0.9609028311631342,8.43325328093725e-05,0.0024742476485900373,0.06469784198972355
6.92,0.9608426785607578,8.444915071195511e-05,0.0024737909772898944,0.06470540043552478
6.93,0.9607825157868175,8.456577395886764e-05,0.0024733361584126307,0.06471291579536663
6.94,0.9607223428417014,8.468240395637585e-05,0.002472883170671628,0.06472038827969659
6.95,0.9606621597260693,8.479904015873705e-05,0.002472432001063356,0.06472781811410508
6.96,0.9606019664405803,8.49156820202086e-05,0.0024719826365842855,0.06473520552418258
6.97,0.9605417629858939,8.503232899504786e-05,0.0024715350642308858,0.06474255073551952
6.98,0.9604815493626698,8.51489805375122e-05,0.0024710892709996265,0.06474985397370633
6.99,0.9604213255715675,8.526563610185893e-05,0.0024706452438869775,0.0647571154643335
7.0,0.9603610916132461,8.538229514234545e-05,0.002470202969889409,0.06476433543299147
7.01,0.9603008474883654,8.549895711322909e-05,0.002469762436003391,0.06477151410527067
7.0200000000000005,0.9602405931975849,8.56156214687672e-05,0.0024693236292253925,0.06477865170676156
7.03,0.9601803287415639,8.573228766321712e-05,0.0024688865365518836,0.06478574846305457
7.04,0.9601200541209576,8.58489551831738e-05,0.0024684511449387485,0.06479280459962322
7.05,0.9600597693348315,8.596563513486467e-05,0.002468017426758189,0.0647998202999177
7.0600000000000005,0.9599994743822516,8.608233862239197e-05,0.002467585354385075,0.06480679574739587
7.07,0.959939169263431,8.619906836398004e-05,0.002467154910719306,0.06481373115584377
7.08,0.9598788539785827,8.631582707785319e-05,0.0024667260786607804,0.0648206267390475
7.09,0.9598185285279196,8.643261748223578e-05,0.0024662988411093966,0.06482748271079307
7.1000000000000005,0.9597581929116548,8.654944229535213e-05,0.002465873180965053,0.06483429928486657
7.11,0.9596978471300013,8.666630423542658e-05,0.002465449081127649,0.06484107667505404
7.12,0.9596374911831721,8.678320602068346e-05,0.002465026524497083,0.06484781509514154
7.13,0.9595771250713802,8.690015036934711e-05,0.002464605493973253,0.06485451475891513
7.140000000000001,0.9595167487948386,8.701713999964187e-05,0.002464185972456058,0.06486117588016087
7.15,0.9594563623537604,8.713417762979206e-05,0.0024637679428453976,0.0648677986726648
7.16,0.9593959657483586,8.7251265978022e-05,0.0024633513880411694,0.06487438335021299
7.17,0.9593355589825062,8.736940497880037e-05,0.0024629337547229747,0.0648809767421335
7.18,0.9592751420462625,8.748637505893884e-05,0.0024625207779574686,0.06488747432659853
7.19,0.9592147149449509,8.760345766181793e-05,0.00246210916752912,0.064893936270466
7.2,0.9591542776785714,8.772065278743761e-05,0.0024616989234379294,0.06490036257373591
7.21,0.9590938302471242,8.783796043579789e-05,0.002461290045683897,0.06490675323640827
7.22,0.9590333726506092,8.795538060689875e-05,0.0024608825342670223,0.06491310825848307
7.23,0.9589729048890263,8.807291330074022e-05,0.0024604763891873053,0.06491942763996031
7.24,0.9589124269623757,8.819055851732228e-05,0.0024600716104447467,0.06492571138084001
7.25,0.9588519388706571,8.830831625664493e-05,0.0024596681980393457,0.06493195948112214
7.26,0.9587914406138708,8.842618651870819e-05,0.0024592661519711027,0.06493817194080673
7.2700000000000005,0.9587309321920167,8.854416930351204e-05,0.0024588654722400177,0.06494434875989376
7.28,0.9586704136050948,8.866226461105648e-05,0.0024584661588460907,0.06495048993838323
7.29,0.9586098848543888,8.878046463132751e-05,0.0024580682963354543,0.06495659546413435
7.3,0.958549345943767,8.889874583363198e-05,0.0024576721394360865,0.06496266530056824
7.3100000000000005,0.9584887968734914,8.901710662151277e-05,0.0024572777054301955,0.06496869944520318
7.32,0.9584282376435623,8.913554699496985e-05,0.002456884994317781,0.0649746978980392
7.33,0.958367668259225,8.925403347908632e-05,0.0024564939225033,0.06498066098194369
7.34,0.958307088731909,8.937249313575174e-05,0.0024561043078413876,0.0649865894004088
7.3500000000000005,0.9582464990620126,8.949092342020503e-05,0.0024557161439771155,0.06499248317797889
7.36,0.9581858992495362,8.960932433244616e-05,0.002455329430910485,0.06499834231465396
7.37,0.9581252892949185,8.972769901350833e-05,0.0024549441318083864,0.0650041670989065
7.38,0.958064669198848,8.984605239179563e-05,0.0024545601888782322,0.06500995798336114
7.390000000000001,0.958004038961333,8.996438452672007e-05,0.002454177601423332,0.06501571497347429
7.4,0.9579433985823737,9.008269541828164e-05,0.0024537963694436843,0.06502143806924593
7.41,0.9578827480611869,9.0200999127349e-05,0.0024534164852458742,0.06502712759208229
7.42,0.957822087396907,9.031931120690687e-05,0.002453037940320073,0.06503278389749666
7.43,0.9577614165895334,9.04376316667224e-05,0.002452660734660937,0.06503840698571228
7.44,0.9577007356390661,9.055596050679562e-05,0.0024522848682684657,0.06504399685672917
7.45,0.9576400445455824,9.067429948979152e-05,0.002451910338080806,0.06504955360204834
7.46,0.9575793433095455,9.079265917359786e-05,0.0024515371257582794,0.06505507776973612
7.47,0.9575186319310328,9.091104131484899e-05,0.0024511652282495086,0.06506056945098049
7.48,0.957457910410044,9.102944591354491e-05,0.0024507946455544927,0.06506602864578144
7.49,0.9573971787390536,9.114786753952802e-05,0.0024504254838130174,0.06507145295004597
7.5,0.9573364369383432,9.126632082709325e-05,0.0024500574569779675,0.06507684884281364
7.51,0.9572756849956839,9.138479695236154e-05,0.00244969073752401,0.0650822124174896
7.5200000000000005,0.9572149229115889,9.150329628576149e-05,0.0024493253182106167,0.06508754383807362
7.53,0.9571541506865717,9.162181919772168e-05,0.002448961191797259,0.06509284326856553
7.54,0.9570933683212365,9.174036610943397e-05,0.0024485983502097216,0.06509811089431272
7.55,0.9570325758165644,9.185893765304532e-05,0.002448236781909272,0.06510334698937602
7.5600000000000005,0.9569717731731858,9.19775342643017e-05,0.0024478764785826716,0.06510855174522329
7.57,0.9569109603916732,9.20961563467917e-05,0.002447517432444805,0.06511372533979919
7.58,0.9568501374725995,9.22148043041039e-05,0.002447159635710556,0.06511886795104838
7.59,0.9567893044165371,9.233347853982694e-05,0.0024468030805948095,0.06512397975691551
7.6000000000000005,0.9567284612240587,9.24521794575494e-05,0.002446447759312449,0.06512906093534526
7.61,0.9566676078957371,9.257090746085986e-05,0.002446093664078358,0.06513411166428226
7.62,0.9566067444321449,9.268966295334693e-05,0.002445740787107422,0.06513913212167119
7.63,0.9565458708338548,9.28084463385992e-05,0.0024453891206145236,0.06514412248545667
7.640000000000001,0.9564849871014394,9.292725802020527e-05,0.002445038656814548,0.0651490829335834
7.65,0.9564240932354715,9.304609840175374e-05,0.002444689387922379,0.065154013643996
7.66,0.9563631892365236,9.31649678868332e-05,0.002444341306152901,0.06515891479463916
7.67,0.9563022751051685,9.328386687903224e-05,0.002443994403720997,0.0651637865634575
7.68,0.9562413508419788,9.340279578193947e-05,0.002443648672841552,0.06516862912839572
7.69,0.9561804164475273,9.352175499914349e-05,0.0024433041057294502,0.06517344266739843
7.7,0.9561194719223863,9.364074493423287e-05,0.002442960694599575,0.0651782273584103
7.71,0.956058517267129,9.375976599079623e-05,0.0024426184316668114,0.06518298337937602
7.72,0.9559975524823277,9.387881857242215e-05,0.0024422773091460426,0.06518771090824022
7.73,0.9559365775685551,9.399790308269925e-05,0.0024419373192521533,0.06519241012294755
7.74,0.9558755925258356,9.411702200677948e-05,0.002441598458926234,0.06519708107170037
7.75,0.9558145973537746,9.423617941856557e-05,0.002441260728716645,0.06520172370367544
7.76,0.9557535920527906,9.435537630644881e-05,0.002440924122166071,0.06520633816036708
7.7700000000000005,0.9556925766233139,9.447461361505614e-05,0.002440588632717826,0.06521092458599745
7.78,0.9556315510657745,9.459389228901445e-05,0.0024402542538152277,0.06521548312478868
7.79,0.9555705153806026,9.471321327295072e-05,0.0024399209789015917,0.06522001392096291
7.8,0.955509469568228,9.483257751149185e-05,0.002439588801420233,0.06522451711874229
7.8100000000000005,0.9554484136290813,9.49519859492648e-05,0.0024392577148144687,0.06522899286234896
7.82,0.9553873475635922,9.507143953089647e-05,0.0024389277125276138,0.06523344129600504
7.83,0.9553262713721911,9.519093920101382e-05,0.002438598788002985,0.06523786256393271
7.84,0.9552651850553079,9.531048590424377e-05,0.0024382709346838977,0.0652422568103541
7.8500000000000005,0.9552040886133728,9.543008058521327e-05,0.002437944146013668,0.06524662417949134
7.86,0.9551429820468159,9.55497241885492e-05,0.0024376184154356116,0.06525096481556657
7.87,0.9550818653560673,9.566941765887856e-05,0.0024372937363930447,0.06525527886280195
7.88,0.9550207385415571,9.578916194082825e-05,0.0024369701023292836,0.06525956646541961
7.890000000000001,0.9549596016037155,9.59089579790252e-05,0.0024366475066876433,0.0652638277676417
7.9,0.9548984545429724,9.602880671809635e-05,0.0024363259429114404,0.06526806291369036
7.91,0.9548372973597582,9.614870910266861e-05,0.002436005404443991,0.06527227204778772
7.92,0.9547761300545027,9.626866607736894e-05,0.00243568588472861,0.06527645531415593
7.930000000000001,0.9547149526279773,9.638867605464422e-05,0.002435367376994807,0.06528061285830418
7.94,0.954653765094685,9.650863548181752e-05,0.0024350498658625382,0.06528474487756715
7.95,0.9545925674678686,9.662845016674463e-05,0.002434733336742131,0.06528885156452192
7.96,0.9545313597554163,9.67480656736566e-05,0.0024344177784007878,0.06529293309153868
7.97,0.9544701419652166,9.686742756678449e-05,0.002434103179605714,0.06529698963098762
7.98,0.9544089141038529,9.698649109170031e-05,0.0024337895304661987,0.06530102134608284
7.99,0.9543476761504927,9.710541486015988e-05,0.0024334768492833675,0.06530502820770533
8.0,0.9542864280907043,9.722431000595271e-05,0.0024331651477766674,0.06530901023163822
8.01,0.9542251699183429,9.734322618871761e-05,0.00243285442914363,0.06531296749180376
8.02,0.9541639016272643,9.746221306809338e-05,0.0024325446965817875,0.06531690006212415
8.03,0.9541026232118259,9.758131658139768e-05,0.002432235951959547,0.06532080802065643
8.040000000000001,0.9540413346728228,9.770053495617841e-05,0.0024319281801096337,0.0653246914984552
8.05,0.9539800360088073,9.781988304021004e-05,0.002431621371799343,0.06532855060811275
8.06,0.9539187272168212,9.793938687950876e-05,0.0024313155217945133,0.06533238544978205
8.07,0.9538574082939061,9.80590725200908e-05,0.0024310106248609845,0.06533619612361605
8.08,0.953796079301376,9.817855129221204e-05,0.0024307065628795844,0.06533998496768517
8.09,0.9537347400941549,9.829874647295144e-05,0.002430403609871479,0.06534374655624431
8.1,0.953673390789229,9.84189036922639e-05,0.0024301015596551985,0.0653474849765431
8.11,0.9536120313865982,9.85390229501494e-05,0.002429800412230742,0.06535120022858153
8.120000000000001,0.9535506618862626,9.8659104246608e-05,0.0024295001675981092,0.06535489231235961
8.13,0.9534892822880461,9.877914986977596e-05,0.0024292008258211734,0.06535856125218141
8.14,0.9534278925909301,9.8899173054457e-05,0.0024289023872693764,0.06536220718862414
8.15,0.9533664927947509,9.901917592611524e-05,0.0024286048520020488,0.06536583014426399
8.16,0.9533050828995087,9.913915848475069e-05,0.002428308220019192,0.06536943011910097
8.17,0.9532436629037585,9.925913588163657e-05,0.0024280124854748095,0.06537300722486697
8.18,0.953182232804086,9.937914392764492e-05,0.0024277176345515695,0.06537656172564649
8.19,0.9531207926003467,9.949918413509968e-05,0.0024274236666659544,0.065380093632592
8.2,0.9530593422886158,9.96192499762513e-05,0.0024271306285717875,0.06538360196038256
8.21,0.9529978818799879,9.973935990344819e-05,0.0024268383881074673,0.06538708949427917
8.22,0.9529364113677486,9.985950274954052e-05,0.00242654702525568,0.06539055454867375
8.23,0.9528749307523487,9.997967926402189e-05,0.0024262565346483142,0.06539399723669746
8.24,0.9528134400342715,0.00010009989008750838,0.0024259669108080066,0.0653974176747036
8.25,0.9527519392146696,0.00010022013362852844,0.002425678146017649,0.06540081604510209
8.26,0.9526904282943898,0.00010034040931762192,0.002425390233585652,0.06540419250005738
8.27,0.9526289072740305,0.00010046071741045455,0.002425103167648381,0.065407547167315
8.28,0.9525673761541905,0.00010058105816269205,0.002424816942342202,0.0654108801746205
8.290000000000001,0.9525058349354688,0.00010070143183000014,0.0024245315518034807,0.06541419164971943
8.3,0.9524442836184641,0.00010082183866804448,0.002424246990168584,0.06541748172035734
8.31,0.9523827222037751,0.0001009422789324908,0.002423963251573877,0.06542075051427977
8.32,0.9523211506920006,0.00010106275287900483,0.0024236803301557266,0.06542399815923228
8.33,0.9522595690837394,0.00010118326076325226,0.002423398220050498,0.0654272247829604
8.34,0.9521979773795904,0.0001013038028408988,0.002423116915394558,0.06543043051320967
8.35,0.9521363755801522,0.00010142437936761016,0.0024228364103242718,0.06543361547772567
8.36,0.9520747636860236,0.00010154499059905206,0.002422556698976006,0.06543677980425391
8.370000000000001,0.9520131416978557,0.00010166563585852571,0.002422277776671178,0.06543992360013622
8.38,0.9519515096165588,0.00010178630983362847,0.0024219996446232643,0.0654430468712671
8.39,0.9518898674428328,0.00010190701097560921,0.002421722299262075,0.06544614970590448
8.4,0.9518282151773352,0.00010202773848766446,0.0024214457360616833,0.06544923220876177
8.41,0.9517665528207239,0.00010214849157299071,0.0024211699504961613,0.06545229448455239
8.42,0.9517048803736564,0.00010226926943478448,0.0024208949380395816,0.06545533663798977
8.43,0.9516431978367906,0.00010239007127624226,0.0024206206941660164,0.06545835877378735
8.44,0.951581505210784,0.00010251089630056055,0.0024203472143495388,0.06546136099665854
8.45,0.9515198024962944,0.00010263174371093587,0.0024200744940642204,0.06546434341131678
8.46,0.9514580896939794,0.00010275261271056473,0.002419802528784134,0.06546730612247549
8.47,0.9513963668044968,0.00010287350250264361,0.0024195313139833527,0.06547024923484811
8.48,0.9513346338285041,0.00010299441229036902,0.002419260845135948,0.06547317285314805
8.49,0.9512728907666593,0.00010311534127693746,0.002418991117715993,0.06547607708208873
8.5,0.9512111376198368,0.00010323628704808372,0.00241872212905874,0.06547896201308956
8.51,0.9511493743892311,0.00010335724480437934,0.0024184538792440015,0.06548182771796612
8.52,0.9510876010756242,0.0001034782128226372,0.0024181863648118198,0.06548467429381782
8.53,0.9510258176797813,0.00010359918950279086,0.002417919582160566,0.06548750183875603
8.540000000000001,0.9509640242024683,0.00010372017324477388,0.0024176535276886116,0.06549031045089207
8.55,0.9509022206444502,0.00010384116244851979,0.002417388197794327,0.06549310022833732
8.56,0.9508404070064925,0.00010396215551396215,0.0024171235888760826,0.06549587126920313
8.57,0.9507785832893607,0.00010408315084103453,0.0024168596973322496,0.06549862367160084
8.58,0.9507167494938202,0.00010420414682967049,0.0024165965195611988,0.06550135753364181
8.59,0.9506549056206365,0.00010432514187980358,0.002416334051961301,0.0655040729534374
8.6,0.9505930516705748,0.00010444613439136735,0.0024160722909309274,0.06550677002909895
8.61,0.9505311876444007,0.00010456712276429537,0.002415811232868448,0.06550944885873781
8.620000000000001,0.9504693137649499,0.00010468785318152438,0.00241554976175672,0.06551214064225308
8.63,0.9504074295400036,0.0001048088865945448,0.0024152903426557094,0.0655147764663277
8.64,0.9503455352479941,0.00010492990881269515,0.002415031580166593,0.06551739535183705
8.65,0.9502836308889214,0.00010505091983597542,0.002414773474289371,0.06551999729878114
8.66,0.9502217164627857,0.00010517191966438561,0.002414516025024043,0.06552258230715995
8.67,0.9501597919695868,0.0001052929082979257,0.0024142592323706095,0.0655251503769735
8.68,0.9500978574093247,0.00010541388573659574,0.0024140030963290702,0.06552770150822178
8.69,0.9500359127819996,0.00010553485198039568,0.0024137476168994247,0.06553023570090478
8.700000000000001,0.9499739580876112,0.00010565580702932556,0.002413492794081674,0.06553275295502252
8.71,0.9499119933261597,0.00010577675088338535,0.002413238627875817,0.065535253270575
8.72,0.949850018497645,0.00010589768354257505,0.0024129851182818547,0.0655377366475622
8.73,0.9497880336020673,0.00010601860500689467,0.0024127322652997864,0.06554020308598413
8.74,0.9497260386394264,0.00010613951527634421,0.0024124800689296123,0.0655426525858408
8.75,0.9496640336091418,0.00010626041916024738,0.0024122285277836143,0.06554508515264498
8.76,0.9496020185019051,0.00010638139375567678,0.002411977619615626,0.06554750087477097
8.77,0.9495399933144759,0.00010650246590371614,0.002411727336680721,0.06554989978298598
8.78,0.9494779580468543,0.00010662363560436546,0.0024114776789788987,0.06555228187728997
8.790000000000001,0.94941591269904,0.00010674490285762476,0.0024112286465101593,0.06555464715768296
8.8,0.9493538572710334,0.00010686626766349399,0.0024109802392745026,0.06555699562416496
8.81,0.94929179176681,0.00010698770974489421,0.0024107324489926465,0.06555932748263928
8.82,0.9492297161918319,0.00010710920124751257,0.002410485264291467,0.06556164301595215
8.83,0.9491676305461322,0.0001072307420021937,0.002410238685101897,0.06556394222582125
8.84,0.9491055348297107,0.00010735233200893758,0.002409992711423936,0.06556622511224659
8.85,0.9490434290425676,0.0001074739712677442,0.0024097473432575845,0.06556849167522817
8.86,0.9489813131860406,0.00010759565299524384,0.0024095025793051156,0.06557074198160545
8.870000000000001,0.9489191872671232,0.00010771734172922239,0.002409258412782254,0.06557297638080281
8.88,0.9488570512868244,0.00010783903235401307,0.0024090148427103214,0.06557519492322714
8.89,0.9487949052451441,0.0001079607248696159,0.002408771869089318,0.06557739760887842
8.9,0.9487327491420823,0.00010808241927603089,0.002408529491919243,0.06557958443775665
8.91,0.9486705829776759,0.00010820411552521058,0.00240828771106899,0.06558175541416464
8.92,0.948608406753882,0.00010832581106683762,0.0024080465195794928,0.06558391076649264
8.93,0.9485462204718113,0.00010844750445349491,0.0024078059135011765,0.06558605062436211
8.94,0.9484840241314636,0.00010856919568518246,0.002407565892834041,0.06558817498777306
8.950000000000001,0.9484218177328151,0.00010869088562063141,0.002407326456940146,0.06559028386865419
8.96,0.9483596012754638,0.00010881258851479695,0.0024070875952296633,0.06559237746502246
8.97,0.9482973747592672,0.00010893430942668479,0.0024068493039443215,0.06559445584715298
8.98,0.9482351381842254,0.00010905604835629493,0.0024066115830841204,0.06559651901504578
8.99,0.9481728915476231,0.00010917779912154474,0.002406374453514256,0.06559856649384245
9.0,0.9481106348582635,0.00010929958176523805,0.0024061378475881026,0.06560059982307166
9.01,0.9480483681106666,0.0001094213838103745,0.0024059018074168827,0.06560261804434955
9.02,0.9479860913052572,0.0001095432062249621,0.0024056663297334652,0.0656046212320308
9.03,0.9479238044425388,0.00010966505006838348,0.002405431410889096,0.0656066094697299
9.040000000000001,0.9478615075233204,0.00010978691675893086,0.002405197045736056,0.06560858287743296
9.05,0.9477992005481266,0.00010990880738101781,0.00240496323052105,0.06561054154129106
9.06,0.9477368835174382,0.00011003072296785758,0.0024047299617046217,0.06561248554226673
9.07,0.9476745564317359,0.00011015266455266336,0.0024044972357473125,0.06561441496132249
9.08,0.9476122192915006,0.00011027463316864838,0.0024042650491096647,0.06561632987942083
9.09,0.9475498720972131,0.00011039662984902586,0.0024040333982522206,0.06561823037752429
9.1,0.947487514849354,0.00011051865562700904,0.0024038022796355222,0.06562011653659534
9.11,0.9474251475484043,0.0001106407115358111,0.0024035716897201124,0.06562198843759653
9.120000000000001,0.9473627701948448,0.00011076279860864531,0.0024033416249665323,0.06562384616149036
9.13,0.9473003827891563,0.00011088491787872484,0.0024031120818353256,0.06562568978923934
9.14,0.9472379853318195,0.00011100707037926293,0.002402883056787033,0.06562751940180599
9.15,0.9471755778233151,0.00011112925714347279,0.0024026545462821985,0.0656293350801528
9.16,0.9471131602641241,0.00011125147920456765,0.0024024265467813624,0.06563113690524229
9.17,0.9470507326547272,0.00011137373759576072,0.0024021990547450685,0.06563292495803698
9.18,0.9469882949956052,0.00011149603335026524,0.002401972066633858,0.06563469931949936
9.19,0.946925847287239,0.00011161836750129441,0.0024017455789082736,0.06563646007059198
9.200000000000001,0.9468633895312486,0.00011174073224005468,0.0024015195899587637,0.06563820728878796
9.21,0.946800921735927,0.00011186306797111427,0.0024012941094790174,0.06563994103112367
9.22,0.9467384439063075,0.00011198534039792264,0.0024010691416408497,0.06564166136461927
9.23,0.9466759560465721,0.00011210752182723857,0.0024008446891747998,0.06564336835890083
9.24,0.9466134581604195,0.0001122295882203181,0.0024006207541426056,0.0656450620820796
9.25,0.9465509502399528,0.00011235160313336666,0.0024003973225754757,0.06564674256595834
9.26,0.9464884322790782,0.00011247361649992748,0.002400174382997667,0.06564840984798649
9.27,0.9464259042752322,0.00011259565158576645,0.0023999519288138396,0.06565006397666737
9.28,0.9463633662258514,0.00011271773165664952,0.002399729953428653,0.0656517050005043
9.290000000000001,0.94630081813059,0.00011283986347461906,0.0023995084529343847,0.06565333297874604
9.3,0.9462382599903864,0.00011296204424729083,0.002399287424979244,0.06565494797686218
9.31,0.9461756918045086,0.00011308428361122546,0.002399066865187395,0.06565655005222992
9.32,0.9461131135722246,0.00011320659120394408,0.002398846769182847,0.06565813926222583
9.33,0.9460505253083574,0.00011332889154771308,0.0023986271286723744,0.06565971618815196
9.34,0.9459879269812511,0.0001134513436998485,0.002398407963093335,0.06566127955753019
9.35,0.9459253186204574,0.00011357379248779554,0.0023981892597167076,0.06566283046081971
9.36,0.9458627002259761,0.0001136962379115542,0.002397971018542492,0.06566436889802052
9.370000000000001,0.9458000717977434,0.00011381868132888066,0.002397753238836186,0.06566589488071682
9.38,0.9457374333353206,0.00011394113207349652,0.0023975359155485503,0.06566740848854288
9.39,0.9456747848386242,0.00011406359191722852,0.002397319047721084,0.06566890973661572
9.4,0.9456121263076542,0.00011418606086007668,0.0023971026353537886,0.06567039862493534
9.41,0.9455494577425338,0.0001143085409762811,0.0023968866763134002,0.06567187519493044
9.42,0.9454867791437567,0.00011443104057521123,0.0023966711620541075,0.06567333961256352
9.43,0.9454240905113742,0.00011455356052484504,0.002396456091683235,0.06567479189517067
9.44,0.9453613918453866,0.00011467610082518252,0.0023962414652007823,0.0656762320427519
9.450000000000001,0.9452986831434456,0.00011479866235600581,0.002396027292016219,0.06567765982140174
9.46,0.9452359644151695,0.00011492124151340901,0.0023958135335849545,0.0656790761892816
9.47,0.9451732356543288,0.00011504384063167507,0.0023956002148726742,0.06568048052578153
9.48,0.9451104968615184,0.00011516645948773694,0.0023953873334936256,0.0656818728902078
9.49,0.9450477480375549,0.00011528909792108742,0.0023951748863792802,0.06568325335936935
9.5,0.9449849891834049,0.00011541175581368088,0.0023949628699976855,0.06568462202195477
9.51,0.9449222202997262,0.00011553443296012021,0.002394751281770241,0.06568597894221392
9.52,0.944859441387173,0.0001156571291540493,0.0023945401191288102,0.06568732418412838
9.53,0.9447966524464,0.00011577984418911215,0.002394329379505258,0.06568865781167976
9.540000000000001,0.9447338534780614,0.00011590257785895267,0.002394119060331448,0.06568997988884964
9.55,0.9446710444828116,0.0001160253299572148,0.0023939091590392445,0.0656912904796196
9.56,0.944608225461305,0.00011614810027754251,0.0023936996730605114,0.06569258964797123
9.57,0.9445453964141959,0.00011627088861357973,0.002393490599827113,0.06569387745788614
9.58,0.9444825573421389,0.00011639369475897041,0.0023932819367709136,0.0656951539733459
9.59,0.9444197082457882,0.00011651651850735852,0.0023930736813237772,0.06569641925833211
9.6,0.9443568491257983,0.00011663935965238797,0.002392865830917568,0.06569767337682636
9.61,0.9442939799828236,0.00011676221798770274,0.00239265838298415,0.06569891639281024
9.620000000000001,0.9442311008175185,0.00011688509330694677,0.002392451334955387,0.06570014837026533
9.63,0.9441682116305372,0.00011700798540376398,0.002392244684263144,0.06570136937317322
9.64,0.9441053124225344,0.00011713089407179834,0.002392038428339284,0.06570257946551553
9.65,0.9440424031941642,0.00011725381910469379,0.0023918325646156723,0.06570377871127381
9.66,0.9439794839460811,0.00011737676029609428,0.0023916270905241723,0.06570496717442967
9.67,0.9439165546788667,0.0001174997175211955,0.0023914220039664095,0.06570614490623518
9.68,0.9438536153927013,0.00011762269110344004,0.002391217305426041,0.06570731188797506
9.69,0.9437906660881009,0.00011774568099128484,0.0023910129932266985,0.06570846815946595
9.700000000000001,0.9437277067656559,0.00011786868705004113,0.002390809065213069,0.0657096137735028
9.71,0.9436647374259564,0.0001179917091450201,0.0023906055192298424,0.0657107487828806
9.72,0.9436017580695928,0.00011811474714153304,0.002390402353121706,0.06571187324039428
9.73,0.9435387686971554,0.00011823780090489111,0.002390199564733348,0.06571298719883881
9.74,0.9434757693092345,0.00011836087030040559,0.0023899971519094573,0.06571409071100914
9.75,0.9434127599064203,0.00011848395519338768,0.002389795112494722,0.06571518382970025
9.76,0.9433497404893032,0.00011860705544914863,0.00238959344433383,0.06571626660770709
9.77,0.9432867110584734,0.00011873017093299966,0.00238939214527147,0.06571733909782462
9.78,0.9432236716145213,0.000118853301510252,0.0023891912131523297,0.0657184013528478
9.790000000000001,0.943160622158037,0.00011897644704621689,0.0023889906458210977,0.0657194534255716
9.8,0.943097562689611,0.00011909960740620553,0.002388790441122463,0.06572049536879097
9.81,0.9430344932098335,0.00011922278245552915,0.0023885905969011126,0.06572152723530086
9.82,0.9429714137192947,0.000119345972059499,0.0023883911110017353,0.06572254907789625
9.83,0.9429083242185851,0.0001194691760834263,0.00238819198126902,0.0657235609493721
9.84,0.9428452247082948,0.00011959239439262228,0.002387993205547654,0.06572456290252333
9.85,0.9427821151890139,0.0001197156268562777,0.0023877947816902806,0.06572555498992765
9.86,0.9427189956613032,0.00011983887383240201,0.002387596708551764,0.06572653723678158
9.870000000000001,0.9426558661257286,0.00011996213559037821,0.0023873989848052593,0.06572750967324609
9.88,0.9425927265828753,0.00012008541208299708,0.002387201608474813,0.06572847234721597
9.89,0.9425295770333282,0.00012020870326304945,0.002387004577584473,0.06572942530658604
9.9,0.9424664174776723,0.00012033200908332616,0.002386807890158286,0.0657303685992511
9.91,0.9424032479164928,0.00012045532949661802,0.0023866115442202998,0.06573130227310597
9.92,0.9423400683503746,0.00012057866445571587,0.0023864155377945613,0.06573222637604545
9.93,0.9422768787799028,0.00012070201391341051,0.0023862198689051177,0.06573314095596433
9.94,0.9422136792056625,0.0001208253778224928,0.0023860245355760163,0.06573404606075745
9.950000000000001,0.9421504696282385,0.00012094875613575353,0.0023858295358313046,0.06573494173831958
9.96,0.942087250048216,0.00012107214880598354,0.0023856348676950293,0.06573582803654554
9.97,0.9420240204661802,0.00012119555578597363,0.0023854405291912377,0.06573670500333015
9.98,0.9419607808827158,0.00012131897702851466,0.0023852465183439777,0.06573757268656821
9.99,0.9418975312984081,0.00012144241248639742,0.0023850528331772957,0.0657384311341545
