t,Z,Y,A
0.0,0.1,1.0,0.5
0.01,0.09563595304933664,1.0195966337591014,0.5114168419609434
0.02,0.09275599351626207,1.0380674319310703,0.5228843741088437
0.03,0.09093322011340316,1.0557130350383905,0.5343729629844451
0.04,0.08984145269436652,1.072771052315907,0.5458640552346039
0.05,0.08924598539262392,1.0894155144395177,0.5573456613481986
0.06,0.08898375322085231,1.1057685090509863,0.5688097921276959
0.07,0.0889439055787997,1.1219134718637889,0.5802509781793315
0.08,0.08905201645264521,1.137906559406262,0.5916653669408972
0.09,0.08925851616908159,1.1537851952530942,0.6030501694642741
0.1,0.08953051326194122,1.1695741880354973,0.6144033036088014
0.11,0.08984624470020262,1.1852899141852173,0.625723164006926
0.12,0.09019131922293454,1.2009431601870304,0.6370084679691603
0.13,0.09055622820699302,1.2165410094109668,0.6482581526241624
0.14,0.09093467842431162,1.2320881068246954,0.6594713043003522
0.15,0.09132251330863073,1.2475874774452935,0.6706471115256878
0.16,0.09171698329274919,1.2630410795115397,0.6817848317215824
0.17,0.09211626830684495,1.278450166246895,0.6928837686026242
0.18,0.09251917017950866,1.293815518647852,0.7039432569051947
0.19,0.09292490076657585,1.3091376055745874,0.7149626512442355
0.2,0.09333294346181759,1.3244166882408315,0.7259413184139577
0.21,0.0937429652624165,1.339652886495114,0.7368786322750004
0.22,0.0941547534082149,1.3548462264412047,0.7477739697125089
0.23,0.09456817661196072,1.3699966695700514,0.7586267080650757
0.24,0.09498316202749225,1.3851041299673688,0.7694362233036522
0.25,0.09539967026894021,1.4001684929534572,0.7802018880035629
0.26,0.09581768594362336,1.415189622111143,0.7909230703646547
0.27,0.09623721335656857,1.430167362296816,0.8015991333374475
0.28,0.09665826805954139,1.4451015461968446,0.8122294341990824
0.29,0.09708087313793223,1.4599919967106898,0.8228133233150626
0.3,0.09750505621737973,1.4748385298815854,0.8333501449921862
0.31,0.09793085226542093,1.4896409512620379,0.8438392346335986
0.32,0.09835829837605081,1.504399060624823,0.854279919513008
0.33,0.09878743355534476,1.519112652467518,0.8646715193314982
0.34,0.0992182986830043,1.533781514679914,0.8750133432448791
0.35000000000000003,0.09965093660686465,1.548405429026674,0.8853046906491558
0.36,0.10008539162753338,1.5629841722730429,0.895544852631491
0.37,0.10052171008130185,1.577517513313319,0.9057331064962478
0.38,0.10095993906737456,1.5920052174588624,0.9158687227597423
0.39,0.1014001275381492,1.6064470418049617,0.9259509565573536
0.4,0.1018423256676376,1.6208427375401864,0.9359790513055013
0.41000000000000003,0.10228658507981185,1.635192049591806,0.9459522389097053
0.42,0.10273295953713603,1.64949471537977,0.9558697370159394
0.43,0.10318150505792878,1.6637504649590826,0.9657307491808121
0.44,0.10363227956528914,1.677959020002843,0.9755344631953038
0.45,0.10408534167691517,1.6921200960303229,0.985280052003411
0.46,0.10454075130195714,1.7062334015939558,0.9949666735829642
0.47000000000000003,0.10499857031322964,1.7202986372667108,1.0045934702818027
0.48,0.10545886343361266,1.7343154934969338,1.0141595635179101
0.49,0.10592169721291136,1.7482836528034773,1.0236640583619674
0.5,0.10638713826176285,1.7622027968566902,1.0331060580600218
0.51,0.1068552670178589,1.7760725637462438,1.0424845798576579
0.52,0.10732615269143271,1.78989262844258,1.0517987143163239
0.53,0.1077998756824483,1.8036626263631952,1.0610474715698681
0.54,0.10827651693269807,1.8173821885589543,1.0702298506121093
0.55,0.10875615972407142,1.831050935148517,1.0793448262849556
0.56,0.10923888932232459,1.8446684775802642,1.088391354357069
0.5700000000000001,0.10972479762637305,1.8582344087160159,1.0973683543649464
0.58,0.11021397882754794,1.8717483138918907,1.106274730308483
0.59,0.11070653232116802,1.8852097606622709,1.1151093489646238
0.6,0.11120256030931744,1.8986183065201172,1.12387105563633
0.61,0.11170217047354913,1.9119734893009972,1.1325586536600738
0.62,0.11220547459568525,1.9252748331055631,1.1411709178035667
0.63,0.11271259108920584,1.9385218444249355,1.1497065883974837
0.64,0.11322364487994763,1.95171401161673,1.1581643697753516
0.65,0.11373876672154941,1.9648508033405259,1.1665429249910824
0.66,0.11425809130068802,1.9779316709044366,1.1748408774919006
0.67,0.11478175873011479,1.9909560471620007,1.1830568116204598
0.68,0.11530991582055466,2.003923344536347,1.1911892698927513
0.6900000000000001,0.11584272080742615,2.016832945889084,1.1992367374452897
0.7000000000000001,0.11638033805789937,2.029684214318,1.207197658152178
0.71,0.11692294098417055,2.042476487501956,1.2150704250783162
0.72,0.11747071654825718,2.0552090688553992,1.222853365457051
0.73,0.11802385914859508,2.0678812395983055,1.2305447612463998
0.74,0.11858257419389728,2.080492249136432,1.2381428301147146
0.75,0.11914707972257962,2.0930413096737777,1.245645714018685
0.76,0.11971760548680561,2.105527600428241,1.2530514889363784
0.77,0.12029439391809738,2.1179502649422735,1.2603581595065707
0.78,0.12087770477735973,2.1303084038225073,1.2675636488052047
0.79,0.12146781443078553,2.1426010754626654,1.274665798836355
0.8,0.1220650178649686,2.154827289798174,1.2816623577181683
0.81,0.1226696285518676,2.1669860093583257,1.2885509822656496
0.8200000000000001,0.12328198249696971,2.179076139845981,1.2953292207497475
0.8300000000000001,0.12390243799217791,2.1910965313941655,1.3019945158083763
0.84,0.12453138089233193,2.2030459676376117,1.3085441856571418
0.85,0.12516922207397888,2.2149231709224693,1.3149754329978365
0.86,0.1258164084383208,2.226726779894832,1.3212853068852781
0.87,0.1264734162383372,2.238455363071014,1.3274707257987914
0.88,0.1271407653623014,2.250107389730769,1.333528428136817
0.89,0.1278190116268232,2.2616812457427984,1.3394549992511677
0.9,0.12850876453449672,2.273175198414885,1.3452468127099593
0.91,0.12921067867912284,2.2845874135202484,1.3509000587618867
0.92,0.12992547456648273,2.295915915565282,1.3564106794460251
0.93,0.13065393105220505,2.3071586021759876,1.361774392039464
0.9400000000000001,0.131396907381145,2.31831320303568,1.36698662299521
0.9500000000000001,0.13215534031241433,2.329377285173281,1.3720425163797239
0.96,0.1329302645705635,2.3403482162353013,1.3769368761876914
0.97,0.13372282074879882,2.351223149874566,1.3816641429504009
0.98,0.1345342641526334,2.361999011688942,1.3862183736012013
0.99,0.1353660031665336,2.3726724314375067,1.3905931362055266
1.0,0.13621960339183292,2.3832397345951692,1.3947814952705886
1.01,0.13709680432329072,2.393696914273639,1.3987759696304778
1.02,0.13799957613150082,2.4040395382422584,1.4025683958542554
1.03,0.13893012495046156,2.414262740065843,1.4061499147560013
1.04,0.13989096174102503,2.4243611055499588,1.4095108032110677
1.05,0.1408849347233802,2.434328622852018,1.4126404041331528
1.06,0.14191531548723835,2.444158543736247,1.415526924245381
1.07,0.14298585926261645,2.4538432885806762,1.4181572974608991
1.08,0.14410091686313845,2.4633742762665687,1.420516948575165
1.09,0.14526555307129896,2.472741743990167,1.4225895417370553
1.1,0.1464856910178873,2.481934530103876,1.4243566802476384
1.11,0.14776836093228424,2.4909397070210058,1.425797406883998
1.12,0.14912192295460713,2.499742255034426,1.4268877615505642
1.1300000000000001,0.15055642053812177,2.5083245566603343,1.4276001103826486
1.1400000000000001,0.1520840489412151,2.5166657340266454,1.427902273850263
1.1500000000000001,0.1537197745375146,2.524740783132199,1.4277563970485299
1.16,0.15548217162028574,2.5325194257804475,1.4271174756821288
1.17,0.1573945857729399,2.539964534277695,1.425931353879079
1.18,0.1594868731359602,2.5470298120043213,1.4241318105912695
1.19,0.16179774445081943,2.553656715430123,1.4216367369823755
1.2,0.1643784005330276,2.5597697517468836,1.4183423606782408
1.21,0.16729806167895037,2.5652694360015125,1.4141146784522387
1.22,0.17065255312399671,2.5700215256276366,1.4087764749743346
1.23,0.1745784860082807,2.5738395115658013,1.4020863461381834
1.24,0.17927713919518423,2.576455588585353,1.3937040329935693
1.25,0.18505712110756992,2.5774695922362856,1.3831293405816694
1.26,0.19241423876253194,2.5762548441137274,1.3695883987332593
1.27,0.20219031529906983,2.571773613703989,1.351805466652533
1.28,0.21590771029348335,2.5621933813409457,1.3275050783912858
1.29,0.23649562723175802,2.5440607859932864,1.2922303545260143
1.3,0.26971457679927685,2.5106715082959923,1.2364400965008753
1.31,0.3251617493517831,2.450709736076035,1.1401471657769304
1.32,0.40918373361973936,2.3551935395749366,0.9790660253511745
1.33,0.5116857074141969,2.2317265763183105,0.7730197440773264
1.34,0.6161462598823889,2.0958381480595483,0.5864796257676056
1.35,0.7122850668400768,1.9581793236739047,0.450907124739074
1.36,0.7937368066528905,1.8262808723916584,0.35975055666979255
1.37,0.8552549617372505,1.7071283053578814,0.29852776948987486
1.3800000000000001,0.8933006484501878,1.6064522605577636,0.25635444349808045
1.3900000000000001,0.9075283956181946,1.5269924692780252,0.22643525373886358
1.4000000000000001,0.9008089316686648,1.4681385074705209,0.2046495097918018
1.41,0.877790744131638,1.4271117659626038,0.1884553361765505
1.42,0.8433460872057318,1.4004232625782962,0.1762381957491824
1.43,0.8016837693786897,1.3847890416665238,0.1669425055485036
1.44,0.7560849433308545,1.37747789764802,0.15986215535840606
1.45,0.7089654345964782,1.3763403061408352,0.15451859741599863
1.46,0.6620457574346262,1.3797167613285002,0.1505876925034238
1.47,0.6165251616428754,1.3863243765973097,0.1478539393946875
1.48,0.5732245997318347,1.3951585879334618,0.1461797767577815
1.49,0.5326929087789098,1.405419196652759,0.14548249982314418
1.5,0.4952804645244894,1.4164600003479415,0.14571440037527708
1.51,0.461187107440935,1.427758134212081,0.14684429251968303
1.52,0.4304918637838911,1.4388977973312853,0.1488410054961248
1.53,0.40317242809171994,1.449561820784156,0.15166104860426208
1.54,0.3791219334448761,1.4595242038423053,0.15524253860296028
1.55,0.35816799613116823,1.4686385989456452,0.15950563336481932
1.56,0.34009532836630046,1.4768211441315828,0.16435750724573983
1.57,0.32466986538592724,1.4840294223253172,0.16969886270254123
1.58,0.31166116088208234,1.4902407982705765,0.1754294625825067
1.59,0.300860881798307,1.495432594308792,0.1814514489431585
1.6,0.2920970961028029,1.4995648510479616,0.1876702446600657
1.61,0.2852455379729922,1.5025648375889367,0.19399333035624194
1.62,0.2802398474021873,1.504311534969211,0.20032724171619282
1.6300000000000001,0.27708285612064376,1.5046180131393234,0.20657286264340965
1.6400000000000001,0.2758607986300014,1.5032096190359794,0.21261876251065287
1.6500000000000001,0.27676146166094356,1.4996966174649269,0.21833200063829422
1.6600000000000001,0.28009492957655435,1.493542248613063,0.22354559483208808
1.67,0.28630896014761825,1.4840342553689436,0.22804242612607836
1.68,0.2959747414971867,1.4702856392231438,0.23153786969658874
1.69,0.30969041813846737,1.451322633265187,0.23367174708049335
1.7,0.3278243708170371,1.4263499255742258,0.23403656265231892
1.71,0.3500774471286452,1.3952321789264333,0.23228378333323055
1.72,0.3750784337752847,1.3589875585967541,0.22831437271813973
1.73,0.4004488929912904,1.3198323438265214,0.2224389232780465
1.74,0.42348812172583633,1.2805664298572264,0.2153317751535293
1.75,0.4420146822042502,1.2437205002775091,0.20778480964845397
1.76,0.4548240496088762,1.21101924338653,0.20046544992216006
1.77,0.461674777234499,1.1832950014034105,0.19381725452660142
1.78,0.46302180654859176,1.1606704207109462,0.18807894148438875
1.79,0.4597103569223659,1.142810503009642,0.18334618850685755
1.8,0.45273401334942664,1.1291382918767052,0.17962947683398697
1.81,0.44307841050245844,1.1189848445235613,0.17689411087710288
1.82,0.4316358432571147,1.1116801931785871,0.17508372938012193
1.83,0.4191677834262716,1.1066023286793056,0.17413246213283878
1.84,0.4062963289724949,1.1031994487567398,0.17397030839904554
1.85,0.3935113297392089,1.1009965044470638,0.1745250208703487
1.86,0.38118522646854547,1.099592879432585,0.1757225540274008
1.87,0.3695913202467734,1.0986549729416504,0.17748713674649114
1.8800000000000001,0.3589228607939254,1.097906064731967,0.1797414626759445
1.8900000000000001,0.3493116447989262,1.0971147860735402,0.1824070290836666
1.9000000000000001,0.3408452569972807,1.0960831471896049,0.18540447142312866
1.9100000000000001,0.3335824388307341,1.0946348049230992,0.18865369478442687
1.92,0.32756630138262943,1.092604054419794,0.19207364548462252
1.93,0.3228352422937541,1.089825910090973,0.19558164602857692
1.94,0.3194314293176013,1.0861276478515722,0.19909230254119656
1.95,0.31740652636941585,1.081322390622925,0.20251609038264767
1.96,0.31682391189305065,1.075205794930535,0.20575784976030762
1.97,0.3177559602774633,1.067557686088284,0.2087156301739139
1.98,0.3202742099957735,1.058151410508376,0.2112806260524052
1.99,0.32442969581205167,1.0467744801081638,0.21333938769059807
2.0,0.3302214965453183,1.033263543523893,0.21477985653913714
2.0100000000000002,0.33755485640113314,1.0175534864639515,0.21550273880496276
2.02,0.346197492533055,0.9997327477802694,0.21543846113620133
2.0300000000000002,0.35575092751920534,0.9800873742518932,0.2145669653604908
2.04,0.36565786873597905,0.959110275077185,0.21293388116923134
2.05,0.37525725823985867,0.9374596949392769,0.21065484083368777
2.06,0.383877350625718,0.9158720732732005,0.20790328318275428
2.07,0.3909372890403486,0.89505637929143,0.20488480230294043
2.08,0.39602434421192595,0.8756036097044222,0.20180739205495002
2.09,0.39892824281874834,0.8579335501843821,0.19885718336673203
2.1,0.3996334571734034,0.842282321483786,0.1961845279674772
2.11,0.39828300598622485,0.8287207482266833,0.19389999826782056
2.12,0.39513012408958725,0.8171892174168303,0.19207705214052373
2.13,0.39049047624379873,0.8075368524811614,0.19075784111244604
2.14,0.38470223745535503,0.7995572975677524,0.18995969524599624
2.15,0.3780965424192878,0.7930175641380536,0.1896809450487348
2.16,0.370978163474981,0.7876791128567345,0.18990565449404706
2.17,0.36361469315398626,0.7833119045229633,0.19060728386044412
2.18,0.35623227078715397,0.7797026525821609,0.19175148139101217
2.19,0.3490159589036079,0.7766586047624681,0.1932982105268369
2.2,0.3421131742759206,0.7740080695500555,0.19520337676871816
2.21,0.33563891272208884,0.7715987024506051,0.19742005146947786
2.22,0.3296818585718389,0.769294340115958,0.19989934670452866
2.23,0.32431076320895025,0.7669709331501009,0.20259095399509025
2.24,0.31958065259571455,0.764512019280589,0.2054433630660372
2.25,0.315538636178501,0.7618039912969596,0.20840376676737807
2.2600000000000002,0.31222909452111236,0.7587314373493355,0.21141766933270986
2.27,0.30969820867479336,0.7551726538003691,0.21442822380911644
2.2800000000000002,0.30799761152696314,0.7509956151707657,0.2173753336124633
2.29,0.3071867825890245,0.7460549110199038,0.22019461817011107
2.3000000000000003,0.3073336376122966,0.7401903199549661,0.22281637832140758
2.31,0.30851229942336417,0.7332282778572392,0.2251648452793217
2.32,0.3107966010630494,0.724988035699619,0.22715817583270148
2.33,0.3142475108273157,0.7152948256030952,0.22870990974539726
2.34,0.31889274217075453,0.7040025148426142,0.22973295378825867
2.35,0.32469862675692157,0.6910263697172695,0.2301470044461207
2.36,0.331537309256576,0.6763836557523644,0.2298901805622854
2.37,0.33915822850702954,0.6602330757300013,0.22893383754135077
2.38,0.3471773859710347,0.6428985224532241,0.2272973848100735
2.39,0.35509759143736347,0.6248614582857714,0.22505762730643572
2.4,0.362363308600063,0.6067149150453113,0.22234736649169368
2.41,0.36843837484509057,0.5890878130361699,0.21934161327351928
2.42,0.3728835919494977,0.5725614591141487,0.21623522908893195
2.43,0.37541121759747925,0.557602367521821,0.21321920726311888
2.44,0.3759047713760568,0.5445260184713203,0.2104621603299764
2.45,0.3744062029211692,0.5334929712326604,0.20810000179872631
2.46,0.3710813208792773,0.5245291950188816,0.2062332430131437
2.47,0.3661763461482287,0.5175592784968458,0.20492948214752563
2.48,0.35997575759521094,0.5124426846892565,0.20422850125188863
2.49,0.3527672881698311,0.5090067603945243,0.20414813839675688
2.5,0.3448161178525939,0.5070735773271025,0.20468992340183928
2.5100000000000002,0.33634793664566304,0.5064800595363047,0.20584411392331142
2.52,0.32753900304237465,0.5070923980009518,0.20759410884728266
2.5300000000000002,0.3185111389510289,0.5088162889256804,0.2099203905439237
2.54,0.30932947376365205,0.5116047607652618,0.21280414257843733
2.5500000000000003,0.3000009148331508,0.5154654477862287,0.2162307223919743
2.56,0.2904716415862233,0.5204690290615662,0.22019313991664416
2.57,0.28062226808215895,0.526760357173255,0.2246956629689431
2.58,0.2702602201678967,0.534572995340332,0.22975753922416062
2.59,0.25911073393685335,0.5442459961443027,0.235416511522947
2.6,0.24681311856781968,0.5562361392533322,0.24173097270185853
2.61,0.2329407348687156,0.5711058630676061,0.2487779472222584
2.62,0.2170837030794887,0.5894437779412598,0.2566416723656489
2.63,0.1990510673986554,0.611651916908675,0.2653863671199715
2.64,0.17919903968867762,0.6375798378541467,0.27501431826056866
2.65,0.15869003046916316,0.6661958096533481,0.2854319883739379
2.66,0.13929345885857047,0.6957101879494987,0.29646164799401364
2.67,0.12265832156608086,0.7242757927071506,0.30790156804280067
2.68,0.1096357258197804,0.7507147744562643,0.31958534648240317
2.69,0.10017944323820556,0.7747080466638686,0.3314020147505786
2.7,0.09369864699969342,0.7965166431625378,0.3432859509015484
2.71,0.0894529963981218,0.8166203671861482,0.3552000270209819
2.72,0.08678121319614039,0.8354911935386613,0.36712305625725417
2.73,0.08517515089470162,0.8535066117511229,0.379042488235137
2.74,0.08427406798385298,0.8709399377194974,0.39095052476633646
2.75,0.08383296733957657,0.8879787401015731,0.40284208165242036
2.7600000000000002,0.08368963854428811,0.9047479097042845,0.4147136925092626
2.77,0.08373825951818306,0.921329162549322,0.42656289320816193
2.7800000000000002,0.08391037179815757,0.937775434488473,0.4383878606350178
2.79,0.08416190221186907,0.9541208151218018,0.4501871904716251
2.8000000000000003,0.08446454694968074,0.9703871859579299,0.46195975635420783
2.81,0.08480015127861931,0.9865885649596986,0.47370461816460063
2.82,0.08515707852983045,1.0027339179477028,0.48542096127346135
2.83,0.08552787027961373,1.0188289713972078,0.497108055653958
2.84,0.08590774941322739,1.0348773722665656,0.5087652284174725
2.85,0.08629366133919365,1.0508814306366858,0.5203918450774216
2.86,0.08668365636855233,1.0668425978145457,0.5319872966715324
2.87,0.08707649359504979,1.0827617728729666,0.543550991054691
2.88,0.08747139137545165,1.0986394956130277,0.5550823469648788
2.89,0.08786786018525046,1.1144760757492231,0.5665807897452162
2.9,0.08826560140748604,1.1302716711774632,0.5780457486214958
2.91,0.08866443681885228,1.1460263424659867,0.5894766545902682
2.92,0.08906426620884464,1.1617400856629228,0.6008729390850073
2.93,0.08946504299933158,1.1774128511827968,0.6122340330623807
2.94,0.08986674962453844,1.1930445628398885,0.6235593660062005
2.95,0.09026938856291389,1.2086351248633422,0.6348483654743101
2.96,0.09067297738205497,1.2241844255956138,0.6461004566109138
2.97,0.09107754105306262,1.2396923441232168,0.6573150621630057
2.98,0.09148310888524105,1.2551587519668714,0.6684916015636682
2.99,0.09188971387182229,1.2705835140556496,0.6796294910373921
3.0,0.0922973915848695,1.285966489681503,0.6907281434666436
3.0100000000000002,0.09270617844426109,1.3013075333248,0.7017869675357783
3.02,0.09311611101586371,1.3166064955089856,0.7128053676731361
3.0300000000000002,0.09352722631274399,1.3318632228505627,0.7237827441349747
3.04,0.09393956179685072,1.347077557915579,0.7347184926580593
3.0500000000000003,0.09435315526296197,1.3622493386275802,0.7456120032408698
3.06,0.09476804463359373,1.377378399890922,0.756462661792698
3.0700000000000003,0.09518426810588883,1.3924645715635042,0.7672698470333366
3.08,0.09560186410655251,1.407507679732039,0.7780329319929106
3.09,0.09602087121306982,1.4225075472445714,0.7887512855554233
3.1,0.0964413283278148,1.4374639919745757,0.7994242696539482
3.11,0.09686327567401669,1.4523768270213349,0.8100512372171784
3.12,0.0972867538815825,1.4672458605159742,0.820631534040379
3.13,0.09771180389479232,1.4820708956018713,0.8311644989742939
3.14,0.09813846747253047,1.4968517306722326,0.8416494626738706
3.15,0.09856678779061268,1.5115881597531655,0.8520857459236522
3.16,0.09899680836209712,1.5262799718170048,0.8624726626395569
3.17,0.09942857339606719,1.540926950982198,0.872809518804788
3.18,0.0998621282485966,1.555528874918607,0.8830956067881364
3.19,0.10029751919744556,1.570085515704873,0.8933302083253062
3.2,0.10073479321447239,1.5845966406944814,0.903512597530478
3.21,0.10117399427042831,1.599062032291743,0.9136420769188981
3.22,0.1016151843292373,1.613481385091861,0.9237177823067619
3.23,0.10205840467178622,1.6278544974312634,0.9337390452652921
3.24,0.10250370931590827,1.6421811025214532,0.9437050749894413
3.25,0.10295115473982538,1.6564609299352184,0.9536150751956746
3.2600000000000002,0.10340080052704731,1.6706937039259462,0.9634682408303287
3.27,0.10385270257716397,1.684879144652371,0.9732637506825645
3.2800000000000002,0.1043069181614927,1.6990169668523711,0.9830007727851634
3.29,0.10476350918234818,1.7131068734634807,0.9926784547025519
3.3000000000000003,0.10522254011123931,1.7271485590591675,1.002295927835733
3.31,0.10568407742236735,1.7411417109241116,1.011852309026834
3.3200000000000003,0.10614818979904353,1.7550860050571593,1.0213466905982418
3.33,0.10661494766882908,1.768981111129845,1.0307781519314398
3.34,0.10708442451077416,1.7828266871699479,1.0401457483659962
3.35,0.10755669696005755,1.7966223800063277,1.049448512226764
3.36,0.10803184382265266,1.8103678285530882,1.0586854594435224
3.37,0.1085099475525217,1.8240626583395312,1.0678555779912167
3.38,0.10899109310766891,1.8377064855773217,1.0769578361381154
3.39,0.10947536948295153,1.8512989114304552,1.0859911702750693
3.4,0.10996286855463636,1.864839526517497,1.094954494835618
3.41,0.110453687410328,1.8783279065447824,1.103846694707869
3.42,0.1109479286932437,1.8917636125483213,1.1126666263385776
3.43,0.11144569932761217,1.905146189760922,1.121413113047763
3.44,0.11194710949425328,1.9184751692658755,1.130084946245592
3.45,0.11245227262594885,1.931750068001003,1.1386808854312178
3.46,0.11296130690458528,1.944970387541801,1.1471996586991904
3.47,0.11347433788059783,1.9581356080583738,1.1556399509583735
3.48,0.11399149766092788,1.971245189949132,1.164000406808452
3.49,0.11451292281454166,1.9842985780751394,1.1722796380205474
3.5,0.11503876035855032,1.997295190686764,1.1804762052227655
3.5100000000000002,0.11556916557346124,2.0102344233890377,1.1885886243576902
3.52,0.11610429978178881,2.0231156530541887,1.1966153729198716
3.5300000000000002,0.11664433352075189,2.0359382282248712,1.2045548700177557
3.54,0.11718944638388658,2.0487014692972054,1.212405476561843
3.5500000000000003,0.11773982538534265,2.061404671364945,1.2201654998157203
3.56,0.11829566749373059,2.0740471007886523,1.2278331891786343
3.5700000000000003,0.11885718478453347,2.0866279885456045,1.2354067286274995
3.58,0.11942460119917701,2.0991465324105594,1.2428842360271428
3.59,0.11999815399866624,2.1116018936331526,1.250263757066095
3.6,0.12057809495342231,2.1239931940946777,1.2575432599913314
3.61,0.12116469096226797,2.136319514993468,1.26472063330903
3.62,0.12175822758159477,2.148579890290033,1.2717936752565364
3.63,0.12235900734105261,2.1607733097252546,1.2787600985342267
3.64,0.12296735569484947,2.172898706158531,1.2856175082127863
3.65,0.12358361826369038,2.184954961441003,1.292363411991916
3.66,0.12420816767681489,2.196940891588427,1.2989951941137838
3.67,0.12484140066901353,2.20885525322705,1.3055101268523537
3.68,0.1254837468947628,2.2206967252740912,1.3119053390521511
3.69,0.12613566494597908,2.232463917266847,1.318177830485384
3.7,0.12679765428365053,2.2441553452711407,1.324324431198623
3.71,0.12747024859975314,2.2557694453228017,1.3303418242325593
3.72,0.12815403108690165,2.267304543136974,1.3362264950605436
3.73,0.12884963171369124,2.2787588595150914,1.3419747406149602
3.74,0.12955773673837592,2.2901304929358988,1.3475826417259236
3.75,0.1302790952433793,2.301417406482163,1.3530460411846024
3.7600000000000002,0.13101452534818678,2.3126174157352186,1.3583605237133711
3.77,0.13176492124904488,2.323728175421004,1.3635213942689584
3.7800000000000002,0.13253126437234408,2.334747159612553,1.3685236473369178
3.79,0.13331464090164316,2.3456716324911997,1.373361923619175
3.8000000000000003,0.13411624560430255,2.3564986392993137,1.3780304934397538
3.81,0.13493740997533032,2.367224958019889,1.3825231833380676
3.8200000000000003,0.1357796076300096,2.3778470892744075,1.3868333598445046
3.83,0.13664449125347222,2.3883611938364018,1.3909538354057447
3.84,0.13753390658171957,2.3987630679036105,1.3948768300378558
3.85,0.1384499336583787,2.4090480760819832,1.3985938735162298
3.86,0.13939492684960852,2.419211085628586,1.4020957085173102
3.87,0.14037154720146133,2.4292464131164464,1.4053722117011442
3.88,0.14138285448408067,2.4391476791174083,1.4084121858440608
3.89,0.14243232033923164,2.4489077848021847,1.4112033234753283
3.9,0.14352398711011857,2.4585186699731625,1.413731870451175
3.91,0.14466253944468535,2.4679712004402043,1.415982464839976
3.92,0.14585344538870448,2.4772549520375673,1.417937833980709
3.93,0.1471031280827889,2.486357958425948,1.419578454515065
3.94,0.148419233014527,2.495266322181262,1.4208820310175232
3.95,0.14981089463923053,2.503963822833363,1.4218229630168135
3.96,0.15128914467536933,2.5124313381639904,1.4223715851716643
3.97,0.15286741754914224,2.5206461330807923,1.422493238166014
3.98,0.15456233037239747,2.5285807814086674,1.422146879073617
3.99,0.1563946199805096,2.5362018847158865,1.4212834432770691
4.0,0.15839055193356705,2.543468181125444,1.4198434648497344
4.01,0.16058392143507424,2.5503278970337853,1.4177537780547174
4.0200000000000005,0.16301901053719278,2.556714890343699,1.4149227631689727
4.03,0.16575493878836828,2.562543066589444,1.4112335419256945
4.04,0.16887256761977704,2.5676976519515184,1.4065334385658728
4.05,0.17248537149231777,2.5720216625909798,1.4006177630427548
4.0600000000000005,0.1767576338575826,2.5752936104963995,1.3932032331657354
4.07,0.1819359393358771,2.577189509363543,1.3838827273356533
4.08,0.18840669728877715,2.577214536571184,1.3720434857070618
4.09,0.19680698501203517,2.574573298249491,1.356709398732529
4.1,0.20825139972072182,2.5679079611783315,1.3362118728451653
4.11,0.22482027445519046,2.5547410120805307,1.3074405941115947
4.12,0.2506001377574432,2.530292318215514,1.2640110268779439
4.13,0.293313741739539,2.4855674999645667,1.192022444826579
4.14,0.3627685078919091,2.4085573318399804,1.0663979652281308
4.15,0.4579761908585266,2.297471100491222,0.8771673276955338
4.16,0.5631466710358082,2.166257915397456,0.6742254901443397
4.17,0.664453071064874,2.0285010013960676,0.5125477928377967
4.18,0.7540774877483504,1.8928276081602682,0.4009618312830641
4.19,0.8262965274445452,1.7664231185120576,0.32636849200408535
4.2,0.8765020136773517,1.6558804794998216,0.2756960950017475
4.21,0.9026140371904008,1.5656124406964502,0.2402665111751268
4.22,0.9059992612365205,1.4966209822888168,0.21478699952682487
4.23,0.8906279447642587,1.447024873409877,0.1960287324455799
4.24,0.8614176841279956,1.4135378163132355,0.1819713870580309
4.25,0.8229763650619941,1.3926996031930294,0.17131237494822085
4.26,0.7790581535025056,1.3814835878184049,0.163189402965139
4.2700000000000005,0.7324966411158278,1.3774549285272926,0.15702103011270446
4.28,0.6853398576191538,1.3787217273241692,0.15241251954586543
4.29,0.6390297025151619,1.383825184818402,0.14909826809877014
4.3,0.5945624228872284,1.3916314408842345,0.14690469848543403
4.3100000000000005,0.552613104094321,1.401245113569795,0.1457240607101387
4.32,0.5136249141110294,1.4119474370230094,0.1454933345265789
4.33,0.477869071337308,1.4231562720359967,0.14617513462252746
4.34,0.4454827753949591,1.4344033225192963,0.1477400255199143
4.3500000000000005,0.41649286249652073,1.4453226099254386,0.15015177956231704
4.36,0.39083316954588976,1.4556432615248096,0.15335800881041173
4.37,0.3683620454823817,1.4651804432043416,0.15728744628699895
4.38,0.3488832464351572,1.473820995548283,0.16185297626359285
4.39,0.3321697059841016,1.4815039504146312,0.16695773344649423
4.4,0.3179871595884602,1.4881987908744496,0.17250134818949506
4.41,0.3061147671798519,1.4938844862431668,0.17838444852928426
4.42,0.2963614517181578,1.4985309571098817,0.18451073607134738
4.43,0.28857849482277476,1.502082848601935,0.19078677065875385
4.44,0.2826700726545156,1.504444222054585,0.1971198163601234
4.45,0.27860379547631065,1.505462209445536,0.2034139788503735
4.46,0.2764233072014311,1.5049074642753808,0.20956455007932376
4.47,0.2762644114245867,1.5024496620658083,0.21545014145974448
4.48,0.27837484880836016,1.4976275392262253,0.22092188434522764
4.49,0.28313370480884614,1.489817273311759,0.2257890484940498
4.5,0.29105530609448876,1.4782150298336012,0.2298018246865804
4.51,0.3027406568947261,1.4618737408426459,0.23263688107560104
4.5200000000000005,0.31870712520340955,1.4398719134903062,0.23390374998751776
4.53,0.339031555948047,1.4116951200140728,0.23320865462494814
4.54,0.3628874160700462,1.3777662628059366,0.23030893158768215
4.55,0.3883358199647684,1.339759432454263,0.22530858493115544
4.5600000000000005,0.4127337570150394,1.3002879546524793,0.2187261580073728
4.57,0.4335753873814592,1.2620926417215845,0.21132806387953018
4.58,0.4491710004095228,1.2273116798902086,0.20385971445399534
4.59,0.45884182421133396,1.1971904442627954,0.19687328360557146
4.6000000000000005,0.4627449242823858,1.1721622327232624,0.1906988047242429
4.61,0.46156862116880276,1.1520842433903231,0.18549300050741335
4.62,0.45625486947464616,1.1364765284398226,0.18130182162088757
4.63,0.44780322362145103,1.1247031882667986,0.17810912170184492
4.64,0.43715442176738784,1.1160894344488974,0.1758674290915532
4.65,0.42513266054717114,1.1099884765704193,0.17451488828404652
4.66,0.41242506619868996,1.1058149664384074,0.17398341503206008
4.67,0.3995823714518561,1.1030581176931493,0.17420197368617565
4.68,0.3870306510560582,1.1012830886368672,0.17509755500204932
4.69,0.3750882310619995,1.1001257190124372,0.17659535326226675
4.7,0.36398447976172166,1.0992835804501517,0.17861889284018329
4.71,0.35387869910536046,1.09850503203516,0.18109030788568536
4.72,0.34487802326784683,1.0975774213930223,0.1839307050242253
4.73,0.337053677521955,1.0963152148617181,0.18706041296195944
4.74,0.3304551884260704,1.0945486493109748,0.19039894183948258
4.75,0.3251223620087433,1.0921133054181917,0.19386453529437894
4.76,0.3210949020959595,1.0888409599479831,0.19737328314973276
4.7700000000000005,0.31841945111223596,1.0845521811926422,0.2008378565906612
4.78,0.3171535375826028,1.079051461706393,0.20416603238106357
4.79,0.31736534145365325,1.072126332996633,0.20725933289695087
4.8,0.31912745543183263,1.0635527928277795,0.21001237521901855
4.8100000000000005,0.32250218303658373,1.0531102157438275,0.2123138774930343
4.82,0.327515792271817,1.0406093224157158,0.2140507354444316
4.83,0.3341213608468882,1.0259347006681396,0.21511672849867267
4.84,0.3421548222041362,1.009098265787687,0.21542688477948627
4.8500000000000005,0.3512973587894925,0.9902905871544638,0.21493633077582347
4.86,0.36106424829015993,0.9699083985181698,0.21365889264172602
4.87,0.37083724976053634,0.9485375684650069,0.21167763823337382
4.88,0.3799419047101972,0.9268856091774711,0.20914050729425315
4.89,0.3877482930105693,0.9056815640851057,0.20624027327128525
4.9,0.3937619815199921,0.8855758410109945,0.20318572765947915
4.91,0.3976788004340216,0.8670687829812312,0.20017421574335997
4.92,0.3993956089948953,0.8504799891134823,0.1973728315582965
4.93,0.39898574554531674,0.8359537590368646,0.19491010962246735
4.94,0.39665503475826985,0.8234875444090428,0.19287597008081167
4.95,0.39269304723589205,0.8129698805685783,0.19132634133116005
4.96,0.3874293180527451,0.8042180566098224,0.19028947140700905
4.97,0.38119910581182054,0.7970101582075478,0.18977208329211206
4.98,0.374319559085288,0.7911096043099706,0.18976459347094332
4.99,0.3670751872330206,0.7862822823490496,0.1902452328021437
5.0,0.3597107744106366,0.78230730678785,0.19118320170903796
5.01,0.3524297446714387,0.7789827459446025,0.19254107660792225
5.0200000000000005,0.34539630913437996,0.7761275299449655,0.1942766445950559
5.03,0.3387398811295216,0.7735807478477128,0.1963443077737064
5.04,0.33256081968202833,0.7711991054244782,0.19869611306128143
5.05,0.32693669709425105,0.7688532515775381,0.2012824422356498
5.0600000000000005,0.3219285831467923,0.7664234576155197,0.20405237895921524
5.07,0.317586989693335,0.7637950202304922,0.2069537595422425
5.08,0.3139573339543284,0.7608535789758627,0.20993292343922393
5.09,0.3110847534651358,0.757480559972707,0.21293417639915463
5.1000000000000005,0.30901811129386914,0.7535489950561785,0.2158990118919328
5.11,0.3078129369218044,0.7489200488125242,0.2187651475974267
5.12,0.3075328329667773,0.7434408598802239,0.221465500570699
5.13,0.3082485516484306,0.7369446779128025,0.22392731162746582
5.14,0.3100334768253968,0.7292548596846651,0.2260718028251771
5.15,0.31295391843741927,0.7201947421646204,0.22781495122293988
5.16,0.3170524180246102,0.709605816161568,0.2290702632339581
5.17,0.32232317906017344,0.6973758374488684,0.22975458778704239
5.18,0.3286812270267697,0.6834760065120854,0.22979780743779163
5.19,0.3359315404054747,0.6680013399249813,0.22915626053775584
5.2,0.34374973621466365,0.6512021105461167,0.22782774083672108
5.21,0.3516880985718332,0.6334907205500862,0.22586355139366426
5.22,0.35921545891433754,0.6154124418234399,0.22337200670264043
5.23,0.3657858884535284,0.5975818069467049,0.22050997854850912
5.24,0.3709175408259203,0.580601289651752,0.2174639326099401
5.25,0.3742578251127549,0.5649862625887487,0.21442642598819478
5.26,0.37561804082730477,0.551115414441343,0.21157519615965623
5.2700000000000005,0.374973912931484,0.5392135344728926,0.20905940811220675
5.28,0.37243963563384236,0.529362151946158,0.2069938895087983
5.29,0.3682278040774373,0.5215276963987661,0.20545957738214868
5.3,0.3626066144257481,0.5155966140915645,0.20450760068961032
5.3100000000000005,0.3558619643250795,0.5114096556428781,0.20416482681672363
5.32,0.3482680061305758,0.5087911098067021,0.20443955968642966
5.33,0.3400666818086436,0.5075715322238155,0.20532676655326715
5.34,0.3314550749295351,0.507604320572296,0.20681269689823695
5.3500000000000005,0.32257851211721783,0.5087774560572698,0.20887895121483385
5.36,0.31352733793979953,0.5110221102449894,0.2115061877437715
5.37,0.3043352498694719,0.5143198829091101,0.2146775979918146
5.38,0.29497744715124574,0.5187104067276446,0.218382326415604
5.39,0.2853670171147808,0.5243009726469691,0.22261897265252523
5.4,0.2753486078917663,0.5312793582268114,0.22739924711803355
5.41,0.2646896095438072,0.539929918213255,0.23275165705683454
5.42,0.25307230528160274,0.5506495888737217,0.2387245684631578
5.43,0.2400982857746571,0.5639519507161677,0.24538680852939102
5.44,0.2253327447618252,0.5804292926429669,0.25282183427068694
5.45,0.20843886914044563,0.6006161480801161,0.26110920216242106
5.46,0.18944932750440913,0.624695595083425,0.2702889224188583
5.47,0.16910249644526126,0.6521088581494503,0.2803189228738069
5.48,0.1489224228814381,0.6813968257232459,0.29105948247861274
5.49,0.13072524519763115,0.7106349138071314,0.3023122642920922
5.5,0.11582281566449511,0.7382404422764426,0.31388752745755094
5.51,0.10460219011720136,0.7634698101418554,0.3256458878222811
5.5200000000000005,0.0966965318681891,0.7863354348549669,0.33750060410187455
5.53,0.09140227236105285,0.8072433865060032,0.34940187686860796
5.54,0.0880012673844448,0.8266872974045655,0.361321545938512
5.55,0.08590503783638383,0.8450970546418085,0.37324328000646606
5.5600000000000005,0.08468105261846214,0.8627975782041553,0.38515718040588875
5.57,0.08402974292028584,0.8800171586604277,0.3970569470782774
5.58,0.08375047900475993,0.8969098774281835,0.40893837992565324
5.59,0.08371150146913979,0.9135773453315652,0.42079855563191704
5.6000000000000005,0.08382724892705681,0.9300856827560555,0.4326353549758658
5.61,0.08404251565984701,0.9464775852670273,0.44444717902733205
5.62,0.08432180663263626,0.962780501416305,0.4562327717705132
5.63,0.08464234039728549,0.9790120331008119,0.4679911059242037
5.64,0.08498951149331908,0.9951834464671059,0.4797213080270022
5.65,0.0853539518363487,1.0113019479061416,0.4914226081928916
5.66,0.08572966379730972,1.0273721305811705,0.5030943067036475
5.67,0.08611280699615333,1.0433969141752841,0.5147357509080639
5.68,0.08650092343761553,1.0593781449130435,0.5263463196552098
5.69,0.08689245111619669,1.0753169720250093,0.5379254128872649
5.7,0.08728639761653563,1.0912141001592717,0.5494724440790572
5.71,0.08768213920936126,1.1070699447375398,0.5609868353374056
5.72,0.08807929022633207,1.122884732923182,0.5724680139568026
5.73,0.08847761445877603,1.1386585720996398,0.5839154099216687
5.74,0.0888769806745962,1.1543914843081866,0.5953284545302895
5.75,0.08927731615766368,1.170083442109003,0.6067065787839475
5.76,0.08967858722216655,1.1857343837029428,0.618049212618822
5.7700000000000005,0.09008078919563116,1.2013442206197542,0.6293557843756704
5.78,0.09048393310183313,1.2169128485025247,0.6406257204482245
5.79,0.09088803916948811,1.2324401516725916,0.6518584444720384
5.8,0.09129313441027681,1.2479260055062618,0.6630533773929997
5.8100000000000005,0.09169925174147303,1.2633702769648487,0.6742099371473814
5.82,0.09210642584795754,1.2787728274782588,0.6853275379051347
5.83,0.09251469197390796,1.2941335142075676,0.6964055900011554
5.84,0.0929240862014747,1.309452190153581,0.7074435000568057
5.8500000000000005,0.09333464552549549,1.3247287037352147,0.7184406703934496
5.86,0.09374640741034986,1.3399628989650523,0.729396498470518
5.87,0.09415940947531977,1.3551546160205776,0.74031037696132
5.88,0.09457368954985196,1.3703036900199337,0.751181691843646
5.89,0.09498928565047463,1.3854099516554885,0.762009823029145
5.9,0.09540623568048677,1.4004732344928235,0.7727941542983202
5.91,0.09582457861305022,1.4154933593618508,0.7835340513772404
5.92,0.09624435362258597,1.4304701446926937,0.794228876590499
5.93,0.09666559978939665,1.4454034109646927,0.8048779949278584
5.94,0.09708835814658026,1.4602929626096586,0.815480746764063
5.95,0.09751266923832672,1.4751386080771094,0.8260364786365492
5.96,0.09793857453119781,1.489940148932174,0.8365445253214221
5.97,0.09836611595903558,1.5046973831794592,0.8470042156505293
5.98,0.09879533661450345,1.519410099998191,0.8574148637189061
5.99,0.0992262796725428,1.53407808985263,0.8677757845146312
6.0,0.09965899011525109,1.5487011309904075,0.8780862716128385
6.01,0.10009351338657542,1.5632789979308308,0.8883456125012706
6.0200000000000005,0.10052989634676249,1.5778114582379512,0.8985530824792304
6.03,0.10096818852313723,1.5922982763249935,0.9087079503763453
6.04,0.10140844043651691,1.6067392083638963,0.9188094709006586
6.05,0.10185070396471733,1.6211340034548647,0.9288568863487505
6.0600000000000005,0.10229503124313068,1.6354824057686728,0.9388494257100399
6.07,0.10274147520240783,1.6497841537274078,0.9487863052768546
6.08,0.10319009029799753,1.6640389788929129,0.9586667294722044
6.09,0.10364093243397686,1.6782466056714391,0.968489888081425
6.1000000000000005,0.10409405994238746,1.6924067486347532,0.9782549496270171
6.11,0.10454953210158822,1.7065191165730595,0.9879610713919147
6.12,0.10500739628239181,1.7205834521049366,0.9976074731021096
6.13,0.10546775727150132,1.7345993300416347,1.0071930630936177
6.140000000000001,0.10593065484454962,1.7485665245378303,1.0167171237886667
6.15,0.10639616659780601,1.7624846917097812,1.026178715217517
6.16,0.10686436765299587,1.7763534876614042,1.0355768919445572
6.17,0.10733532556780918,1.790172568431699,1.0449106917524116
6.18,0.10780911691060566,1.8039415772336969,1.0541791372801121
6.19,0.10828582486673799,1.817660145038935,1.063381232396104
6.2,0.10876553534297115,1.831327889008112,1.0725159498854113
6.21,0.10924833584735008,1.8449444194876772,1.08158224768082
6.22,0.10973431729660739,1.8585093297901598,1.0905790452566493
6.23,0.11022357370780718,1.872022203771609,1.0995052430315166
6.24,0.11071620367184676,1.8854826099879711,1.1083597097663007
6.25,0.11121231017713475,1.8988901035074606,1.1171412868422395
6.26,0.11171200114769932,1.9122442237213126,1.1258487835459914
6.2700000000000005,0.11221538978061557,1.925544492326368,1.1344809720756477
6.28,0.11272259463470588,1.9387904134700276,1.1430365881444173
6.29,0.11323373531921538,1.951981488045711,1.151514360745848
6.3,0.11374894381069878,1.9651171770501534,1.1599129360858003
6.3100000000000005,0.11426835388277558,1.9781969368238927,1.1682309512048288
6.32,0.11479210804006462,1.9912201959062095,1.1764669856131718
6.33,0.11532035628410371,2.0041863607453925,1.1846195741669752
6.34,0.11585325742821541,2.017094817384621,1.1926872139920244
6.3500000000000005,0.1163909790610642,2.0299449245519834,1.2006683460574576
6.36,0.1169336958485653,2.0427360161976207,1.2085613582764787
6.37,0.11748158921465454,2.055467401903244,1.2163645859101428
6.38,0.1180348496994892,2.0681383649975995,1.224076311491241
6.390000000000001,0.11859368418314832,2.080748149600669,1.2316947442261224
6.4,0.1191583102547647,2.093295970084858,1.2392180342425696
6.41,0.11972895735001587,2.1057810082404766,1.2466442672224372
6.42,0.12030587367744498,2.1182023990118894,1.253971439796142
6.43,0.12088931895255346,2.1305592459797587,1.2611974867539402
6.44,0.12147956967476252,2.142850607430834,1.2683202540413452
6.45,0.12207692101681593,2.155075491046209,1.2753374882166248
6.46,0.12268168683983868,2.167232856994619,1.2822468449296909
6.47,0.12329420226837753,2.1793216119556322,1.2890458780099632
6.48,0.12391482609301939,2.1913406045714647,1.295732032074072
6.49,0.12454394431116629,2.2032886186569147,1.3023026314124677
6.5,0.1251819705098265,2.2151643711715754,1.3087548753199225
6.51,0.12582934934987317,2.226966505034742,1.3150858258049414
6.5200000000000005,0.12648656205623812,2.2386935782581032,1.3212923894847404
6.53,0.1271541244932911,2.250344067769113,1.3273713239695155
6.54,0.12783259560762453,2.2619163529146555,1.3333192105878224
6.55,0.1285225839185714,2.2734087028670857,1.33913243365609
6.5600000000000005,0.12922474792333366,2.2848192759739128,1.344807179547184
6.57,0.12993980672036642,2.2961460999727574,1.3503394049854998
6.58,0.13066854506572764,2.307387061300491,1.3557248185144453
6.59,0.13141182075736593,2.3185398915822653,1.3609588590381634
6.6000000000000005,0.13217057199357365,2.3296021533897244,1.366036672427344
6.61,0.13294583545044067,2.340571210243618,1.3709530672871797
6.62,0.13373875260348425,2.351444214234052,1.3757024944428398
6.63,0.13455058884511642,2.3622180721457045,1.3802789942647788
6.640000000000001,0.1353827496004287,2.3728894172828765,1.3846761533395353
6.65,0.13623679823574056,2.3834545787096006,1.3888870576867707
6.66,0.1371144903322289,2.393909523114468,1.3929042050697338
6.67,0.13801778631035702,2.40424983309825,1.396719472001856
6.68,0.13894891350185504,2.4144706070292874,1.4003239683205695
6.69,0.1399103754675596,2.424566441176361,1.4037080079834343
6.7,0.14090504540614307,2.4345312822319616,1.4068608981065278
6.71,0.14193618599761987,2.444358393007162,1.4097708866282899
6.72,0.14300756228209688,2.4540401791383766,1.4124249198705596
6.73,0.1441235427180195,2.4635680328239515,1.4148084225276558
6.74,0.1452892146877178,2.472932154812416,1.416905046523596
6.75,0.1465105153067742,2.482121357135666,1.4186963987777488
6.76,0.1477944968792396,2.4911226780098796,1.420161527051233
6.7700000000000005,0.14914955622462842,2.4999210429343353,1.4212764575889254
6.78,0.15058576812766522,2.5084987844613007,1.4220135552199056
6.79,0.15211537514463164,2.5168349527920357,1.4223406233488778
6.8,0.15375339714104808,2.52490446548378,1.4222197997923172
6.8100000000000005,0.1555185028677984,2.5326769089229817,1.4216060181247296
6.82,0.15743416419683554,2.5401149764498707,1.4204450285737744
6.83,0.15953033549536677,2.547172230206367,1.418670597386019
6.84,0.16184597123943503,2.5537897960879037,1.4162004139331423
6.8500000000000005,0.1644325677933875,2.559891783152476,1.41293047874541
6.86,0.16735974408612983,2.565378179481805,1.4087264918086149
6.87,0.17072399754739748,2.5701138734224367,1.4034106489075122
6.88,0.17466290528078524,2.573911127897101,1.396740709779642
6.890000000000001,0.1793793849451055,2.5765000963919484,1.3883748893451686
6.9,0.1851847736604062,2.577477279401778,1.3778103755751343
6.91,0.1925797479302522,2.576210154928066,1.3642684310361972
6.92,0.20241547484409209,2.5716499818840313,1.3464634582216344
6.93,0.21623308168311905,2.561942471923943,1.3220988009909074
6.94,0.23700096398958564,2.5435892935393607,1.2866679549466915
6.95,0.2705529699284718,2.509801426951039,1.2305133007617848
6.96,0.32653637426304205,2.449194153380048,1.1334822269885116
6.97,0.4110711714619757,2.35300004305715,0.9717006090695521
6.98,0.5137494076164104,2.2291562832614282,0.76631030495356
6.99,0.6181062973290168,2.0931686093921305,0.581539350874105
7.0,0.7139686448071415,1.9556027888966023,0.4476169998895839
7.01,0.7949922393485181,1.8239842821654775,0.357585494885373
7.0200000000000005,0.8559493014176001,1.705294424735163,0.2970681310120803
7.03,0.8933726396863094,1.6052023224384586,0.2553385811718651
7.04,0.9070176587131563,1.5263479098745945,0.22570740785611773
7.05,0.8998293706558106,1.4680384121668413,0.20411569805904456
7.0600000000000005,0.8764811950682839,1.4274572616349863,0.1880570941386376
7.07,0.8418345172341977,1.4011128016099546,0.17593796948159843
7.08,0.8000726990055205,1.3857349503167242,0.1667155161006694
7.09,0.7544503177501082,1.3786101769483146,0.15969175274775238
7.1000000000000005,0.7073609237989051,1.3776047959230282,0.15439352743134713
7.11,0.6605080683488825,1.3810717876473777,0.15050042288430412
7.12,0.6150786770338805,1.3877375693397664,0.14779957276028044
7.13,0.5718849233620672,1.3966043814487126,0.14615527163070313
7.140000000000001,0.5314693761102123,1.4068770640743722,0.14548603175022765
7.15,0.494177802900791,1.4179133309999912,0.14574477712460648
7.16,0.4602064665470632,1.4291936067489859,0.14690041845645396
7.17,0.4296314739724709,1.4403050437375131,0.14892145053399913
7.18,0.4024281121404084,1.4509331839147903,0.15176378805299642
7.19,0.37848768373850566,1.4608543713796536,0.15536491811277464
7.2,0.3576366526026447,1.4699240771783413,0.15964448928688124
7.21,0.3396593565741184,1.478059556307538,0.16450936884798914
7.22,0.3243221102630961,1.4852187522119231,0.1698601303927155
7.23,0.31139551097080986,1.4913786513361387,0.1755965246931318
7.24,0.30067281429004555,1.4965155243590476,0.18162070830016275
7.25,0.2919841210273134,1.5005877321680812,0.18783805884829055
7.26,0.28520762875003275,1.503520210422551,0.1941558852903762
7.2700000000000005,0.28027990859725366,1.505188868250909,0.20048034997407468
7.28,0.2772073076387887,1.5054028004769198,0.20671168965255077
7.29,0.27608029964260544,1.503882268443085,0.2127374479163472
7.3,0.27709171101137436,1.5002311848539451,0.2184231494759521
7.3100000000000005,0.28055723184796105,1.493905345201624,0.22359965122351716
7.32,0.2869295965368486,1.484185104890661,0.22804693152860303
7.33,0.29678107056512354,1.4701796585638491,0.23147712905961243
7.34,0.31070019094526713,1.4509224632344537,0.2335277830995668
7.3500000000000005,0.32902562530772017,1.4256474266402608,0.2337933220438604
7.36,0.3514054063076506,1.3942757133790185,0.2319359235540782
7.37,0.37641111734022104,1.3578921373882347,0.22787683343858142
7.38,0.40163814520950863,1.3187530514322463,0.22194765677404735
7.390000000000001,0.4244091483204241,1.279649024192483,0.21483161472682746
7.4,0.4425985829453976,1.243064662658554,0.20731435597425574
7.41,0.45506066089007385,1.2106697938950324,0.20004963544545631
7.42,0.4615970408387362,1.1832523508263002,0.19346798404012513
7.43,0.4626862297127533,1.1609067941080182,0.18779908696171682
7.44,0.45918130267929297,1.1432841193761472,0.18313348226199858
7.45,0.45207371258135387,1.1298031129736072,0.17947918395003964
7.46,0.44234177088097926,1.1197962734201488,0.17680054469661521
7.47,0.43086840140238575,1.1125979676404474,0.17504099920744864
7.48,0.4184056014552432,1.107591586958785,0.17413475363699174
7.49,0.4055668186262613,1.1042308169945285,0.17401194079422577
7.5,0.3928344331659732,1.1020457169169422,0.174600435351557
7.51,0.3805748156598844,1.100640065572285,0.17582626536050186
7.5200000000000005,0.3690565073464013,1.0996838818427628,0.1776137143116309
7.53,0.35846923599563146,1.0989032426206455,0.17988552501130928
7.54,0.3489423762792411,1.098068771426557,0.1825632441426727
7.55,0.34056203804255797,1.0969837178315927,0.18556754957785385
7.5600000000000005,0.3333862656851102,1.095472306735462,0.1888183649218985
7.57,0.327458072548195,1.093368840749108,0.19223461040169418
7.58,0.3228161778194093,1.0905079094070098,0.19573351952112086
7.59,0.3195032901799594,1.086716098660947,0.19922953702937835
7.6000000000000005,0.31757159173856064,1.0818058103836792,0.20263291336239853
7.61,0.31708463619110255,1.075572286231069,0.2058482364459198
7.62,0.3181141818329581,1.0677957442451105,0.20877335607572853
7.63,0.3207297779249699,1.0582514225317385,0.21129947306618843
7.640000000000001,0.32497843373856605,1.0467310522619282,0.21331358106647286
7.65,0.3308525876931691,1.0330786517841952,0.2147048350563307
7.66,0.3382482896740085,1.0172398221347552,0.21537622839645604
7.67,0.34692244232730324,0.9993163469620409,0.21526171005015204
7.68,0.35646669173998846,0.9796077516951505,0.2143457253249696
7.69,0.3663180614031407,0.9586170337075525,0.21267854867766692
7.7,0.37581663171353535,0.9370059440799136,0.21037944428442765
7.71,0.38429914512806046,0.9155065905972196,0.2076235064122095
7.72,0.3911986254037872,0.8948170748104463,0.20461573317932846
7.73,0.39611821587093793,0.8755140163831593,0.201561743226025
7.74,0.39886222111529135,0.8580025731173702,0.1986443701637636
7.75,0.39942627126007535,0.8425063597203083,0.19601055170526877
7.76,0.39796037183250443,0.829086959231942,0.19376784678130024
7.7700000000000005,0.3947208524453295,0.8176789003768625,0.19198730485097726
7.78,0.39002342111537963,0.8081283676705516,0.19070929132061967
7.79,0.38420418899266706,0.800228269277133,0.1899498641004785
7.8,0.37759103780076436,0.793746349834553,0.18970647747204955
7.8100000000000005,0.37048495544327453,0.7884456860603207,0.18996260901443573
7.82,0.363149726825145,0.7840982624326084,0.19069133988331016
7.83,0.35580798963380517,0.7804928774390021,0.19185808356351292
7.84,0.3486418040482414,0.7774386929541218,0.1934226692934566
7.8500000000000005,0.3417961682299139,0.7747656167346428,0.19534093278891446
7.86,0.33538424065265804,0.7723225367275626,0.1975659178836121
7.87,0.32949344814797316,0.7699740958026174,0.2000487207218616
7.88,0.32419180048310686,0.7675966345082108,0.20273900718392698
7.890000000000001,0.31953404105741606,0.7650736719140382,0.20558520956355253
7.9,0.31556733336935466,0.7622912567544545,0.20853441537433703
7.91,0.31233640067912105,0.7591333240062451,0.21153196248268963
7.92,0.3098879351234599,0.7554773004230241,0.21452076579308849
7.930000000000001,0.30827407341011487,0.7511902536938404,0.21744043191689122
7.94,0.30755459237578003,0.7461260260133584,0.22022624247155909
7.95,0.30779719314747284,0.7401241539660681,0.22280817681742762
7.96,0.3090748493766152,0.7330118283958367,0.2251102587757841
7.97,0.31145872148605813,0.7246107675170252,0.22705072686201846
7.98,0.3150049312103037,0.7147512212682043,0.22854374927170798
7.99,0.31973366260175423,0.7032953549688821,0.2295036930297478
8.0,0.3256008058912772,0.69017056192902,0.22985294145735505
8.01,0.33246600472067844,0.675409444198703,0.2295336978381938
8.02,0.3400662382681553,0.6591872750455618,0.22852267156292022
8.03,0.3480085221969412,0.6418421448657116,0.22684516717678122
8.040000000000001,0.35579363690667,0.6238633394656942,0.2245832209613009
8.05,0.3628730342844682,0.6058424532209591,0.2218728596569536
8.06,0.3687257692856034,0.5883976063960246,0.21888951157940223
8.07,0.37293282207076023,0.5720925428200088,0.21582572535507108
8.08,0.37522719097162355,0.5573735689491034,0.21286827703826583
8.09,0.3755099110332452,0.544537244440406,0.2101807681765168
8.1,0.37383504474689455,0.5337291184565307,0.20789424833669987
8.11,0.37037463228299217,0.5249651159844247,0.20610507753879106
8.120000000000001,0.36537598872686966,0.5181645618671032,0.2048776221086767
8.13,0.3591208644372805,0.513185575420845,0.20424933395114814
8.14,0.3518918518229513,0.5098569690230743,0.20423648605655212
8.15,0.3439478447671203,0.5080040195398238,0.20483965648969366
8.16,0.33550787382974434,0.5074678531315193,0.20604863255288383
8.17,0.3267419865232495,0.5081190994502578,0.20784670687863208
8.18,0.317766366607135,0.5098678922726859,0.21021454414768967
8.19,0.3086412991660247,0.5126714319572087,0.21313373304518343
8.2,0.29936960003777596,0.5165412201673534,0.21659021655392474
8.21,0.2898939754034209,0.5215515614939921,0.22057773879339745
8.22,0.28009203585210407,0.5278507861900026,0.22510142618387205
8.23,0.26976849739501113,0.5356759292260902,0.2301814929785847
8.24,0.25864599804363236,0.5453696602410931,0.23585675141076712
8.25,0.24636174396213845,0.5573921251607682,0.24218667305146122
8.26,0.23248811506515496,0.5723081751395781,0.24924926019136143
8.27,0.21661751720567327,0.5907055179301669,0.2571292956817852
8.28,0.19856745849546875,0.6129785921023848,0.26589071395532216
8.290000000000001,0.17871030852910805,0.6389604371146008,0.275534437680246
8.3,0.15822617730878596,0.6675994667738292,0.2859650586743899
8.31,0.13889042872376564,0.6970966414787435,0.2970037033549181
8.32,0.12234000963485897,0.7256137114459937,0.3084488765188137
8.33,0.10940553098017564,0.7519919491264075,0.32013524021878786
8.34,0.10002539364984651,0.7759281497147403,0.331952874053839
8.35,0.09360292817146498,0.7976907511938285,0.3438368670881892
8.36,0.08939870522619185,0.8177604211688976,0.3557504925608762
8.370000000000001,0.08675501522624755,0.8366070851801874,0.3676727759249303
8.38,0.08516747599258746,0.8546056082054598,0.37959127898720646
8.39,0.08427839882386026,0.8720270516444709,0.3914982654133668
8.4,0.08384501156997558,0.8890572935348132,0.40338868529459754
8.41,0.08370661528728658,0.905820063519076,0.41525909303990044
8.42,0.08375837566835342,0.9223963117744872,0.42710703685365925
8.43,0.08393248815303549,0.9388384651377812,0.4389307016119838
8.44,0.08418529646217354,0.9551802882508871,0.45072868815555783
8.45,0.08448876091990686,0.9714434564188249,0.4624998734265596
8.46,0.08482489575278769,0.9876418555273372,0.474243319411481
8.47,0.08518216890997349,1.0037843694800124,0.485958212818371
8.48,0.08555319282976148,1.0198766692088523,0.4976438245322607
8.49,0.08593323333548517,1.035922367885265,0.5092994821242044
8.5,0.08631926300034667,1.0519237540824347,0.5209245512924303
8.51,0.08670934707325409,1.0678822671744164,0.5325184231323968
8.52,0.08710225870064923,1.0837987950319903,0.544080505558145
8.53,0.08749722065377881,1.0996738736925618,0.5556102170965479
8.540000000000001,0.08789374980080183,1.115507807646814,0.5671069830031892
8.55,0.08829154832478628,1.1313007538757456,0.5785702322302398
8.56,0.08869043950325314,1.1470527715378211,0.589999395580383
8.57,0.08909032825438609,1.1627638524755095,0.6013939043761852
8.58,0.08949116393460266,1.178433950071422,0.6127531891808464
8.59,0.08989293150587344,1.1940629855535418,0.6240766790349044
8.6,0.09029563359221673,1.2096508629118288,0.6353638012593515
8.61,0.09069928776395447,1.2251974706522009,0.6466139810067488
8.620000000000001,0.09110391765940255,1.240702688408181,0.6578266404468325
8.63,0.09150955388446567,1.2561663865079389,0.6690011987750377
8.64,0.09191623031379671,1.2715884290668784,0.6801370720257371
8.65,0.0923239822397497,1.2869686752203582,0.6912336725986397
8.66,0.09273284537409901,1.302306979721089,0.7022904087262858
8.67,0.09314285631354231,1.3176031928947953,0.7133066845102847
8.68,0.09355405223988957,1.332857161131829,0.7242819000048425
8.69,0.09396647075565936,1.348068726454036,0.7352154503080687
8.700000000000001,0.09438014958442983,1.3632377267770872,0.7461067252087398
8.71,0.09479512672116891,1.3783639936936893,0.7569551058260895
8.72,0.09521144019102429,1.3934473580620679,0.7677599722383572
8.73,0.09562912805468263,1.408487651345586,0.7785207052631007
8.74,0.096048229717775,1.4234846893863087,0.7892366633383168
8.75,0.09646878434202705,1.438438290859221,0.799907208960533
8.76,0.09689083135552828,1.4533482731770646,0.8105317023904072
8.77,0.097314412300284,1.468214437218172,0.8211094783291345
8.78,0.0977395678858764,1.483036590371837,0.8316398815427798
8.790000000000001,0.09816634010884245,1.4978145306648016,0.8421222408616774
8.8,0.0985947713090414,1.5125480536061895,0.852555880875596
8.81,0.09902490504991632,1.5272369457342947,0.862940111062972
8.82,0.09945678493369016,1.5418809951352668,0.8732742422578255
8.83,0.09989045658809402,1.556479976691578,0.8835575619276838
8.84,0.10032596609805287,1.5710336616959104,0.8937893516555709
8.85,0.10076336100329816,1.5855418143011788,0.9039688804166222
8.86,0.10120269145392971,1.6000041958528746,0.9140954112631676
8.870000000000001,0.10164400869636403,1.6144205592127019,0.9241681925657367
8.88,0.10208736538467296,1.6287906499993532,0.9341864598813335
8.89,0.10253281436948761,1.643114208815338,0.9441494351260624
8.9,0.10298040926288211,1.6573909704464882,0.954056327178482
8.91,0.10343020525636094,1.6716206627028227,0.9639063327533196
8.92,0.10388225908400144,1.6858030060598705,0.9736986335704065
8.93,0.10433663022533049,1.69993771078535,0.9834323896988572
8.94,0.10479337907936193,1.7140244813008592,0.9931067496605818
8.950000000000001,0.10525255408647205,1.7280630556005487,1.0027209239680144
8.96,0.10571426185045475,1.7420530037403958,1.012273811318546
8.97,0.10617854313893062,1.7559940949971493,1.0217646845057624
8.98,0.10664547720004565,1.7698859801404874,1.0311925928850305
8.99,0.10711514051794108,1.7837283099692705,1.0405565798469327
9.0,0.10758760172884974,1.7975207353285483,1.0498556717462264
9.01,0.1080629389923599,1.8112628935965012,1.059088879089701
9.02,0.10854123707833299,1.8249544098676371,1.0682551934204212
9.03,0.10902258377601165,1.8385948948436635,1.0773535741846998
9.040000000000001,0.10950706852283132,1.8521839523635806,1.0863829659103748
9.05,0.10999478431935017,1.8657211685936606,1.0953422731951619
9.06,0.1104858271848279,1.8792061205396757,1.1042303821759014
9.07,0.11098029812978728,1.8926383685725503,1.1130461445451596
9.08,0.11147830227790799,1.906017460618867,1.1217883868027982
9.09,0.11197995039785494,1.9193429268087285,1.1304558990472662
9.1,0.11248535814827089,1.9326142809461102,1.139047437157433
9.11,0.11299464761882114,1.9458310159366172,1.1475617136154237
9.120000000000001,0.1135079402561682,1.958992626904731,1.1559974455465394
9.13,0.1140253726279133,1.9720985605279153,1.1643532496723228
9.14,0.11454708137573624,1.985148264436321,1.1726277452451306
9.15,0.11507321300028893,1.9981411551883326,1.1808194873641173
9.16,0.11560392157717239,2.011076626904425,1.1889269856810927
9.17,0.11613937020037493,2.023954052880045,1.196948711406391
9.18,0.1166797311261922,2.036772778306296,1.2048830781921425
9.19,0.11722518415494426,2.0495321225623764,1.2127284447934132
9.200000000000001,0.11777591609826503,2.062231379808911,1.2204831155138143
9.21,0.11833212323039713,2.0748698171295636,1.2281453403799834
9.22,0.11889401875025948,2.0874466612173563,1.23571329408884
9.23,0.11946182714856107,2.099961107782498,1.2431850900891193
9.24,0.1200357852684748,2.112412318758014,1.2505587751712128
9.25,0.12061614932725104,2.124799407764355,1.2578323043406912
9.26,0.12120318757069144,2.137121455892045,1.2650035686593053
9.27,0.12179718602311315,2.1493774966472343,1.2720703661792803
9.28,0.12239845006171074,2.1615665116326603,1.2790303934544562
9.290000000000001,0.12300730482083788,2.1736874327008793,1.2858812522620615
9.3,0.1236240978360257,2.1857391358768408,1.292620438563862
9.31,0.12424920132515868,2.197720436941885,1.299245335227934
9.32,0.12488301619881,2.209630083692019,1.3057531993068072
9.33,0.12552597210449012,2.2214667547701126,1.3121411589984122
9.34,0.1261785326828598,2.2332290488224014,1.318406195103102
9.35,0.12684119647367115,2.2449154831549216,1.3245451392576373
9.36,0.12751450410336498,2.2565244788909107,1.3305546485573174
9.370000000000001,0.12819903747005879,2.2680543634130474,1.336431210480678
9.38,0.12889543288534333,2.2795033445224533,1.3421710999929293
9.39,0.1296043790213913,2.2908695145828557,1.3477703865320692
9.4,0.13032662907809542,2.302150828113405,1.353224898367893
9.41,0.13106300616368297,2.3133450904315214,1.3585302029409547
9.42,0.13181441156764184,2.324449942621003,1.3636815830837148
9.43,0.13258183227768003,2.335462846985568,1.368674013128646
9.44,0.13336635974983818,2.3463810558146214,1.373502112729519
9.450000000000001,0.1341691995922924,2.3572015938428392,1.3781601192291755
9.46,0.13499168788453988,2.367921228899998,1.3826418415174921
9.47,0.13583531501261284,2.378536430930058,1.3869405977057092
9.48,0.1367017378644359,2.389043350853396,1.3910491828004277
9.49,0.13759282514571625,2.399437744755537,1.3949597554558637
9.5,0.13851066495478082,2.409714959992891,1.3986638159717963
9.51,0.13945763648847853,2.4198698205783873,1.4021520409975483
9.52,0.1404364224666462,2.4298966042393224,1.4054142469320576
9.53,0.14145009570053163,2.4397889067665006,1.4084391970738492
9.540000000000001,0.14250218574247797,2.4495395364186936,1.4112144501758854
9.55,0.1435967697604437,2.4591403720411127,1.413726158559089
9.56,0.14473856073000474,2.4685822263282784,1.4159588751554388
9.57,0.14593309935071608,2.4778545615462604,1.4178951671698983
9.58,0.14718686744206994,2.486945316711032,1.419515375066522
9.59,0.14850760162888424,2.4958404512254893,1.4207970001721058
9.6,0.14990455624262877,2.5045235619980284,1.4217141891012914
9.61,0.1513888779152959,2.5129753478222447,1.4222370242343867
9.620000000000001,0.15297421692918178,2.521172758132227,1.4223304228416132
9.63,0.15467740857831896,2.5290880440912558,1.4219529041876853
9.64,0.1565195021512166,2.5366873593067614,1.4210548111826253
9.65,0.15852717822562767,2.5439288572284435,1.4195759152823824
9.66,0.16073483688850743,2.5507599287579095,1.417441976058867
9.67,0.1631875497057504,2.557113358393191,1.4145600104943739
9.68,0.16594562888982772,2.562901465443909,1.4108111580694385
9.69,0.1690916641875438,2.5680072159977407,1.4060399503011254
9.700000000000001,0.1727417820889435,2.572270227196832,1.4000375509255882
9.71,0.17706448341764233,2.575463706604021,1.3925142669451789
9.72,0.1823133416218496,2.5772550469060174,1.3830526231213562
9.73,0.18888690362891442,2.5771347307980026,1.3710222143051276
9.74,0.19744467296485382,2.574280708947862,1.3554146025020584
9.75,0.2091452579833602,2.5672837243539948,1.3344970345533733
9.76,0.22616003913803107,2.5535613545882074,1.3050197035998086
9.77,0.2527615193975634,2.52812023568173,1.260271657178955
9.78,0.29694259001002504,2.481644597405865,1.185653088486241
9.790000000000001,0.36831725292195533,2.402255265087248,1.0556816208316824
9.8,0.4647220421071086,2.2893470165507934,0.863470253888367
9.81,0.5699782634413946,2.157361855186735,0.6620377724091131
9.82,0.6707200744372596,2.0195106871231516,0.5038046238898821
9.83,0.759372878287208,1.884227714083049,0.39510714192378926
9.84,0.830275436873439,1.7586734009423373,0.322434552543847
9.85,0.8789326635344907,1.6493574098043975,0.2729814253956625
9.86,0.9034806594331068,1.5604893992419846,0.23833713447531849
9.870000000000001,0.905499186297167,1.4928486086004853,0.21337999124680443
9.88,0.8890715104095815,1.4444144381685953,0.19498164070008916
9.89,0.8591253679374851,1.4118582267672888,0.18118080350915086
9.9,0.8202224985964542,1.391735903951307,0.17071055610270489
9.91,0.7760554273525673,1.381058098613329,0.16273096300301929
9.92,0.729401134740028,1.377428225107064,0.15667518069997716
9.93,0.6822624929184341,1.378986293576241,0.15215840249628357
9.94,0.636047683667356,1.3842979037261183,0.14892202896697254
9.950000000000001,0.5917285319331077,1.3922471851743812,0.1467975152766119
9.96,0.5499625700372172,1.4019519564902887,0.14568065154894458
9.97,0.5111801605228113,1.4127034068123197,0.14551066525431663
9.98,0.475642789758449,1.4239273928277474,0.1462512096498513
9.99,0.44347981745525517,1.4351625924902989,0.14787280430391198
