t,x,y,z
0.0,1.0,0.01,0.01
0.01,1.00985740103615,0.02130864706411687,0.01003382407328333
0.02,1.0196578806205783,0.03268538319459446,0.01013529858609925
0.03,1.0293973564821612,0.0441292388926054,0.01030442359316545
0.04,1.0390718742464997,0.05563923969218287,0.010541192888998017
0.05,1.0486773966910576,0.06721435974491469,0.010845594715113871
0.06,1.058209853918072,0.07885352673762272,0.01121761069297006
0.07,1.0676651463535207,0.09055562540619261,0.011657216315103094
0.08,1.077039159177164,0.1023194958632612,0.012164380344094148
0.09,1.0863277550919943,0.11414392830133929,0.012739064131834382
0.1,1.0955267985304429,0.1260276714765302,0.013381222355449347
0.11,1.1046321472281613,0.13796942845327986,0.0140908025501963
0.12,1.1136396709343663,0.14996785478623229,0.014867744318396766
0.13,1.1225452453235591,0.162021559807082,0.01571197968841056
0.14,1.1313447745481306,0.17412910601983936,0.01662343236700367
0.15,1.1400341838253631,0.18628900952267677,0.01760201800122625
0.16,1.1486094438174845,0.1984997398888174,0.018647643406769186
0.17,1.1570665529011954,0.21075972003074964,0.019760207113790444
0.18,1.1654015562221316,0.223067326281474,0.020939598775807193
0.19,1.1736105683309528,0.23542089014308695,0.02218569858116645
0.2,1.1816897731223701,0.24781869662162356,0.023498377140331223
0.21,1.1896354350455252,0.2602589844892799,0.02487749515052571
0.22,1.197443884141648,0.27273994985454936,0.026322904020902187
0.23,1.205111535025778,0.28525974514874763,0.027834445235258316
0.24,1.2126349046315852,0.2978164782680043,0.029411949760098578
0.25,1.2200106114353593,0.3104082151483724,0.03105523816482655
0.26,1.227235381033348,0.3230329813954335,0.0327641205046164
0.27,1.2343060575029554,0.335688760709099,0.03453839591689833
0.28,1.241219607947537,0.34837349707910653,0.03637785254512184
0.29,1.2479731249062653,0.3610850981455209,0.03828226753876546
0.3,1.2545638383849131,0.3738214332756062,0.040251406654561894
0.31,1.260989120860818,0.38658033537369496,0.042285024140360235
0.32,1.2672464856935632,0.39935960465272197,0.044382862779363194
0.33,1.2733335986493015,0.4121570080236871,0.046544653582713105
0.34,1.2792482845879678,0.42497028007664556,0.048770115610468914
0.35000000000000003,1.2849885230452305,0.4377971267132866,0.051058956097112015
0.36,1.2905524546844422,0.45063522626266195,0.05341087027820939
0.37,1.295938393410217,0.46348222935139943,0.05582554106078807
0.38,1.3011448259467706,0.47633576143004974,0.05830263903441552
0.39,1.3061703968844038,0.48919342759010054,0.06084182283587033
0.4,1.3110139296232661,0.5020528112930038,0.06344273861781818
0.41000000000000003,1.3156744293623885,0.5149114761442294,0.06610501996563724
0.42,1.320151076317854,0.5277669688677457,0.06882828805424653
0.43,1.3244432135100954,0.540616822735649,0.07161215193653298
0.44,1.3285503712749906,0.5534585569258911,0.07445620793346171
0.45,1.33247226157558,0.566289679222524,0.07736003976295655
0.46,1.336208761019081,0.5791076893073167,0.08032321895062533
0.47000000000000003,1.3397599158154776,0.5919100803983055,0.08334530469720296
0.48,1.3431259535290088,0.6046943403818278,0.08642584357775587
0.49,1.3463072744524702,0.617457954365009,0.0895643697484812
0.5,1.3493044295478238,0.6301984075000326,0.09276040550771422
0.51,1.3521181392703832,0.6429131862895694,0.09601346079932462
0.52,1.354749290314173,0.6555997807124443,0.09932303328726667
0.53,1.357198923093958,0.6682556863687078,0.10268860869152592
0.54,1.359468218088962,0.6808784065277692,0.10610966116284393
0.55,1.3615585106084631,0.6934654542159456,0.10958565284879074
0.56,1.3634712831419904,0.7060143542636225,0.11311603409841513
0.5700000000000001,1.3652081472511202,0.7185226446952129,0.11670024402112034
0.58,1.3667708432546242,0.7309878789289468,0.12033771047006166
0.59,1.3681612412201576,0.7434076280635115,0.12402784998087335
0.6,1.3693813306848595,0.7557794826158659,0.12777006807809996
0.61,1.3704332157614851,0.7681010536351754,0.13156375949654098
0.62,1.3713191078431124,0.7803699744390297,0.13540830840592566
0.63,1.3720413155208069,0.7925839031143961,0.13930308863507943
0.64,1.3726022369225133,0.8047405238593262,0.14324746394743315
0.65,1.3730043627669413,0.8168375482148533,0.1472407880443654
0.66,1.373250277592086,0.8288727163068732,0.15128240461705084
0.67,1.3733426316870252,0.8408437990661733,0.15537164807961795
0.68,1.3732841418892823,0.8527485993768076,0.15950784364384737
0.6900000000000001,1.3730775884758197,0.8645849532976638,0.1636903075007355
0.7000000000000001,1.3727258157494324,0.8763507310905626,0.16791834693253507
0.71,1.3722317132724962,0.8880438389182528,0.1721912608336075
0.72,1.3715982133461992,0.8996622198790608,0.1765083399010416
0.73,1.3708282861911074,0.9112038550266361,0.18086886688573
0.74,1.3699249388322399,0.9226667640896363,0.18527211678673558
0.75,1.3688912023575226,0.9340490068815245,0.18971735725577613
0.76,1.3677301278353822,0.9453486840977317,0.19420384885784803
0.77,1.3664447815244907,0.9565639381402574,0.19873084535252156
0.78,1.365038243743606,0.9676929538271818,0.2032975939235647
0.79,1.3635135988716482,0.9787339592111323,0.2079033355592282
0.8,1.361873931200151,0.9896852262288025,0.21254730534504596
0.81,1.3601223207333228,1.0005450713130926,0.2172287327583953
0.8200000000000001,1.3582618418720505,1.0113118560655783,0.22194684186955674
0.8300000000000001,1.3562955561664567,1.0219839876483574,0.22670085175011156
0.84,1.3542265084118295,1.0325599192322121,0.23148997677895414
0.85,1.3520577233089879,1.0430381504101518,0.23631342693733665
0.86,1.3497922039321903,1.0534172277753326,0.2411704080302099
0.87,1.3474329266733613,1.0636957450098254,0.24606012207533373
0.88,1.3449828378858926,1.07387234309176,0.25098176762809515
0.89,1.3424448513785898,1.0839457105220427,0.25593454007977223
0.9,1.3398218461487799,1.0939145835747646,0.2609176319385432
0.91,1.3371166656193731,1.103777746859471,0.26593023300355934
0.92,1.334332113292575,1.1135340327600673,0.2709715308583498
0.93,1.33147095142287,1.1231823216130874,0.27604071113032114
0.9400000000000001,1.3285358994460446,1.1327215417047063,0.2811369577897794
0.9500000000000001,1.3255296319977503,1.1421506695290438,0.2862594533899959
0.96,1.322454777339304,1.1514687298685264,0.29140737933366456
0.97,1.3193139170733124,1.1606747950964338,0.2965799162867593
0.98,1.3161095848689428,1.1697679852514078,0.3017762444271638
0.99,1.3128442656921733,1.1787474678415777,0.30699554373858345
1.0,1.309520393273109,1.1876124581441176,0.3122369942025025
1.01,1.3061403509246527,1.196362218600384,0.317499776151172
1.02,1.3027064718318773,1.2049960583694903,0.3227830705819381
1.03,1.299221038432283,1.2135133331443488,0.32808605941336455
1.04,1.2956862819652637,1.2219134448851618,0.33340792575101486
1.05,1.292104379706403,1.2301958419642982,0.338747854081514
1.06,1.2884774585201364,1.2383600181725611,0.3441050306362161
1.07,1.2848075945043662,1.246405512422814,0.349478643638627
1.08,1.281096813164169,1.2543319083543611,0.35486788355960897
1.09,1.2773470885071134,1.2621388340735984,0.36027194334375895
1.1,1.2735603418949053,1.2698259619202223,0.3656900186241526
1.11,1.269738446208814,1.2773930074549509,0.3711213080504252
1.12,1.265883225184335,1.2848397291364606,0.3765650135020688
1.1300000000000001,1.2619964542270246,1.292165927774665,0.3820203403287825
1.1400000000000001,1.2580798583265576,1.299371446344466,0.38748649753442327
1.1500000000000001,1.2541351145754989,1.306456169196291,0.39296269803638184
1.16,1.250163854016017,1.3134200213413059,0.3984481589075796
1.17,1.2461676618770914,1.320262967931736,0.4039421015845982
1.18,1.2421480781486738,1.326985013685546,0.4094437520769114
1.19,1.2381065951289514,1.333586202683523,0.41495234112244256
1.2,1.2340446626792376,1.3400666171762006,0.4204671044606461
1.21,1.2299636885955556,1.3464263769988465,0.42598728302228084
1.22,1.2258650391469623,1.3526656389535063,0.43151212311640974
1.23,1.2217500401753751,1.3587845961080027,0.4370408766209117
1.24,1.2176199782192358,1.3647834770801497,0.44257280116791664
1.25,1.213476098764964,1.3706625457432382,0.44810716027781816
1.26,1.2093196060284122,1.376422100689438,0.45364322351228553
1.27,1.205151669010638,1.3820624737362341,0.45918026672217443
1.28,1.2009734197457302,1.3875840295970328,0.46471757216500886
1.29,1.1967859539223402,1.3929871651819776,0.4702544286549292
1.3,1.1925903314414286,1.3982723088959501,0.4757901317060956
1.31,1.1883875775588755,1.4034399198631424,0.4813239836827168
1.32,1.1841786914024535,1.408490486327477,0.48685529409227607
1.33,1.179964638008928,1.413424525867697,0.49238337954229416
1.34,1.1757463494458695,1.4182425845996636,0.4979075638747595
1.35,1.1715247269880449,1.4229452362543626,0.5034271783167805
1.36,1.1673006416928053,1.4275330814256237,0.5089415615940965
1.37,1.1630749348958704,1.4320067468195459,0.5144500600380792
1.3800000000000001,1.1588484221635467,1.4363668842563222,0.5199520277490393
1.3900000000000001,1.1546218972453248,1.440614169669254,0.5254468267544846
1.4000000000000001,1.1503961238960232,1.4447493029587484,0.5309338269469266
1.41,1.1461718403664265,1.4487730069494493,0.5364124062416432
1.42,1.1419497601884745,1.45268602660814,0.5418819506636485
1.43,1.1377305728052838,1.456489128272097,0.5473418544269307
1.44,1.1335149443188506,1.4601830988696913,0.5527915200097737
1.45,1.1293035211680438,1.4637687449436345,0.558230358258001
1.46,1.1250969278774055,1.4672468920764834,0.5636577884158503
1.47,1.1208957674029987,1.4706183841424807,0.5690732381809975
1.48,1.1167006225130438,1.4738840824919417,0.5744761437660454
1.49,1.112512056396446,1.4770448651909394,0.5798659499460219
1.5,1.1083306132409474,1.480101626266712,0.5852421101002856
1.51,1.104156819299199,1.483055274937498,0.5906040862891281
1.52,1.0999911843018946,1.4859067348333623,0.5959513493542444
1.53,1.0958342002882386,1.488656943332495,0.6012833788159336
1.54,1.0916863428228052,1.4913068508035128,0.6065996629525227
1.55,1.0875480715676606,1.4938574198825278,0.6118996988270118
1.56,1.0834198307870668,1.4963096247611896,0.617182992305813
1.57,1.0793020498520942,1.4986644504831343,0.6224490580728723
1.58,1.0751951445495702,1.500922892204505,0.6276974196356302
1.59,1.0710995168980857,1.5030859545474844,0.6329276093331038
1.6,1.0670155553732175,1.505154650941182,0.6381391683376507
1.61,1.0629436356139803,1.5071300029464625,0.6433316466501346
1.62,1.0588841208547293,1.5090130396075359,0.6485046030919023
1.6300000000000001,1.0548373623383285,1.5108047968166283,0.6536576052924733
1.6400000000000001,1.0508036998576493,1.5125063166416453,0.6587902296873889
1.6500000000000001,1.0467834625213237,1.5141186465843597,0.6639020615356581
1.6600000000000001,1.0427769684973458,1.5156428391989645,0.6689926948348925
1.67,1.0387845256063541,1.5170799514268767,0.6740617323173487
1.68,1.0348064317096182,1.51843104401171,0.6791087854237022
1.69,1.0308429750561725,1.5196971809383388,0.6841334742706956
1.7,1.026894434619327,1.5208794288840424,0.6891354276157349
1.71,1.022961080687537,1.5219788564278112,0.6941142828488978
1.72,1.019043174983132,1.5229965337164137,0.6990696859290261
1.73,1.0151409708323569,1.5239335320849947,0.7040012913240336
1.74,1.011254713571175,1.5247909234556731,0.7089087619766439
1.75,1.0073846408261156,1.525569779861318,0.713791769254219
1.76,1.003530982783451,1.5262711729863332,0.7186499928957264
1.77,0.9996939624469088,1.5268961737248998,0.7234831209559239
1.78,0.9958737959026284,1.5274458517263556,0.7282908497496657
1.79,0.9920706929868548,1.527921274270373,0.7330728838568247
1.8,0.9882848570958417,1.5283235065703789,0.7378289359951995
1.81,0.9845164853595881,1.5286536114731217,0.7425587269481803
1.82,0.9807657689908383,1.5289126488689855,0.7472619855183945
1.83,0.9770328935026353,1.5291016753242483,0.7519384484604933
1.84,0.9733180389182684,1.5292217437300109,0.7565878604120538
1.85,0.9696213799739323,1.529273902968065,0.761209973822689
1.86,0.9659430863101304,1.5292591975335983,0.7658045488824498
1.87,0.962283322614426,1.5291786665830236,0.7703713534583614
1.8800000000000001,0.9586422488588104,1.5290333444237076,0.7749101630060259
1.8900000000000001,0.9550200204687209,1.5288242601426008,0.7794207604942581
1.9000000000000001,0.951416788482402,1.5285524371975518,0.7839029363293065
1.9100000000000001,0.9478326997139002,1.5282188931545537,0.7883564882757431
1.92,0.9442678969107308,1.5278246394403594,0.7927812213762637
1.93,0.9407225189065216,1.5273706811105954,0.797176947870497
1.94,0.9371967007468118,1.5268580165278813,0.8015434871122338
1.95,0.933690573705357,1.5262876365541735,0.8058806654826243
1.96,0.9302042656020919,1.525660525218316,0.8101883163120648
1.97,0.9267379008894072,1.5249776593119526,0.8144662797944665
1.98,0.9232916007596673,1.5242400081196354,0.8187144029017664
1.99,0.9198654832666078,1.5234485332466565,0.822932539298539
2.0,0.916459663443119,1.5226041884597796,0.8271205492562566
2.0100000000000002,0.9130742534156889,1.5217079195408498,0.8312782995672929
2.02,0.909709362459809,1.52076066403413,0.8354056634498026
2.0300000000000002,0.9063650969329795,1.5197633507519048,0.8395025204333826
2.04,0.9030415606768871,1.5187169002967917,0.8435687563202736
2.05,0.899738855011296,1.5176222247326554,0.8476042630816759
2.06,0.8964570788082091,1.5164802274433022,0.8516089387674424
2.07,0.8931963285798256,1.51529180303689,0.8555826874185587
2.08,0.8899566985639022,1.5140578372605453,0.8595254189798381
2.09,0.8867382808067426,1.5127792069250614,0.863437049212912
2.1,0.8835411651695301,1.5114567797230338,0.8673174995892231
2.11,0.8803654392894584,1.5100914139891368,0.8711666971716477
2.12,0.8772111889145355,1.5086839590570877,0.874984574599373
2.13,0.8740784978634226,1.5072352550421182,0.8787710699712331
2.14,0.8709674480826262,1.5057461327870687,0.8825261267567552
2.15,0.8678781197087041,1.5042174138272306,0.8862496937096688
2.16,0.8648105911285884,1.5026499103626652,0.8899417247820244
2.17,0.8617649390382035,1.5010444252378015,0.8936021790389888
2.18,0.858741238409976,1.4994017518523712,0.8972310205449975
2.19,0.8557395624981823,1.4977226741123457,0.9008282182635909
2.2,0.8527599830867867,1.496007966593547,0.904393746038113
2.21,0.8498025704402883,1.4942583944614716,0.9079275824762443
2.22,0.8468673933458049,1.4924747134752037,0.911429710865793
2.23,0.843954519155318,1.4906576699980643,0.9149001190918636
2.24,0.841064013826517,1.48880800101332,0.9183387995549134
2.25,0.8381959419623826,1.486926434144723,0.9217457490897512
2.2600000000000002,0.8353503667552101,1.4850136876673545,0.9251209688428738
2.27,0.8325273500381788,1.4830704705392377,0.9284644641999037
2.2800000000000002,0.8297269524341375,1.481097482451895,0.9317762447584665
2.29,0.8269492333183515,1.4790954138567598,0.9350563242185104
2.3000000000000003,0.8241942508466376,1.4770649460052048,0.9383047203036791
2.31,0.8214620619823583,1.4750067509918714,0.9415214546836702
2.32,0.8187527225223706,1.472921491801055,0.9447065528976235
2.33,0.816066287120763,1.4708098223567918,0.9478600442779168
2.34,0.8134028091743604,1.4686723876710135,0.9509819618032128
2.35,0.8107623409570519,1.4665098238205976,0.9540723420832055
2.36,0.8081449337166229,1.4643227579521425,0.9571312253252874
2.37,0.8055506376245284,1.462111808390437,0.9601586552258263
2.38,0.8029795017941196,1.459877584700684,0.9631546788987613
2.39,0.8004315742982853,1.457620687752289,0.9661193468054046
2.4,0.7979069021866078,1.455341709783976,0.9690527126854845
2.41,0.7954055315021278,1.45304123447,0.9719548334894761
2.42,0.7929275072978164,1.4507198369872192,0.9748257693122544
2.43,0.7904728736528491,1.4483780840827907,0.9776655833281176
2.44,0.7880416735438874,1.4460165342989406,0.9804743416445354
2.45,0.7856339485728144,1.4436357383531044,0.9832521130754422
2.46,0.7832497396452364,1.4412362384899833,0.9859989694584897
2.47,0.7808890867114402,1.4388185688473005,0.9887149854387425
2.48,0.7785520287461364,1.4363832555631133,0.9914002383900354
2.49,0.7762386037547351,1.4339308168540583,0.9940548083528687
2.5,0.7739488487792894,1.4314617630934636,0.9966787779734889
2.5100000000000002,0.7716827999041701,1.4289765968891164,0.9992722324441868
2.52,0.7694404922615478,1.4264758131604844,1.0018352594448319
2.5300000000000002,0.7672219600367438,1.423959899215184,1.004367949085674
2.54,0.7650272364608433,1.4214293348535418,1.0068703938430865
2.5500000000000003,0.7628563535236628,1.4188845931124983,1.0093426883125576
2.56,0.7607093423105453,1.4163261395795503,1.0117849293735663
2.57,0.7585862330289257,1.413754432415995,1.0141972161515387
2.58,0.7564870549135001,1.4111699226569367,1.0165796499011457
2.59,0.7544118362252172,1.4085730542950914,1.0189323339525826
2.6,0.752360604250086,1.405964264363634,1.0212553736589354
2.61,0.7503333852978551,1.4033439830179326,1.0235488763446463
2.62,0.748330204700611,1.4007126336159983,1.0258129512550955
2.63,0.7463510868113487,1.3980706327974952,1.0280477095073086
2.64,0.7443960550025636,1.3954183905611435,1.0302532640418045
2.65,0.74246513155464,1.392756310691586,1.0324297294996543
2.66,0.7405583375853246,1.3900847910538516,1.0345772221289165
2.67,0.7386756933442035,1.3874042227237695,1.0366958599434906
2.68,0.7368172180619726,1.3847149905347984,1.0387857625764183
2.69,0.7349829299404538,1.3820174731750603,1.0408470512311223
2.7,0.7331728461467896,1.3793120432695063,1.0428798486365218
2.71,0.7313869828076027,1.3765990674606694,1.044884279003092
2.72,0.7296253550031493,1.3738789064878807,1.0468604679798728
2.73,0.727887976761509,1.3711519152648304,1.0488085426124303
2.74,0.7261748610528442,1.3684184429553592,1.0507286313017752
2.75,0.7244860197684492,1.3656788331133434,1.0526208637535746
2.7600000000000002,0.7228214635729462,1.3629334243675393,1.0544853708399278
2.77,0.7211812020999769,1.360182549625657,1.0563222847010871
2.7800000000000002,0.7195652439112215,1.3574265362964713,1.0581317386832514
2.79,0.7179735964577654,1.3546657065005634,1.0599138672787882
2.8000000000000003,0.7164062660720925,1.351900377147925,1.0616688060885517
2.81,0.7148632579601459,1.349130860014096,1.0633966917849969
2.82,0.7133445761934818,1.346357461814753,1.0650976620760906
2.83,0.7118502237015444,1.3435804842786703,1.0667718556700163
2.84,0.710380202264093,1.3408002242189745,1.0684194122406672
2.85,0.7089345125038052,1.3380169736026095,1.0700404723939292
2.86,0.7075131538056159,1.335231019957569,1.0716351775947945
2.87,0.7061161243277224,1.3324426463555141,1.0732036701449803
2.88,0.7047434210962722,1.3296521310067335,1.0747460932066883
2.89,0.7033950399346435,1.3268597476189612,1.07626259073704
2.9,0.702070975454796,1.32406576546855,1.077753307456864
2.91,0.7007712210488418,1.3212704494699468,1.0792183888201912
2.92,0.6994957688807928,1.3184740602437413,1.0806579809844075
2.93,0.6982446098785018,1.3156768541832375,1.0820722307810655
2.94,0.697017733725822,1.3128790835195019,1.0834612856873422
2.95,0.6958151288550034,1.3100809963848354,1.0848252937981404
2.96,0.6946367824231621,1.3072828369465759,1.0861644037925342
2.97,0.6934826802341248,1.3044848457832692,1.08747876487951
2.98,0.6923528068549458,1.3016872593951714,1.0887685268198641
2.99,0.691247145570483,1.2988903104342193,1.0900338398856637
3.0,0.6901656783652612,1.296094227812427,1.0912748548307831
3.0100000000000002,0.6891083859157809,1.293299236763609,1.0924917228659685
3.02,0.6880752475830665,1.2905055589038432,1.0936845956344405
3.0300000000000002,0.6870662414054686,1.2877134122906468,1.09485362518803
3.04,0.6860813440917394,1.2849230114808359,1.0959989639638417
3.0500000000000003,0.6851205310143956,1.2821345675870441,1.0971207647614312
3.06,0.6841837762028847,1.279348288334806,1.0982191807204138
3.0700000000000003,0.6832710522815275,1.2765643783326197,1.0992943652898424
3.08,0.682382330508381,1.27378303895238,1.100346472213889
3.09,0.6815175808002155,1.271004468263317,1.101375655515772
3.1,0.6806767716980806,1.2682288611951853,1.1023820694727642
3.11,0.6798598703612424,1.2654564095919354,1.103365868596064
3.12,0.6790668425614087,1.262687302264299,1.1043272076111113
3.13,0.6782976526772527,1.2599217250412738,1.1052662414383356
3.14,0.677552263689249,1.2571598608204957,1.1061831251743288
3.15,0.676830637174835,1.2544018896174902,1.107078014073431
3.16,0.6761327333039071,1.2516479886137857,1.1079510635297263
3.17,0.6754585108129483,1.2488983322679734,1.1088024290603447
3.18,0.6748079269604921,1.2461530924817468,1.1096322662899554
3.19,0.674180937625456,1.2434124383442768,1.110440730929655
3.2,0.6735774972610019,1.2406765363028698,1.111227978762309
3.21,0.6729975588867693,1.237945550220379,1.1119941656266648
3.22,0.6724410740856397,1.2352196414192413,1.112739447401641
3.23,0.6719079930008612,1.232498968724491,1.1134639799909678
3.24,0.6713982643335379,1.2297836885057434,1.114167919308166
3.25,0.6709118353404989,1.2270739547181464,1.1148514212618548
3.2600000000000002,0.6704486518325553,1.2243699189422854,1.1155146417413841
3.27,0.670008658173156,1.2216717304230447,1.1161577366027775
3.2800000000000002,0.6695917972774521,1.2189795361074114,1.116780861654981
3.29,0.6691980105879076,1.2162934807406078,1.1173841726494846
3.3000000000000003,0.6688272379661725,1.2136137071705069,1.1179678252810812
3.31,0.6684794178893986,1.2109403558948153,1.1185319751497145
3.3200000000000003,0.6681544873893669,1.2082735652480208,1.1190767777558086
3.33,0.667852382034796,1.2056134714809934,1.1196023884903523
3.34,0.6675730359311939,1.2029602087970337,1.120108962623034
3.35,0.667316381721068,1.2003139093871336,1.120596655290637
3.36,0.6670823505844992,1.1976747034644508,1.1210656214856851
3.37,0.6668708722400887,1.1950427192980029,1.1215160160453321
3.38,0.6666818749462815,1.1924180832455809,1.1219479936404857
3.39,0.6665152855030769,1.1898009197858879,1.1223617087651583
3.4,0.6663710292541293,1.1871913515499035,1.122757315726035
3.41,0.6662490300810386,1.1845894993606716,1.1231349686354646
3.42,0.6661492103196875,1.181995482360076,1.1234948214352842
3.43,0.6660714908888209,1.179409417897622,1.1238370278380219
3.44,0.6660157912740898,1.1768314215807931,1.1241617413249536
3.45,0.6659820295098471,1.1742616073276413,1.124469115145388
3.46,0.6659701221824147,1.1717000873950616,1.1247593023078892
3.47,0.6659799844337042,1.1691469724064094,1.125032455571699
3.48,0.6660115299651919,1.166602371378473,1.125288727438343
3.49,0.6660646710422541,1.1640663917477996,1.1255282701434197
3.5,0.6661393184988661,1.161539139396388,1.1257512356485637
3.5100000000000002,0.6662353817426694,1.1590207186767494,1.1259577756335721
3.52,0.6663527687604115,1.156511232436343,1.1261480414886937
3.5300000000000002,0.6664913861214239,1.154010782043311,1.1263221843080033
3.54,0.6666511389098395,1.1515194674703604,1.1264803549116307
3.5500000000000003,0.6668319308145866,1.1490373872489448,1.1266227038050576
3.56,0.6670336641485115,1.1465646384812915,1.126749381167099
3.5700000000000003,0.6672562398265793,1.1441013168857217,1.1268605368545639
3.58,0.6674995573724897,1.1416475168183997,1.126956320395803
3.59,0.667763514925619,1.1392033312945602,1.1270368809843987
3.6,0.6680480092482897,1.136768852009222,1.1271023674729823
3.61,0.6683529357333675,1.1343441693573977,1.127152928367184
3.62,0.6686781884121917,1.1319293724538018,1.1271887118196982
3.63,0.6690236599628365,1.1295245491520727,1.1272098656244651
3.64,0.6693892417187082,1.1271297860635079,1.127216537210959
3.65,0.6697748236773524,1.124745168575319,1.1272088736386487
3.66,0.6701802944613887,1.1223707808650214,1.127187021618578
3.67,0.6706055413624588,1.1200067059201884,1.1271511274886916
3.68,0.6710504503889971,1.1176530255579993,1.1271013371872947
3.69,0.6715149062453661,1.115309820439485,1.1270377962652534
3.7,0.6719987923416328,1.112977170085469,1.126960649881283
3.71,0.6725019908036357,1.1106551528920794,1.126870042797333
3.72,0.6730243824833408,1.1083438461458326,1.1267661193740626
3.73,0.673565846969489,1.106043326038302,1.1266490235664002
3.74,0.6741262625985333,1.103753667680375,1.1265188989191863
3.75,0.6747055064658668,1.1014749451161099,1.1263758885628874
3.7600000000000002,0.6753034544373417,1.0992072313361962,1.1262201352093817
3.77,0.6759199811610785,1.0969505982910301,1.1260517811478081
3.7800000000000002,0.6765549600493073,1.094705116896508,1.12587096826035
3.79,0.6772082632899804,1.092470857046173,1.1256778380187091
3.8000000000000003,0.6778797619185727,1.090247887636654,1.1254725314412823
3.81,0.6785693257969317,1.0880362765714875,1.1252551891116291
3.8200000000000003,0.6792768236254759,1.0858360907721272,1.1250259511752636
3.83,0.6800021229559564,1.0836473961886743,1.124784957336298
3.84,0.6807450902044603,1.0814702578102646,1.1245323468541493
3.85,0.6815055906646527,1.079304739675114,1.124268258540299
3.86,0.6822834885212559,1.0771509048802361,1.1239928307551084
3.87,0.6830786468637662,1.0750088155908346,1.1237062014046784
3.88,0.6838909277004037,1.072878533049379,1.1234085079377554
3.89,0.6847201919722983,1.0707601175843726,1.123099887342674
3.9,0.685566299555286,1.068653628608793,1.1227804761538362
3.91,0.6864291092594378,1.0665591246162516,1.1224504104601043
3.92,0.68730847889084,1.0644766632261369,1.122109825866522
3.93,0.6882042652449528,1.06240630117394,1.1217588575077453
3.94,0.6891163241201731,1.0603480943171824,1.121397640046447
3.95,0.6900445103329034,1.058302097642089,1.121026307670773
3.96,0.690988677732811,1.056268365269982,1.1206449940918308
3.97,0.691948679218279,1.0542469504633938,1.120253832541208
3.98,0.6929243667520427,1.0522379056319118,1.1198529557685135
3.99,0.6939155913770138,1.0502412823377572,1.119442496038946
4.0,0.6949222032322854,1.048257131301108,1.1190225851308737
4.01,0.6959440515693194,1.0462855024051694,1.1185933543334357
4.0200000000000005,0.6969809847619856,1.044326444696387,1.1181549344502602
4.03,0.6980328503026683,1.042380006374134,1.1177074558168258
4.04,0.6990994948602978,1.0404462348251957,1.117251048258163
4.05,0.7001807642822818,1.0385251766169956,1.1167858411009248
4.0600000000000005,0.701276503608462,1.036616877499248,1.1163119631739973
4.07,0.7023865570879403,1.03472138240737,1.1158295428064928
4.08,0.7035107681960443,1.0328387354656676,1.115338707825758
4.09,0.7046489796514283,1.0309689799903055,1.1148395855553912
4.1,0.7058010334333062,1.0291121584920624,1.1143323028132726
4.11,0.7069667707988153,1.0272683126788804,1.113816985909594
4.12,0.708146032300505,1.0254374834582145,1.1132937606448985
4.13,0.7093386578039502,1.0236197109391856,1.112762752308113
4.14,0.7105444865027993,1.021815034431106,1.1122240856784913
4.15,0.7117633569176641,1.0200234924209712,1.111677885051233
4.16,0.7129951069466867,1.0182451226168328,1.1111242741880576
4.17,0.7142395738754455,1.0164799619387648,1.1105633763271034
4.18,0.7154965943908077,1.0147280465145847,1.1099953141872219
4.19,0.7167660045990807,1.0129894116807874,1.1094202099661548
4.2,0.7180476400442578,1.011264091983317,1.1088381853387004
4.21,0.7193413357263572,1.0095521211781808,1.1082493614548665
4.22,0.7206469261198478,1.0078535322319164,1.1076538589380098
4.23,0.7219642451921617,1.0061683573219093,1.107051797882956
4.24,0.7232931264222869,1.0044966278365755,1.1064432978541
4.25,0.7246334028194418,1.0028383743754061,1.1058284778834835
4.26,0.7259849069418218,1.0011936267488901,1.1052074564688454
4.2700000000000005,0.7273474709154217,0.9995624139783096,1.104580351571646
4.28,0.7287209264529243,0.9979447642954222,1.1039472806150574
4.29,0.7301051048726573,0.9963407051420323,1.103308360481923
4.3,0.7314998371045444,0.994750263152395,1.1026637075366166
4.3100000000000005,0.7329049536746046,0.9931734641074348,1.1020134376862731
4.32,0.7343202848050132,0.9916103330396842,1.1013576662303766
4.33,0.7357456604013866,0.9900608941908153,1.1006965079170004
4.34,0.737180910066872,0.9885251710040236,1.100030076949989
4.3500000000000005,0.738625863121097,0.987003186122619,1.0993584869872721
4.36,0.7400803486191438,0.985494961388526,1.0986818511391574
4.37,0.7415441953705485,0.9840005178406939,1.0980002819666015
4.38,0.7430172319583171,0.9825198757134264,1.0973138914794578
4.39,0.7444992867579583,0.9810530544346339,1.0966227911346946
4.4,0.7459901879565267,0.9796000726240132,1.095927091834589
4.41,0.7474897635716754,0.9781609480911618,1.0952269039248876
4.42,0.7489978414707125,0.9767356978336292,1.0945223371929362
4.43,0.7505142493896578,0.9753243380349136,1.093813500865776
4.44,0.7520388149522985,0.9739268840624062,1.093100503608202
4.45,0.7535713656892359,0.972543350465292,1.0923834535207868
4.46,0.7551117290550461,0.9711737509564028,1.0916624581708678
4.47,0.7566597324460814,0.9698180983996315,1.0909376246119595
4.48,0.7582152032254714,0.9684764048587727,1.0902090592763682
4.49,0.7597779687390421,0.9671486815691711,1.089476868026916
4.5,0.7613478563341293,0.9658349389341938,1.0887411561573752
4.51,0.7629246933784826,0.9645351865227216,1.0880020283907277
4.5200000000000005,0.7645083072791385,0.9632494330666174,1.0872595888773962
4.53,0.7660985255012549,0.9619776864581788,1.0865139411934512
4.54,0.7676951755869063,0.9607199537475783,1.0857651883387882
4.55,0.7692980851738346,0.9594762411402971,1.0850134327352756
4.5600000000000005,0.7709070820141516,0.9582465539945557,1.0842587762248728
4.57,0.7725219939929906,0.9570308968187504,1.083501320067716
4.58,0.7741426491471027,0.9558292732688939,1.0827411649401693
4.59,0.7757688756833948,0.9546416861460717,1.0819784109328443
4.6000000000000005,0.7774005019974043,0.9534681373939153,1.0812131575485797
4.61,0.7790373566917081,0.9523086280960982,1.0804455037003866
4.62,0.7806792686059166,0.9511631584548897,1.079675547758626
4.63,0.7823260668296382,0.9500317277973404,1.0789033875264598
4.64,0.7839775807045058,0.9489143345991845,1.078129120169344
4.65,0.7856336398533088,0.9478109764645335,1.0773528422594123
4.66,0.7872940741981403,0.9467216501233582,1.076574649773741
4.67,0.7889587139784522,0.9456463514290332,1.0757946380925358
4.68,0.7906273897690214,0.9445850753559303,1.075012901997301
4.69,0.7922999324978302,0.9435378159970624,1.074229535668984
4.7,0.7939761734638507,0.9425045665617868,1.0734446326860994
4.71,0.7956559443547369,0.9414853193735672,1.0726582860228284
4.72,0.797339077264413,0.9404800658678046,1.0718705880470938
4.73,0.799025404710562,0.9394887965897379,1.0710816305186108
4.74,0.8007147596520051,0.9385115011924213,1.0702915045869126
4.75,0.8024069755059724,0.9375481684347806,1.069500300789348
4.76,0.8041018861652596,0.9365987861797569,1.068708109049053
4.7700000000000005,0.805799326015868,0.9356633413921642,1.0679150186737314
4.78,0.8074991299922231,0.9347418201131799,1.0671211184068585
4.79,0.8092011335526191,0.9338342074845059,1.0663264963680343
4.8,0.8109051726821427,0.9329404877554536,1.0655312400317187
4.8100000000000005,0.8126110839284935,0.9320606442695798,1.0647354362518886
4.82,0.8143187044186635,0.9311946594632655,1.063939171260222
4.83,0.8160278718754943,0.9303425148644042,1.0631425306642663
4.84,0.817738424634106,0.9295041910912033,1.0623455994455984
4.8500000000000005,0.8194502016581959,0.9286796678511041,1.0615484619579687
4.86,0.821163042556205,0.9278689239398242,1.0607512019254361
4.87,0.8228767875973474,0.9270719372405272,1.059953902440486
4.88,0.8245912777275003,0.9262886847231231,1.0591566459621387
4.89,0.8263063545849509,0.9255191424437067,1.058359514314041
4.9,0.8280218605159982,0.9247632855441348,1.0575625886825473
4.91,0.8297376385904045,0.9240210882517494,1.056765949614784
4.92,0.8314535326166956,0.9232925238792505,1.0559696770167009
4.93,0.833169387160698,0.922577564820879,1.055173850154775
4.94,0.8348850476061466,0.9218761825009212,1.0543785477033494
4.95,0.8366003601022861,0.9211883474502075,1.0535838476699737
4.96,0.83831517158641,0.920514029297703,1.0527898274019114
4.97,0.8400293298121861,0.9198531967555228,1.0519965635990722
4.98,0.8417426833642916,0.9192058176194395,1.051204132312313
4.99,0.8434550816728887,0.9185718587695548,1.0504126089417376
5.0,0.8451663750279411,0.9179512861711357,1.0496220682350026
5.01,0.8468764145933648,0.9173440648756233,1.0488325842856205
5.0200000000000005,0.8485850524210138,0.9167501590218148,1.048044230531268
5.03,0.8502921414644954,0.9161695318372263,1.0472570797520964
5.04,0.8519975355928151,0.9156021456396362,1.0464712040690405
5.05,0.853701089603845,0.9150479618388169,1.045686674942136
5.0600000000000005,0.8554026592376152,0.9145069409384575,1.0449035631688344
5.07,0.8571021011894242,0.9139790425382819,1.044121938882323
5.08,0.8587992731227676,0.9134642253363642,1.043341871549848
5.09,0.860494033690795,0.9129624471177658,1.04256342997817
5.1000000000000005,0.8621862425912532,0.9124736646897358,1.0417866823465796
5.11,0.8638757604980275,0.9119978340133925,1.0410116961390996
5.12,0.8655624490985955,0.911534910166598,1.040238538163511
5.13,0.8672461711141606,0.9110848473343252,1.0394672745563727
5.14,0.8689267903117558,0.9106475988117231,1.038697970781637
5.15,0.8706041715161614,0.9102231170073837,1.0379306916292854
5.16,0.8722781806216338,0.9098113534468112,1.0371655012139795
5.17,0.8739486846034457,0.909412258776099,1.0364024629737334
5.18,0.8756155515292325,0.9090257827658168,1.0356416396686046
5.19,0.8772786505701438,0.9086518743151115,1.034883093379405
5.2,0.8789378520117966,0.908290481456026,1.0341268855064338
5.21,0.8805930272650315,0.907941551358038,1.033373076768228
5.22,0.8822440488764624,0.9076050303328234,1.032621727200338
5.23,0.883890790538825,0.9072808638392471,1.031872896154122
5.24,0.885533127101117,0.9069689964885851,1.0311266422955665
5.25,0.8871709345929972,0.9066693720113408,1.0303830236133071
5.26,0.8888040902593367,0.9063819331966264,1.0296420974332516
5.2700000000000005,0.8904324724998836,0.9061066220846071,1.0289039203731487
5.28,0.8920559609092448,0.9058433798907116,1.0281685483609797
5.29,0.8936744362891734,0.9055921470034688,1.0274360366359363
5.3,0.8952877806577153,0.9053528629903893,1.0267064397475736
5.3100000000000005,0.8968958772581468,0.9051254666040616,1.0259798115549974
5.32,0.8984986105677026,0.9049098957884633,1.0252562052260892
5.33,0.9000958663060922,0.9047060876854928,1.024535673236766
5.34,0.9016875314437998,0.9045139786417213,1.02381826737028
5.3500000000000005,0.9032734942101691,0.9043335042153692,1.0231040387165544
5.36,0.904853644101269,0.9041645991835083,1.02239303767156
5.37,0.9064278718875391,0.9040071975494935,1.0216853139367308
5.38,0.9079960696212123,0.9038612325506252,1.0209809165184194
5.39,0.909558130643512,0.9037266366660458,1.020279893727395
5.4,0.9111139495916246,0.9036033416248724,1.0195822931783816
5.41,0.9126634224275868,0.9034912783377641,1.0188881617968393
5.42,0.9142064464482418,0.90339037689359,1.0181975458197075
5.43,0.9157429202384226,0.9033005667524266,1.017510490777815
5.44,0.9172727437069084,0.9032217766509231,1.0168270415053164
5.45,0.9187958180930584,0.9031539346087796,1.016147242139721
5.46,0.9203120459726677,0.9030969679373607,1.015471136121788
5.47,0.9218213312635919,0.9030508032485132,1.0147987661954785
5.48,0.9233235792311473,0.9030153664635865,1.0141301744079536
5.49,0.9248186964932787,0.9029905828226604,1.0134654021096314
5.5,0.926306591025499,0.9029763768939786,1.0128044899542945
5.51,0.9277871721655913,0.902972672583591,1.0121474778992519
5.5200000000000005,0.9292603506180804,0.9029793931452054,1.0114944052055597
5.53,0.9307260384584648,0.9029964611902499,1.0108453104382953
5.54,0.9321841491372119,0.9030237986981484,1.010200231466889
5.55,0.9336345974835132,0.9030613270268081,1.0095592054655154
5.5600000000000005,0.9350772997088342,0.9031089669231869,1.0089222689135406
5.57,0.936512173445261,0.9031666384066692,1.00828945759446
5.58,0.9379391377222223,0.9032342608758457,1.0076608065976458
5.59,0.939358112938157,0.9033117532329896,1.0070363503203699
5.6000000000000005,0.940769020888576,0.9033990338027957,1.0064161224673545
5.61,0.9421717847686343,0.9034960203431108,1.0058001560515129
5.62,0.9435663291754681,0.9036026300558313,1.0051884833947564
5.63,0.9449525801102929,0.9037187795979678,1.0045811361288628
5.64,0.9463304649802627,0.9038443850928756,1.00397814519641
5.65,0.9476999126000896,0.9039793621416534,1.003379540851776
5.66,0.9490608531934196,0.9041236258347077,1.002785352662204
5.67,0.9504132183939681,0.9042770907634847,1.0021956095089348
5.68,0.9517569412464084,0.9044396710323686,1.0016103395884075
5.69,0.9530919562070157,0.904611280270747,1.001029570413528
5.7,0.9544181991440629,0.9047918316452432,1.000453328815008
5.71,0.9557356073379693,0.9049812378721156,0.9998816409427727
5.72,0.9570441194829227,0.9051794112249144,0.9993145322669409
5.73,0.9583436757391721,0.9053862633973664,0.9987520275641097
5.74,0.9596342176671051,0.9056017057021891,0.9981941509379197
5.75,0.9609156882198212,0.905825649102852,0.9976409258226558
5.76,0.9621880317636148,0.9060580041653337,0.997092374978757
5.7700000000000005,0.9634511940769721,0.9062986810704746,0.9965485204945552
5.78,0.9647051223493289,0.9065475896264417,0.9960093837880858
5.79,0.9659497651795902,0.9068046392813037,0.9954749856089682
5.8,0.9671850725744074,0.9070697391357173,0.9949453460403586
5.8100000000000005,0.9684109959462158,0.9073427979557197,0.9944204845009743
5.82,0.9696274881110286,0.9076237241856303,0.9939004197471917
5.83,0.9708345032859891,0.9079124259610569,0.9933851698752171
5.84,0.9720319970866772,0.9082088111220075,0.9928747523233319
5.8500000000000005,0.9732199265241732,0.9085127872261045,0.9923691838742135
5.86,0.9743982500018731,0.9088242615619017,0.9918684806573306
5.87,0.9755669273120597,0.9091431411623011,0.9913726581514153
5.88,0.976725919640116,0.9094693328035807,0.9908817311839875
5.89,0.9778751896306925,0.9098027428902998,0.9903957139071138
5.9,0.9790147012697819,0.9101432776778856,0.9899146198437139
5.91,0.980144419903834,0.9104908432432117,0.9894384618813202
5.92,0.9812643122528509,0.9108453454658706,0.9889672522681302
5.93,0.9823743464059533,0.9112066900412565,0.9885010026157588
5.94,0.9834744918167223,0.9115747824936936,0.9880397239020628
5.95,0.9845647192983121,0.9119495281896048,0.9875834264740367
5.96,0.9856450010183366,0.9123308323507221,0.9871321200507797
5.97,0.9867153104935265,0.9127186000673331,0.9866858137265353
5.98,0.9877756225841585,0.9131127363115632,0.9862445159738047
5.99,0.9888259134882565,0.91351314595069,0.9858082346465316
6.0,0.9898661607355633,0.9139197337604881,0.9853769769833622
6.01,0.9908963431812835,0.9143324044386019,0.984950749610979
6.0200000000000005,0.9919164409995965,0.9147510626179439,0.9845295585475077
6.03,0.9929264356769402,0.9151756128801161,0.9841134092060015
6.04,0.9939263100261989,0.9156059597471372,0.9837023063897312
6.05,0.9949160482501788,0.9160420076223119,0.98329625426818
6.0600000000000005,0.9958956357823491,0.916483660959727,0.9828952564401587
6.07,0.9968650593347302,0.9169308242206898,0.9824993159158709
6.08,0.99782430690157,0.9173834018753683,0.9821084351162601
6.09,0.9987733677518656,0.9178412984156599,0.9817226158767088
6.1000000000000005,0.9997122324216874,0.9183044183680348,0.9813418594508013
6.11,1.0006408927063017,0.9187726663063488,0.9809661665141528
6.12,1.0015593416520971,0.9192459468646238,0.9805955371683045
6.13,1.0024675735483106,0.9197241647497925,0.9802299709446838
6.140000000000001,1.0033655839185571,0.9202072247544024,0.9798694668086313
6.15,1.0042533695121618,0.9206950317692801,0.9795140231634935
6.16,1.0051309282952943,0.9211874907961476,0.979163637854782
6.17,1.005998259441908,0.9216845069601914,0.9788183081743989
6.18,1.0068553633244826,0.9221859855225802,0.9784780308649291
6.19,1.0077022415045713,0.9226918318929264,0.9781428021239996
6.2,1.0085388967647575,0.9232019516241488,0.977812617592897
6.21,1.0093653331404775,0.9237162504072499,0.9774874723452293
6.22,1.010181555754449,0.9242346341491706,0.977167360950583
6.23,1.0109875708817293,0.9247570089532586,0.9768522774505444
6.24,1.011783385944263,0.925283281129313,0.9765422153615052
6.25,1.0125690095009736,0.9258133572053537,0.9762371676791562
6.26,1.0133444512376977,0.9263471439392974,0.9759371268830358
6.2700000000000005,1.014109721956966,0.926884548330539,0.9756420849411308
6.28,1.0148648335676298,0.9274254776314335,0.9753520333145327
6.29,1.0156097990743362,0.9279698393586746,0.9750669629621451
6.3,1.0163446325668515,0.9285175413045686,0.9747868643454473
6.3100000000000005,1.0170693492092366,0.9290684915481974,0.9745117274333078
6.32,1.0177839652288725,0.9296225984664677,0.9742415417068538
6.33,1.01848849790534,0.9301797707450457,0.973976296164391
6.34,1.0191829655591542,0.9307399173891697,0.9737159793263772
6.3500000000000005,1.019867387540353,0.9313029477343405,0.9734605792404487
6.36,1.0205417842935443,0.9318687714664167,0.9732100834579541
6.37,1.021206177323009,0.932437298629159,0.9729644790477302
6.38,1.0218605890482888,0.9330084396180282,0.9727237526506866
6.390000000000001,1.0225050428775748,0.9335821052009676,0.9724878904532298
6.4,1.023139563196576,0.9341582065285461,0.9722568781921834
6.41,1.0237641753568278,0.9347366551439004,0.9720307011599167
6.42,1.0243789056638872,0.9353173629925334,0.9718093442095169
6.43,1.0249837813654217,0.9359002424319651,0.971592791760001
6.44,1.0255788306391909,0.9364852062412294,0.9713810278015709
6.45,1.0261640825809233,0.9370721676302172,0.9711740359009073
6.46,1.026739567192091,0.9376610402488607,0.9709717992065053
6.47,1.0273053153675813,0.9382517381961545,0.9707743004540498
6.48,1.0278613588832715,0.9388441760290123,0.9705815219718297
6.49,1.0284077303835044,0.9394382687709532,0.9703934456861928
6.5,1.0289444633684686,0.9400339319206169,0.9702100531270387
6.51,1.0294715921814852,0.9406310814601021,0.9700313254333506
6.5200000000000005,1.029989151996202,0.9412296338631255,0.969857243358765
6.53,1.0304971788036967,0.9418295061029985,0.9696877872771802
6.54,1.0309957095011162,0.9424306157105666,0.9695229371494155
6.55,1.0314847819145307,0.9430328807995404,0.9693626725151115
6.5600000000000005,1.0319644344985335,0.9436362199321491,0.9692069726086453
6.57,1.032434706479402,0.9442405522035338,0.9690558163048862
6.58,1.0328956378472238,0.944845797251447,0.968909182122898
6.59,1.0333472693434436,0.945451875263526,0.9687670482314032
6.6000000000000005,1.0337896424483728,0.9460587069843822,0.9686293924542669
6.61,1.034222799368669,0.9466662137224998,0.9684961922759986
6.62,1.034646783024785,0.9472743173569445,0.9683674248472708
6.63,1.035061637038391,0.9478829403438767,0.9682430669904559
6.640000000000001,1.0354674057197724,0.9484920057228666,0.9681230952051784
6.65,1.0358641340552073,0.9491014371230095,0.9680074856738816
6.66,1.0362518676943238,0.9497111587688364,0.967896214267411
6.67,1.0366306529374416,0.9503210954860183,0.9677892565506101
6.68,1.0370005367229007,0.9509311727068608,0.9676865877879302
6.69,1.0373615666143785,0.9515413164755859,0.9675881829490527
6.7,1.0377137907881993,0.9521514534533981,0.9674940167145238
6.71,1.0380572580206384,0.9527615109233312,0.9674040634813994
6.72,1.0383920177059558,0.953371416869959,0.967318297353838
6.73,1.0387181198827349,0.9539811000791687,0.9672366921296331
6.74,1.0390356150892774,0.9545904898200637,0.9671592213705418
6.75,1.03934455441296,0.955199516000495,0.967085858377556
6.76,1.039644989482501,0.9558081091828637,0.9670165761941676
6.7700000000000005,1.0399369724556677,0.9564162005885196,0.9669513476118813
6.78,1.0402205560070132,0.9570237221019617,0.9668901451757241
6.79,1.040495793315649,0.9576306062748391,0.9668329411897533
6.8,1.0407627380530504,0.9582367863297498,0.9667797077225593
6.8100000000000005,1.0410214443709063,0.9588421961638351,0.9667304166127649
6.82,1.0412719668890067,0.9594467703521683,0.9666850394745186
6.83,1.0415143606831798,0.9600504441509335,0.9666435477029807
6.84,1.0417486812732761,0.9606531535003964,0.9666059124798037
6.8500000000000005,1.0419749846112034,0.9612548350276587,0.9665721047786029
6.86,1.042193327069019,0.9618554260492015,0.9665420953704195
6.87,1.0424037654270761,0.9624548645732082,0.9665158548291719
6.88,1.0426063568622361,0.9630530893016706,0.9664933535370984
6.890000000000001,1.0428011589361388,0.9636500396322727,0.9664745616901866
6.9,1.0429882295848503,0.9642456557244837,0.966459449297744
6.91,1.0431676271107002,0.9648398786700608,0.966447986172461
6.92,1.0433394101624722,0.9654326500852322,0.9664401419729158
6.93,1.0435036377272784,0.9660239122752465,0.9664358861941067
6.94,1.043660369119726,0.9666136082611613,0.966435188170447
6.95,1.0438096639706587,0.967201681781457,0.9664380170810076
6.96,1.043951582215985,0.9677880772934662,0.9664443419547353
6.97,1.0440861840855962,0.9683727399746144,0.9664541316756495
6.98,1.0442135300923752,0.9689556157234736,0.9664673549880142
6.99,1.0443336810213004,0.9695366511606255,0.9664839805014842
7.0,1.0444466979186509,0.9701157936293341,0.9665039766962261
7.01,1.044552642081308,0.9706929911960274,0.9665273119280116
7.0200000000000005,1.044651575046166,0.9712681926505852,0.966553954433283
7.03,1.0447435585796465,0.9718413475064333,0.9665838723341894
7.04,1.0448286546673258,0.972412406000443,0.9666170336435932
7.05,1.0449069255036745,0.9729813190926342,0.9666534062700456
7.0600000000000005,1.0449784334819139,0.9735480384656807,0.9666929580227297
7.07,1.045043241183992,0.9741125165242173,0.9667356566163717
7.08,1.0451014113515444,0.9746747064368717,0.9667814696783971
7.09,1.0451530067845705,0.9752345623404987,0.9668303647646784
7.1000000000000005,1.0451980905122782,0.9757920389340714,0.9668823093428404
7.11,1.0452367257256947,0.9763470916069854,0.9669372708039234
7.12,1.0452689757501898,0.976899676477945,0.9669952164692716
7.13,1.0452949040357489,0.9774497503941435,0.967056113595283
7.140000000000001,1.0453145741473644,0.9779972709302867,0.967119929378124
7.15,1.0453280497555493,0.9785421963874587,0.9671866309584047
7.16,1.0453353946269752,0.9790844857918318,0.9672561854258169
7.17,1.045336672615235,0.9796240988932193,0.9673285598237306
7.18,1.0453319476517375,0.9801609961634706,0.9674037211537512
7.19,1.045321283736731,0.9806951387947094,0.9674816363802351
7.2,1.045304744930463,0.9812264886974146,0.967562272434762
7.21,1.0452823953444788,0.9817550084983443,0.9676455962205647
7.22,1.0452542991330536,0.9822806615383008,0.9677315746169141
7.23,1.0452205204847744,0.9828034118697402,0.9678201744834594
7.24,1.0451811236142616,0.9833232242542215,0.9679113626645222
7.25,1.0451361727540385,0.9838400641597008,0.968005105993343
7.26,1.0450857321297202,0.9843538977800816,0.9681013712991813
7.2700000000000005,1.045029865806735,0.9848646922258748,0.9682001254365253
7.28,1.0449686379272671,0.9853724151952872,0.9683013352470476
7.29,1.044902112649165,0.9858770350422245,0.968404967572886
7.3,1.0448303541010695,0.9863785208227553,0.9685109892671059
7.3100000000000005,1.0447534263745304,0.9868768422923753,0.968619367197766
7.32,1.0446713935162606,0.987371969903155,0.968730068251935
7.33,1.0445843195205218,0.9878638748007725,0.9688430593396603
7.34,1.0444922683216513,0.9883525288214308,0.9689583073978869
7.3500000000000005,1.0443953037867273,0.9888379044886606,0.9690757793943263
7.36,1.0442934897083762,0.9893199750100106,0.9691954423312741
7.37,1.0441868897977227,0.9897987142736245,0.9693172632493752
7.38,1.0440755676774875,0.9902740968447069,0.9694412092313378
7.390000000000001,1.0439595868752312,0.9907460979618768,0.9695672474055922
7.4,1.043839010816747,0.9912146935334122,0.9696953449498963
7.41,1.043713902819607,0.9916798601333838,0.9698254690948861
7.42,1.04358432608686,0.9921415749976815,0.9699575871275695
7.43,1.043450343700886,0.9925998160199314,0.9700916663947646
7.44,1.043312018606278,0.9930545617552078,0.9702276743093334
7.45,1.043169413416022,0.9935057915492262,0.9703655784017154
7.46,1.0430225906776713,0.993953485340911,0.9705053462534746
7.47,1.0428716128483835,0.9943976236717055,0.9706469455054932
7.48,1.0427165422254043,0.9948381877265315,0.9707903438775717
7.49,1.0425574409400309,0.9952751593296872,0.9709355091717317
7.5,1.0423943709517045,0.995708520940671,0.971082409275466
7.51,1.0422273940422346,0.9961382556499324,0.9712310121649366
7.5200000000000005,1.042056571810153,0.9965643471745511,0.9713812859081183
7.53,1.0418819656652032,0.9969867798538448,0.9715331986678899
7.54,1.0417036368229597,0.997405538644908,0.9716867187050698
7.55,1.0415216462995882,0.997820609118084,0.9718418143813974
7.5600000000000005,1.0413360549067359,0.998231977452369,0.9719984541624578
7.57,1.0411469232465633,0.9986396304307513,0.9721566066205516
7.58,1.040954311706913,0.9990435554354871,0.9723162404375071
7.59,1.0407582804566178,0.999443740443314,0.9724773244074353
7.6000000000000005,1.0405588894409497,0.9998401740206021,0.9726398274394266
7.61,1.0403561983772116,1.0002328453184468,0.9728037185601895
7.62,1.0401502667466944,1.000621744069335,0.9729689669177336
7.63,1.0399411536332035,1.0010068606501374,0.9731355418298484
7.640000000000001,1.039728917909723,1.0013881859946243,0.9733034127308796
7.65,1.039513618268339,1.00176571157374,0.9734725491642681
7.66,1.0392953131439024,1.0021394294218222,0.9736429208061083
7.67,1.0390740607097506,1.0025093321316858,0.9738144974676403
7.68,1.0388499188735436,1.00287541284967,0.9739872490976896
7.69,1.038622945273215,1.0032376652706523,0.9741611457850544
7.7,1.038393197273041,1.0035960836330315,0.9743361577608378
7.71,1.0381607319598243,1.0039506627136774,0.9745122554007288
7.72,1.0379256061391982,1.0043013978228534,0.9746894092272265
7.73,1.0376878763320443,1.0046482847991118,0.9748675899118112
7.74,1.0374475987710314,1.0049913200041616,0.9750467682770603
7.75,1.0372048293972722,1.0053305003177142,0.9752269152987086
7.76,1.0369596238570973,1.005665823132306,0.9754080021076533
7.7700000000000005,1.036712037498951,1.0059972863480988,0.9755899999919023
7.78,1.0364621253704045,1.0063248883676645,0.9757728803984665
7.79,1.0362099422152915,1.006648628090749,0.9759566149351951
7.8,1.0359555424704423,1.0069685049090502,0.9761411753727481
7.8100000000000005,1.0356989801453587,1.0072845187076978,0.9763265336902992
7.82,1.03544030892887,1.007596669853721,0.9765126620364079
7.83,1.035179582264399,1.0079049591863132,0.9766995327016088
7.84,1.0349168532713728,1.0082093880159062,0.97688711814848
7.8500000000000005,1.03465217474247,1.0085099581189017,0.9770753910133593
7.86,1.0343855991409625,1.0088066717323956,0.9772643241080129
7.87,1.034117178598152,1.0090995315489024,0.9774538904212541
7.88,1.0338469649109001,1.009388540711077,0.9776440631205121
7.890000000000001,1.0335750095392535,1.0096737028064378,0.9778348155533533
7.9,1.0333013636041626,1.0099550218620925,0.9780261212489514
7.91,1.0330260778852938,1.010232502339467,0.9782179539195083
7.92,1.032749202818937,1.0105061491290415,0.9784102874616256
7.930000000000001,1.032470788496004,1.010775967545093,0.9786030959576255
7.94,1.0321908846601229,1.0110419633204468,0.9787963536768215
7.95,1.0319095407058239,1.0113041426012404,0.978990035076739
7.96,1.0316268056768192,1.011562511941697,0.9791841148042858
7.97,1.0313427282643755,1.0118170782989173,0.9793785676968707
7.98,1.0310573568057784,1.0120678490276827,0.9795733687834725
7.99,1.0307707392220906,1.0123148318522779,0.979768493314986
8.0,1.0304829230477002,1.0125580348730219,0.9799639167502842
8.01,1.0301939555128818,1.0127974665928412,0.9801596147166994
8.02,1.029903883483951,1.0130331358899562,0.9803555630391941
8.03,1.029612753461738,1.0132650520126194,0.9805517377413902
8.040000000000001,1.0293206115802038,1.0134932245738995,0.9807481150465238
8.05,1.0290275036051253,1.013717663546485,0.9809446713783571
8.06,1.028733474932857,1.01393837925751,0.9811413833620468
8.07,1.028438570589162,1.0141553823834046,0.98133822782497
8.08,1.0281428352281183,1.0143686839447705,0.9815351817975059
8.09,1.0278463131310918,1.0145782953012823,0.9817322225137753
8.1,1.0275490482057836,1.0147842281466193,0.981929327412337
8.11,1.0272510839853461,1.014986494503426,0.98212647413684
8.120000000000001,1.026952463627569,1.0151851067183042,0.9823236405366342
8.13,1.0266532299141335,1.0153800774568387,0.9825208046673373
8.14,1.0263534252499362,1.0155714196986572,0.9827179447913578
8.15,1.02605309166248,1.0157591467325267,0.9829150393783771
8.16,1.0257522708013338,1.015943272151487,0.9831120671057866
8.17,1.025451003910702,1.0161238098124874,0.9833090068780911
8.18,1.0251493318269733,1.0163007738289065,0.9835058378287023
8.19,1.024847295042216,1.0164741786499685,0.9837025392752307
8.2,1.0245449336670112,1.016644039007409,0.9838990907457662
8.21,1.0242422874293713,1.0168103699096738,0.9840954719797141
8.22,1.0239393956743654,1.0169731866370137,0.9842916629281361
8.23,1.0236362973637987,1.0171325047366113,0.9844876437540541
8.24,1.023333031075943,1.0172883400177468,0.98468339483272
8.25,1.0230296350053214,1.0174407085469985,0.98487889675185
8.26,1.0227261469625424,1.0175896266434856,0.9850741303118228
8.27,1.022422604374185,1.0177351108741473,0.9852690765258437
8.28,1.0221190442827346,1.0178771780490656,0.9854637166200739
8.290000000000001,1.0218155033465652,1.0180158452168306,0.9856580320337243
8.3,1.0215120178399744,1.0181511296599488,0.9858520044191158
8.31,1.0212086236532605,1.018283048890296,0.9860456156417051
8.32,1.0209053562928503,1.018411620644619,0.9862388477800755
8.33,1.0206022508814716,1.0185368628800815,0.9864316831258948
8.34,1.020299342158371,1.0186587937698626,0.9866241041838387
8.35,1.0199966644746263,1.0187774316687372,0.9868160936807754
8.36,1.0196942517891099,1.0188927950824083,0.9870076345737737
8.370000000000001,1.0193921376870163,1.019004902773648,0.9871987100157982
8.38,1.0190903553712056,1.0191137737031597,0.9873893033724851
8.39,1.0187889376620998,1.0192194270221744,0.9875793982229084
8.4,1.0184879169981016,1.0193218820680363,0.987768978359406
8.41,1.0181873254360527,1.019421158359832,0.9879580277873782
8.42,1.0178871946517265,1.019517275594062,0.9881465307250582
8.43,1.017587555940358,1.0196102536403564,0.9883344716032557
8.44,1.01728844021721,1.0197001125372394,0.9885218350650724
8.45,1.016989878018171,1.019786872487936,0.988708605965591
8.46,1.0166918995003895,1.01987055385623,0.988894769371537
8.47,1.0163945344429397,1.0199511771623686,0.9890803105609152
8.48,1.0160978122475195,1.020028763079017,0.9892652150226182
8.49,1.0158017619391795,1.0201033324272633,0.9894494684560107
8.5,1.0155064121670834,1.020174906172675,0.9896330567704864
8.51,1.015211791205297,1.0202435054214074,0.989815966085001
8.52,1.014917926953606,1.020309151416367,0.9899981827275791
8.53,1.0146248469407877,1.020371865510704,0.9901796932388998
8.540000000000001,1.0143325783304094,1.0204316691178983,0.9903604843800957
8.55,1.0140411479084865,1.0204885838322408,0.990540543109764
8.56,1.0137505820900703,1.020542631372141,0.9907198565929612
8.57,1.0134609069208935,1.0205938335700462,0.9908984122017667
8.58,1.013172148078383,1.0206422123686016,0.9910761975147051
8.59,1.0128843308726954,1.0206877898168574,0.9912532003161495
8.6,1.0125974802477766,1.0207305880665192,0.9914294085957034
8.61,1.0123116207824472,1.020770629368245,0.9916048105475626
8.620000000000001,1.0120267766915083,1.0208079360679894,0.991779394569858
8.63,1.01174297182687,1.0208425306033933,0.9919531492639793
8.64,1.0114602296787014,1.0208744355002228,0.9921260634338783
8.65,1.0111785733766003,1.0209036733688566,0.992298126085356
8.66,1.0108980256907831,1.0209302669008204,0.9924693264253281
8.67,1.0106186090332936,1.020954238865374,0.9926396538610757
8.68,1.01034034545923,1.0209756121061466,0.9928090979994759
8.69,1.0100632566679881,1.0209944095378236,0.9929776486462162
8.700000000000001,1.0097873640045232,1.0210106541428858,0.9931452958049913
8.71,1.0095126884652283,1.02102436895522,0.9933120296775969
8.72,1.0092392507167909,1.0210355770066641,0.9934778406665795
8.73,1.0089670710603311,1.0210443014303396,0.993642719367007
8.74,1.0086961694458423,1.0210505654200308,0.9938066565682049
8.75,1.0084265654766682,1.0210543922181827,0.9939696432534961
8.76,1.0081582784109475,1.0210558051126797,0.9941316705993226
8.77,1.007891327163073,1.0210548274336664,0.9942927299743515
8.78,1.0076257303051661,1.0210514825504113,0.9944528129385681
8.790000000000001,1.0073615060685668,1.0210457938682154,0.9946119112423564
8.8,1.0070986723453361,1.0210377848253642,0.9947700168255648
8.81,1.0068372466897724,1.0210274788901266,0.9949271218165613
8.82,1.0065772463199405,1.0210148995577948,0.9950832185312747
8.83,1.0063186881192112,1.021000070347774,0.9952382994722245
8.84,1.0060615886378144,1.0209830148007155,0.9953923573275394
8.85,1.0058059640943997,1.0209637564756964,0.995545384969964
8.86,1.005551830377609,1.0209423189474462,0.9956973754558548
8.870000000000001,1.005299203047658,1.02091872580362,0.9958483220241653
8.88,1.005048097337925,1.0208930006421202,0.9959982180954213
8.89,1.0047985281599705,1.020865167061428,0.9961470572704544
8.9,1.0045505101285757,1.0208352486098344,0.9962948333277721
8.91,1.0043040575215605,1.020803268868843,0.996441540225331
8.92,1.0040591842923499,1.0207692514281657,0.996587172098733
8.93,1.003815904077043,1.0207332198720858,0.9967317232597857
8.94,1.003574230196155,1.0206951977768353,0.9968751881954139
8.950000000000001,1.0033341756563676,1.0206552087080099,0.9970175615665652
8.96,1.0030957531522873,1.0206132762180244,0.9971588382071047
8.97,1.0028589750682129,1.020569423843606,0.9972990131227042
8.98,1.0026238534799092,1.0205236751033295,0.997438081489723
8.99,1.002390400156389,1.0204760534951909,0.9975760386540821
9.0,1.0021586265616995,1.0204265824942205,0.9977128801301316
9.01,1.0019285438567156,1.0203752855501382,0.9978486015995116
9.02,1.0017001629009379,1.0203221860850469,0.9979831989100078
9.03,1.0014734942542964,1.0202673074911672,0.9981166680743997
9.040000000000001,1.0012485481789561,1.0202106731286136,0.998249005269306
9.05,1.001025334641128,1.0201523063232099,0.9983802068340223
9.06,1.0008038633128813,1.020092230364346,0.9985102692693559
9.07,1.0005841435758858,1.0200304685001285,0.9986391892359877
9.08,1.0003661845479341,1.0199670439000545,0.9987669635472921
9.09,1.0001499950468529,1.0199019797071016,0.9988935891773741
9.1,0.9999355835974867,1.0198352990283766,0.9990190632586315
9.11,0.9997229584410723,1.0197670249223967,0.9991433830787346
9.120000000000001,0.999512127537171,1.0196971803970327,0.9992665460794111
9.13,0.9993030985656067,1.0196257884074862,0.9993885498552275
9.14,0.9990958789284062,1.0195528718543008,0.9995093921523672
9.15,0.9988904757517434,1.0194784535814105,0.999629070867405
9.16,0.9986868958878862,1.0194025563742193,0.9997475840460796
9.17,0.9984851459171463,1.0193252029577176,0.9998649298820625
9.18,0.9982852321498306,1.0192464159946322,0.9999811067157264
9.19,0.9980871606281936,1.0191662180836119,1.0000961130329098
9.200000000000001,0.9978909371283918,1.0190846317574458,1.0002099474636816
9.21,0.9976965671624383,1.0190016794813186,1.0003226087811028
9.22,0.9975040559801567,1.018917383651098,1.000434095899989
9.23,0.9973134085711365,1.018831766591659,1.0005444078756718
9.24,0.9971246296666861,1.0187448505552403,1.0006535439027575
9.25,0.9969377237425403,1.0186566577189662,1.00076150331359
9.26,0.9967526950420462,1.0185672101587482,1.000868285568588
9.27,0.9965695475504047,1.0184765298797458,1.0009738902659964
9.28,0.9963882849948802,1.0183846388168676,1.0010783171413364
9.290000000000001,0.9962089108554409,1.0182915588232573,1.0011815660627197
9.3,0.9960314283667969,1.0181973116687468,1.0012836370295732
9.31,0.9958558405204387,1.018101919038335,1.001384530171366
9.32,0.9956821500666765,1.018005402530699,1.0014842457463329
9.33,0.9955103595166788,1.0179077836567336,1.0015827841402025
9.34,0.9953404711445115,1.0178090838381186,1.0016801458649225
9.35,0.9951724869891749,1.0177093244059168,1.0017763315573882
9.36,0.9950064088566406,1.0176085265991996,1.0018713419781715
9.370000000000001,0.9948422383218859,1.017506711563702,1.0019651780102516
9.38,0.9946799767309273,1.017403900350506,1.0020578406577467
9.39,0.9945196252028511,1.017300113914753,1.002149331044649
9.4,0.9943611846318411,1.0171953731143835,1.0022396504135607
9.41,0.9942046556892042,1.017089698708906,1.0023288001244344
9.42,0.9940500388253924,1.0169831113581946,1.0024167816533143
9.43,0.9938973342722388,1.01687563162115,1.0025035965909612
9.44,0.9937465420660602,1.0167672799388021,1.0025892466300654
9.450000000000001,0.9935976620264632,1.0166580766505213,1.0026737335766918
9.46,0.9934506937489381,1.016548041999957,1.002757059354186
9.47,0.9933056366190804,1.0164371961248462,1.002839225995247
9.48,0.9931624898146456,1.01632555905593,1.0029202356406604
9.49,0.9930212523076014,1.0162131507158998,1.0030000905380305
9.5,0.9928819228661758,1.0160999909183661,1.0030787930405203
9.51,0.9927445000569016,1.015986099366853,1.0031563456055927
9.52,0.9926089822466556,1.015871495653819,1.0032327507937566
9.53,0.9924753676046935,1.015756199259703,1.003308011267318
9.540000000000001,0.9923436541046802,1.015640229551994,1.0033821297891343
9.55,0.9922138395267139,1.0155236057843264,1.0034551092213748
9.56,0.9920859214593453,1.0154063470956014,1.0035269525242856
9.57,0.9919598973015896,1.0152884725091307,1.0035976627549597
9.58,0.991835764264934,1.015170000931806,1.0036672430661133
9.59,0.9917135193753367,1.0150509511532932,1.0037356967048672
9.6,0.9915931594752203,1.014931341845249,1.003803027011534
9.61,0.9914746812254569,1.0148111915605644,1.0038692374184133
9.620000000000001,0.9913580811073467,1.0146905187326294,1.0039343314485913
9.63,0.9912433554245873,1.014569341674623,1.0039983127147487
9.64,0.9911305003052365,1.014447678578827,1.0040611849179737
9.65,0.9910195117104523,1.0143255475116693,1.004122951842265
9.66,0.9909103854790706,1.014202966386123,1.0041836173262193
9.67,0.9908031172492385,1.0140799530118747,1.0042431853129887
9.68,0.990697702483181,1.013956525080285,1.0043016598345837
9.69,0.9905941364790302,1.0138327001575507,1.0043590450044164
9.700000000000001,0.9904924143728563,1.0137084956840752,1.004415345016082
9.71,0.9903925311406916,1.0135839289738653,1.0044705641421467
9.72,0.9902944816005494,1.0134590172139422,1.004524706732943
9.73,0.9901982604144367,1.0133337774637747,1.0045777772153668
9.74,0.9901038620903599,1.0132082266547302,1.004629780091685
9.75,0.9900112809843251,1.0130823815895451,1.004680719938348
9.76,0.9899205113023305,1.0129562589418142,1.004730601404808
9.77,0.989831547102352,1.0128298752554978,1.0047794292123446
9.78,0.989744382296322,1.0127032469444481,1.004827208152898
9.790000000000001,0.9896590106521002,1.0125763902919536,1.0048739430879083
9.8,0.9895754257954368,1.0124493214503,1.0049196389471633
9.81,0.9894936212119276,1.0123220564403523,1.0049643007276527
9.82,0.9894135902489611,1.01219461115115,1.0050079334924304
9.83,0.989335326117657,1.0120670013395237,1.0050505423694855
9.84,0.9892588218947956,1.011939242629727,1.00509213255062
9.85,0.9891840705247394,1.0118113505130848,1.0051327092903355
9.86,0.9891110648213444,1.011683340347661,1.0051722779047294
9.870000000000001,0.9890397974826232,1.0115552273575017,1.005210843759117
9.88,0.9889702611003991,1.0114270266320682,1.0052484122600842
9.89,0.9889024481191087,1.0112987531274327,1.0052849888924915
9.9,0.9888363508603314,1.0111704216652306,1.005320579198376
9.91,0.9887719615257112,1.0110420469323733,1.005355188774956
9.92,0.9887092721988844,1.0109136434808075,1.0053888232735146
9.93,0.9886482748473998,1.0107852257272916,1.005421488398287
9.94,0.9885889613246309,1.0106568079531875,1.0054531899053605
9.950000000000001,0.9885313233716798,1.010528404304266,1.0054839336015773
9.96,0.9884753526192728,1.0104000287905293,1.0055137253434476
9.97,0.9884210405896467,1.0102716952860458,1.00554257103607
9.98,0.9883683786984278,1.0101434175288013,1.005570476632058
9.99,0.9883173582564995,1.0100152091205632,1.0055974481304784
