t,Ca_cyt,Ca_ER,Ca_m
0.0,0.05,1.0,0.4
0.01,0.05105634673675422,1.001413163526524,0.3999809826213162
0.02,0.05203770128606678,1.0028362687177619,0.3999614467473452
0.03,0.052952790159816694,1.0042677342259374,0.3999414191243662
0.04,0.05380913928511113,1.0057062091667706,0.39992092418086933
0.05,0.05461325809005349,1.0071505356361794,0.3998999841698132
0.06,0.05537083689253475,1.008599709419743,0.3998786194101782
0.07,0.05608685947479064,1.0100528573222116,0.39985684839967445
0.08,0.056765708871873245,1.0115092163261845,0.3998346879659909
0.09,0.05741125155790452,1.0129681170799736,0.39981215339472875
0.1,0.05802693339375053,1.014428965222915,0.39978925858978687
0.11,0.05861581671607322,1.0158912342046276,0.3997660161401799
0.12,0.059180638081171376,1.0173544542215596,0.39974243743437116
0.13,0.059723855609897146,1.0188182032431765,0.3997185327638024
0.14,0.06024768365850559,1.0202821004349583,0.3996943113989282
0.15,0.060754124379722343,1.021745800210077,0.39966978166239475
0.16,0.061244993004901965,1.023208987532643,0.39964495099460473
0.17,0.0617219463331496,1.0246713725826535,0.39961982602323354
0.18,0.062186495756991145,1.0261326883958892,0.39959441260380674
0.19,0.06264002882030237,1.0275926868673357,0.39956871587671455
0.2,0.06308382116028391,1.0290511365739436,0.39954274030311226
0.21,0.063519053822814,1.0305078195836053,0.3995164897129316
0.22,0.06394682028113306,1.0319625301824513,0.399489967327368
0.23,0.0643681412639529,1.0334150721459388,0.3994631758006044
0.24,0.06478396951506878,1.0348652578509692,0.39943611723323497
0.25,0.0651952019052933,1.0363129060490675,0.3994087932068671
0.26,0.06560268322893349,1.0377578411317523,0.3993812047926049
0.27,0.06600721526332481,1.039199891442528,0.3993533525752339
0.28,0.06640956061715199,1.0406388885048046,0.39932523665918734
0.29,0.06681045333935262,1.0420746650849397,0.3992968567003731
0.3,0.06721059622786807,1.0435070554670824,0.3992682118796523
0.31,0.0676106702028921,1.0449358937463233,0.3992393009315432
0.32,0.06801133931198611,1.0463610128001406,0.3992101221492681
0.33,0.06841325089071203,1.0477822440091564,0.3991806733632849
0.34,0.06881704432283285,1.0491994156982567,0.3991509519716076
0.35000000000000003,0.06922335125465356,1.050612352706154,0.3991209549054106
0.36,0.06963280066523744,1.0520208753877873,0.39909067863824677
0.37,0.07004602310015934,1.0534247986412788,0.39906011918101414
0.38,0.07046365272381665,1.0548239310573568,0.39902927204513666
0.39,0.07088633239423121,1.0562180740264588,0.39899813226151487
0.4,0.07131471686311887,1.0576070205237973,0.3989666943328122
0.41000000000000003,0.07174947647524411,1.0589905542262605,0.3989349522261546
0.42,0.07219130209631404,1.0603684480357216,0.39890289933542117
0.43,0.07264091112173829,1.0617404618400677,0.3988705283946747
0.44,0.07309904682084663,1.0631063438307136,0.3988378315875369
0.45,0.07356648371971283,1.0644658286568036,0.3988048004844691
0.46,0.07404403152765118,1.0658186363423066,0.39877142602155674
0.47000000000000003,0.07453254061722063,1.0671644705445475,0.39873769844928203
0.48,0.07503292942321828,1.0685030074001767,0.39870360684681627
0.49,0.07554616427346365,1.069833905234945,0.39866913961951045
0.5,0.07607327699143887,1.0711567978477496,0.39863428422825326
0.51,0.07661537182785955,1.0724712924791078,0.39859902714014805
0.52,0.07717363609220763,1.0737769663476882,0.39856335371998053
0.53,0.0777493505068165,1.0750733634051053,0.39852724813625295
0.54,0.07834390151487289,1.0763599904631544,0.3984906932477496
0.55,0.07895879516401406,1.077636312828214,0.39845367047554353
0.56,0.07959567273702386,1.0789017493984143,0.3984161596597085
0.5700000000000001,0.08025632870770288,1.080155667044275,0.39837813889550655
0.58,0.08094273192799271,1.0813973740027318,0.3983395843418172
0.59,0.08165704954765457,1.0826261124444432,0.3983004700067065
0.6,0.08240167619939613,1.0838410494476112,0.3982607674888781
0.61,0.08317926376550441,1.0850412677978039,0.3982204457144115
0.62,0.08399275710157515,1.0862257550229786,0.39817947062673686
0.63,0.08484545056328247,1.0873933861945115,0.39813780470741206
0.64,0.08574103024499453,1.0885429109915306,0.3980954066113416
0.65,0.08668364263363977,1.089672933018396,0.3980522305999708
0.66,0.08767796304497448,1.0907818890443872,0.3980082259656243
0.67,0.08872929891763774,1.0918680183270126,0.39796333621363195
0.68,0.08984368102688904,1.0929293351976184,0.39791749831424666
0.6900000000000001,0.09102801808988706,1.093963583432977,0.3978706414981036
0.7000000000000001,0.09229023713482365,1.0949681946494492,0.39782268614967853
0.71,0.09363949354949411,1.0959402268607983,0.39777354221295524
0.72,0.09508642973348456,1.0968762891112802,0.3977231072499216
0.73,0.09664347511157553,1.097772454395351,0.39767126421182847
0.74,0.09832521376039155,1.0986241533774588,0.3976178787409733
0.75,0.10014892518726093,1.099426019712741,0.3975627953247792
0.76,0.10213515074269408,1.1001717279095724,0.3975058332563686
0.77,0.10430859398649066,1.1008537382773749,0.39744678040538783
0.78,0.10669915285367926,1.1014630055162353,0.39738538615077107
0.79,0.10934329436497343,1.101988592733549,0.39732135212175596
0.8,0.11228605133163506,1.1024171147307926,0.3972543190308659
0.81,0.1155835337359585,1.1027320403364371,0.3971838502970939
0.8200000000000001,0.11930650892573948,1.1029127045963352,0.3971094092176797
0.8300000000000001,0.12354538729295778,1.102932939844082,0.39703032771239355
0.84,0.12841735196556348,1.1027591285985952,0.396945762560745
0.85,0.13407660735200833,1.1023474194009837,0.3968546340298028
0.86,0.1407296766564725,1.1016395909968024,0.39675553701538474
0.87,0.14865842195966772,1.1005568567966328,0.3966466130194028
0.88,0.1582555731209204,1.0989903385491415,0.39652536581731346
0.89,0.17008072394220802,1.0967860866063865,0.39638840665706193
0.9,0.18494968615890775,1.0937211615907108,0.39623115744457876
0.91,0.20407764535239753,1.0894650198062226,0.39604776629075694
0.92,0.22929988003924281,1.0835183108756363,0.3958325958492639
0.93,0.2633579411098872,1.0751244499789254,0.39559023577586677
0.9400000000000001,0.309973725872476,1.063186479665513,0.39539118500637266
0.9500000000000001,0.3721076825758252,1.0463991372139383,0.3956715698927597
0.96,0.4430438912494192,1.0242658721418831,0.3984840002986086
0.97,0.4952537153515151,0.9990148612867159,0.40851596701967685
0.98,0.5135033521963074,0.9743163290931937,0.42617343523367
0.99,0.5137723080459062,0.9518346498652623,0.44604108340042353
1.0,0.5087203930223626,0.9316976717879581,0.46492275689194573
1.01,0.5024806004459049,0.9136675722572635,0.48204844404812114
1.02,0.49614968685461863,0.8974772007951516,0.497415730229621
1.03,0.4900086807005456,0.8828889103862466,0.5111912107966557
1.04,0.48412210061939825,0.8696996992370026,0.5235596148158836
1.05,0.4784947900554737,0.8577371694305796,0.5346897331288546
1.06,0.47311505114531555,0.8468545914467173,0.5447288743932828
1.07,0.4679671884847309,0.8369265739128547,0.5538041404430479
1.08,0.4630353167735737,0.8278454782823264,0.5620250750819408
1.09,0.4583044725820393,0.8195184934753879,0.569486306654105
1.1,0.4537608934418047,0.8118652561298847,0.5762698478691864
1.11,0.44939201919612426,0.8048159122202346,0.5824470227327889
1.12,0.4451864092631071,0.798309501646738,0.5880800919033505
1.1300000000000001,0.441133625980054,0.7922926342602415,0.5932235959377966
1.1400000000000001,0.4372241397007064,0.786718403247315,0.5979254570616422
1.1500000000000001,0.433449236099942,0.781545417809201,0.6022279615264777
1.16,0.42980089847731945,0.7767370985822718,0.6061684865556883
1.17,0.42627177709819747,0.772260989834802,0.6097801898564439
1.18,0.42285511093698336,0.7680882187361325,0.6130925641969008
1.19,0.4195446492685495,0.7641930276690151,0.6161319191574428
1.2,0.41633462469862226,0.76055238588233,0.6189217721943857
1.21,0.41321969626732713,0.7571456417579473,0.6214832060939045
1.22,0.4101949112496933,0.7539542326144508,0.6238351650200185
1.23,0.4072556687509606,0.7509614424353126,0.625994702548085
1.24,0.4043976933750471,0.7481521800142031,0.6279772070007628
1.25,0.40161700440369075,0.7455127903388912,0.6297965948930861
1.26,0.39890988716271375,0.7430308950610799,0.6314654749692274
1.27,0.39627287304552117,0.7406952497775864,0.6329952935939518
1.28,0.393702718698638,0.7384956208982977,0.6343964609194032
1.29,0.3911963902740505,0.7364226828373346,0.6356784557467402
1.3,0.38875104618614165,0.734467915499736,0.6368499303969287
1.31,0.3863640202938797,0.7326235248549529,0.6379187926726578
1.32,0.3840328077284108,0.7308823673276533,0.6388922833745746
1.33,0.38175505472427945,0.7292378861183614,0.6397770411737023
1.34,0.3795285457326648,0.7276840520046404,0.6405791636226638
1.35,0.3773511963292817,0.7262153224912685,0.6413042488021148
1.36,0.37522104245394217,0.7248265818412557,0.6419574565311821
1.37,0.3731362305462123,0.7235131056287983,0.6425435452685082
1.3800000000000001,0.37109501062711187,0.7222705284237492,0.6430669052506357
1.3900000000000001,0.3690957292192764,0.7210948109239828,0.6435315922076182
1.4000000000000001,0.36713682256993446,0.7199822052509007,0.6439413627781307
1.41,0.36521680993391237,0.7189292316461139,0.6442996987092562
1.42,0.3633342917734238,0.7179326679359262,0.6446098175217955
1.43,0.36148794043304855,0.7169895044966527,0.644874718457441
1.44,0.3596764982496369,0.7160969440990288,0.6450971829979705
1.45,0.3578987719023573,0.7152523792226294,0.6452797981881848
1.46,0.3561536269883163,0.7144533717816881,0.6454249774714298
1.47,0.3544399874256855,0.7136976497265397,0.6455349641198637
1.48,0.35275682956911475,0.7129830829560718,0.6456118558857236
1.49,0.35110317958970977,0.7123076771235088,0.6456576115227134
1.5,0.34947811254478145,0.7116695694352472,0.6456740550632759
1.51,0.34788074668813984,0.711067005338183,0.6456628995636109
1.52,0.3463102443977471,0.7104983432377157,0.6456257423422849
1.53,0.34476580544781443,0.7099620338819327,0.6455640862947006
1.54,0.3432466692430808,0.7094566269913835,0.6454793330128598
1.55,0.3417521082294988,0.7089807501071327,0.6453728045301109
1.56,0.3402814304911507,0.7085331166413772,0.6452457350212525
1.57,0.3388339741467436,0.7081125070024858,0.6450992901226364
1.58,0.3374091090077541,0.7077177750925283,0.6449345603168131
1.59,0.3360062318240708,0.7073478336188915,0.6447525760081303
1.6,0.3346247684525445,0.7070016602961234,0.6445543011112624
1.61,0.33326416864964115,0.7066782815031449,0.6443406497638736
1.62,0.33192390857065657,0.7063767808544874,0.6441124775974458
1.6300000000000001,0.33060348582236215,0.7060962848088966,0.643870596485381
1.6400000000000001,0.3293024219319255,0.705835969644351,0.6436157673707584
1.6500000000000001,0.32802025793565415,0.705595049000324,0.6433487130128521
1.6600000000000001,0.3267565565949666,0.7053727801211285,0.6430701115940336
1.67,0.3255108985599416,0.7051684529962583,0.6427806077949818
1.68,0.3242828841829177,0.7049813956889742,0.6424808073658582
1.69,0.3230721300249352,0.704810964927469,0.6421712867184929
1.7,0.32187827117982976,0.7046565522142397,0.6418525866867333
1.71,0.32070095728676495,0.7045175729051015,0.6415252236036448
1.72,0.3195398548886457,0.7043934727750172,0.6411896826514258
1.73,0.31839464419300073,0.7042837197865943,0.6408464262160899
1.74,0.3172650205046412,0.7041878076557762,0.6404958902657666
1.75,0.31615069227550235,0.7041052509053752,0.640138489338958
1.76,0.3150513813491797,0.7040355854891509,0.6397746159189877
1.77,0.3139668223314964,0.7039783671815405,0.6394046420402454
1.78,0.31289676172085074,0.7039331693691583,0.6390289215114627
1.79,0.31184095833298514,0.7038995842116057,0.6386477887414982
1.8,0.3107991815939199,0.7038772184052489,0.6382615629831826
1.81,0.3097712129287379,0.7038656965718217,0.6378705449347046
1.82,0.3087568433744885,0.7038646552681374,0.6374750226971256
1.83,0.30775587513324876,0.7038737469155749,0.6370752678726045
1.84,0.30676811976054746,0.7038926353900501,0.6366715399257666
1.85,0.3057933987949965,0.7039209975361532,0.6362640846882375
1.86,0.30483154318175,0.7039585217233884,0.6358531357626961
1.87,0.30388239269392353,0.7040049064275996,0.6354389159165674
1.8800000000000001,0.30294579650535275,0.7040598616281666,0.6350216357051199
1.8900000000000001,0.30202161182307896,0.7041231053791539,0.6346014968017952
1.9000000000000001,0.301109704907545,0.704194366376397,0.6341786895076835
1.9100000000000001,0.30020994971624426,0.7042733805142761,0.6337533960578299
1.92,0.2993222286564776,0.7043598928002573,0.6333257887875355
1.93,0.2984464318458279,0.7044536553833579,0.6328960319936179
1.94,0.29758245703144187,0.704554427351064,0.6324642821296494
1.95,0.2967302098085935,0.704661975293461,0.6320306872620278
1.96,0.2958896027739993,0.7047760710088106,0.6315953892119914
1.97,0.2950605562353559,0.7048964934243147,0.6311585217653773
1.98,0.2942429973225249,0.7050230260470934,0.6307202130083082
1.99,0.2934368604421116,0.7051554582895755,0.6302805841184791
2.0,0.29264208688767945,0.705293584236565,0.6298397504644102
2.0100000000000002,0.29185862474253743,0.7054372023556577,0.629397821867935
2.02,0.2910864290471095,0.7055861159786678,0.6289549021628519
2.0300000000000002,0.2903254612933155,0.7057401316028649,0.6285110906841426
2.04,0.2895756898574619,0.7058990603641864,0.6280664809815413
2.05,0.28883708949816944,0.706062716120828,0.6276211624540401
2.06,0.2881096415652149,0.7062309162802809,0.6271752196495036
2.07,0.28739333390191657,0.706403481324364,0.6267287326480392
2.08,0.28668816064850106,0.7065802339569719,0.6262817777678958
2.09,0.28599412246960476,0.7067610000890016,0.6258344267506568
2.1,0.28531122624007815,0.7069456071954465,0.6253867480757019
2.11,0.2846394852352361,0.7071338853637255,0.6249388061284431
2.12,0.28397891898890815,0.7073256663166344,0.6244906619491105
2.13,0.28332955328064796,0.707520783348826,0.6240423732840947
2.14,0.28269142019043597,0.7077190716362212,0.6235939943401659
2.15,0.2820645579635053,0.7079203670605257,0.6231455766546639
2.16,0.2814490111245959,0.7081245072642491,0.6226971683206962
2.17,0.28084483038121594,0.7083313304385428,0.6222488148483986
2.18,0.28025207264192514,0.7085406755927466,0.6218005589761233
2.19,0.2796708010318217,0.7087523827138928,0.6213524405499007
2.2,0.27910108482763807,0.7089662916973447,0.6209044972506593
2.21,0.27854299951358136,0.7091822433110266,0.6204567639438493
2.22,0.27799662672789727,0.709400078184191,0.6200092733393535
2.23,0.27746205427243037,0.7096196369976167,0.6195620558694898
2.24,0.27693937611546726,0.7098407606409495,0.6191151395822716
2.25,0.27642869232660405,0.7100632892869738,0.6186685507229761
2.2600000000000002,0.2759301091375615,0.7102870632134516,0.6182223132212926
2.27,0.2754437388319605,0.7105119219328372,0.6177764492230047
2.2800000000000002,0.27496969977377206,0.7107377043797984,0.6173309789765971
2.29,0.2745081164276603,0.7109642491430325,0.6168859206916552
2.3000000000000003,0.2740591191290623,0.7111913934524448,0.6164412911484995
2.31,0.27362284427308403,0.7114189739504917,0.6159971052347842
2.32,0.2731994341526099,0.7116468263276055,0.6155533761674438
2.33,0.2727890367129239,0.711874784775924,0.6151101158253651
2.34,0.27239180590119755,0.712102682719395,0.6146673343040489
2.35,0.2720079010974464,0.7123303520483135,0.6142250404012842
2.36,0.2716374872318398,0.7125576232525671,0.6137832415309156
2.37,0.271280734940913,0.7127843256577193,0.6133419435762473
2.38,0.27093781963616487,0.7130102867569147,0.6129011513652327
2.39,0.27060892222232963,0.7132353326765182,0.6124608683307619
2.4,0.27029422864843045,0.7134592880072634,0.6120210966600743
2.41,0.2699939290302536,0.7136819754717646,0.6115818375880676
2.42,0.2697082185576141,0.7139032162691032,0.6111430910942615
2.43,0.26943729608654776,0.7141228298235687,0.6107048562343049
2.44,0.2691813649154568,0.7143406338860937,0.6102671309753829
2.45,0.2689406316889043,0.7145564444859216,0.6098299123866093
2.46,0.26871530616782746,0.7147700759100314,0.6093931966835887
2.47,0.2685056015647687,0.714981340767827,0.6089569791483652
2.48,0.26831173250136103,0.7151900500355602,0.608521254425449
2.49,0.26813391685213767,0.7153960129916398,0.6080860162653944
2.5,0.2679723722674063,0.7155990375169999,0.607651257935447
2.5100000000000002,0.2678273187393338,0.7157989298515484,0.6072169719254368
2.52,0.26769897546362875,0.7159954950107835,0.6067831502630926
2.5300000000000002,0.26758756043860815,0.7161885368535612,0.6063497845488756
2.54,0.2674932924627763,0.7163778577634138,0.6059168657753277
2.5500000000000003,0.2674163891790833,0.716563258915719,0.6054843845208485
2.56,0.26735706331027503,0.7167445411818506,0.6050523311842223
2.57,0.2673155228970257,0.7169215049522668,0.6046206960127145
2.58,0.2672919719963228,0.7170939498352953,0.6041894691064347
2.59,0.26728660874721,0.7172616751037654,0.6037586405464268
2.6,0.26729962389901285,0.7174244807458113,0.603328200260567
2.61,0.2673312001854654,0.7175821670352229,0.6028981382551256
2.62,0.26738151142939703,0.7177345345733546,0.6024684447298563
2.63,0.26745072102559525,0.7178813848283065,0.6020391101221366
2.64,0.2675389770366972,0.71802252173726,0.6016101253154909
2.65,0.2676464146045977,0.7181577507038583,0.6011814815963891
2.66,0.26777315447310923,0.7182868789803185,0.600753170744857
2.67,0.26791930031518985,0.718409716488891,0.6003251851704564
2.68,0.26808493313195736,0.7185260777366502,0.5998975181647124
2.69,0.268270114693406,0.7186357803768464,0.5994701638009581
2.7,0.2684748848879219,0.7187386460293964,0.5990431170717064
2.71,0.2686992583696691,0.7188345014131517,0.5986163740475836
2.72,0.26894321951601846,0.7189231801764435,0.5981899320940629
2.73,0.2692067255101524,0.7190045214268163,0.5977637898039015
2.74,0.26948970292643765,0.7190783709002286,0.5973379471569129
2.75,0.26979204437023335,0.7191445822521133,0.5969124056642149
2.7600000000000002,0.2701136046321977,0.719203018612333,0.5964871685231574
2.77,0.2704542009802158,0.719253552018316,0.5960622406691921
2.7800000000000002,0.27081361046676866,0.7192960646032092,0.5956376288764051
2.79,0.2711915681232374,0.7193304493563596,0.5952133418328543
2.8000000000000003,0.2715877641562541,0.7193566108448947,0.5947893903037361
2.81,0.2720018422298745,0.7193744662742105,0.5943657871624293
2.82,0.2724333974818773,0.7193839464848653,0.5939425474515062
2.83,0.2728819741607133,0.7193849963551183,0.5935196885484344
2.84,0.27334706519269847,0.7193775757462545,0.5930972300986459
2.85,0.2738281109463572,0.7193616603046125,0.5926751940353941
2.86,0.274324495790364,0.7193372422878843,0.5922536047875435
2.87,0.2748355499702301,0.7193043310530206,0.5918324890629316
2.88,0.2753605488313808,0.7192629537598502,0.5914118758386951
2.89,0.27589870846051784,0.7192131573501805,0.5909917965241266
2.9,0.27644919335841733,0.7191550036929835,0.5905722848251705
2.91,0.27701111038214743,0.7190885793311295,0.5901533762080865
2.92,0.2775835103407628,0.719013988042424,0.589735108570239
2.93,0.27816539383927447,0.7189313537409769,0.5893175214198652
2.94,0.2787557104081196,0.7188408206280844,0.5889006559348737
2.95,0.2793533579878401,0.7187425536371619,0.5884845549606675
2.96,0.27995719432248917,0.718636737375601,0.5880692621452499
2.97,0.2805660267436753,0.7185235769407796,0.5876548227284616
2.98,0.2811786323459802,0.7184032966984735,0.5872412819412569
2.99,0.2817937484413813,0.7182761408283347,0.5868286857665568
3.0,0.2824100826836826,0.7181423720915544,0.5864170802127906
3.0100000000000002,0.2830263261499312,0.718002270551466,0.5860065103366813
3.02,0.28364113803011204,0.7178561350313118,0.5855970213927539
3.0300000000000002,0.2842531817402319,0.7177042781573608,0.5851886563169433
3.04,0.2848610998330941,0.7175470299694066,0.584781457453597
3.0500000000000003,0.2854635440609437,0.7173847327751507,0.5843754646061179
3.06,0.2860591742626539,0.7172177414048895,0.5839707150997213
3.0700000000000003,0.2866466532060359,0.7170464238043499,0.5835672441656484
3.08,0.2872246840317643,0.7168711537512918,0.5831650826602668
3.09,0.2877919748160707,0.7166923179201534,0.5827642591945386
3.1,0.2883472935352283,0.7165103036993153,0.5823647970721176
3.11,0.2888894285153941,0.7163255081505059,0.5819667164545662
3.12,0.2894172181047589,0.7161383307630078,0.5815700328544822
3.13,0.28992956496714667,0.715949169637765,0.5811747564823259
3.14,0.29042542430482,0.7157584247411957,0.5807808927603124
3.15,0.2909038111817222,0.7155664944540244,0.5803884423360074
3.16,0.29136381150112545,0.7153737728866277,0.5799974005262329
3.17,0.29180459461176816,0.7151806471838605,0.5796077565919592
3.18,0.2922253877292926,0.714987501115228,0.5792194957009329
3.19,0.2926254983486871,0.7147947102165794,0.5788325976280467
3.2,0.29300431859639225,0.7146026400782115,0.5784470366983241
3.21,0.2933613128980279,0.7144116472447158,0.5780627829630635
3.22,0.2936960313011925,0.7142220763264444,0.5776798014140333
3.23,0.2940081047662922,0.7140342597286901,0.5772980525919853
3.24,0.29429723778946504,0.7138485177986981,0.5769174933941685
3.25,0.29456321873131786,0.713665156302893,0.5765380765362718
3.2600000000000002,0.2948059108020819,0.7134844670626235,0.5761597514224026
3.27,0.2950252467414221,0.7133067280066393,0.5757824647409893
3.2800000000000002,0.29522123624299307,0.7131322008434755,0.5754061602079704
3.29,0.29539395205192215,0.7129611331710461,0.5750307795805827
3.3000000000000003,0.29554353173488696,0.7127937570601139,0.5746562628290296
3.31,0.29567017564815873,0.7126302885101872,0.574282548506565
3.3200000000000003,0.295774140937971,0.7124709281415347,0.5739095742163826
3.33,0.29585573609441373,0.7123158620356033,0.5735372769566122
3.34,0.29591531463738296,0.7121652615568822,0.5731655939229618
3.35,0.29595326905908537,0.7120192841697172,0.5727944629411421
3.36,0.2959700420527602,0.7118780713093624,0.5724238216476245
3.37,0.29596611053441824,0.7117417506719521,0.5720536087138912
3.38,0.29594197771154684,0.7116104372736397,0.5716837644404456
3.39,0.2958981744933774,0.7114842329871625,0.5713142306415385
3.4,0.295835260659335,0.7113632261237945,0.5709449505398538
3.41,0.29575381200347417,0.711247493593799,0.5705758696424701
3.42,0.2956544194726805,0.7111371009576184,0.5702069357463232
3.43,0.29553768984902506,0.7110321021703098,0.5698380988757363
3.44,0.29540423952639006,0.7109325407517706,0.5694693115994202
3.45,0.2952546909619318,0.7108384504802227,0.5691005291743364
3.46,0.29508967124410046,0.7107498556244874,0.5687317095777258
3.47,0.29490981053421544,0.7106667712205326,0.5683628135381751
3.48,0.29471573800103146,0.7105892041586671,0.5679938046131362
3.49,0.2945080801226175,0.7105171535424994,0.5676246492116572
3.5,0.2942874610515467,0.7104506106360879,0.5672553165315573
3.5100000000000002,0.29405449792723826,0.7103895598221072,0.5668857787332227
3.52,0.2938098017327473,0.7103339790610557,0.5665160106144682
3.5300000000000002,0.29355397510566594,0.710283840208393,0.5661459897258843
3.54,0.2932876112157858,0.7102391092461143,0.5657756963894458
3.5500000000000003,0.29301129312361945,0.7101997468783654,0.5654051135060265
3.56,0.2927255929426705,0.7101657089651653,0.5650342264559085
3.5700000000000003,0.29243107120297135,0.710136946753978,0.5646630230605038
3.58,0.29212827628730187,0.71011340720665,0.5642914934961158
3.59,0.2918177441127728,0.7100950333520002,0.5639196301642655
3.6,0.29149999778279506,0.7100817645765906,0.563547427593798
3.61,0.2911755474483293,0.710073536881748,0.5631748823341812
3.62,0.29084489007979547,0.7100702831795744,0.5628019928405408
3.63,0.29050850959194047,0.7100719334337334,0.5624287593905155
3.64,0.2901668767209059,0.7100784150638361,0.5620551839041104
3.65,0.28982044955326913,0.7100896530127981,0.561681269845926
3.66,0.2894696727295468,0.7101055699798052,0.5613070222109631
3.67,0.2891149776055565,0.7101260864249019,0.5609324475026125
3.68,0.2887567842596525,0.710151121308728,0.5605575531347389
3.69,0.28839550049958823,0.7101805917131241,0.5601823477338743
3.7,0.2880315208708494,0.7102144124622973,0.559806841440966
3.71,0.2876652285420604,0.7102524970529547,0.5594310452392612
3.72,0.2872969972738672,0.7102947587277434,0.5590549702045426
3.73,0.2869271876867927,0.7103411084404735,0.5586786289263561
3.74,0.28655614895950343,0.7103914556919776,0.5583020349062514
3.75,0.28618422301080415,0.7104457099429693,0.5579252013981959
3.7600000000000002,0.2858117403292253,0.710503779218443,0.5575481425582871
3.77,0.28543902013053857,0.7105655701596572,0.5571708734017019
3.7800000000000002,0.2850663743095281,0.7106309889670401,0.5567934089079078
3.79,0.2846941069622285,0.7106999412941325,0.5564157641247707
3.8000000000000003,0.28432251117766916,0.7107723315353908,0.5560379548676521
3.81,0.28395187202864636,0.7108480633816936,0.5556599971241319
3.8200000000000003,0.2835824704574962,0.7109270403959842,0.5552819063566384
3.83,0.28321457684068363,0.7110091650599223,0.5549036986573953
3.84,0.2828484529193667,0.7110943390598797,0.5545253904019477
3.85,0.2824843551112424,0.7111824636605535,0.5541469977229609
3.86,0.28212253702926837,0.7112734399818583,0.5537685361142574
3.87,0.281763242397877,0.7113671682201791,0.5533900215444453
3.88,0.281406707867949,0.7114635479575421,0.5530114700145494
3.89,0.2810531671617362,0.7115624784167304,0.5526328970218812
3.9,0.2807028501606333,0.7116638584057886,0.5522543176776576
3.91,0.2803559788899199,0.7117675860737526,0.5518757472247086
3.92,0.28001276969543526,0.7118735590391616,0.5514972007595603
3.93,0.2796734377324817,0.7119816745372588,0.5511186927417482
3.94,0.2793381935917472,0.7120918293093483,0.5507402373626412
3.95,0.2790072418621813,0.7122039195556692,0.5503618487025358
3.96,0.2786807818775582,0.7123178409716158,0.5499835406398245
3.97,0.2783590159626404,0.7124334888203648,0.5496053261050015
3.98,0.2780421370092874,0.7125507578234536,0.5492272182045979
3.99,0.27773033603592623,0.7126695422273587,0.548849229537309
4.0,0.2774238004564328,0.7127897357794455,0.5484713723636878
4.01,0.27712271684604955,0.7129112317154731,0.5480936584107018
4.0200000000000005,0.27682726777669603,0.7130339227810798,0.5477160990846682
4.03,0.2765376330530431,0.7131577012280534,0.5473387053811557
4.04,0.27625399028109054,0.7132824588144269,0.5469614878408487
4.05,0.2759765142246771,0.7134080867942102,0.5465844566466579
4.0600000000000005,0.2757053761571015,0.7135344759070648,0.5462076217214534
4.07,0.275440746502257,0.7136615164068545,0.545830992406567
4.08,0.2751827941315738,0.7137890980506745,0.5454545775664928
4.09,0.27493168657324535,0.713917110099376,0.5450783855765987
4.1,0.2746875866766531,0.7140454413822807,0.5447024246550499
4.11,0.27445065422290843,0.7141739802733978,0.5443267027133647
4.12,0.2742210485000937,0.7143026146503831,0.5439512271130827
4.13,0.27399892689745875,0.7144312319247235,0.5435760048098791
4.14,0.27378444484135606,0.7145597190648799,0.5432010423642527
4.15,0.2735777538803786,0.7146879628649258,0.5428263460967309
4.16,0.27337900365016854,0.7148158496985709,0.5424519219401366
4.17,0.27318834191844266,0.7149432655278346,0.5420777754417602
4.18,0.2730059142127388,0.7150700959670657,0.5417039117981115
4.19,0.2728318634157629,0.7151962263759226,0.541330335887786
4.2,0.27266632821118225,0.7153215421742863,0.5409570523816524
4.21,0.2725094452337458,0.7154459284420117,0.5405840656038786
4.22,0.2723613484061914,0.7155692700618009,0.5402113795821819
4.23,0.2722221687429355,0.7156914517719595,0.5398389980666808
4.24,0.2720920332524667,0.7158123584636111,0.5394669245957173
4.25,0.2719710644251235,0.7159318753248805,0.5390951625300596
4.26,0.2718593815180264,0.7160498875152628,0.5387237149900332
4.2700000000000005,0.27175710017295696,0.7161662802757961,0.5383525848826961
4.28,0.2716643319682043,0.7162809390571833,0.5379817749323812
4.29,0.2715811822291148,0.7163937501733474,0.5376112877848668
4.3,0.2715077510389263,0.7165046005080675,0.5372411259707706
4.3100000000000005,0.27144413418484314,0.7166133772402066,0.5368712918719565
4.32,0.2713904220000156,0.716719968190591,0.5365017877807684
4.33,0.2713466990508922,0.7168242619183464,0.536132615922194
4.34,0.2713130438001495,0.7169261478238975,0.5357637784772676
4.3500000000000005,0.27128952752979807,0.7170255165515036,0.5353952776267997
4.36,0.27127621260576845,0.7171222606580402,0.5350271156132628
4.37,0.2712731546493648,0.7172162736790767,0.5346592946990149
4.38,0.271280401008333,0.7173074507064662,0.5342918172238483
4.39,0.2712979901153693,0.7173956885993061,0.5339246856394435
4.4,0.27132595089419864,0.7174808861720945,0.5335579025431392
4.41,0.2713643023576918,0.7175629443620182,0.5331914706973846
4.42,0.27141305609740185,0.7176417660085497,0.5328253928446364
4.43,0.27147221235441127,0.7177172565105303,0.5324596719738186
4.44,0.2715417594618606,0.7177893240302974,0.5320943113483829
4.45,0.27162167392453007,0.7178578796164694,0.5317293144886874
4.46,0.27171191980481674,0.7179228374262194,0.5313646852024718
4.47,0.2718124480881403,0.7179841149555748,0.5310004276159955
4.48,0.27192319765825207,0.718041633072521,0.5306365460903621
4.49,0.2720440948666372,0.7180953162324998,0.5302730452366242
4.5,0.2721750504362908,0.718145093034858,0.5299099301188911
4.51,0.27231596013620235,0.7181908963101272,0.5295472061895805
4.5200000000000005,0.27246670418210434,0.718232663373062,0.5291848793140912
4.53,0.27262714662197396,0.7182703362830338,0.528822955795762
4.54,0.27279713551038015,0.7183038619850236,0.5284614423523816
4.55,0.2729765058774622,0.718333192014738,0.5281003459227624
4.5600000000000005,0.2731650739449204,0.7183582835898429,0.5277396740027857
4.57,0.273362638051941,0.7183790996475603,0.5273794345743716
4.58,0.27356897857654067,0.7183956090458323,0.5270196360946238
4.59,0.27378385746484785,0.7184077868314077,0.5266602875080455
4.6000000000000005,0.2740070177953822,0.7184156145051055,0.5263013982558926
4.61,0.27423818661674093,0.7184190795427422,0.5259429780794102
4.62,0.2744770765731914,0.7184181752165473,0.525585036915419
4.63,0.27472337742649433,0.718412902753787,0.5252275854530549
4.64,0.27497676212877364,0.7184032699753008,0.5248706346501475
4.65,0.2752368856869975,0.718389291815496,0.5245141958308389
4.66,0.2755033853060414,0.7183709904883556,0.5241582806713132
4.67,0.27577588078390713,0.7183483955481281,0.52380290114755
4.68,0.27605397495667583,0.7183215439778164,0.5234480694995814
4.69,0.2763372542208139,0.7182904802449565,0.5230937981874573
4.7,0.2766252887500906,0.718255256433056,0.522740099862027
4.71,0.27691763370652134,0.718215932128301,0.5223869872871176
4.72,0.2772138297560022,0.7181725744780504,0.5220344732958725
4.73,0.2775134035494364,0.7181252582514988,0.5216825707495069
4.74,0.2778158696435064,0.7180740655247289,0.5213312924275452
4.75,0.27812073038713225,0.7180190859088379,0.5209806510135033
4.76,0.2784274778951093,0.7179604161903322,0.5206306589882332
4.7700000000000005,0.27873559503010287,0.7178981602610467,0.5202813285651635
4.78,0.2790445562544553,0.717832429075537,0.51993267163304
4.79,0.2793538299503139,0.7177633401434562,0.5195846996435176
4.8,0.2796628788317624,0.717691017647861,0.5192374235663282
4.8100000000000005,0.2799711620849888,0.7176155919518525,0.5188908537921716
4.82,0.2802781368989548,0.717537199332678,0.5185450000516905
4.83,0.28058325966314157,0.7174559818096943,0.5181998713493294
4.84,0.28088598842371626,0.717372086422784,0.5178554758800372
4.8500000000000005,0.281185783411877,0.7172856654601739,0.5175118209506621
4.86,0.281482108987996,0.717196875979242,0.5171689128998604
4.87,0.28177443543126246,0.7171058793697153,0.5168267570254517
4.88,0.282062241024008,0.7170128403327503,0.5164853576022038
4.89,0.28234501375582305,0.7169179269093033,0.5161447177217156
4.9,0.28262225335273894,0.7168213099213653,0.5158048392201736
4.91,0.2828934733884435,0.716723162304048,0.5154657226201455
4.92,0.2831581989970413,0.7166236596224063,0.5151273672777734
4.93,0.283415969884683,0.7165229792061841,0.5147897712729396
4.94,0.2836663447321839,0.7164212989065337,0.514452931235019
4.95,0.28390890137560526,0.7163187969168661,0.514116842380887
4.96,0.28414323662442276,0.7162156516778436,0.5137814985747834
4.97,0.2843689652187991,0.7161120419883444,0.5134468924346881
4.98,0.2845857254282881,0.7160081453483059,0.5131130151160437
4.99,0.284793178557522,0.7159041378842707,0.512779856399444
5.0,0.28499100946140477,0.7158001939972859,0.5124474047270313
5.01,0.2851789246183529,0.7156964866733442,0.5121156473358317
5.0200000000000005,0.28535665584059683,0.7155931861957677,0.5117845701814623
5.03,0.2855239602261638,0.7154904598874493,0.5114541580094147
5.04,0.28568062028966273,0.7153884717890011,0.511124394422511
5.05,0.28582644284898867,0.7152873828500569,0.5107952619563142
5.0600000000000005,0.2859612599997303,0.7151873502262753,0.5104667421480761
5.07,0.2860849294334737,0.7150885268135078,0.5101388156176123
5.08,0.28619733397184377,0.7149910610719767,0.5098114621609645
5.09,0.2862983812862308,0.7148950970157499,0.5094846607732371
5.1000000000000005,0.2863880023475695,0.7148007742730447,0.5091583897861551
5.11,0.2864661532442728,0.7147082271078831,0.5088326269388642
5.12,0.2865328124696351,0.7146175847574368,0.508507349561251
5.13,0.2865879811756594,0.7145289711736764,0.5081825346070101
5.14,0.28663168299828284,0.7144425051040523,0.5078581586293857
5.15,0.2866639626918109,0.7143582998721888,0.5075341979820462
5.16,0.28668488516913937,0.7142764632222839,0.5072106289532817
5.17,0.28669453475549783,0.7141970972631956,0.5068874278478054
5.18,0.2866930143491848,0.7141202985550259,0.5065645710303823
5.19,0.2866804445282941,0.7140461581028394,0.5062420350053544
5.2,0.28665696257447665,0.7139747612538002,0.5059197965382529
5.21,0.286622721281617,0.7139061878571316,0.5055978327146065
5.22,0.2865778882391442,0.7138405121559876,0.5052761210334981
5.23,0.28652264467150024,0.7137778029827861,0.5049546394499552
5.24,0.2864571842100655,0.713718123734307,0.5046333664915684
5.25,0.2863817134938163,0.71366153240939,0.5043122811912406
5.26,0.28629644804392107,0.7136080818828557,0.5039913633629618
5.2700000000000005,0.2862016143047391,0.713557819802504,0.5036705934525009
5.28,0.2860974473175108,0.7135107888255222,0.5033499526626124
5.29,0.2859841906956816,0.7134670265058417,0.5030294229969454
5.3,0.2858620939778763,0.7134265658200833,0.5027089873016152
5.3100000000000005,0.28573141412564845,0.7133894348931421,0.502388629233099
5.32,0.28559241470658386,0.713355657099976,0.5020683332921106
5.33,0.28544536094633594,0.7133252518216537,0.5017480849810785
5.34,0.28529052506338093,0.7132982336466426,0.501427870628695
5.3500000000000005,0.2851281813926698,0.7132746131982723,0.5011076775063287
5.36,0.2849586061276846,0.7132543971751,0.5007874938357204
5.37,0.284782079869136,0.7132375879158861,0.5004673087287682
5.38,0.2845988821763054,0.7132241844923474,0.5001471122372431
5.39,0.28440929508719354,0.7132141819781413,0.4998268953328231
5.4,0.2842136011200001,0.7132075719406651,0.4995066498811617
5.41,0.2840120808315667,0.7132043430274853,0.49918636861719434
5.42,0.2838050173915712,0.7132044798358629,0.4988660452068437
5.43,0.28359269410724713,0.7132079635511184,0.4985456741993645
5.44,0.2833753887281949,0.7132147735444746,0.49822525084852337
5.45,0.2831533797307145,0.7132248856083381,0.4979047713107664
5.46,0.28292694556443065,0.7132382721701157,0.4975842326203411
5.47,0.28269636071851817,0.7132549036614332,0.49726363243402855
5.48,0.28246189691012313,0.7132747480883229,0.49694296911627717
5.49,0.28222382532036255,0.7132977702225394,0.49662224189938187
5.5,0.2819824144301983,0.713323932485624,0.49630145067607667
5.51,0.28173792804015196,0.7133531958713137,0.4959805957511329
5.5200000000000005,0.28149062861271185,0.7133855183886608,0.4956596782606221
5.53,0.2812407760804515,0.7134208556438193,0.4953387000088104
5.54,0.28098862604445846,0.7134591620075977,0.4950176630743618
5.55,0.280734431377584,0.7135003895620895,0.4946965701681143
5.5600000000000005,0.2804784422942342,0.7135444880548379,0.49437542464864487
5.57,0.2802209052880695,0.7135914059762261,0.49405423009375116
5.58,0.279962063303581,0.7136410903635051,0.49373299038074275
5.59,0.2797021566619738,0.7136934857432697,0.4934117101197191
5.6000000000000005,0.2794414225701255,0.7137485346923158,0.49309039442378105
5.61,0.27918009504392816,0.7138061780197658,0.49276904882523964
5.62,0.27891840407934315,0.7138663567364945,0.49244767836953857
5.63,0.2786565766422549,0.7139290097034132,0.4921262886972128
5.64,0.2783948366080101,0.7139940737751144,0.49180488597780214
5.65,0.2781334046032968,0.7140614841755377,0.4914834767370169
5.66,0.27787249828158217,0.714131175065432,0.49116206754554653
5.67,0.27761233273164015,0.7142030803840084,0.490840664557502
5.68,0.27735311952777514,0.7142771318921987,0.4905192745834801
5.69,0.2770950670876171,0.7143532599097898,0.4901979046863238
5.7,0.27683838070977324,0.7144313933736202,0.4898765621484396
5.71,0.2765832638089793,0.7145114608407236,0.4895552538605519
5.72,0.2763299170820438,0.7145933898109402,0.4892339867344561
5.73,0.2760785378238789,0.7146771061714221,0.48891276804149847
5.74,0.2758293204209453,0.714762534597391,0.48859160516838207
5.75,0.275582456633724,0.7148495986979052,0.48827050552204404
5.76,0.2753381371701673,0.7149382218278263,0.48794947599979205
5.7700000000000005,0.2750965494201229,0.7150283259186869,0.4876285237522425
5.78,0.2748578779303523,0.7151198317238207,0.48730765602335707
5.79,0.2746223046094931,0.7152126589241311,0.4869868800814207
5.8,0.27439000956354065,0.7153067265130021,0.4866662029826187
5.8100000000000005,0.2741611714697532,0.7154019529685582,0.4863456314652293
5.82,0.2739359658164479,0.7154982554427297,0.486025172447724
5.83,0.27371456569003005,0.7155955501238405,0.48570483280605464
5.84,0.2734971418321559,0.7156937522684881,0.48538461935762217
5.8500000000000005,0.2732838637000131,0.7157927768160198,0.48506453856451504
5.86,0.2730748984364372,0.7158925377916727,0.48474459682176296
5.87,0.27287041068264195,0.7159929481980433,0.4844248005097515
5.88,0.2726705628637954,0.7160939201805898,0.4841051559142924
5.89,0.27247551529163516,0.7161953652046633,0.48378566917703547
5.9,0.2722854264654116,0.7162971945746865,0.4834663461500404
5.91,0.2721004525403235,0.7163993185171121,0.4831471926526509
5.92,0.27192074749083545,0.7165016464621741,0.4828282143925727
5.93,0.27174646313637435,0.7166040870885507,0.482509416953391
5.94,0.2715777487310904,0.7167065488929852,0.482190805742859
5.95,0.271414751073038,0.7168089400386872,0.4818723860066603
5.96,0.2712576149627247,0.7169111677186328,0.4815541628862101
5.97,0.2711064829554892,0.7170131384993907,0.481236141387442
5.98,0.27096149519529045,0.7171147584187577,0.4809183263840442
5.99,0.2708227877154502,0.7172159339839428,0.4806007226505495
6.0,0.2706904944994561,0.7173165709610028,0.48028333482220525
6.01,0.2705647473245114,0.7174165744667456,0.4799661673980197
6.0200000000000005,0.2704456754468898,0.7175158491535593,0.4796492247468895
6.03,0.2703334043796127,0.7176142997458181,0.4793325111590544
6.04,0.27022805420000284,0.7177118317825971,0.4790160309173435
6.05,0.2701297436135921,0.7178083498342626,0.47869978812609953
6.0600000000000005,0.27003858840057676,0.7179037581842316,0.47838378677657734
6.07,0.2699547012735713,0.7179979608887868,0.47806803075320636
6.08,0.26987818803407015,0.7180908632802208,0.4777525240147036
6.09,0.269809150112417,0.7181823709734959,0.4774372704743867
6.1000000000000005,0.269747686600589,0.7182723890712568,0.4771222739043863
6.11,0.26969389280542505,0.718360822729638,0.47680753800381986
6.12,0.26964785810494585,0.7184475779666308,0.4764930664993433
6.13,0.2696096632182835,0.7185325626915732,0.47617886327320785
6.140000000000001,0.2695793868182212,0.7186156842116082,0.47586493205309166
6.15,0.26955710300086094,0.7186968501858544,0.4755512765307882
6.16,0.2695428804047285,0.7187759689590656,0.4752379004020786
6.17,0.2695367757552361,0.7188529520085578,0.47492480765723505
6.18,0.2695388418554739,0.7189277109153545,0.47461200222143035
6.19,0.2695491266830895,0.7190001577065087,0.47429948799537835
6.2,0.26956767232796197,0.7190702052580751,0.47398726890306614
6.21,0.269594508815674,0.7191377697121556,0.4736753491513788
6.22,0.26962965685054574,0.7192027694034747,0.4733637331147985
6.23,0.26967313286088257,0.719265122885035,0.47305242512333184
6.24,0.2697249460470758,0.7193247500832758,0.4727414295865903
6.25,0.2697850973357068,0.7193815727297631,0.47243075103374615
6.26,0.2698535646706905,0.7194355204321964,0.47212039467544703
6.2700000000000005,0.2699303312283358,0.7194865190287819,0.4718103653259309
6.28,0.2700153664776667,0.7195344984054921,0.4715006681265689
6.29,0.2701086311187973,0.7195793904800406,0.4711913083539069
6.3,0.2702100690936706,0.7196211327856598,0.4708822916824537
6.3100000000000005,0.270319614926445,0.7196596651533549,0.4705736239469471
6.32,0.270437193060461,0.7196949299973576,0.47026531116593545
6.33,0.27056271578631685,0.7197268732348738,0.46995735961136165
6.34,0.2706960827651421,0.7197554445308462,0.4696497758207415
6.3500000000000005,0.270837182758438,0.7197805972733583,0.4693425664480927
6.36,0.27098589088727765,0.719802289094776,0.46903573844156565
6.37,0.2711420678769508,0.7198204821505222,0.4687292990759836
6.38,0.2713055600543443,0.7198351433059659,0.468423255930375
6.390000000000001,0.2714761990930193,0.7198462443099756,0.46811761688929543
6.4,0.27165380852240184,0.7198537600489223,0.46781238978250417
6.41,0.2718381974986395,0.7198576704156265,0.4675075827056997
6.42,0.27202915900692176,0.719857960920724,0.4672032041043261
6.43,0.27222647143778766,0.7198546223465446,0.46689926267698756
6.44,0.2724298984187776,0.7198476509098043,0.4665957673713278
6.45,0.27263919303054274,0.7198370477211131,0.46629272711335945
6.46,0.27285409439706065,0.7198228194675307,0.46599015100040414
6.47,0.27307432598199183,0.7198049788214891,0.465688048390309
6.48,0.2732995968705802,0.7197835443708918,0.4653864288091593
6.49,0.2735296017345034,0.7197585407579172,0.465085301939516
6.5,0.27376402648946113,0.719729997723554,0.46478467729526757
6.51,0.274002544921497,0.719697950888142,0.4644845643936533
6.5200000000000005,0.27424481580629745,0.7196624424371543,0.4641849729001478
6.53,0.2744904851419777,0.7196235208240529,0.4638859124918485
6.54,0.2747391862970355,0.7195812408719665,0.4635873928359256
6.55,0.27499054683725016,0.7195356622607455,0.46328942325055417
6.5600000000000005,0.27524418590094335,0.7194868502989314,0.4629920128151784
6.57,0.2754997097501161,0.7194348771367044,0.4626951705674953
6.58,0.27575671511194044,0.7193798210955288,0.4623989053300833
6.59,0.2760147895725826,0.7193217667101078,0.46210322567722356
6.6000000000000005,0.2762735176691075,0.7192608031205155,0.4618081396882741
6.61,0.2765324811251103,0.7191970241599548,0.4615136549204169
6.62,0.2767912540743013,0.7191305298937027,0.4612197785691532
6.63,0.2770494066291733,0.7190614257418212,0.46092651731619694
6.640000000000001,0.2773065067437201,0.7189898219203641,0.46063387727747845
6.65,0.2775621223891288,0.7189158327395161,0.46034186395024884
6.66,0.27781581986753867,0.7188395776671064,0.4600504821712878
6.67,0.27806716574524765,0.7187611807375932,0.4597597360647054
6.68,0.2783157286296678,0.7186807700278552,0.4594696289920439
6.69,0.2785610832154372,0.7185984760823669,0.4591801635012021
6.7,0.27880280736883906,0.7185144335610274,0.45889134127921516
6.71,0.279040484295865,0.7184287805337076,0.4586031631022186
6.72,0.2792737039807949,0.7183416580372025,0.458315628802065
6.73,0.279502065151829,0.7182532086761456,0.45802873738633304
6.74,0.279725175651859,0.7181635774699308,0.45774248683380514
6.75,0.279942653647126,0.7180729115196567,0.4574568740604433
6.76,0.2801541289029118,0.7179813595280752,0.45717189491048876
6.7700000000000005,0.28035924288504077,0.7178890708092983,0.4568875443811032
6.78,0.28055765050978443,0.7177961953708937,0.45660381644139963
6.79,0.2807490216696071,0.7177028838501504,0.45632070390663154
6.8,0.2809330420448627,0.717609286985812,0.45603819848808114
6.8100000000000005,0.28110941193918604,0.7175155551451854,0.45575629102359205
6.82,0.2812778469264954,0.7174218379633867,0.4554749715053853
6.83,0.2814380816468862,0.7173282841774998,0.45519422875551946
6.84,0.28158986941237907,0.71723504120137,0.4549140505702218
6.8500000000000005,0.28173298116790285,0.7171422549049642,0.45463442388081393
6.86,0.28186720301493556,0.7170500694837586,0.4543553350348005
6.87,0.2819923427046288,0.7169586267664442,0.4540767693270781
6.88,0.28210822822980997,0.7168680660174118,0.45379871119170456
6.890000000000001,0.2822147071800218,0.7167785237720755,0.45352114430852253
6.9,0.28231164170344464,0.7166901342563332,0.45324405199520634
6.91,0.28239891577553544,0.7166030281919062,0.45296741679383595
6.92,0.28247643399209227,0.7165173327133159,0.4526912206121965
6.93,0.2825441205958188,0.7164331712969714,0.45241544483712554
6.94,0.282601915476275,0.7163506642757708,0.45214007059005423
6.95,0.28264977630950805,0.7162699282196544,0.4518650786781783
6.96,0.2826876817569002,0.7161910751205129,0.4515904494931177
6.97,0.28271562912661136,0.7161142126044897,0.4513161631825593
6.98,0.2827336294406295,0.7160394449279808,0.4510421998489619
6.99,0.2827417101052265,0.7159668720970551,0.4507685395288028
7.0,0.2827399169227112,0.7158965891442295,0.450495162192577
7.01,0.28272831176498986,0.715828686468402,0.45022204787252557
7.0200000000000005,0.28270697191972494,0.7157632497582304,0.4499491767433362
7.03,0.28267598908259306,0.715700360132941,0.4496765291670024
7.04,0.282635467330472,0.7156400950323409,0.44940408559116146
7.05,0.2825855236098258,0.715582527030561,0.4491318268889805
7.0600000000000005,0.2825262861799354,0.715527724219303,0.4488597343817919
7.07,0.28245789320517245,0.7154757504064403,0.4485877899095713
7.08,0.2823804913451619,0.7154266652508123,0.44831597592410766
7.09,0.282294239970747,0.7153805236175672,0.4480442752115918
7.1000000000000005,0.2821993135834642,0.7153373751973275,0.44777267072833354
7.11,0.2820958944278916,0.7152972655151529,0.4475011460716596
7.12,0.28198417531074654,0.7152602355092813,0.44722968528353957
7.13,0.2818643514492859,0.7152263224709366,0.4469582734169723
7.140000000000001,0.28173662333681326,0.7151955597062986,0.44668689631062264
7.15,0.2816011977631263,0.7151679764227178,0.44641554049224147
7.16,0.2814582858919672,0.7151435979716193,0.44614419329196575
7.17,0.2813081089162538,0.7151224452381749,0.4458728424237814
7.18,0.2811508914114305,0.7151045354298944,0.4456014764163066
7.19,0.2809868619710261,0.7150898820516842,0.4453300845359862
7.2,0.2808162525144553,0.7150784949658634,0.44505865681166346
7.21,0.28063929623640993,0.7150703805513798,0.44478718416084734
7.22,0.2804562294269679,0.7150655417140968,0.44451565819805317
7.23,0.2802672901119136,0.7150639780274188,0.4442440713005083
7.24,0.2800727184924934,0.7150656857361278,0.4439724165759534
7.25,0.2798727564861329,0.715070657864519,0.44370068785478295
7.26,0.27966764673246886,0.715078884387195,0.44342887969665373
7.2700000000000005,0.27945763260558987,0.7150903522871542,0.44315698736511594
7.28,0.2792429573111766,0.7151050456110457,0.44288500685627397
7.29,0.2790238640331453,0.7151229455914389,0.44261293484647624
7.3,0.2788005956751862,0.7151440307418072,0.4423407686699877
7.3100000000000005,0.2785733946004802,0.7151682769262021,0.4420685063066632
7.32,0.27834250275766953,0.7151956573875924,0.4417961463683859
7.33,0.2781081611145591,0.715226142895944,0.44152368806351766
7.34,0.2778706096205336,0.715259701810703,0.4412511311731091
7.3500000000000005,0.27763008680997947,0.7152963001268567,0.44097847605647267
7.36,0.27738682962772226,0.7153359015428866,0.44070572363062993
7.37,0.27714107379863256,0.7153784675770768,0.4404328752901166
7.38,0.2768930535475944,0.7154239576170494,0.4401599329003152
7.390000000000001,0.2766430015607101,0.7154723289884419,0.4398868987649373
7.4,0.27639114883367577,0.7155235370043022,0.43961377561255943
7.41,0.2761377237281856,0.7155775349087562,0.43934056670444394
7.42,0.27588295308080685,0.7156342740770812,0.439067275635371
7.43,0.27562706200195086,0.7156937040441115,0.4387939063337394
7.44,0.27537027376745554,0.7157557725395354,0.43852046304976444
7.45,0.27511280985012393,0.7158204255361238,0.4382469503246453
7.46,0.274854889393682,0.7158876072731424,0.4379733730386101
7.47,0.27459672930716156,0.7159572603006426,0.4376997363750031
7.48,0.27433854491988985,0.7160293255423098,0.43742604570867966
7.49,0.27408054970660767,0.7161037423190568,0.4371523066247451
7.5,0.27382295535054424,0.716180448382537,0.43687852489237916
7.51,0.2735659716722635,0.7162593799480396,0.43660470645391264
7.5200000000000005,0.2733098059681011,0.716340471732913,0.4363308574765489
7.53,0.27305466404153533,0.7164236569697346,0.4360569842295082
7.54,0.2728007500406428,0.7165088674331448,0.4357830930865175
7.55,0.2725482664545583,0.71659603346211,0.4355091905130862
7.5600000000000005,0.2722974141938827,0.7166850839788866,0.435235283046269
7.57,0.2720483921166575,0.7167759465686793,0.4349613773127266
7.58,0.27180139730083125,0.7168685474741242,0.43468747999745444
7.59,0.27155662553133425,0.7169628115642345,0.4344135977990082
7.6000000000000005,0.2713142711182618,0.7170586623768759,0.4341397374307362
7.61,0.27107452697114703,0.7171560221310529,0.43386590560571353
7.62,0.2708375845363627,0.7172548117579007,0.4335921090284747
7.63,0.2706036333510749,0.7173549509863949,0.43331835440431343
7.640000000000001,0.27037286184838083,0.7174563582450247,0.4330446483947681
7.65,0.27014545719812005,0.7175589507030297,0.4327709976160393
7.66,0.2699216053183498,0.7176626442854206,0.43249740863077707
7.67,0.26970149096271995,0.7177673537079956,0.43222388791386696
7.68,0.26948529715982616,0.7178729924638177,0.43195044196919935
7.69,0.2692732058135662,0.7179794730027127,0.4316770771026156
7.7,0.2690653976776698,0.7180867064933539,0.43140379959682446
7.71,0.26886205232347304,0.7181946029416109,0.4311306156412522
7.72,0.2686633481610003,0.718303071197348,0.4308575313293485
7.73,0.26846946224451856,0.7184120190230597,0.43058455265706735
7.74,0.2682805698121675,0.7185213532388001,0.430311685522798
7.75,0.26809684528309247,0.718630979448948,0.4300389357193495
7.76,0.2679184619087512,0.7187408021550965,0.42976630893327256
7.7700000000000005,0.26774559174335244,0.7188507247773812,0.429493810742442
7.78,0.26757840565377694,0.7189606496644818,0.42922144661342315
7.79,0.26741707332864406,0.7190704781038513,0.4289492218988656
7.8,0.26726176162639986,0.7191801107757722,0.42867714188675715
7.8100000000000005,0.2671126352169074,0.7192894475945699,0.42840521177806823
7.82,0.26696985827073355,0.7193983872698748,0.42813343663168385
7.83,0.26683359339054297,0.719506827604814,0.4278618213954452
7.84,0.2667040015851969,0.7196146655155842,0.427590370904635
7.8500000000000005,0.2665812422438515,0.7197217970510249,0.42731908988046274
7.86,0.26646547278295074,0.7198281174927323,0.4270479829491769
7.87,0.26635684491388995,0.7199335222872328,0.42677705487427103
7.88,0.266255509201767,0.72003790593672,0.4265063102658696
7.890000000000001,0.26616161458848736,0.7201411621296718,0.42623575360765154
7.9,0.26607530751733066,0.720243183969596,0.4259653893089058
7.91,0.2659967318463829,0.7203438640095403,0.4256952217068421
7.92,0.26592602876196947,0.720443094286603,0.42542525506890183
7.930000000000001,0.2658633352368458,0.7205407667607097,0.42515549367758415
7.94,0.2658087809258926,0.7206367741874521,0.42488594200387003
7.95,0.26576249371570027,0.7207310085868733,0.4246166043899497
7.96,0.26572459747128163,0.7208233618798946,0.4243474851743914
7.97,0.26569521164269405,0.7209137260080566,0.42407858871184945
7.98,0.2656744509699154,0.7210019930341868,0.4238099193848223
7.99,0.26566242314808114,0.7210880559995341,0.423541481676135
8.0,0.26565923050384693,0.7211718082932443,0.4232732801220026
8.01,0.2656649701176067,0.7212531435982417,0.42300531931136387
8.02,0.2656797329843304,0.7213319561936701,0.4227376039138364
8.03,0.2657036037457986,0.7214081410454133,0.42247013869066097
8.040000000000001,0.2657366588162969,0.7214815944870041,0.42220292856185204
8.05,0.2657789642381671,0.721552214999809,0.42193597868280075
8.06,0.26583057991786835,0.7216199016484313,0.4216692942976454
8.07,0.26589155738889386,0.7216845548949381,0.42140288081911514
8.08,0.2659619393656313,0.7217460767549317,0.4211367438457144
8.09,0.26604175913970207,0.7218043710333907,0.4208708891802114
8.1,0.26613103709371333,0.7218593448902052,0.42060532289699404
8.11,0.26622978360917154,0.7219109074561832,0.4203400513010273
8.120000000000001,0.2663379985802063,0.7219589700147442,0.4200750809443515
8.13,0.26645567031601697,0.7220034464655856,0.4198104186529432
8.14,0.26658277508373535,0.7220442534929356,0.41954607154271983
8.15,0.2667192754006554,0.7220813115125465,0.41928204702164507
8.16,0.2668651189647839,0.722114545221219,0.41901835279892863
8.17,0.2670202406415034,0.7221438822433571,0.41875499692818896
8.18,0.26718456080131947,0.7221692540496186,0.4184919878100647
8.19,0.267357984785706,0.722190596173124,0.4182293342073631
8.2,0.26754038849475814,0.7222078548451075,0.41796704552927555
8.21,0.2677316824901198,0.7222209588886553,0.41770513034529605
8.22,0.26793169468756456,0.722229871700847,0.4174435990183068
8.23,0.26814026819959036,0.7222345470258232,0.4171824616456097
8.24,0.2683572268732941,0.7222349447529516,0.41692172874936034
8.25,0.26858237529037166,0.7222310309168254,0.4166614112765682
8.26,0.2688155001734773,0.7222227780150247,0.4164015204244753
8.27,0.26905637069870586,0.72221016507872,0.4161420676017572
8.28,0.2693047366114941,0.7221931772469694,0.41588306466246205
8.290000000000001,0.26956032895173976,0.7221718063412776,0.41562452375783954
8.3,0.26982285992230537,0.7221460516264271,0.4153664572407674
8.31,0.2700920231092007,0.7221159185386511,0.41510887782548006
8.32,0.2703674933987543,0.722081419445215,0.4148517984867076
8.33,0.2706489268972431,0.7220425756936121,0.41459523217150607
8.34,0.27093596101846146,0.7219994152665099,0.4143391921295268
8.35,0.2712282145955549,0.721951973251153,0.41408369183642896
8.36,0.27152529011706017,0.7219002936306151,0.4138287445550616
8.370000000000001,0.2718267719567151,0.7218444280214104,0.4135743636604631
8.38,0.2721322260323474,0.7217844354166543,0.41332056270444456
8.39,0.27244120458668203,0.7217203831835182,0.4130673548853508
8.4,0.27275324510284576,0.7216523468906084,0.41281475316061267
8.41,0.2730678669294132,0.7215804097707732,0.41256277059700985
8.42,0.2733845769691549,0.7215046629662354,0.41231141987849784
8.43,0.27370287403771293,0.7214252055075416,0.4120607129601771
8.44,0.27402224014014376,0.721342144355694,0.4118106617608397
8.45,0.27434214866719264,0.7212555938945463,0.411561277587303
8.46,0.27466206836959867,0.7211656755561613,0.41131257087587575
8.47,0.27498145398002066,0.7210725187188438,0.41106455180017104
8.48,0.27529975698547465,0.7209762593619551,0.41081722962692935
8.49,0.2756164291256105,0.7208770395823129,0.4105706125148784
8.5,0.2759309113677929,0.7207750091226692,0.4103247081478745
8.51,0.27624264747370375,0.7206703231207394,0.410079523027252
8.52,0.2765510860507078,0.720563141743458,0.409835062369722
8.53,0.27685566631474634,0.7204536328259659,0.4095913307942492
8.540000000000001,0.27715584803051885,0.720341965676193,0.40934833101749113
8.55,0.27745108406880836,0.7202283168958741,0.4091060650186807
8.56,0.27774083548635975,0.7201128671794833,0.4088645334000939
8.57,0.2780245764016897,0.7199957998482728,0.408623735284198
8.58,0.2783017942392375,0.7198773008534772,0.40838366829002565
8.59,0.2785719840703567,0.7197575602554782,0.4081443287061518
8.6,0.2788346554960896,0.7196367705173391,0.40790571125855135
8.61,0.2790893334354031,0.7195151252107297,0.4076678093620709
8.620000000000001,0.2793355619713862,0.719392818807383,0.4074306148028967
8.63,0.2795729073395481,0.7192700461660108,0.40719411758065427
8.64,0.27980095823560697,0.7191470019936329,0.40695830601898925
8.65,0.2800193128997099,0.7190238823838321,0.40672316765270167
8.66,0.2802275954758609,0.7189008821941295,0.4064886882869745
8.67,0.28042545618717873,0.7187781947236139,0.4062548520671208
8.68,0.2806125694438157,0.7186560115939125,0.4060216417074669
8.69,0.28078862966562973,0.7185345227211922,0.4057890389405686
8.700000000000001,0.2809533593670762,0.7184139152469746,0.40555702396774745
8.71,0.28110650837878287,0.7182943732215349,0.40532557563148836
8.72,0.2812478516821172,0.7181760774862856,0.40509467167672364
8.73,0.28137718643982146,0.7180592056565953,0.4048642890680542
8.74,0.28149433950071673,0.7179439309196145,0.404634403541569
8.75,0.28159916548663655,0.7178304218976638,0.4044049898448558
8.76,0.28169154276520286,0.7177188430054147,0.40417602206332554
8.77,0.2817713732648411,0.7176093541610968,0.4039474737223405
8.78,0.2818385874643596,0.7175021096214791,0.4037193175890782
8.790000000000001,0.2818931421778851,0.7173972580437294,0.40349152588977155
8.8,0.2819350149559867,0.7172949433982543,0.4032640706149784
8.81,0.28196420674037503,0.7171953040732589,0.40303692350594805
8.82,0.28198074374621745,0.7170984721485307,0.4028100560708334
8.83,0.2819846752500782,0.7170045735934082,0.4025834397494752
8.84,0.281976068354631,0.7169137294247147,0.40235704608949685
8.85,0.28195501152386143,0.7168260543641821,0.4021308467887755
8.86,0.28192161402908944,0.7167416566617203,0.40190481380021414
8.870000000000001,0.28187600393500895,0.7166606384015,0.4016789194329
8.88,0.28181832428737175,0.7165830965852341,0.40145313637792657
8.89,0.28174873576958626,0.7165091216920718,0.40122743789943954
8.9,0.2816674150873762,0.7164387979048844,0.40100179791657276
8.91,0.2815745532131161,0.7163722035734811,0.400776191012093
8.92,0.2814703533075425,0.7163094119722669,0.40055059236830026
8.93,0.2813550317081776,0.716250489957355,0.40032497812723744
8.94,0.2812288162759594,0.716195498433176,0.40009932538538223
8.950000000000001,0.2810919452859899,0.7161444926083927,0.39987361220151396
8.96,0.2809446659813391,0.7160975232242315,0.3996478172736265
8.97,0.280787234113725,0.7160546351932982,0.39942192048602804
8.98,0.280619912831664,0.7160158679506006,0.3991959028810667
8.99,0.2804429717193436,0.7159812556871941,0.39896974665774365
9.0,0.2802566873654141,0.7159508281305902,0.3987434347806534
9.01,0.28006134114555997,0.7159246100757206,0.39851695139528825
9.02,0.2798572181157768,0.7159026214139814,0.3982902819218924
9.03,0.2796446064136553,0.7158848773861655,0.3980634130038156
9.040000000000001,0.27942379843922144,0.7158713889981363,0.39783633218754316
9.05,0.2791950894079708,0.7158621630577252,0.39760902805272
9.06,0.2789587750705999,0.7158572020915128,0.3973814904848717
9.07,0.2787151517595397,0.7158565045970026,0.3971537105496765
9.08,0.2784645171647873,0.7158600652087884,0.3969256803206083
9.09,0.27820717099628817,0.7158678748623241,0.396697392720294
9.1,0.27794341109967585,0.7158799208614568,0.3964688419115134
9.11,0.27767353415246004,0.7158961870429118,0.39624002313447027
9.120000000000001,0.2773978337630932,0.7159166545032979,0.39601093252626923
9.13,0.2771166127614283,0.7159412986194492,0.39578156734072684
9.14,0.27683015982505144,0.7159700949879557,0.395551925379944
9.15,0.27653876740059385,0.7160030144208572,0.39532200567829634
9.16,0.27624272481778195,0.7160400250659081,0.3950918081297635
9.17,0.2759423207906164,0.7160810922080951,0.39486133329776296
9.18,0.2756378411428895,0.7161261784501303,0.39463058258808037
9.19,0.2753295688395791,0.7161752437497376,0.39439955822322864
9.200000000000001,0.27501778443084485,0.7162282457146077,0.3941682630156667
9.21,0.2747027659293085,0.7162851392954109,0.3939367005622835
9.22,0.27438478874084543,0.716345876899363,0.3937048751863919
9.23,0.2740641251372172,0.7164104091192172,0.39347279157548537
9.24,0.27374104480280476,0.7164786840347734,0.39324045512328537
9.25,0.2734158147485946,0.716550647378542,0.39300787184283054
9.26,0.2730886990456732,0.7166262432203737,0.39277504799551616
9.27,0.27275995904822353,0.7167054133182468,0.3925419904468035
9.28,0.2724298534039551,0.7167880972937368,0.3923087065600991
9.290000000000001,0.272098638245505,0.7168742331741281,0.3920752038464293
9.3,0.2717665669564346,0.7169637568540017,0.39184149031857285
9.31,0.2714338903241861,0.7170566022606738,0.3916075743703408
9.32,0.27110085709044135,0.7171527017575279,0.391373464456204
9.33,0.27076771333186966,0.7172519857220766,0.39113916943283467
9.34,0.27043470276581055,0.7173543826892458,0.390904698428755
9.35,0.2701020675449923,0.7174598196323598,0.3906700605593011
9.36,0.26977004733785453,0.7175682216536946,0.39043526524722805
9.370000000000001,0.26943887978366,0.7176795120962985,0.390200322087762
9.38,0.2691088014366013,0.717793612718472,0.38996524060164817
9.39,0.26878004662329724,0.7179104434921975,0.3897300305285031
9.4,0.26845284808415304,0.7180299226786462,0.3894947016829254
9.41,0.26812743803917327,0.7181519669132607,0.38925926373768405
9.42,0.26780404663396995,0.7182764910893169,0.3890237265356321
9.43,0.26748290244825773,0.7184034083920471,0.3887880999897314
9.44,0.26716423427608726,0.7185326303288264,0.38855239377992995
9.450000000000001,0.2668482698686265,0.718664066710307,0.38831661756594205
9.46,0.2665352354697279,0.7187976256434495,0.38808078106585264
9.47,0.2662253570123946,0.7189332134935399,0.3878448938814646
9.48,0.2659188610815131,0.719070734830509,0.38760896536927375
9.49,0.2656159728662021,0.7192100925431064,0.38737300491489446
9.5,0.26531691705674454,0.71935118778071,0.3871370218165859
9.51,0.2650219196164763,0.7194939197656011,0.38690102508836893
9.52,0.2647312060588266,0.7196381859767689,0.3866650236508963
9.53,0.2644450014519997,0.7197838821494107,0.3864290263309331
9.540000000000001,0.2641635316220068,0.7199309020999891,0.38619304174701313
9.55,0.2638870238599914,0.7200791376154742,0.3859570782454181
9.56,0.26361570453916083,0.7202284788265017,0.38572114411587055
9.57,0.26334980093027727,0.720378813902154,0.3854852474348863
9.58,0.2630895423231497,0.720530028774293,0.3852493960009393
9.59,0.2628351578878901,0.7206820076224791,0.3850135974730566
9.6,0.2625868774197572,0.7208346327162161,0.3847778593184738
9.61,0.26234493168323963,0.7209877843465128,0.38454218878682805
9.620000000000001,0.2621095525710124,0.7211413407987073,0.3843065928966084
9.63,0.2618809731554384,0.7212951782977892,0.3840710784456235
9.64,0.2616594270965367,0.721449170789037,0.3838356521652979
9.65,0.2614451498106554,0.7216031901692376,0.3836003204814516
9.66,0.2612383784234367,0.7217571062067929,0.38336508954679
9.67,0.26103935179642634,0.7219107864806741,0.3831299652569343
9.68,0.2608483106698758,0.7220640963491095,0.3828949532404832
9.69,0.2606654972911995,0.7222168989820185,0.3826600588984467
9.700000000000001,0.2604911501865541,0.722369055995379,0.3824252879098991
9.71,0.26032551077364124,0.7225204266180608,0.38219064560097604
9.72,0.26016882277896464,0.7226708677504337,0.38195613700458114
9.73,0.26002133122815035,0.7228202340758882,0.38172176696107646
9.74,0.2598832824762952,0.7229683780434617,0.3814875401191381
9.75,0.25975492394003924,0.7231151499100418,0.3812534609561013
9.76,0.25963649923632864,0.7232603987000671,0.38101953409842443
9.77,0.2595282534268848,0.7234039711466527,0.380785763981863
9.78,0.25943043313666997,0.7235457116566151,0.380552154846568
9.790000000000001,0.2593432852988207,0.7236854625498538,0.3803187108219291
9.8,0.25926705708234,0.723823064062482,0.3800854359341378
9.81,0.2592019955807554,0.7239583544077103,0.37985233412598557
9.82,0.25914834096286554,0.7240911714167139,0.3796194096112105
9.83,0.2591063327938695,0.7242213510019831,0.37938666655348086
9.84,0.2590762116581287,0.7243487267633567,0.379154108983843
9.85,0.2590582171226932,0.7244731304800275,0.378921740904966
9.86,0.2590525868209873,0.7245943923400572,0.37868956633712936
9.870000000000001,0.25905954672681547,0.7247123433765102,0.37845758980634747
9.88,0.2590793215315531,0.7248268128682107,0.37822581582356324
9.89,0.25911213432694735,0.7249376284191934,0.37799424890056726
9.9,0.2591582027333595,0.7250446169542687,0.3777628937392469
9.91,0.25921773040706386,0.7251476069426261,0.3775317556388769
9.92,0.2592909194892413,0.7252464251383738,0.37730083989909396
9.93,0.25937796745182723,0.7253408974063744,0.3770701519711625
9.94,0.2594790599853951,0.7254308506889465,0.37683969777415655
9.950000000000001,0.2595943637987948,0.7255161150085988,0.37660948401229477
9.96,0.25972404366718804,0.7255965187262267,0.3763795174235981
9.97,0.2598682560031828,0.7256718903294711,0.37614980506317774
9.98,0.26002713744616124,0.7257420618055542,0.37592035476329405
9.99,0.2602008047558777,0.7258068686727673,0.3756911751376384
